split,class_name,source_capture,start_timestamp,end_timestamp,global_start_row,attack_frame_count,attack_ratio,first_attack_position,latency_upper_bound_ms,dominant_can_id,dominant_can_id_hex,cache_split,cache_row,true_class,predicted_class,confidence,correct,probability_Normal,probability_DoS,probability_Fuzzy,probability_Gear,probability_RPM
test,RPM,RPM,1478192948.731258,1478192948.761759,3669120,19,0.296875,5,29.307126998901367,790,0x316,test,0,RPM,RPM,0.9910369,True,0.0031091752,0.00046842848,0.00043874048,0.0049467213,0.9910369
test,Normal,Gear,1478201117.234298,1478201117.266433,4273536,0,0.0,-1,,608,0x260,test,1,Normal,Normal,0.95543635,True,0.95543635,0.0017532577,0.017154453,0.019222267,0.006433678
test,Normal,Fuzzy,1478201207.60082,1478201207.633405,3836160,0,0.0,-1,,2,0x002,test,2,Normal,Normal,0.8914724,True,0.8914724,0.007395303,0.0011653372,0.010586824,0.08938011
test,DoS,DoS,1478200426.801525,1478200426.821072,2406912,34,0.53125,0,19.546985626220703,0,0x000,test,3,DoS,DoS,0.9862731,True,0.008795604,0.9862731,0.0018832751,0.0015921678,0.0014558104
test,Fuzzy,Fuzzy,1478197849.463105,1478197849.528533,2569920,20,0.3125,0,65.42801856994629,2,0x002,test,4,Fuzzy,Fuzzy,0.99020547,True,0.00338888,0.00026244373,0.99020547,0.0025589394,0.0035841665
test,Gear,Gear,1478194871.797788,1478194871.835355,3077248,19,0.296875,7,35.900115966796875,1087,0x43F,test,5,Gear,Gear,0.9912361,True,0.0033986666,0.0007494936,0.0024939226,0.9912361,0.0021218352
test,Normal,Fuzzy,1478201135.088113,1478201135.125318,3702336,0,0.0,-1,,399,0x18F,test,6,Normal,Normal,0.9538448,True,0.9538448,0.00404973,0.0035009999,0.029501893,0.00910257
test,Normal,Gear,1478201149.004279,1478201149.035835,4332352,0,0.0,-1,,2,0x002,test,7,Normal,Normal,0.9653894,True,0.9653894,0.0038649724,0.0019796065,0.007373039,0.021393081
test,RPM,RPM,1478192911.664243,1478192911.75434,3603776,24,0.375,1,89.89381790161133,790,0x316,test,8,RPM,RPM,0.9905625,True,0.0023406474,0.00027810165,0.0008661825,0.005952643,0.9905625
test,RPM,RPM,1478192737.563313,1478192737.586356,3274560,21,0.328125,0,23.042917251586918,790,0x316,test,9,RPM,RPM,0.98782545,True,0.004325368,0.00020395945,0.0033224719,0.0043227766,0.98782545
test,DoS,DoS,1478200375.501848,1478200375.529563,2336064,34,0.53125,1,27.46200561523437,0,0x000,test,10,DoS,DoS,0.9862287,True,0.006023258,0.9862287,0.0039988244,0.0016526723,0.0020965403
test,RPM,RPM,1478192870.480938,1478192870.505293,3520896,21,0.328125,1,23.85783195495605,790,0x316,test,11,RPM,RPM,0.9927642,True,0.0026555734,0.00025447062,0.0012626413,0.0030631328,0.9927642
test,RPM,RPM,1478192774.465464,1478192774.496067,3346944,19,0.296875,2,30.140161514282227,790,0x316,test,12,RPM,RPM,0.9875142,True,0.004682756,0.00023141794,0.0020194019,0.0055522756,0.9875142
test,Fuzzy,Fuzzy,1478197805.390423,1478197805.536927,2533568,34,0.53125,2,146.03710174560547,399,0x18F,test,13,Fuzzy,Fuzzy,0.9913892,True,0.0029087309,0.000324865,0.9913892,0.0021086033,0.0032686058
test,DoS,DoS,1478200510.782292,1478200510.817502,2527232,1,0.015625,62,0.253915786743164,305,0x131,test,14,DoS,Normal,0.94091415,False,0.94091415,0.005238696,0.0017550103,0.012883476,0.03920865
test,Normal,RPM,1478201029.888382,1478201029.920452,4291008,0,0.0,-1,,2,0x002,test,15,Normal,Normal,0.92229927,True,0.92229927,0.017149288,0.0006491411,0.0149989175,0.044903375
test,DoS,DoS,1478200578.808521,1478200578.827074,2600832,30,0.46875,16,13.236045837402344,0,0x000,test,16,DoS,DoS,0.98552597,True,0.009255304,0.98552597,0.0020535511,0.0015254017,0.0016397948
test,Normal,Gear,1478201201.559988,1478201201.593229,4429248,0,0.0,-1,,2,0x002,test,17,Normal,Normal,0.96493995,True,0.96493995,0.0037590782,0.0025476587,0.008256489,0.020496858
test,Fuzzy,Fuzzy,1478197906.368419,1478197906.465356,2622080,9,0.140625,0,96.93717956542967,399,0x18F,test,18,Fuzzy,Fuzzy,0.9583545,True,0.031942084,0.00021745487,0.9583545,0.0061698677,0.0033161733
test,Fuzzy,Fuzzy,1478197848.996189,1478197849.125918,2569344,34,0.53125,1,123.9478588104248,790,0x316,test,19,Fuzzy,Fuzzy,0.99126816,True,0.0026773813,0.00033476012,0.99126816,0.0023539688,0.0033657937
test,Fuzzy,Fuzzy,1478197961.431323,1478197961.493056,2677504,25,0.390625,4,60.79697608947754,304,0x130,test,20,Fuzzy,Fuzzy,0.987817,True,0.0033326917,0.00038109583,0.987817,0.0026680126,0.0058012335
test,RPM,RPM,1478192840.905886,1478192840.93613,3460544,17,0.265625,5,29.03604507446289,790,0x316,test,21,RPM,RPM,0.98489505,True,0.006595142,0.0003409495,0.0010090889,0.0071596554,0.98489505
test,Normal,Fuzzy,1478201029.886756,1478201029.918211,3508160,0,0.0,-1,,399,0x18F,test,22,Normal,Normal,0.9567643,True,0.9567643,0.0076420535,0.0014448686,0.013686417,0.020462424
test,Fuzzy,Fuzzy,1478198173.874425,1478198173.958713,2927104,27,0.421875,0,84.28812026977539,848,0x350,test,23,Fuzzy,Fuzzy,0.98945844,True,0.0029912412,0.00030425505,0.98945844,0.002867756,0.004378268
test,Gear,Gear,1478195105.602998,1478195105.683964,3504192,20,0.3125,0,80.96599578857422,1087,0x43F,test,24,Gear,Gear,0.98802465,True,0.004377224,0.0007054299,0.0020060393,0.98802465,0.004886678
test,Normal,Gear,1478201083.448022,1478201083.482518,4210944,0,0.0,-1,,2,0x002,test,25,Normal,Normal,0.9656317,True,0.9656317,0.0029987025,0.0043273987,0.0028293836,0.02421273
test,DoS,DoS,1478200564.817378,1478200564.908442,2583168,32,0.5,1,90.8210277557373,0,0x000,test,26,DoS,DoS,0.9867213,True,0.0063034385,0.9867213,0.003000688,0.0015535929,0.0024209581
test,Gear,Gear,1478194990.279792,1478194990.313267,3297600,21,0.328125,4,32.52601623535156,1087,0x43F,test,27,Gear,Gear,0.9917237,True,0.0021575354,0.0007348778,0.0018109784,0.9917237,0.003572872
test,RPM,RPM,1478192821.621006,1478192821.650754,3424192,21,0.328125,0,29.74796295166016,790,0x316,test,28,RPM,RPM,0.983487,True,0.0043102703,0.00024042075,0.0015505464,0.010411852,0.983487
test,RPM,RPM,1478192845.355888,1478192845.379735,3469248,17,0.265625,9,18.70608329772949,790,0x316,test,29,RPM,RPM,0.9874047,True,0.00618614,0.00024175718,0.0027032474,0.003464211,0.9874047
test,RPM,RPM,1478192799.846258,1478192799.876449,3387776,20,0.3125,1,29.73008155822754,790,0x316,test,30,RPM,RPM,0.98509663,True,0.005358452,0.00035101877,0.0007411442,0.008452818,0.98509663
test,RPM,RPM,1478192833.76979,1478192833.856653,3447168,25,0.390625,0,86.86304092407227,790,0x316,test,31,RPM,RPM,0.98969895,True,0.0024716496,0.00037982076,0.0003954145,0.007054073,0.98969895
test,RPM,RPM,1478192955.230295,1478192955.255725,3682112,19,0.296875,2,24.96600151062012,790,0x316,test,32,RPM,RPM,0.9920163,True,0.0036850546,0.00030682868,0.0010420799,0.0029497212,0.9920163
test,RPM,RPM,1478192896.581252,1478192896.605094,3575552,20,0.3125,0,23.84185791015625,790,0x316,test,33,RPM,RPM,0.992174,True,0.003600014,0.00032980117,0.00078861637,0.0031074884,0.992174
test,Normal,RPM,1478201189.33002,1478201189.365415,4585152,0,0.0,-1,,2,0x002,test,34,Normal,Normal,0.8640818,True,0.8640818,0.030671982,0.0007357317,0.03967566,0.064834766
test,Fuzzy,Fuzzy,1478197904.418763,1478197904.715085,2621568,26,0.40625,0,296.3221073150635,305,0x131,test,35,Fuzzy,Fuzzy,0.9913016,True,0.0024584779,0.00024376309,0.9913016,0.0027827402,0.0032134715
test,Fuzzy,Fuzzy,1478197853.635245,1478197853.890109,2576320,26,0.40625,0,254.86397743225095,608,0x260,test,36,Fuzzy,Fuzzy,0.98928726,True,0.003396727,0.00029681827,0.98928726,0.0023712062,0.0046480205
test,RPM,RPM,1478192698.678497,1478192698.700362,3193856,20,0.3125,1,21.64006233215332,790,0x316,test,37,RPM,RPM,0.9891076,True,0.0044213505,0.00021673701,0.002035325,0.004218925,0.9891076
test,Normal,Fuzzy,1478201017.240319,1478201017.277106,3484736,0,0.0,-1,,304,0x130,test,38,Normal,Normal,0.96537405,True,0.96537405,0.0029176355,0.0022533722,0.014781262,0.014673655
test,DoS,DoS,1478200451.488864,1478200451.541202,2443904,37,0.578125,0,52.3381233215332,0,0x000,test,39,DoS,DoS,0.9879539,True,0.0075154835,0.9879539,0.0013675537,0.0016429507,0.0015200549
test,DoS,DoS,1478200620.109922,1478200620.263029,2644352,37,0.578125,1,152.8620719909668,0,0x000,test,40,DoS,DoS,0.9849732,True,0.005963323,0.9849732,0.004937361,0.0015590559,0.0025669958
test,DoS,DoS,1478200646.894291,1478200646.9105,2673664,36,0.5625,0,16.209125518798828,0,0x000,test,41,DoS,DoS,0.98516375,True,0.0067356755,0.98516375,0.004485488,0.0016384068,0.001976679
test,Fuzzy,Fuzzy,1478198149.707931,1478198149.735784,2885568,23,0.359375,3,27.15301513671875,305,0x131,test,42,Fuzzy,Fuzzy,0.98827654,True,0.004062967,0.00039485353,0.98827654,0.0019935966,0.00527209
test,Normal,Gear,1478201178.724859,1478201178.758809,4386944,0,0.0,-1,,2,0x002,test,43,Normal,Normal,0.7518683,True,0.7518683,0.0028532979,0.0042774635,0.020693826,0.22030705
test,Gear,Gear,1478195026.49789,1478195026.520624,3361920,19,0.296875,0,22.73392677307129,1087,0x43F,test,44,Gear,Gear,0.9918541,True,0.0024609966,0.0006740639,0.002595955,0.9918541,0.0024149255
test,Fuzzy,Fuzzy,1478197936.0961,1478197936.120514,2652224,29,0.453125,2,23.944854736328125,848,0x350,test,45,Fuzzy,Fuzzy,0.9878686,True,0.0036369844,0.00045126388,0.9878686,0.0023325095,0.005710639
test,DoS,DoS,1478200631.772109,1478200631.78804,2657600,35,0.546875,0,15.930891036987305,0,0x000,test,46,DoS,DoS,0.9867012,True,0.00743652,0.9867012,0.002343046,0.0015034365,0.0020157604
test,Gear,Gear,1478194903.956377,1478194903.980958,3139200,21,0.328125,2,24.005889892578125,1087,0x43F,test,47,Gear,Gear,0.99068004,True,0.0020979706,0.0005351205,0.0027958672,0.99068004,0.003891073
test,Gear,Gear,1478194942.378591,1478194942.400713,3209408,19,0.296875,8,20.212888717651367,1087,0x43F,test,48,Gear,Gear,0.990866,True,0.002535886,0.00063160894,0.0022699991,0.990866,0.0036965888
test,RPM,RPM,1478192821.46264,1478192821.48815,3423872,20,0.3125,1,24.60289001464844,790,0x316,test,49,RPM,RPM,0.9902896,True,0.0044261087,0.00025826658,0.0014240878,0.0036018703,0.9902896
test,Gear,Gear,1478195098.84951,1478195098.879427,3492992,18,0.28125,6,28.496980667114254,1087,0x43F,test,50,Gear,Gear,0.9787008,True,0.0055413283,0.00050709356,0.010839916,0.9787008,0.0044109127
test,DoS,DoS,1478200572.410492,1478200572.486698,2592704,33,0.515625,0,76.20596885681152,0,0x000,test,51,DoS,DoS,0.9839183,True,0.007698515,0.9839183,0.004520108,0.0014387541,0.0024243323
test,Normal,RPM,1478201024.051033,1478201024.082652,4280192,0,0.0,-1,,304,0x130,test,52,Normal,Normal,0.9565174,True,0.9565174,0.002791722,0.0067947106,0.027349059,0.0065471753
test,Fuzzy,Fuzzy,1478198094.494603,1478198094.531113,2795392,26,0.40625,2,36.04197502136231,2,0x002,test,53,Fuzzy,Fuzzy,0.9857042,True,0.0040204185,0.00039017637,0.9857042,0.00263693,0.007248364
test,Fuzzy,Fuzzy,1478198127.553117,1478198127.652015,2847040,19,0.296875,3,98.18506240844728,790,0x316,test,54,Fuzzy,Fuzzy,0.9854134,True,0.0049619963,0.00035920966,0.9854134,0.002195771,0.007069722
test,Gear,Gear,1478195087.031879,1478195087.058119,3469312,22,0.34375,0,26.240110397338867,1087,0x43F,test,55,Gear,Gear,0.99184096,True,0.0020641894,0.0006305808,0.0018009958,0.99184096,0.0036632519
test,Gear,Gear,1478195028.904775,1478195028.928459,3364992,21,0.328125,0,23.684024810791016,1087,0x43F,test,56,Gear,Gear,0.99072486,True,0.0027433108,0.0005388376,0.0027500864,0.99072486,0.0032429656
test,Gear,Gear,1478194926.184023,1478194926.223982,3180544,21,0.328125,4,39.0009880065918,1087,0x43F,test,57,Gear,Gear,0.9898371,True,0.0019120455,0.0004931439,0.0016458256,0.9898371,0.006111888
test,Normal,Gear,1478201006.431481,1478201006.46694,4068992,0,0.0,-1,,2,0x002,test,58,Normal,Normal,0.96728,True,0.96728,0.0043712966,0.003868299,0.005458376,0.019022075
test,DoS,DoS,1478200482.006102,1478200482.042552,2488576,34,0.53125,0,36.44990921020508,0,0x000,test,59,DoS,DoS,0.98547435,True,0.007861526,0.98547435,0.0032598418,0.0014918945,0.0019124341
test,Normal,Gear,1478201194.683018,1478201194.720102,4416512,0,0.0,-1,,2,0x002,test,60,Normal,Normal,0.9427756,True,0.9427756,0.0025552728,0.0042182757,0.017197872,0.03325302
test,Gear,Gear,1478195113.545025,1478195113.713941,3513280,29,0.453125,1,163.51318359375,1087,0x43F,test,61,Gear,Gear,0.99429095,True,0.0013336809,0.00089220144,0.0015346989,0.99429095,0.0019485612
test,DoS,DoS,1478200442.663283,1478200442.70497,2430400,36,0.5625,0,41.6867733001709,0,0x000,test,62,DoS,DoS,0.98654515,True,0.0063414867,0.98654515,0.0035116954,0.0016191484,0.0019825362
test,Gear,Gear,1478195002.66025,1478195002.707857,3318336,23,0.359375,5,41.69988632202149,1087,0x43F,test,63,Gear,Gear,0.99030757,True,0.0026207522,0.0008472912,0.004596411,0.99030757,0.0016280182
test,DoS,DoS,1478200452.3261,1478200452.366476,2445248,38,0.59375,0,40.37594795227051,0,0x000,test,64,DoS,DoS,0.9834399,True,0.006336073,0.9834399,0.0060558547,0.0017489003,0.0024192433
test,Fuzzy,Fuzzy,1478198109.008605,1478198109.052302,2819712,25,0.390625,0,43.69688034057617,304,0x130,test,65,Fuzzy,Fuzzy,0.98784745,True,0.0038354907,0.00042603436,0.98784745,0.0020771448,0.005813772
test,Gear,Gear,1478194885.463962,1478194885.487211,3102080,18,0.28125,1,23.0100154876709,1087,0x43F,test,66,Gear,Gear,0.987074,True,0.00327638,0.00058794656,0.0008117587,0.987074,0.008249829
test,Gear,Gear,1478195087.656434,1478195087.687654,3470656,14,0.21875,5,29.93607521057129,1087,0x43F,test,67,Gear,Gear,0.9791077,True,0.007625192,0.00078239205,0.002756038,0.9791077,0.009728738
test,Normal,Fuzzy,1478201022.663192,1478201022.700261,3494784,0,0.0,-1,,2,0x002,test,68,Normal,Normal,0.9229214,True,0.9229214,0.0027706223,0.003067384,0.008502528,0.062738
test,Normal,Fuzzy,1478201127.215649,1478201127.247132,3687744,0,0.0,-1,,304,0x130,test,69,Normal,Normal,0.95788753,True,0.95788753,0.0016954851,0.01124096,0.006409724,0.022766218
test,RPM,RPM,1478192708.890647,1478192708.913111,3216000,19,0.296875,2,22.00198173522949,790,0x316,test,70,RPM,RPM,0.9893271,True,0.004145039,0.0002897706,0.00091442524,0.0053236852,0.9893271
test,DoS,DoS,1478200429.826454,1478200429.929293,2412096,34,0.53125,0,102.83899307250977,0,0x000,test,71,DoS,DoS,0.9852577,True,0.007377634,0.9852577,0.0038805206,0.0016749243,0.0018091942
test,Fuzzy,Fuzzy,1478198002.309279,1478198002.557273,2716224,27,0.421875,10,245.5439567565918,399,0x18F,test,72,Fuzzy,Fuzzy,0.9920648,True,0.0026326084,0.0002656787,0.9920648,0.0022690964,0.0027679289
test,RPM,RPM,1478192840.005676,1478192840.036156,3458880,21,0.328125,0,30.479907989501957,790,0x316,test,73,RPM,RPM,0.9919687,True,0.0029578032,0.00024399598,0.0014283224,0.0034011444,0.9919687
test,Fuzzy,Fuzzy,1478198142.849776,1478198142.886176,2873472,20,0.3125,0,36.40007972717285,2,0x002,test,74,Fuzzy,Fuzzy,0.9860234,True,0.004017954,0.00043887,0.9860234,0.0022289515,0.007290765
test,Normal,DoS,1478201190.585593,1478201190.623187,3631552,0,0.0,-1,,339,0x153,test,75,Normal,Normal,0.8479385,True,0.8479385,0.013066983,0.0008054354,0.10989597,0.028293129
test,Gear,Gear,1478195074.010749,1478195074.035807,3445888,22,0.34375,0,25.05779266357422,1087,0x43F,test,76,Gear,Gear,0.9925103,True,0.0021979488,0.0005587758,0.0020203588,0.9925103,0.002712517
test,Fuzzy,Fuzzy,1478198102.817903,1478198102.884566,2809216,32,0.5,2,66.18213653564453,1087,0x43F,test,77,Fuzzy,Fuzzy,0.98954904,True,0.002997435,0.0003441645,0.98954904,0.0022459943,0.0048633665
test,Fuzzy,Fuzzy,1478197920.158251,1478197920.506968,2636096,29,0.453125,4,326.68495178222656,320,0x140,test,78,Fuzzy,Fuzzy,0.99082035,True,0.0028577251,0.00038203623,0.99082035,0.002111127,0.0038288005
test,Gear,Gear,1478194879.345783,1478194879.37133,3090752,21,0.328125,0,25.547027587890625,1087,0x43F,test,79,Gear,Gear,0.9902176,True,0.002274058,0.0005054212,0.0025671003,0.9902176,0.004435778
test,DoS,DoS,1478200565.559397,1478200565.645998,2583744,34,0.53125,0,86.60101890563965,0,0x000,test,80,DoS,DoS,0.9844972,True,0.008070959,0.9844972,0.003909111,0.0014093093,0.002113474
test,RPM,RPM,1478192723.275285,1478192723.309793,3245824,22,0.34375,0,34.50798988342285,790,0x316,test,81,RPM,RPM,0.9912316,True,0.0034467182,0.00022912417,0.00216713,0.0029254302,0.9912316
test,Fuzzy,Fuzzy,1478197865.1445,1478197865.165403,2585344,21,0.328125,3,20.219802856445312,608,0x260,test,82,Fuzzy,Fuzzy,0.9877061,True,0.00428953,0.00043555745,0.9877061,0.0020451825,0.005523641
test,Normal,Gear,1478201096.264379,1478201096.297751,4234688,0,0.0,-1,,2,0x002,test,83,Normal,Normal,0.924796,True,0.924796,0.0045555336,0.0020491164,0.029780958,0.038818438
test,Normal,DoS,1478201067.365953,1478201067.397937,3403776,0,0.0,-1,,2,0x002,test,84,Normal,Normal,0.9653279,True,0.9653279,0.0027708667,0.0036211743,0.01062695,0.017653033
test,Normal,DoS,1478201125.885487,1478201125.917372,3512192,0,0.0,-1,,2,0x002,test,85,Normal,Normal,0.9705663,True,0.9705663,0.0020048365,0.0054495414,0.010698887,0.011280566
test,DoS,DoS,1478200460.607132,1478200460.669942,2456192,36,0.5625,1,62.56389617919922,0,0x000,test,86,DoS,DoS,0.9857005,True,0.006681284,0.9857005,0.004108261,0.0015329818,0.0019769315
test,Gear,Gear,1478194852.035047,1478194852.064751,3035008,20,0.3125,1,29.471874237060547,1087,0x43F,test,87,Gear,Gear,0.99003875,True,0.0024334725,0.00054881186,0.0008426849,0.99003875,0.0061362754
test,DoS,DoS,1478200543.477112,1478200543.658809,2561792,39,0.609375,1,181.45203590393064,0,0x000,test,88,DoS,DoS,0.98440015,True,0.005590374,0.98440015,0.0058841226,0.0019226602,0.0022027288
test,Fuzzy,Fuzzy,1478197741.070491,1478197741.202288,2469440,18,0.28125,0,131.79683685302734,2,0x002,test,89,Fuzzy,Fuzzy,0.97976226,True,0.0056565856,0.00033925046,0.97976226,0.0022432422,0.0119986385
test,Normal,Gear,1478201092.396658,1478201092.428346,4227520,0,0.0,-1,,2,0x002,test,90,Normal,Normal,0.94500065,True,0.94500065,0.0017401413,0.01093782,0.028250184,0.014071219
test,DoS,DoS,1478200372.344795,1478200372.393777,2331712,33,0.515625,0,48.98190498352051,0,0x000,test,91,DoS,DoS,0.98407286,True,0.009046501,0.98407286,0.0037651085,0.001436119,0.0016794096
test,DoS,DoS,1478200556.131982,1478200556.147824,2576384,34,0.53125,0,15.841960906982422,0,0x000,test,92,DoS,DoS,0.9874571,True,0.006934227,0.9874571,0.0020643706,0.0014730939,0.0020712381
test,Normal,Fuzzy,1478201121.236619,1478201121.270786,3676672,0,0.0,-1,,304,0x130,test,93,Normal,Normal,0.9522681,True,0.9522681,0.0138379615,0.001922532,0.011614122,0.020357199
test,Fuzzy,Fuzzy,1478198158.051,1478198158.085259,2899584,25,0.390625,4,33.323049545288086,2,0x002,test,94,Fuzzy,Fuzzy,0.9892124,True,0.0033348415,0.0003817674,0.9892124,0.0022452634,0.004825831
test,Normal,DoS,1478201150.777489,1478201150.812972,3558272,0,0.0,-1,,704,0x2C0,test,95,Normal,Normal,0.933463,True,0.933463,0.0030160425,0.0024884997,0.011558112,0.049474448
test,Normal,Gear,1478201028.401262,1478201028.438082,4109696,0,0.0,-1,,399,0x18F,test,96,Normal,Normal,0.94565964,True,0.94565964,0.0030591632,0.0045408243,0.020168636,0.026571736
test,Gear,Gear,1478194903.577183,1478194903.601359,3138176,21,0.328125,0,24.17588233947754,1087,0x43F,test,97,Gear,Gear,0.98959494,True,0.003177635,0.0005869662,0.004072995,0.98959494,0.0025674514
test,RPM,RPM,1478192800.565287,1478192800.595899,3388800,18,0.28125,1,30.38501739501953,790,0x316,test,98,RPM,RPM,0.9902249,True,0.004889001,0.00031709924,0.0009924053,0.003576612,0.9902249
test,DoS,DoS,1478200427.847917,1478200427.878539,2409088,34,0.53125,0,30.622005462646484,0,0x000,test,99,DoS,DoS,0.9860962,True,0.008178923,0.9860962,0.002654205,0.0013488269,0.0017218499
test,RPM,RPM,1478192697.143289,1478192697.166988,3189952,21,0.328125,4,22.717952728271484,790,0x316,test,100,RPM,RPM,0.9926207,True,0.0028825954,0.00025190262,0.0013761854,0.0028686062,0.9926207
test,RPM,RPM,1478192840.066883,1478192840.126053,3459008,22,0.34375,2,58.7010383605957,790,0x316,test,101,RPM,RPM,0.9950598,True,0.0017696633,0.00035656028,0.0006042535,0.0022096997,0.9950598
test,Normal,Fuzzy,1478201086.829519,1478201086.864338,3612928,0,0.0,-1,,399,0x18F,test,102,Normal,Normal,0.9506574,True,0.9506574,0.0014242702,0.017809266,0.021853244,0.008255781
test,RPM,RPM,1478192899.203611,1478192899.228419,3581696,19,0.296875,4,23.84805679321289,790,0x316,test,103,RPM,RPM,0.99186957,True,0.0037877115,0.0003592214,0.00066746003,0.0033160348,0.99186957
test,DoS,DoS,1478200564.260858,1478200564.352761,2582784,29,0.453125,6,79.20312881469727,0,0x000,test,104,DoS,DoS,0.98476243,True,0.006189499,0.98476243,0.0050808904,0.0015950314,0.0023722136
test,Normal,Gear,1478201181.591219,1478201181.625127,4392256,0,0.0,-1,,2,0x002,test,105,Normal,Normal,0.9048902,True,0.9048902,0.0014621034,0.017654158,0.024157595,0.051836044
test,RPM,RPM,1478192846.017405,1478192846.039737,3470464,21,0.328125,1,22.104978561401367,790,0x316,test,106,RPM,RPM,0.9912202,True,0.0032582833,0.00021274167,0.0020995007,0.003209289,0.9912202
test,Fuzzy,Fuzzy,1478197961.544137,1478197961.60373,2677632,28,0.4375,3,51.17392539978027,1349,0x545,test,107,Fuzzy,Fuzzy,0.9907092,True,0.0027045219,0.00029638325,0.9907092,0.0023594042,0.0039305384
test,Gear,Gear,1478194963.260853,1478194963.287822,3246656,21,0.328125,1,26.77011489868164,1087,0x43F,test,108,Gear,Gear,0.9904579,True,0.003003313,0.0005121014,0.002372439,0.9904579,0.003654282
test,DoS,DoS,1478200459.796099,1478200459.843369,2455104,36,0.5625,0,47.27005958557129,0,0x000,test,109,DoS,DoS,0.9856489,True,0.006213608,0.9856489,0.004478263,0.0016252825,0.0020340635
test,RPM,RPM,1478192793.470349,1478192793.520237,3377088,18,0.28125,5,44.918060302734375,790,0x316,test,110,RPM,RPM,0.9919024,True,0.0032870858,0.0003848573,0.0005052104,0.0039203926,0.9919024
test,Fuzzy,Fuzzy,1478197794.712539,1478197794.733545,2522752,24,0.375,5,19.83809471130371,399,0x18F,test,111,Fuzzy,Fuzzy,0.9912307,True,0.0028592248,0.0003047181,0.9912307,0.0026491252,0.0029561596
test,RPM,RPM,1478192742.020695,1478192742.043134,3283584,19,0.296875,7,20.699024200439453,790,0x316,test,112,RPM,RPM,0.9917841,True,0.0036227475,0.0002685343,0.0012859032,0.0030386788,0.9917841
test,RPM,RPM,1478192859.977819,1478192860.007212,3499776,21,0.328125,0,29.39295768737793,790,0x316,test,113,RPM,RPM,0.98141056,True,0.004135559,0.00040394542,0.0004859495,0.0135639,0.98141056
test,Normal,Fuzzy,1478201059.022634,1478201059.054168,3561408,0,0.0,-1,,399,0x18F,test,114,Normal,Normal,0.9713434,True,0.9713434,0.0022867422,0.003883123,0.009178028,0.013308717
test,Gear,Gear,1478194989.177225,1478194989.201408,3295296,20,0.3125,1,23.941993713378903,1087,0x43F,test,115,Gear,Gear,0.99097764,True,0.0026925965,0.0006184031,0.0016046467,0.99097764,0.0041067298
test,Gear,Gear,1478194899.259966,1478194899.285568,3129600,21,0.328125,0,25.60210227966309,1087,0x43F,test,116,Gear,Gear,0.9898205,True,0.0030812928,0.0005743403,0.0021206215,0.9898205,0.004403343
test,DoS,DoS,1478200640.181887,1478200640.331938,2666688,38,0.59375,0,150.05111694335938,0,0x000,test,117,DoS,DoS,0.9840688,True,0.006957121,0.9840688,0.0052231806,0.0016302201,0.0021206765
test,DoS,DoS,1478200458.993494,1478200459.085717,2454336,41,0.640625,6,67.90995597839355,0,0x000,test,118,DoS,DoS,0.98569876,True,0.005555869,0.98569876,0.0048025833,0.0017137682,0.0022289702
test,Gear,Gear,1478194942.974479,1478194943.032233,3210560,24,0.375,2,57.08503723144531,1087,0x43F,test,119,Gear,Gear,0.9931478,True,0.0018067505,0.00066647376,0.0024207644,0.9931478,0.0019582796
test,RPM,RPM,1478192864.302113,1478192864.338757,3508352,21,0.328125,1,36.41796112060547,790,0x316,test,120,RPM,RPM,0.9938945,True,0.0027166018,0.0003463482,0.0006285603,0.0024140421,0.9938945
test,Gear,Gear,1478194903.531711,1478194903.554204,3138048,20,0.3125,3,21.795988082885746,1087,0x43F,test,121,Gear,Gear,0.9924992,True,0.0024065413,0.000729585,0.0011806479,0.9924992,0.0031840503
test,Fuzzy,Fuzzy,1478198107.274503,1478198107.302088,2816960,24,0.375,3,21.702051162719727,704,0x2C0,test,122,Fuzzy,Fuzzy,0.98794496,True,0.0039344607,0.00047467774,0.98794496,0.0021147216,0.0055311555
test,Gear,Gear,1478194917.073405,1478194917.11808,3165312,18,0.28125,5,43.44892501831055,1087,0x43F,test,123,Gear,Gear,0.9878583,True,0.0037500176,0.00047805294,0.0041137408,0.9878583,0.0037999887
test,DoS,DoS,1478200503.129965,1478200503.145842,2518272,34,0.53125,0,15.877008438110352,0,0x000,test,124,DoS,DoS,0.9835312,True,0.00719577,0.9835312,0.0054004802,0.0015514895,0.002321068
test,DoS,DoS,1478200467.750047,1478200467.786738,2467648,38,0.59375,0,36.69095039367676,0,0x000,test,125,DoS,DoS,0.98211586,True,0.006836509,0.98211586,0.007079435,0.0016411454,0.0023269614
test,RPM,RPM,1478192702.603466,1478192702.626196,3201792,21,0.328125,0,22.72987365722656,790,0x316,test,126,RPM,RPM,0.9916339,True,0.0033649874,0.00028808927,0.00089729956,0.0038155818,0.9916339
test,RPM,RPM,1478192886.117181,1478192886.154532,3554112,16,0.25,0,37.35089302062988,790,0x316,test,127,RPM,RPM,0.9884043,True,0.0071426095,0.00038240547,0.001374568,0.002696157,0.9884043
test,Gear,Gear,1478194912.96186,1478194912.985189,3157376,19,0.296875,0,23.32901954650879,1087,0x43F,test,128,Gear,Gear,0.9814602,True,0.0046491395,0.00048706206,0.006222969,0.9814602,0.0071805804
test,Normal,DoS,1478201197.118255,1478201197.150529,3643648,0,0.0,-1,,672,0x2A0,test,129,Normal,Normal,0.8843128,True,0.8843128,0.004254052,0.003471313,0.04128169,0.06668016
test,Fuzzy,Fuzzy,1478198142.374663,1478198142.412604,2872704,30,0.46875,1,37.71805763244629,320,0x140,test,130,Fuzzy,Fuzzy,0.9915882,True,0.0028662374,0.00035463055,0.9915882,0.0020093538,0.0031816193
test,RPM,RPM,1478192737.047073,1478192737.070962,3273344,20,0.3125,2,23.283958435058597,790,0x316,test,131,RPM,RPM,0.98934466,True,0.0038160533,0.00025244144,0.0012638256,0.0053230007,0.98934466
test,Fuzzy,Fuzzy,1478198037.962581,1478198038.259034,2740800,32,0.5,0,296.45299911499023,304,0x130,test,132,Fuzzy,Fuzzy,0.9924246,True,0.002098684,0.00025586726,0.9924246,0.00253076,0.0026901672
test,Normal,Gear,1478201166.288308,1478201166.324405,4363904,0,0.0,-1,,399,0x18F,test,133,Normal,Normal,0.92249554,True,0.92249554,0.004710015,0.0053098327,0.06484213,0.0026425566
test,RPM,RPM,1478192717.885353,1478192717.914121,3235136,20,0.3125,1,28.325796127319336,790,0x316,test,134,RPM,RPM,0.99188095,True,0.0037639043,0.00028332716,0.0012578605,0.0028140557,0.99188095
test,RPM,RPM,1478192787.602052,1478192787.674061,3367360,22,0.34375,0,72.00908660888672,790,0x316,test,135,RPM,RPM,0.9888809,True,0.0032063625,0.00020029352,0.0024039303,0.0053086397,0.9888809
test,Fuzzy,Fuzzy,1478197944.190145,1478197944.275538,2660800,19,0.296875,0,85.39295196533203,2,0x002,test,136,Fuzzy,Fuzzy,0.9873739,True,0.0043656784,0.00022899968,0.9873739,0.0027147576,0.0053166086
test,Fuzzy,Fuzzy,1478197976.764911,1478197976.785716,2692544,26,0.40625,0,20.80512046813965,880,0x370,test,137,Fuzzy,Fuzzy,0.9892866,True,0.003203676,0.00031947717,0.9892866,0.0025977658,0.004592432
test,RPM,RPM,1478192736.482238,1478192736.51665,3272192,20,0.3125,4,33.46991539001465,790,0x316,test,138,RPM,RPM,0.9906573,True,0.0034871385,0.00027820445,0.0009583094,0.004619025,0.9906573
test,DoS,DoS,1478200522.35948,1478200522.505992,2537728,38,0.59375,0,146.51203155517578,0,0x000,test,139,DoS,DoS,0.9883979,True,0.0054057715,0.9883979,0.002343062,0.0015683935,0.0022848637
test,Normal,Gear,1478201142.795394,1478201142.827377,4320896,0,0.0,-1,,304,0x130,test,140,Normal,Normal,0.9616623,True,0.9616623,0.004692653,0.0018620905,0.019932676,0.011850393
test,DoS,DoS,1478200391.774058,1478200391.812899,2361856,36,0.5625,1,38.58804702758789,0,0x000,test,141,DoS,DoS,0.9841256,True,0.006075851,0.9841256,0.0056568715,0.0017936347,0.002348052
test,Gear,Gear,1478194846.348809,1478194846.394027,3022976,18,0.28125,1,41.05305671691895,1087,0x43F,test,142,Gear,Gear,0.9895287,True,0.003418412,0.0008858973,0.00083080726,0.9895287,0.005336218
test,Gear,Gear,1478194995.160347,1478194995.19038,3306816,22,0.34375,0,30.033111572265625,1087,0x43F,test,143,Gear,Gear,0.99105185,True,0.0027213644,0.0005543517,0.002816275,0.99105185,0.0028561337
test,Normal,Gear,1478201152.916187,1478201152.949601,4339584,0,0.0,-1,,704,0x2C0,test,144,Normal,Normal,0.94154227,True,0.94154227,0.0035577563,0.0029399607,0.032140147,0.019819846
test,Normal,Gear,1478201078.298605,1478201078.335726,4201408,0,0.0,-1,,704,0x2C0,test,145,Normal,Normal,0.9126637,True,0.9126637,0.0025425605,0.005926487,0.061464705,0.01740252
test,RPM,RPM,1478192678.951375,1478192678.974778,3149312,19,0.296875,2,22.92799949645996,790,0x316,test,146,RPM,RPM,0.98898214,True,0.004221327,0.0003014826,0.0008641951,0.005630846,0.98898214
test,Fuzzy,Fuzzy,1478198091.098302,1478198091.136165,2790848,25,0.390625,1,31.508922576904297,2,0x002,test,147,Fuzzy,Fuzzy,0.987152,True,0.004470104,0.0005613441,0.987152,0.0019091022,0.005907497
test,Gear,Gear,1478194983.771573,1478194983.802763,3284416,22,0.34375,3,30.45797348022461,1087,0x43F,test,148,Gear,Gear,0.99005884,True,0.0019126727,0.00063359557,0.00438906,0.99005884,0.0030059402
test,Gear,Gear,1478194942.698213,1478194942.72698,3210048,19,0.296875,3,27.95195579528809,1087,0x43F,test,149,Gear,Gear,0.990453,True,0.0032717944,0.0006653884,0.0032775924,0.990453,0.002332293
test,Gear,Gear,1478194853.104325,1478194853.13251,3037632,20,0.3125,1,27.9538631439209,1087,0x43F,test,150,Gear,Gear,0.9830762,True,0.002368434,0.00054176524,0.00076269347,0.9830762,0.013250827
test,Normal,RPM,1478201104.347334,1478201104.382771,4428224,0,0.0,-1,,2,0x002,test,151,Normal,Normal,0.9379179,True,0.9379179,0.0031260734,0.005134604,0.008655654,0.045165796
test,Normal,RPM,1478201198.173723,1478201198.208324,4601536,0,0.0,-1,,399,0x18F,test,152,Normal,Normal,0.97605896,True,0.97605896,0.0027442772,0.005034671,0.010688117,0.0054739336
test,Gear,Gear,1478194932.417115,1478194932.466601,3191360,19,0.296875,5,47.71995544433594,1087,0x43F,test,153,Gear,Gear,0.9926938,True,0.0024019466,0.0007314351,0.0012875583,0.9926938,0.0028852539
test,Fuzzy,Fuzzy,1478198051.270171,1478198051.495435,2752960,24,0.375,4,220.5519676208496,790,0x316,test,154,Fuzzy,Fuzzy,0.98869294,True,0.003686648,0.0003944026,0.98869294,0.002084897,0.0051410985
test,Normal,Fuzzy,1478201030.508035,1478201030.540216,3509312,0,0.0,-1,,2,0x002,test,155,Normal,Normal,0.9664863,True,0.9664863,0.006529166,0.00096009776,0.015361631,0.010662876
test,DoS,DoS,1478200541.064871,1478200541.080865,2560256,35,0.546875,0,15.993833541870115,0,0x000,test,156,DoS,DoS,0.9861233,True,0.006851462,0.9861233,0.003382904,0.0016971679,0.001945169
test,Gear,Gear,1478195073.895811,1478195073.950975,3445696,15,0.234375,8,37.39500045776367,1087,0x43F,test,157,Gear,Gear,0.96877867,True,0.011565105,0.00096998364,0.0005596195,0.96877867,0.018126624
test,Gear,Gear,1478195045.785551,1478195045.808601,3393856,19,0.296875,2,22.183895111083984,1087,0x43F,test,158,Gear,Gear,0.9914466,True,0.0024985233,0.00064484053,0.0013153567,0.9914466,0.0040946444
test,Fuzzy,Fuzzy,1478198082.968842,1478198083.028005,2780992,23,0.359375,0,59.16285514831543,399,0x18F,test,159,Fuzzy,Fuzzy,0.98993814,True,0.0037653388,0.0003893201,0.98993814,0.0018934289,0.0040137577
test,DoS,DoS,1478200444.572732,1478200444.601822,2432896,34,0.53125,1,28.84387969970703,0,0x000,test,160,DoS,DoS,0.98414165,True,0.0068382546,0.98414165,0.005398041,0.0017137434,0.0019082276
test,Fuzzy,Fuzzy,1478198168.752595,1478198168.78993,2917952,18,0.28125,0,37.33515739440918,809,0x329,test,161,Fuzzy,Fuzzy,0.9785704,True,0.006690587,0.00071687845,0.9785704,0.0021224725,0.011899659
test,Fuzzy,Fuzzy,1478197798.751932,1478197798.861161,2525760,28,0.4375,0,109.22908782958984,305,0x131,test,162,Fuzzy,Fuzzy,0.99003905,True,0.0029047485,0.00032678782,0.99003905,0.0022996257,0.0044297664
test,RPM,RPM,1478192846.174672,1478192846.207116,3470784,23,0.359375,0,32.444000244140625,790,0x316,test,163,RPM,RPM,0.9891676,True,0.0030358678,0.00025786227,0.0055808127,0.0019578056,0.9891676
test,DoS,DoS,1478200492.337116,1478200492.377689,2502656,34,0.53125,0,40.5728816986084,0,0x000,test,164,DoS,DoS,0.9854081,True,0.0076500583,0.9854081,0.0034848868,0.0015370044,0.0019199423
test,Fuzzy,Fuzzy,1478198125.053989,1478198125.106649,2844480,27,0.421875,1,48.12002182006836,305,0x131,test,165,Fuzzy,Fuzzy,0.99090236,True,0.0028403897,0.00032945198,0.99090236,0.001981284,0.003946521
test,RPM,RPM,1478192963.653535,1478192963.688024,3697792,22,0.34375,1,34.08694267272949,790,0x316,test,166,RPM,RPM,0.9916788,True,0.0031355782,0.00039689435,0.0004487249,0.00433993,0.9916788
test,Normal,DoS,1478201203.334348,1478201203.37034,3655168,0,0.0,-1,,704,0x2C0,test,167,Normal,Normal,0.93894583,True,0.93894583,0.002385731,0.005080828,0.022435902,0.031151753
test,Normal,RPM,1478201181.074365,1478201181.108701,4569856,0,0.0,-1,,305,0x131,test,168,Normal,Normal,0.9708046,True,0.9708046,0.0059624217,0.0018810153,0.012246954,0.009104978
test,Normal,DoS,1478201036.069322,1478201036.101667,3345792,0,0.0,-1,,2,0x002,test,169,Normal,Normal,0.9436586,True,0.9436586,0.0022557252,0.006424137,0.0053032376,0.042358264
test,DoS,DoS,1478200456.904359,1478200456.951212,2453312,33,0.515625,1,46.608924865722656,0,0x000,test,170,DoS,DoS,0.98566586,True,0.0076714554,0.98566586,0.0031581318,0.0016029257,0.0019015811
test,Fuzzy,Fuzzy,1478198172.31585,1478198172.345652,2924864,25,0.390625,1,29.584169387817383,1087,0x43F,test,171,Fuzzy,Fuzzy,0.9898273,True,0.0031547972,0.00020985099,0.9898273,0.0029390468,0.0038691226
test,Normal,Gear,1478201068.627902,1478201068.663182,4183488,0,0.0,-1,,2,0x002,test,172,Normal,Normal,0.93937004,True,0.93937004,0.0022789775,0.0046911086,0.021380216,0.03227976
test,Fuzzy,Fuzzy,1478197748.110836,1478197748.192704,2477184,19,0.296875,16,78.10401916503906,304,0x130,test,173,Fuzzy,Fuzzy,0.989806,True,0.0037054257,0.00033977028,0.989806,0.0025201242,0.0036285585
test,Fuzzy,Fuzzy,1478198124.695726,1478198124.7554,2844096,22,0.34375,0,59.67402458190918,2,0x002,test,174,Fuzzy,Fuzzy,0.9891972,True,0.0035244701,0.00036108348,0.9891972,0.0022145612,0.004702667
test,Fuzzy,Fuzzy,1478198141.345456,1478198141.397757,2871040,22,0.34375,0,52.30116844177246,305,0x131,test,175,Fuzzy,Fuzzy,0.98790705,True,0.0036954132,0.00018572465,0.98790705,0.0061613335,0.0020504452
test,Fuzzy,Fuzzy,1478198175.905542,1478198176.027027,2929600,19,0.296875,6,113.63792419433594,399,0x18F,test,176,Fuzzy,Fuzzy,0.9906927,True,0.0036255259,0.0002110265,0.9906927,0.003912711,0.001558148
test,Gear,Gear,1478195067.478164,1478195067.525263,3433792,20,0.3125,2,46.60606384277344,1087,0x43F,test,177,Gear,Gear,0.98761135,True,0.0033669497,0.0006395002,0.00056237605,0.98761135,0.007819826
test,DoS,DoS,1478200642.057979,1478200642.201442,2667520,34,0.53125,0,143.4628963470459,0,0x000,test,178,DoS,DoS,0.982114,True,0.00715688,0.982114,0.006681378,0.001418743,0.0026290214
test,Normal,RPM,1478201053.842224,1478201053.877648,4334656,0,0.0,-1,,399,0x18F,test,179,Normal,Normal,0.96299356,True,0.96299356,0.0023290813,0.006187858,0.023892105,0.004597463
test,Normal,DoS,1478201148.153845,1478201148.187096,3553408,0,0.0,-1,,2,0x002,test,180,Normal,Normal,0.9370168,True,0.9370168,0.0053486684,0.0022962715,0.032189652,0.023148663
test,Gear,Gear,1478195022.931928,1478195022.953725,3355264,19,0.296875,0,21.79718017578125,1087,0x43F,test,181,Gear,Gear,0.9915283,True,0.002786924,0.00078840146,0.0026417777,0.9915283,0.0022546533
test,Normal,Fuzzy,1478201204.701473,1478201204.732687,3830784,0,0.0,-1,,2,0x002,test,182,Normal,Normal,0.9253041,True,0.9253041,0.017359855,0.00055707793,0.024409601,0.032369364
test,Gear,Gear,1478195068.194588,1478195068.226349,3435072,16,0.25,7,30.11012077331543,1087,0x43F,test,183,Gear,Gear,0.98724234,True,0.0043188957,0.0007739341,0.0056793587,0.98724234,0.0019855045
test,Gear,Gear,1478195009.562716,1478195009.589949,3331584,20,0.3125,6,25.532007217407227,1087,0x43F,test,184,Gear,Gear,0.99193525,True,0.0026218,0.0007327976,0.0011737957,0.99193525,0.0035364104
test,Normal,DoS,1478201086.880345,1478201086.917377,3439936,0,0.0,-1,,2,0x002,test,185,Normal,Normal,0.92003614,True,0.92003614,0.0017533259,0.0070698126,0.022489483,0.0486513
test,Normal,Fuzzy,1478201158.131232,1478201158.167244,3744512,0,0.0,-1,,2,0x002,test,186,Normal,Normal,0.93487793,True,0.93487793,0.0045883544,0.0017675346,0.012704659,0.04606156
test,Fuzzy,Fuzzy,1478197938.068751,1478197938.188132,2653632,28,0.4375,0,119.38095092773438,2,0x002,test,187,Fuzzy,Fuzzy,0.9876336,True,0.0035465672,0.00042387587,0.9876336,0.002311404,0.0060846484
test,RPM,RPM,1478192767.170679,1478192767.215264,3334720,22,0.34375,0,44.58498954772949,790,0x316,test,188,RPM,RPM,0.9940988,True,0.0025460673,0.00034740363,0.00071440113,0.0022933942,0.9940988
test,Fuzzy,Fuzzy,1478198083.315816,1478198083.569073,2781184,28,0.4375,1,253.0460357666016,2,0x002,test,189,Fuzzy,Fuzzy,0.9912616,True,0.002516363,0.00028213783,0.9912616,0.002684638,0.0032551289
test,DoS,DoS,1478200574.480254,1478200574.57762,2594240,34,0.53125,0,97.3660945892334,0,0x000,test,190,DoS,DoS,0.9862483,True,0.0072738137,0.9862483,0.0027040744,0.0016227898,0.0021509964
test,Fuzzy,Fuzzy,1478197731.810312,1478197731.96988,2460608,19,0.296875,0,159.56807136535645,304,0x130,test,191,Fuzzy,Fuzzy,0.987465,True,0.0037185878,0.00040370433,0.987465,0.002563475,0.005849325
test,RPM,RPM,1478192899.403942,1478192899.432607,3582208,18,0.28125,2,28.19299697875977,790,0x316,test,192,RPM,RPM,0.99004084,True,0.0041961204,0.00030227657,0.0009226483,0.0045379917,0.99004084
test,Fuzzy,Fuzzy,1478198136.537606,1478198136.590391,2862400,28,0.4375,0,52.78491973876953,608,0x260,test,193,Fuzzy,Fuzzy,0.99063116,True,0.003064667,0.0003467598,0.99063116,0.0023697524,0.0035877153
test,Gear,Gear,1478194872.864543,1478194872.888251,3079232,18,0.28125,0,23.708105087280277,1087,0x43F,test,194,Gear,Gear,0.98901516,True,0.0039791265,0.00054552977,0.0026777617,0.98901516,0.0037824162
test,RPM,RPM,1478192748.996543,1478192749.028318,3298880,21,0.328125,2,31.314849853515625,790,0x316,test,195,RPM,RPM,0.98953056,True,0.0036941848,0.00027688622,0.0008402743,0.005658083,0.98953056
test,Gear,Gear,1478194964.632298,1478194964.672153,3249536,17,0.265625,2,33.62298011779785,1087,0x43F,test,196,Gear,Gear,0.9880954,True,0.005718548,0.0005943642,0.0028688132,0.9880954,0.002722893
test,RPM,RPM,1478192917.88041,1478192917.925769,3615104,19,0.296875,1,45.13406753540039,790,0x316,test,197,RPM,RPM,0.99000627,True,0.004156814,0.00027091484,0.0013606648,0.00420535,0.99000627
test,Gear,Gear,1478194861.078406,1478194861.111895,3055232,22,0.34375,2,31.32009506225586,1087,0x43F,test,198,Gear,Gear,0.992234,True,0.0028287363,0.0006513609,0.0018182561,0.992234,0.0024676842
test,Normal,DoS,1478201164.126273,1478201164.163851,3582528,0,0.0,-1,,608,0x260,test,199,Normal,Normal,0.9321905,True,0.9321905,0.0031792996,0.010481224,0.04852858,0.005620348
test,Fuzzy,Fuzzy,1478198018.261571,1478198018.46849,2728192,28,0.4375,2,195.77980041503903,320,0x140,test,200,Fuzzy,Fuzzy,0.9903064,True,0.0032582285,0.00039426895,0.9903064,0.0016658463,0.0043752342
test,Fuzzy,Fuzzy,1478197841.118145,1478197841.284242,2563200,13,0.203125,0,166.09692573547363,704,0x2C0,test,201,Fuzzy,Fuzzy,0.94508237,True,0.013518508,0.00033930084,0.94508237,0.035832234,0.005227589
test,Normal,Gear,1478201203.563381,1478201203.595033,4432960,0,0.0,-1,,304,0x130,test,202,Normal,Normal,0.9734447,True,0.9734447,0.0048827888,0.0020327324,0.011690235,0.007949621
test,Gear,Gear,1478194988.167451,1478194988.191388,3293184,20,0.3125,0,23.936986923217773,1087,0x43F,test,203,Gear,Gear,0.9933397,True,0.0021464499,0.0009165686,0.0009950158,0.9933397,0.0026023241
test,RPM,RPM,1478192833.047906,1478192833.08862,3445696,15,0.234375,3,40.01784324645996,790,0x316,test,204,RPM,RPM,0.9778816,True,0.009681782,0.000800639,0.0006503633,0.01098551,0.9778816
test,Fuzzy,Fuzzy,1478197980.225541,1478197980.431521,2694016,27,0.421875,0,205.9798240661621,880,0x370,test,205,Fuzzy,Fuzzy,0.9860253,True,0.003951934,0.0004839128,0.9860253,0.0021079371,0.0074309614
test,RPM,RPM,1478192885.473126,1478192885.505763,3552512,18,0.28125,2,32.174110412597656,790,0x316,test,206,RPM,RPM,0.9898801,True,0.004089426,0.00029001303,0.0009240967,0.0048164153,0.9898801
test,RPM,RPM,1478192697.190891,1478192697.213858,3190080,20,0.3125,1,22.739887237548828,790,0x316,test,207,RPM,RPM,0.9898488,True,0.0040140883,0.00031317535,0.0007999189,0.0050240145,0.9898488
test,RPM,RPM,1478192949.604463,1478192949.642016,3670656,20,0.3125,0,37.552833557128906,790,0x316,test,208,RPM,RPM,0.9908229,True,0.003711115,0.0003268523,0.00082031405,0.0043188757,0.9908229
test,Normal,RPM,1478201169.328598,1478201169.36361,4548096,0,0.0,-1,,399,0x18F,test,209,Normal,Normal,0.95933604,True,0.95933604,0.0015295572,0.011987881,0.020974832,0.0061717858
test,Fuzzy,Fuzzy,1478197819.489918,1478197819.510729,2547328,24,0.375,0,20.811080932617188,304,0x130,test,210,Fuzzy,Fuzzy,0.98920643,True,0.0033127896,0.00031386735,0.98920643,0.0023812582,0.004785632
test,DoS,DoS,1478200457.668655,1478200457.783087,2453760,34,0.53125,0,114.43209648132324,0,0x000,test,211,DoS,DoS,0.98166704,True,0.006707798,0.98166704,0.0074008903,0.0018657024,0.0023585083
test,RPM,RPM,1478192716.491994,1478192716.533185,3232768,20,0.3125,11,38.49101066589356,790,0x316,test,212,RPM,RPM,0.9926564,True,0.002700786,0.00035744748,0.0005810151,0.0037043437,0.9926564
test,Normal,Gear,1478201017.45131,1478201017.48745,4089408,0,0.0,-1,,304,0x130,test,213,Normal,Normal,0.91331756,True,0.91331756,0.0015912871,0.008332903,0.014275214,0.06248301
test,DoS,DoS,1478200407.566353,1478200407.776423,2383424,25,0.390625,1,209.82003211975095,0,0x000,test,214,DoS,DoS,0.9777638,True,0.0074901963,0.9777638,0.01015185,0.0019424588,0.0026517268
test,RPM,RPM,1478192754.175145,1478192754.201075,3309440,21,0.328125,3,25.3140926361084,790,0x316,test,215,RPM,RPM,0.99279433,True,0.0028735688,0.00025518218,0.001210513,0.0028664635,0.99279433
test,Fuzzy,Fuzzy,1478197936.71524,1478197936.789823,2652992,23,0.359375,2,68.22896003723145,790,0x316,test,216,Fuzzy,Fuzzy,0.9824273,True,0.0047445027,0.00061534595,0.9824273,0.0024685373,0.009744325
test,RPM,RPM,1478192703.25657,1478192703.280379,3203520,21,0.328125,0,23.808956146240234,790,0x316,test,217,RPM,RPM,0.991176,True,0.0034003588,0.00027258805,0.00094356365,0.0042074407,0.991176
test,Normal,Fuzzy,1478201035.253338,1478201035.290058,3517376,0,0.0,-1,,2,0x002,test,218,Normal,Normal,0.7908451,True,0.7908451,0.0062752683,0.0026181526,0.062280968,0.1379805
test,Normal,RPM,1478201025.779483,1478201025.812167,4283392,0,0.0,-1,,2,0x002,test,219,Normal,Normal,0.9607484,True,0.9607484,0.0077482774,0.0011951479,0.008346402,0.02196182
test,Fuzzy,Fuzzy,1478197740.434767,1478197740.567362,2469120,30,0.46875,0,132.59506225585938,2,0x002,test,220,Fuzzy,Fuzzy,0.9892736,True,0.0029991956,0.00028383476,0.9892736,0.0025280302,0.0049153646
test,RPM,RPM,1478192787.435023,1478192787.485202,3367168,21,0.328125,4,49.24106597900391,790,0x316,test,221,RPM,RPM,0.98617387,True,0.0035320013,0.00023617248,0.0011942027,0.00886371,0.98617387
test,Gear,Gear,1478194952.004124,1478194952.052043,3225472,21,0.328125,0,47.91903495788574,1087,0x43F,test,222,Gear,Gear,0.9881513,True,0.0032303876,0.00054964476,0.0027841947,0.9881513,0.005284526
test,Gear,Gear,1478195116.886521,1478195116.908419,3518976,20,0.3125,2,21.414995193481445,1087,0x43F,test,223,Gear,Gear,0.99212,True,0.002275669,0.00061928603,0.0017608536,0.99212,0.003224235
test,Fuzzy,Fuzzy,1478198172.958796,1478198172.991908,2925824,27,0.421875,6,31.80408477783203,608,0x260,test,224,Fuzzy,Fuzzy,0.990803,True,0.0026319735,0.0002571867,0.990803,0.0028467244,0.003461073
test,RPM,RPM,1478192898.704989,1478192898.738101,3580480,22,0.34375,0,33.1120491027832,790,0x316,test,225,RPM,RPM,0.9896355,True,0.00372065,0.00021656872,0.0027046087,0.0037226214,0.9896355
test,Fuzzy,Fuzzy,1478197931.172354,1478197931.280258,2646080,11,0.171875,5,91.02797508239746,848,0x350,test,226,Fuzzy,Fuzzy,0.98363054,True,0.007871611,0.00016321622,0.98363054,0.006086301,0.0022483447
test,Fuzzy,Fuzzy,1478197805.944493,1478197806.178964,2533760,26,0.40625,1,234.1787815093994,305,0x131,test,227,Fuzzy,Fuzzy,0.98960847,True,0.0038314916,0.00046092988,0.98960847,0.0017378043,0.004361317
test,DoS,DoS,1478200626.95373,1478200627.147765,2651456,34,0.53125,0,194.03481483459475,0,0x000,test,228,DoS,DoS,0.9843113,True,0.006970157,0.9843113,0.005135275,0.0017400681,0.0018432187
test,Fuzzy,Fuzzy,1478198150.025405,1478198150.083131,2886016,26,0.40625,1,57.50918388366699,339,0x153,test,229,Fuzzy,Fuzzy,0.9909128,True,0.00306609,0.0003414014,0.9909128,0.0020840631,0.0035956227
test,Normal,DoS,1478201081.907603,1478201081.943431,3430720,0,0.0,-1,,2,0x002,test,230,Normal,Normal,0.9387629,True,0.9387629,0.016547093,0.0009094269,0.029231865,0.014548735
test,RPM,RPM,1478192917.682105,1478192917.710935,3614720,21,0.328125,1,28.605222702026367,790,0x316,test,231,RPM,RPM,0.9910603,True,0.00302958,0.0004104729,0.0004423242,0.0050573386,0.9910603
test,DoS,DoS,1478200473.240673,1478200473.287616,2475648,35,0.546875,0,46.942949295043945,0,0x000,test,232,DoS,DoS,0.984136,True,0.00655298,0.984136,0.0055519165,0.0017017315,0.0020573668
test,Normal,DoS,1478201070.957795,1478201070.989483,3410432,0,0.0,-1,,304,0x130,test,233,Normal,Normal,0.9646412,True,0.9646412,0.0020572504,0.0058543575,0.011495437,0.01595176
test,DoS,DoS,1478200327.479017,1478200327.649471,2296576,39,0.609375,0,170.4540252685547,0,0x000,test,234,DoS,DoS,0.9853603,True,0.0058158715,0.9853603,0.004902516,0.0017333131,0.002187979
test,Fuzzy,Fuzzy,1478198172.129043,1478198172.149619,2924288,23,0.359375,2,20.10512351989746,399,0x18F,test,235,Fuzzy,Fuzzy,0.98838264,True,0.00355169,0.00034185138,0.98838264,0.002661284,0.0050625117
test,RPM,RPM,1478192729.588356,1478192729.621437,3258240,21,0.328125,0,33.0810546875,790,0x316,test,236,RPM,RPM,0.9888315,True,0.0030965663,0.00028923684,0.00084500184,0.0069377855,0.9888315
test,RPM,RPM,1478192704.173339,1478192704.195289,3206016,19,0.296875,9,19.79589462280273,790,0x316,test,237,RPM,RPM,0.99041104,True,0.0042214594,0.0002665951,0.0014808171,0.003620139,0.99041104
test,Gear,Gear,1478194984.084642,1478194984.115187,3285056,19,0.296875,3,29.8459529876709,1087,0x43F,test,238,Gear,Gear,0.9851221,True,0.0020292874,0.00075218617,0.0005157261,0.9851221,0.011580734
test,Gear,Gear,1478195098.818339,1478195098.849016,3492928,19,0.296875,0,30.676841735839844,1087,0x43F,test,239,Gear,Gear,0.98955625,True,0.0038628858,0.00085768616,0.00061685866,0.98955625,0.005106221
test,Gear,Gear,1478195049.087935,1478195049.1375,3399424,22,0.34375,3,48.84696006774902,1087,0x43F,test,240,Gear,Gear,0.9894022,True,0.0021724468,0.00059148873,0.0016583445,0.9894022,0.006175536
test,Gear,Gear,1478195104.67092,1478195104.745075,3503680,16,0.25,0,74.15509223937988,1087,0x43F,test,241,Gear,Gear,0.9750683,True,0.014939907,0.0012956079,0.003491985,0.9750683,0.0052042236
test,RPM,RPM,1478192832.200288,1478192832.22907,3444224,22,0.34375,0,28.781890869140625,790,0x316,test,242,RPM,RPM,0.9878115,True,0.003628868,0.00027015473,0.001086649,0.007202739,0.9878115
test,DoS,DoS,1478200375.385659,1478200375.402626,2335872,36,0.5625,0,16.967058181762695,0,0x000,test,243,DoS,DoS,0.9846064,True,0.006744161,0.9846064,0.004818419,0.0016453983,0.002185671
test,Fuzzy,Fuzzy,1478197937.950931,1478197938.068321,2653568,26,0.40625,0,117.38991737365724,339,0x153,test,244,Fuzzy,Fuzzy,0.9865172,True,0.004771559,0.00056655955,0.9865172,0.0017570098,0.006387709
test,RPM,RPM,1478192709.710839,1478192709.733307,3218240,19,0.296875,1,22.243976593017575,790,0x316,test,245,RPM,RPM,0.98922884,True,0.0040684766,0.00029865655,0.00082074373,0.005583322,0.98922884
test,RPM,RPM,1478192762.857899,1478192762.892736,3327040,23,0.359375,0,34.83700752258301,790,0x316,test,246,RPM,RPM,0.9935102,True,0.002520477,0.00026679144,0.0012675773,0.0024349776,0.9935102
test,Gear,Gear,1478194939.088809,1478194939.150761,3203200,18,0.28125,0,61.95187568664551,1087,0x43F,test,247,Gear,Gear,0.9899698,True,0.004765399,0.00090212625,0.0021942176,0.9899698,0.0021685136
test,DoS,DoS,1478200383.537844,1478200383.59824,2348736,36,0.5625,0,60.39595603942871,0,0x000,test,248,DoS,DoS,0.9874001,True,0.0063234265,0.9874001,0.002711038,0.0014319402,0.0021335408
test,RPM,RPM,1478192730.865263,1478192730.892038,3260672,22,0.34375,1,26.54910087585449,790,0x316,test,249,RPM,RPM,0.99112344,True,0.0034398274,0.00024714472,0.0021526772,0.0030369079,0.99112344
test,Gear,Gear,1478195071.895262,1478195071.917546,3442112,19,0.296875,2,21.80695533752441,1087,0x43F,test,250,Gear,Gear,0.98890954,True,0.002986819,0.0005267099,0.0019509393,0.98890954,0.0056260424
test,DoS,DoS,1478200468.526468,1478200468.604517,2468416,35,0.546875,1,77.80790328979492,0,0x000,test,251,DoS,DoS,0.98633075,True,0.009699256,0.98633075,0.0009951796,0.0016929448,0.0012818669
test,Normal,Fuzzy,1478201099.989779,1478201100.026805,3637312,0,0.0,-1,,672,0x2A0,test,252,Normal,Normal,0.89503556,True,0.89503556,0.0019125445,0.019125558,0.07200463,0.011921692
test,Normal,RPM,1478201207.602719,1478201207.63961,4619008,0,0.0,-1,,2,0x002,test,253,Normal,Normal,0.92660725,True,0.92660725,0.003391854,0.0030655046,0.006646249,0.06028919
test,Gear,Gear,1478194892.539912,1478194892.570527,3115776,20,0.3125,0,30.61509132385254,1087,0x43F,test,254,Gear,Gear,0.9886235,True,0.0041440725,0.0005135457,0.003016365,0.9886235,0.0037024233
test,DoS,DoS,1478200427.577626,1478200427.593374,2408512,33,0.515625,1,15.499114990234377,0,0x000,test,255,DoS,DoS,0.98411024,True,0.008211076,0.98411024,0.0042195776,0.001503139,0.0019559248
test,RPM,RPM,1478192969.771463,1478192969.801173,3708992,21,0.328125,0,29.710054397583008,790,0x316,test,256,RPM,RPM,0.98627543,True,0.0037751321,0.00030185204,0.0008498541,0.008797718,0.98627543
test,Normal,RPM,1478201129.735777,1478201129.773494,4475264,0,0.0,-1,,305,0x131,test,257,Normal,Normal,0.9666463,True,0.9666463,0.0019021629,0.006380158,0.016148072,0.008923261
test,Fuzzy,Fuzzy,1478198164.366392,1478198164.387416,2911104,25,0.390625,2,20.55692672729492,809,0x329,test,258,Fuzzy,Fuzzy,0.989475,True,0.003662416,0.00034200476,0.989475,0.0020743539,0.0044462597
test,Normal,Gear,1478201174.199702,1478201174.234176,4378560,0,0.0,-1,,2,0x002,test,259,Normal,Normal,0.93923855,True,0.93923855,0.0028241046,0.0031513248,0.037041463,0.017744567
test,Normal,Fuzzy,1478201118.36882,1478201118.405481,3671360,0,0.0,-1,,305,0x131,test,260,Normal,Normal,0.9708028,True,0.9708028,0.0062350016,0.002077963,0.013231782,0.0076524154
test,Gear,Gear,1478194899.564367,1478194899.590436,3130304,20,0.3125,12,23.083925247192383,1087,0x43F,test,261,Gear,Gear,0.9921257,True,0.0030112332,0.00065555645,0.0015028793,0.9921257,0.0027046308
test,RPM,RPM,1478192813.95007,1478192813.998043,3409984,23,0.359375,0,47.9731559753418,790,0x316,test,262,RPM,RPM,0.9938373,True,0.0028330963,0.00031434736,0.0008725419,0.0021426477,0.9938373
test,RPM,RPM,1478192754.012283,1478192754.034434,3308992,20,0.3125,5,20.97606658935547,790,0x316,test,263,RPM,RPM,0.99023205,True,0.0038778875,0.00021537779,0.0029510318,0.0027236769,0.99023205
test,Normal,Gear,1478201094.328983,1478201094.363835,4231104,0,0.0,-1,,305,0x131,test,264,Normal,Normal,0.9649766,True,0.9649766,0.00447357,0.0075589223,0.02171714,0.0012737659
test,Normal,Fuzzy,1478201109.215933,1478201109.248332,3654400,0,0.0,-1,,2,0x002,test,265,Normal,Normal,0.9504612,True,0.9504612,0.0026856097,0.0031097028,0.008649518,0.035093926
test,Gear,Gear,1478194867.216576,1478194867.245825,3068160,19,0.296875,2,28.774023056030277,1087,0x43F,test,266,Gear,Gear,0.9923768,True,0.0023529467,0.00078649406,0.0016482265,0.9923768,0.0028355818
test,Gear,Gear,1478194925.958384,1478194926.007896,3180224,22,0.34375,1,49.27802085876465,1087,0x43F,test,267,Gear,Gear,0.9917065,True,0.002675157,0.00054341776,0.0021805384,0.9917065,0.0028943461
test,Normal,DoS,1478201133.206978,1478201133.240988,3525760,0,0.0,-1,,320,0x140,test,268,Normal,Normal,0.9783709,True,0.9783709,0.0018217508,0.0059745302,0.010807386,0.0030254268
test,Normal,Fuzzy,1478201117.436423,1478201117.47116,3669632,0,0.0,-1,,304,0x130,test,269,Normal,Normal,0.9462424,True,0.9462424,0.008301168,0.0024905298,0.029185388,0.013780592
test,DoS,DoS,1478200575.268063,1478200575.338158,2594944,36,0.5625,0,70.09482383728027,0,0x000,test,270,DoS,DoS,0.9854614,True,0.0056236684,0.9854614,0.0048889127,0.0017681892,0.0022579571
test,Gear,Gear,1478194963.350522,1478194963.374993,3246848,20,0.3125,0,24.471044540405277,1087,0x43F,test,271,Gear,Gear,0.989791,True,0.003534107,0.00065445487,0.0023123403,0.989791,0.0037081495
test,DoS,DoS,1478200397.196638,1478200397.224443,2371136,34,0.53125,1,27.562856674194336,0,0x000,test,272,DoS,DoS,0.98497957,True,0.007979022,0.98497957,0.0035364362,0.0014897396,0.0020153457
test,Normal,Gear,1478201108.457119,1478201108.491941,4257280,0,0.0,-1,,320,0x140,test,273,Normal,Normal,0.9631667,True,0.9631667,0.0071813795,0.0015871642,0.016958153,0.011106637
test,RPM,RPM,1478192865.896073,1478192865.92914,3511680,21,0.328125,2,32.58800506591797,790,0x316,test,274,RPM,RPM,0.99164623,True,0.003617561,0.00024062244,0.001651294,0.0028442438,0.99164623
test,Normal,Gear,1478201015.138841,1478201015.17136,4085120,0,0.0,-1,,399,0x18F,test,275,Normal,Normal,0.9587149,True,0.9587149,0.0023328296,0.0037732387,0.01576985,0.01940919
test,RPM,RPM,1478192897.329889,1478192897.360064,3577280,18,0.28125,3,29.46305274963379,790,0x316,test,276,RPM,RPM,0.97425544,True,0.005369623,0.0003385568,0.000973953,0.019062487,0.97425544
test,DoS,DoS,1478200565.158571,1478200565.255872,2583424,39,0.609375,0,97.30100631713869,0,0x000,test,277,DoS,DoS,0.9821286,True,0.0068108863,0.9821286,0.0070827417,0.0016925317,0.002285225
test,Normal,DoS,1478201124.434621,1478201124.467018,3509504,0,0.0,-1,,2,0x002,test,278,Normal,Normal,0.9320363,True,0.9320363,0.013181873,0.0015712145,0.04855527,0.0046554264
test,RPM,RPM,1478192685.48773,1478192685.51016,3164096,19,0.296875,0,22.4299430847168,790,0x316,test,279,RPM,RPM,0.98509306,True,0.0058576083,0.00025627212,0.0016134428,0.0071796053,0.98509306
test,Normal,DoS,1478201135.070374,1478201135.106829,3529216,0,0.0,-1,,2,0x002,test,280,Normal,Normal,0.9193264,True,0.9193264,0.0030073847,0.0029319697,0.033032056,0.041702285
test,Normal,DoS,1478201083.842471,1478201083.874249,3434304,0,0.0,-1,,672,0x2A0,test,281,Normal,Normal,0.956721,True,0.956721,0.0025674417,0.0057558115,0.024561126,0.010394768
test,DoS,DoS,1478200530.463283,1478200530.501616,2546048,4,0.0625,1,38.0859375,608,0x260,test,282,DoS,Normal,0.8955762,False,0.8955762,0.09071833,0.001391528,0.0015006004,0.010813379
test,RPM,RPM,1478192935.973955,1478192936.011653,3645696,22,0.34375,0,37.69803047180176,790,0x316,test,283,RPM,RPM,0.9902333,True,0.0034662404,0.00032313087,0.00061498437,0.005362317,0.9902333
test,Normal,Gear,1478201110.390952,1478201110.427363,4260864,0,0.0,-1,,2,0x002,test,284,Normal,Normal,0.8258962,True,0.8258962,0.008861379,0.0025379162,0.15170743,0.010996989
test,Gear,Gear,1478195016.582339,1478195016.609289,3342976,20,0.3125,3,26.218891143798828,1087,0x43F,test,285,Gear,Gear,0.9915855,True,0.002729234,0.0005848945,0.00236731,0.9915855,0.0027331358
test,RPM,RPM,1478192928.658636,1478192928.682222,3635008,20,0.3125,1,22.84693717956543,790,0x316,test,286,RPM,RPM,0.9910981,True,0.0033762776,0.00027683598,0.0009857815,0.004262869,0.9910981
test,DoS,DoS,1478200552.776254,1478200552.865076,2570368,34,0.53125,1,88.57607841491699,0,0x000,test,287,DoS,DoS,0.98611754,True,0.0063493866,0.98611754,0.0038715338,0.0015563351,0.002105192
test,Gear,Gear,1478194951.861956,1478194951.892835,3225216,19,0.296875,3,30.17592430114746,1087,0x43F,test,288,Gear,Gear,0.983748,True,0.004709429,0.0005997039,0.007984013,0.983748,0.0029588963
test,Normal,RPM,1478201014.999964,1478201015.031696,4263424,0,0.0,-1,,2,0x002,test,289,Normal,Normal,0.935673,True,0.935673,0.0054414673,0.0015160006,0.05142642,0.0059430855
test,DoS,DoS,1478200321.459861,1478200321.620479,2289856,35,0.546875,1,160.37607192993164,0,0x000,test,290,DoS,DoS,0.98619163,True,0.0060565174,0.98619163,0.0039515453,0.0015813427,0.0022190157
test,DoS,DoS,1478200481.690281,1478200481.853286,2488384,27,0.421875,0,163.00511360168457,0,0x000,test,291,DoS,DoS,0.97948796,True,0.016616695,0.97948796,0.0009854012,0.001386293,0.0015236584
test,RPM,RPM,1478192883.42956,1478192883.454014,3547648,21,0.328125,1,23.80013465881348,790,0x316,test,292,RPM,RPM,0.9913318,True,0.003375118,0.00026704484,0.0010180281,0.0040079993,0.9913318
test,DoS,DoS,1478200581.057873,1478200581.152929,2603008,38,0.59375,0,95.05605697631836,0,0x000,test,293,DoS,DoS,0.98547155,True,0.005750809,0.98547155,0.00484163,0.0017759576,0.0021600544
test,Fuzzy,Fuzzy,1478198172.274417,1478198172.294686,2924736,24,0.375,2,19.80113983154297,320,0x140,test,294,Fuzzy,Fuzzy,0.9903999,True,0.0029861927,0.00026506645,0.9903999,0.0026409565,0.003707868
test,Gear,Gear,1478194898.288754,1478194898.314499,3127744,22,0.34375,1,25.50697326660156,1087,0x43F,test,295,Gear,Gear,0.99230736,True,0.0024137823,0.00058501837,0.0015928738,0.99230736,0.003100882
test,RPM,RPM,1478192812.827964,1478192812.878085,3408448,24,0.375,1,48.291921615600586,790,0x316,test,296,RPM,RPM,0.99217063,True,0.0023002145,0.00027089467,0.00077684165,0.004481385,0.99217063
test,RPM,RPM,1478192812.464303,1478192812.504014,3408000,21,0.328125,1,39.47591781616211,790,0x316,test,297,RPM,RPM,0.9923739,True,0.0033503768,0.00032857468,0.00075823144,0.0031890166,0.9923739
test,Fuzzy,Fuzzy,1478197969.470937,1478197969.791661,2685824,27,0.421875,1,315.2461051940918,399,0x18F,test,298,Fuzzy,Fuzzy,0.9851953,True,0.004672464,0.0005489781,0.9851953,0.0021206168,0.0074626463
test,DoS,DoS,1478200541.905322,1478200541.993066,2561152,37,0.578125,1,87.49699592590332,0,0x000,test,299,DoS,DoS,0.9873247,True,0.005617005,0.9873247,0.003349697,0.0017458089,0.0019627237
test,Normal,DoS,1478201172.140833,1478201172.17823,3597376,0,0.0,-1,,2,0x002,test,300,Normal,Normal,0.95385724,True,0.95385724,0.003143713,0.0034082893,0.014602918,0.024987778
test,RPM,RPM,1478192741.753217,1478192741.795571,3283008,19,0.296875,3,41.57209396362305,790,0x316,test,301,RPM,RPM,0.98899126,True,0.0042261085,0.00029921992,0.0008799286,0.0056034653,0.98899126
test,Gear,Gear,1478194963.99433,1478194964.019608,3248256,22,0.34375,1,25.04706382751465,1087,0x43F,test,302,Gear,Gear,0.99291235,True,0.002091905,0.0006494526,0.0018171901,0.99291235,0.0025290544
test,Fuzzy,Fuzzy,1478198117.474474,1478198117.510592,2833664,30,0.46875,0,36.1180305480957,1349,0x545,test,303,Fuzzy,Fuzzy,0.990195,True,0.0031896327,0.000374458,0.990195,0.002245283,0.0039956607
test,Fuzzy,Fuzzy,1478198156.097479,1478198156.117468,2896512,25,0.390625,0,19.989013671875,2,0x002,test,304,Fuzzy,Fuzzy,0.99058455,True,0.0033599858,0.00033953882,0.99058455,0.0021224974,0.0035934222
test,Fuzzy,Fuzzy,1478197869.349324,1478197869.526952,2591104,29,0.453125,0,177.6280403137207,2,0x002,test,305,Fuzzy,Fuzzy,0.99096537,True,0.0028148063,0.00025850293,0.99096537,0.0026247124,0.003336577
test,Gear,Gear,1478195022.20284,1478195022.23336,3353856,21,0.328125,5,29.243946075439453,1087,0x43F,test,306,Gear,Gear,0.99198735,True,0.0022724275,0.00049416075,0.0011489615,0.99198735,0.0040971003
test,RPM,RPM,1478192747.76185,1478192747.785087,3295808,22,0.34375,0,23.236989974975582,790,0x316,test,307,RPM,RPM,0.9903542,True,0.0029207729,0.0002560211,0.00096307823,0.005505849,0.9903542
test,Gear,Gear,1478194858.024378,1478194858.046588,3047680,19,0.296875,2,21.20184898376465,1087,0x43F,test,308,Gear,Gear,0.9905894,True,0.0030076501,0.00055295386,0.001161137,0.9905894,0.00468889
test,Gear,Gear,1478194989.531251,1478194989.553634,3296000,19,0.296875,2,21.80790901184082,1087,0x43F,test,309,Gear,Gear,0.9897014,True,0.0031977976,0.0005741173,0.0019073845,0.9897014,0.004619275
test,DoS,DoS,1478200489.93882,1478200489.978674,2499648,37,0.578125,1,39.60990905761719,0,0x000,test,310,DoS,DoS,0.9877351,True,0.006160402,0.9877351,0.0027397822,0.0016325816,0.0017321706
test,RPM,RPM,1478192709.663225,1478192709.685981,3218112,21,0.328125,0,22.75609970092773,790,0x316,test,311,RPM,RPM,0.9896741,True,0.0036065257,0.0003294433,0.0006855288,0.0057044565,0.9896741
test,Gear,Gear,1478195075.137509,1478195075.177996,3447808,5,0.078125,3,39.78300094604492,1087,0x43F,test,312,Gear,Gear,0.69014955,True,0.25442132,0.009308159,0.001100666,0.69014955,0.045020334
test,RPM,RPM,1478192857.147243,1478192857.168977,3492800,19,0.296875,3,20.951032638549805,790,0x316,test,313,RPM,RPM,0.9905076,True,0.0035857474,0.00028086454,0.0011143014,0.004511462,0.9905076
test,DoS,DoS,1478200388.280701,1478200388.329511,2357056,37,0.578125,0,48.81000518798828,0,0x000,test,314,DoS,DoS,0.98665154,True,0.006434438,0.98665154,0.0032447565,0.001440999,0.0022281935
test,RPM,RPM,1478192737.393458,1478192737.427596,3274176,24,0.375,0,34.13820266723633,790,0x316,test,315,RPM,RPM,0.99080455,True,0.00277333,0.00019437769,0.0029352172,0.0032925112,0.99080455
test,DoS,DoS,1478200426.339282,1478200426.376311,2406144,38,0.59375,1,36.7891788482666,0,0x000,test,316,DoS,DoS,0.98534346,True,0.0061370376,0.98534346,0.004671035,0.0015295873,0.002318865
test,Fuzzy,Fuzzy,1478198131.882514,1478198131.913546,2854528,23,0.359375,16,17.7919864654541,880,0x370,test,317,Fuzzy,Fuzzy,0.9852083,True,0.004922301,0.00056125055,0.9852083,0.0022875918,0.007020549
test,RPM,RPM,1478192853.00775,1478192853.038942,3484736,20,0.3125,4,30.23505210876465,790,0x316,test,318,RPM,RPM,0.9910334,True,0.003550933,0.00022270727,0.0017808402,0.0034121168,0.9910334
test,RPM,RPM,1478192708.750886,1478192708.772636,3215616,20,0.3125,0,21.74997329711914,790,0x316,test,319,RPM,RPM,0.9907574,True,0.003619508,0.00024000222,0.0017707645,0.0036122852,0.9907574
test,RPM,RPM,1478192689.399913,1478192689.423777,3172032,20,0.3125,0,23.86403083801269,790,0x316,test,320,RPM,RPM,0.9916393,True,0.0033776977,0.00025328455,0.0012887163,0.003441035,0.9916393
test,Fuzzy,Fuzzy,1478197796.936229,1478197796.972937,2524160,23,0.359375,9,31.18300437927246,880,0x370,test,321,Fuzzy,Fuzzy,0.9906294,True,0.003533075,0.00021569879,0.9906294,0.002839335,0.0027825474
test,Normal,RPM,1478201050.59791,1478201050.629877,4328640,0,0.0,-1,,2,0x002,test,322,Normal,Normal,0.8657543,True,0.8657543,0.02022165,0.0009400394,0.0856659,0.027418092
test,RPM,RPM,1478192968.547726,1478192968.571222,3706880,19,0.296875,0,23.496150970458984,790,0x316,test,323,RPM,RPM,0.99008125,True,0.0038085273,0.00035599014,0.00066029496,0.0050940085,0.99008125
test,Gear,Gear,1478195016.886705,1478195016.908409,3343680,19,0.296875,0,21.70419692993164,1087,0x43F,test,324,Gear,Gear,0.99122334,True,0.003143593,0.0006285603,0.0021757055,0.99122334,0.0028288655
test,RPM,RPM,1478192853.039388,1478192853.075764,3484800,23,0.359375,0,36.3759994506836,790,0x316,test,325,RPM,RPM,0.9924763,True,0.0023790267,0.00026086942,0.0008358759,0.004047969,0.9924763
test,Gear,Gear,1478195010.078694,1478195010.102752,3332544,20,0.3125,1,23.61488342285156,1087,0x43F,test,326,Gear,Gear,0.988228,True,0.002593017,0.00067623117,0.00083172385,0.988228,0.007671035
test,Normal,DoS,1478201037.861937,1478201037.899212,3349120,0,0.0,-1,,2,0x002,test,327,Normal,Normal,0.9085957,True,0.9085957,0.009638162,0.0008615945,0.034938816,0.045965713
test,Fuzzy,Fuzzy,1478197844.23842,1478197844.419114,2568064,21,0.328125,10,176.2681007385254,304,0x130,test,328,Fuzzy,Fuzzy,0.9893267,True,0.0032012835,0.00032980824,0.9893267,0.0026085353,0.0045335577
test,Gear,Gear,1478195055.31632,1478195055.3681,3412032,23,0.359375,1,51.54800415039063,1087,0x43F,test,329,Gear,Gear,0.9900559,True,0.00209348,0.00066210725,0.004646292,0.9900559,0.0025421705
test,Normal,RPM,1478201052.011057,1478201052.048231,4331264,0,0.0,-1,,304,0x130,test,330,Normal,Normal,0.92951334,True,0.92951334,0.0031667983,0.0026733945,0.030645601,0.0340008
test,Normal,Gear,1478201025.812396,1478201025.843087,4104896,0,0.0,-1,,790,0x316,test,331,Normal,Normal,0.9368365,True,0.9368365,0.0031412037,0.0051140212,0.044251572,0.010656666
test,DoS,DoS,1478200450.95484,1478200450.994489,2443264,35,0.546875,1,39.40200805664063,0,0x000,test,332,DoS,DoS,0.9827524,True,0.0068277284,0.9827524,0.0064715063,0.0016661035,0.0022822279
test,RPM,RPM,1478192755.604774,1478192755.630769,3313088,23,0.359375,1,25.769948959350582,790,0x316,test,333,RPM,RPM,0.9928895,True,0.002711083,0.00025401125,0.0012416074,0.0029037325,0.9928895
test,Gear,Gear,1478194906.376015,1478194906.405287,3145152,19,0.296875,1,29.040098190307617,1087,0x43F,test,334,Gear,Gear,0.98840135,True,0.0027520894,0.0006014023,0.0019646166,0.98840135,0.0062805135
test,Gear,Gear,1478195079.847025,1478195079.888155,3456384,21,0.328125,1,40.88902473449707,1087,0x43F,test,335,Gear,Gear,0.9915959,True,0.002430913,0.0008194709,0.0006553946,0.9915959,0.004498388
test,DoS,DoS,1478200552.016178,1478200552.088882,2569408,35,0.546875,1,72.45802879333496,0,0x000,test,336,DoS,DoS,0.98778474,True,0.0063376892,0.98778474,0.0023667142,0.0019029682,0.0016078375
test,DoS,DoS,1478200430.687943,1478200430.729888,2413056,34,0.53125,1,41.69797897338867,0,0x000,test,337,DoS,DoS,0.9860898,True,0.0070446916,0.9860898,0.0034202922,0.001797333,0.0016478647
test,Fuzzy,Fuzzy,1478198142.039223,1478198142.106593,2872192,18,0.28125,0,67.36993789672852,399,0x18F,test,338,Fuzzy,Fuzzy,0.9880499,True,0.0047568786,0.0002313819,0.9880499,0.0018733616,0.0050884564
test,RPM,RPM,1478192947.983645,1478192948.005469,3667520,18,0.28125,5,20.614147186279297,790,0x316,test,339,RPM,RPM,0.9925954,True,0.0036499805,0.00047997764,0.0004780642,0.0027966334,0.9925954
test,RPM,RPM,1478192755.985584,1478192756.01118,3314048,23,0.359375,0,25.595903396606445,790,0x316,test,340,RPM,RPM,0.99214435,True,0.002789673,0.00027176546,0.0012166781,0.0035775828,0.99214435
test,RPM,RPM,1478192708.795145,1478192708.820424,3215744,23,0.359375,1,25.053977966308597,790,0x316,test,341,RPM,RPM,0.9928806,True,0.0025820918,0.00024817715,0.0016159596,0.0026732218,0.9928806
test,Gear,Gear,1478195074.501252,1478195074.535593,3446656,19,0.296875,0,34.34109687805176,1087,0x43F,test,342,Gear,Gear,0.99267524,True,0.0024788978,0.000783999,0.0005056161,0.99267524,0.0035562883
test,Normal,DoS,1478201134.726821,1478201134.760037,3528576,0,0.0,-1,,304,0x130,test,343,Normal,Normal,0.9452221,True,0.9452221,0.0012020738,0.013727622,0.018184407,0.021663819
test,DoS,DoS,1478200372.913888,1478200372.968787,2332544,34,0.53125,1,54.65197563171387,0,0x000,test,344,DoS,DoS,0.9824043,True,0.0068328753,0.9824043,0.0064981147,0.0016424042,0.0026223282
test,DoS,DoS,1478200426.150543,1478200426.166637,2405632,34,0.53125,1,15.802860260009766,0,0x000,test,345,DoS,DoS,0.9859746,True,0.006601496,0.9859746,0.0036079984,0.0017018729,0.0021140848
test,Fuzzy,Fuzzy,1478197944.691679,1478197944.892982,2660992,20,0.3125,0,201.30300521850583,2,0x002,test,346,Fuzzy,Fuzzy,0.987683,True,0.0039602774,0.00042429165,0.987683,0.0022896994,0.005642674
test,DoS,DoS,1478200646.94279,1478200646.959475,2673856,36,0.5625,0,16.685009002685547,0,0x000,test,347,DoS,DoS,0.98359805,True,0.006598362,0.98359805,0.005892081,0.0016235954,0.0022878575
test,Normal,Gear,1478201102.687888,1478201102.72492,4246592,0,0.0,-1,,2,0x002,test,348,Normal,Normal,0.91122305,True,0.91122305,0.005505893,0.002005339,0.047838323,0.033427414
test,DoS,DoS,1478200506.482166,1478200506.693088,2521280,37,0.578125,1,205.25097846984863,0,0x000,test,349,DoS,DoS,0.98246056,True,0.0067584855,0.98246056,0.006747817,0.0015767188,0.0024564124
test,Normal,Fuzzy,1478201200.692273,1478201200.725166,3823360,0,0.0,-1,,304,0x130,test,350,Normal,Normal,0.95737445,True,0.95737445,0.0046763434,0.0019004623,0.022839552,0.013209121
test,DoS,DoS,1478200527.302414,1478200527.455709,2544384,33,0.515625,1,142.03190803527832,0,0x000,test,351,DoS,DoS,0.9856398,True,0.00726531,0.9856398,0.0037777182,0.0014894465,0.0018277278
test,RPM,RPM,1478192859.554442,1478192859.575909,3498752,17,0.265625,9,19.344806671142575,790,0x316,test,352,RPM,RPM,0.9877515,True,0.005581961,0.00026945802,0.0014502864,0.004946662,0.9877515
test,Normal,DoS,1478201024.550544,1478201024.582146,3325184,0,0.0,-1,,2,0x002,test,353,Normal,Normal,0.96455836,True,0.96455836,0.0021611492,0.009458525,0.006364713,0.017457295
test,DoS,DoS,1478200475.289716,1478200475.321,2478080,35,0.546875,1,31.04209899902344,0,0x000,test,354,DoS,DoS,0.9855048,True,0.006586402,0.9855048,0.004356313,0.001700054,0.0018524514
test,Fuzzy,Fuzzy,1478198099.35765,1478198099.379195,2804032,24,0.375,2,21.08907699584961,305,0x131,test,355,Fuzzy,Fuzzy,0.9881942,True,0.003664606,0.00041202136,0.9881942,0.0018920366,0.005837103
test,DoS,DoS,1478200390.685346,1478200390.724572,2360320,36,0.5625,0,39.22605514526367,0,0x000,test,356,DoS,DoS,0.9855559,True,0.006235023,0.9855559,0.0044556833,0.0018160992,0.0019372747
test,Fuzzy,Fuzzy,1478198140.715479,1478198140.736255,2870080,20,0.3125,1,20.557880401611328,2,0x002,test,357,Fuzzy,Fuzzy,0.9865861,True,0.0045180446,0.0005043019,0.9865861,0.0019270215,0.006464545
test,Normal,DoS,1478201140.667664,1478201140.705173,3539584,0,0.0,-1,,305,0x131,test,358,Normal,Normal,0.9594461,True,0.9594461,0.0010090449,0.013217142,0.018659066,0.007668584
test,Gear,Gear,1478194897.68002,1478194897.70515,3126592,21,0.328125,0,25.12979507446289,1087,0x43F,test,359,Gear,Gear,0.99099874,True,0.0025821424,0.00069340627,0.0014629182,0.99099874,0.004262738
test,Fuzzy,Fuzzy,1478198050.682533,1478198050.850895,2752704,33,0.515625,0,168.36190223693848,399,0x18F,test,360,Fuzzy,Fuzzy,0.9919179,True,0.0026620186,0.00032586168,0.9919179,0.0023505802,0.0027435436
test,Normal,Fuzzy,1478201078.778246,1478201078.815802,3598016,0,0.0,-1,,305,0x131,test,361,Normal,Normal,0.9410185,True,0.9410185,0.0036077243,0.0030502507,0.025708424,0.026615046
test,Normal,Fuzzy,1478201164.59445,1478201164.625963,3756480,0,0.0,-1,,304,0x130,test,362,Normal,Normal,0.9741202,True,0.9741202,0.0020101233,0.012584064,0.004399319,0.006886308
test,RPM,RPM,1478192938.107241,1478192938.148965,3649280,26,0.40625,0,41.72396659851074,790,0x316,test,363,RPM,RPM,0.9941043,True,0.0018758998,0.00027699117,0.0008014964,0.002941317,0.9941043
test,Gear,Gear,1478195016.447202,1478195016.480906,3342720,17,0.265625,6,32.293081283569336,1087,0x43F,test,364,Gear,Gear,0.9886812,True,0.0046361093,0.0009211708,0.0011125341,0.9886812,0.0046489383
test,Normal,Gear,1478201005.707447,1478201005.739726,4067648,0,0.0,-1,,704,0x2C0,test,365,Normal,Normal,0.9203178,True,0.9203178,0.008998102,0.0013172639,0.056137584,0.0132292155
test,RPM,RPM,1478192704.413107,1478192704.435071,3206656,18,0.28125,4,21.032094955444336,790,0x316,test,366,RPM,RPM,0.99140704,True,0.003808742,0.0003882696,0.00054459926,0.0038513842,0.99140704
test,DoS,DoS,1478200459.456836,1478200459.512129,2454656,33,0.515625,0,55.29308319091797,0,0x000,test,367,DoS,DoS,0.98536265,True,0.009150344,0.98536265,0.0020299463,0.0014472094,0.002009949
test,Fuzzy,Fuzzy,1478198172.102957,1478198172.128809,2924224,20,0.3125,19,15.68007469177246,305,0x131,test,368,Fuzzy,Fuzzy,0.9836998,True,0.0051115863,0.0006691173,0.9836998,0.0021757944,0.008343744
test,Gear,Gear,1478195078.719883,1478195078.749549,3454720,23,0.359375,1,29.4339656829834,1087,0x43F,test,369,Gear,Gear,0.99328035,True,0.001605639,0.0007454925,0.001207148,0.99328035,0.0031613964
test,DoS,DoS,1478200405.865603,1478200406.077568,2382912,32,0.5,1,206.25901222229004,0,0x000,test,370,DoS,DoS,0.98243195,True,0.01046862,0.98243195,0.0039575887,0.0016085658,0.0015333301
test,RPM,RPM,1478192917.056791,1478192917.094911,3613632,21,0.328125,3,37.42408752441406,790,0x316,test,371,RPM,RPM,0.9897391,True,0.0034722686,0.00032517538,0.00069774344,0.00576579,0.9897391
test,DoS,DoS,1478200496.217494,1478200496.299902,2509248,36,0.5625,1,82.16404914855957,0,0x000,test,372,DoS,DoS,0.98438394,True,0.007914693,0.98438394,0.004256943,0.001415162,0.0020291703
test,Fuzzy,Fuzzy,1478197811.574876,1478197811.714594,2539968,24,0.375,0,139.71781730651855,672,0x2A0,test,373,Fuzzy,Fuzzy,0.9905132,True,0.0031759404,0.00031822236,0.9905132,0.002294435,0.003698287
test,Normal,RPM,1478201098.577851,1478201098.610268,4417536,0,0.0,-1,,399,0x18F,test,374,Normal,Normal,0.9640794,True,0.9640794,0.0023984767,0.0069730724,0.015621951,0.010927107
test,Gear,Gear,1478194866.575046,1478194866.597273,3066752,20,0.3125,0,22.227048873901367,1087,0x43F,test,375,Gear,Gear,0.9921376,True,0.0025144937,0.0007957636,0.0008413684,0.9921376,0.0037107447
test,Normal,Gear,1478201145.041314,1478201145.07562,4325056,0,0.0,-1,,2,0x002,test,376,Normal,Normal,0.9472658,True,0.9472658,0.0053662956,0.0022603648,0.028849024,0.016258571
test,Gear,Gear,1478195081.024876,1478195081.056445,3458240,15,0.234375,1,31.323909759521484,1087,0x43F,test,377,Gear,Gear,0.98277736,True,0.0056206957,0.00053028006,0.0020521355,0.98277736,0.009019563
test,DoS,DoS,1478200467.447593,1478200467.52904,2467264,32,0.5,0,81.44712448120117,0,0x000,test,378,DoS,DoS,0.9835644,True,0.007281525,0.9835644,0.005364174,0.0016952323,0.0020947214
test,Fuzzy,Fuzzy,1478197802.917435,1478197802.941825,2532096,19,0.296875,5,23.202896118164062,2,0x002,test,379,Fuzzy,Fuzzy,0.983036,True,0.0053746547,0.00047351635,0.983036,0.0022148632,0.008900946
test,DoS,DoS,1478200595.511245,1478200595.562366,2619904,32,0.5,0,51.12099647521973,0,0x000,test,380,DoS,DoS,0.98509014,True,0.008703099,0.98509014,0.0029840227,0.0016254862,0.0015971949
test,DoS,DoS,1478200489.637444,1478200489.736429,2499264,33,0.515625,1,98.74391555786131,0,0x000,test,381,DoS,DoS,0.98630804,True,0.008101416,0.98630804,0.0023880196,0.0012665731,0.0019359966
test,RPM,RPM,1478192805.928077,1478192805.961093,3397824,18,0.28125,7,28.46598625183105,790,0x316,test,382,RPM,RPM,0.9910472,True,0.0035598387,0.00039070827,0.0005514475,0.004450792,0.9910472
test,DoS,DoS,1478200571.369542,1478200571.385099,2591744,32,0.5,1,15.29693603515625,0,0x000,test,383,DoS,DoS,0.9865696,True,0.00714302,0.9865696,0.002569488,0.0015295662,0.0021883294
test,DoS,DoS,1478200541.196774,1478200541.225255,2560640,34,0.53125,1,28.235912322998047,0,0x000,test,384,DoS,DoS,0.98635304,True,0.007664152,0.98635304,0.002587325,0.0014255436,0.0019699668
test,Fuzzy,Fuzzy,1478198156.625022,1478198156.653967,2897408,21,0.328125,0,28.944969177246094,2,0x002,test,385,Fuzzy,Fuzzy,0.98777276,True,0.0039449316,0.00039421723,0.98777276,0.0027104672,0.0051776893
test,Fuzzy,Fuzzy,1478197880.595419,1478197880.914533,2600192,28,0.4375,4,297.2757816314697,304,0x130,test,386,Fuzzy,Fuzzy,0.99160963,True,0.0026011642,0.00030955562,0.99160963,0.0025007057,0.0029788942
test,Fuzzy,Fuzzy,1478198101.460844,1478198101.497515,2807104,21,0.328125,0,36.67092323303223,2,0x002,test,387,Fuzzy,Fuzzy,0.988917,True,0.0036314672,0.00025150133,0.988917,0.0026840484,0.0045160297
test,Gear,Gear,1478195008.142059,1478195008.165547,3328640,20,0.3125,3,22.77183532714844,1087,0x43F,test,388,Gear,Gear,0.98949206,True,0.0032470098,0.00048975815,0.0033942258,0.98949206,0.0033769005
test,DoS,DoS,1478200452.208819,1478200452.285769,2445120,36,0.5625,0,76.9500732421875,0,0x000,test,389,DoS,DoS,0.98173714,True,0.006897982,0.98173714,0.007455525,0.0016483288,0.0022611069
test,DoS,DoS,1478200374.157301,1478200374.223234,2334208,33,0.515625,0,65.9329891204834,0,0x000,test,390,DoS,DoS,0.9854269,True,0.006924004,0.9854269,0.00407863,0.0014410194,0.0021294963
test,Normal,Gear,1478201033.541645,1478201033.576228,4118976,0,0.0,-1,,399,0x18F,test,391,Normal,Normal,0.9722253,True,0.9722253,0.0017928054,0.0036508464,0.0067890193,0.015542056
test,Fuzzy,Fuzzy,1478198054.086494,1478198054.281073,2753984,25,0.390625,0,194.5791244506836,2,0x002,test,392,Fuzzy,Fuzzy,0.9911402,True,0.0026207129,0.00027660152,0.9911402,0.0026289711,0.0033334456
test,Gear,Gear,1478194988.774982,1478194988.823078,3294464,21,0.328125,1,47.86300659179688,1087,0x43F,test,393,Gear,Gear,0.97614735,True,0.002019551,0.00041469224,0.002377436,0.97614735,0.019040903
test,RPM,RPM,1478192870.12662,1478192870.15273,3519936,25,0.390625,2,24.890899658203125,790,0x316,test,394,RPM,RPM,0.9937623,True,0.0021513896,0.0003144846,0.0007008841,0.00307099,0.9937623
test,RPM,RPM,1478192723.460751,1478192723.494045,3246144,20,0.3125,2,32.62901306152344,790,0x316,test,395,RPM,RPM,0.9924069,True,0.0029086734,0.000269688,0.0010679924,0.003346755,0.9924069
test,Normal,Fuzzy,1478201104.516809,1478201104.551371,3645696,0,0.0,-1,,304,0x130,test,396,Normal,Normal,0.92940277,True,0.92940277,0.0035618506,0.004703625,0.042438786,0.01989297
test,Normal,Fuzzy,1478201065.030609,1478201065.068168,3572544,0,0.0,-1,,320,0x140,test,397,Normal,Normal,0.9602612,True,0.9602612,0.0022099745,0.0052773915,0.024414835,0.00783653
test,DoS,DoS,1478200387.877191,1478200387.937243,2356480,34,0.53125,0,60.05191802978516,0,0x000,test,398,DoS,DoS,0.98423636,True,0.011922027,0.98423636,0.00061273604,0.0014549135,0.0017739593
test,RPM,RPM,1478192703.725175,1478192703.749969,3204800,22,0.34375,0,24.79410171508789,790,0x316,test,399,RPM,RPM,0.99229187,True,0.002786235,0.00026165755,0.001045462,0.0036148208,0.99229187
test,Fuzzy,Fuzzy,1478197960.32307,1478197960.344445,2676224,24,0.375,0,21.374940872192383,304,0x130,test,400,Fuzzy,Fuzzy,0.990049,True,0.0031822217,0.0003036431,0.990049,0.0025400491,0.0039251596
test,Normal,RPM,1478201100.307034,1478201100.338466,4420736,0,0.0,-1,,2,0x002,test,401,Normal,Normal,0.95909846,True,0.95909846,0.0020402542,0.0060646054,0.00916778,0.023628952
test,Gear,Gear,1478194997.292814,1478194997.331234,3310464,21,0.328125,1,38.18893432617188,1087,0x43F,test,402,Gear,Gear,0.9925755,True,0.0020278597,0.0007637179,0.0011258658,0.9925755,0.003507087
test,Normal,RPM,1478201070.493579,1478201070.528312,4365504,0,0.0,-1,,339,0x153,test,403,Normal,Normal,0.9373098,True,0.9373098,0.0014818152,0.011906334,0.03505979,0.014242264
test,Gear,Gear,1478194949.121943,1478194949.154098,3221376,19,0.296875,2,31.690120697021484,1087,0x43F,test,404,Gear,Gear,0.9913135,True,0.0026993065,0.0007391803,0.0029550379,0.9913135,0.002292933
test,RPM,RPM,1478192743.794964,1478192743.820518,3287744,22,0.34375,3,24.845123291015625,790,0x316,test,405,RPM,RPM,0.9932775,True,0.0025497717,0.00024831094,0.0017971828,0.0021271512,0.9932775
test,Gear,Gear,1478195078.47917,1478195078.503613,3454272,24,0.375,0,24.44291114807129,1087,0x43F,test,406,Gear,Gear,0.991025,True,0.0020287682,0.00048116109,0.0026636939,0.991025,0.003801427
test,RPM,RPM,1478192742.383039,1478192742.40728,3284480,21,0.328125,1,24.014949798583984,790,0x316,test,407,RPM,RPM,0.99132884,True,0.003102923,0.00022675471,0.002715135,0.0026263804,0.99132884
test,DoS,DoS,1478200383.066473,1478200383.116208,2348032,38,0.59375,0,49.73506927490234,0,0x000,test,408,DoS,DoS,0.98458314,True,0.0064650513,0.98458314,0.005161866,0.0016674937,0.002122474
test,Fuzzy,Fuzzy,1478198166.733869,1478198166.782711,2914880,30,0.46875,2,48.13909530639648,304,0x130,test,409,Fuzzy,Fuzzy,0.9888765,True,0.0033527068,0.00037655703,0.9888765,0.0025848197,0.004809385
test,DoS,DoS,1478200648.865243,1478200648.987215,2674880,34,0.53125,2,121.22297286987305,0,0x000,test,410,DoS,DoS,0.9857614,True,0.005976041,0.9857614,0.00449699,0.0017993931,0.0019661377
test,RPM,RPM,1478192904.292803,1478192904.318366,3592320,21,0.328125,2,24.879932403564453,790,0x316,test,411,RPM,RPM,0.993665,True,0.0027801045,0.00030060325,0.0011670026,0.0020873686,0.993665
test,DoS,DoS,1478200573.670572,1478200573.746254,2593664,37,0.578125,0,75.68192481994629,0,0x000,test,412,DoS,DoS,0.98729205,True,0.006412428,0.98729205,0.0028815349,0.0017204799,0.001693485
test,DoS,DoS,1478200380.469951,1478200380.487314,2344512,36,0.5625,0,17.36307144165039,0,0x000,test,413,DoS,DoS,0.98469204,True,0.006480202,0.98469204,0.0050447024,0.0017241739,0.0020589847
test,RPM,RPM,1478192757.099919,1478192757.13188,3316736,1,0.015625,3,31.245946884155277,2,0x002,test,414,RPM,Normal,0.8544229,False,0.8544229,0.002818735,0.006373146,0.07310999,0.0632752
test,RPM,RPM,1478192902.938558,1478192902.960844,3589120,19,0.296875,4,21.363019943237305,790,0x316,test,415,RPM,RPM,0.9880108,True,0.0044906405,0.0002143308,0.004025584,0.0032586667,0.9880108
test,DoS,DoS,1478200528.315203,1478200528.47389,2544832,35,0.546875,0,158.68711471557617,0,0x000,test,416,DoS,DoS,0.98550874,True,0.005809782,0.98550874,0.0047961837,0.001706743,0.0021784957
test,Fuzzy,Fuzzy,1478198100.951821,1478198101.021271,2806464,29,0.453125,2,68.99189949035645,2,0x002,test,417,Fuzzy,Fuzzy,0.98612285,True,0.0037297767,0.00037542128,0.98612285,0.002842292,0.006929598
test,RPM,RPM,1478192957.575245,1478192957.60521,3686656,22,0.34375,3,29.14905548095703,790,0x316,test,418,RPM,RPM,0.99103326,True,0.0032134932,0.00029167833,0.00077830313,0.004683236,0.99103326
test,Gear,Gear,1478195098.32719,1478195098.369468,3491904,19,0.296875,0,42.27805137634277,1087,0x43F,test,419,Gear,Gear,0.99108315,True,0.0034179813,0.0006526154,0.0020073166,0.99108315,0.002838936
test,Gear,Gear,1478194860.50635,1478194860.529122,3053824,19,0.296875,0,22.77207374572754,1087,0x43F,test,420,Gear,Gear,0.9905331,True,0.003199458,0.00065831013,0.00325652,0.9905331,0.002352554
test,DoS,DoS,1478200337.700208,1478200337.963643,2302976,43,0.671875,0,263.4351253509521,0,0x000,test,421,DoS,DoS,0.9891755,True,0.005450091,0.9891755,0.0018834309,0.0017398865,0.0017510242
test,DoS,DoS,1478200396.993734,1478200397.059011,2370880,35,0.546875,0,65.277099609375,0,0x000,test,422,DoS,DoS,0.9852297,True,0.0065131965,0.9852297,0.0046955813,0.0015390374,0.0020224517
test,DoS,DoS,1478200511.392748,1478200511.475529,2528128,30,0.46875,1,82.53693580627441,0,0x000,test,423,DoS,DoS,0.98461217,True,0.009900257,0.98461217,0.0021885945,0.0012120127,0.002086958
test,Gear,Gear,1478194916.972737,1478194916.999351,3165120,21,0.328125,0,26.61395072937012,1087,0x43F,test,424,Gear,Gear,0.99182,True,0.0020269318,0.00066499645,0.00053121086,0.99182,0.004956951
test,Fuzzy,Fuzzy,1478198115.287689,1478198115.308545,2830208,26,0.40625,1,20.631074905395508,1349,0x545,test,425,Fuzzy,Fuzzy,0.99067545,True,0.0028822026,0.00026234981,0.99067545,0.0026389104,0.0035410048
test,Fuzzy,Fuzzy,1478197979.476302,1478197979.571541,2693632,32,0.5,0,95.23916244506836,304,0x130,test,426,Fuzzy,Fuzzy,0.98965526,True,0.0029512767,0.00034681952,0.98965526,0.0022646294,0.004782115
test,DoS,DoS,1478200434.222274,1478200434.269557,2419712,36,0.5625,2,41.587114334106445,0,0x000,test,427,DoS,DoS,0.9842957,True,0.0075056283,0.9842957,0.004704072,0.0016622683,0.00183227
test,RPM,RPM,1478192819.748106,1478192819.777928,3420544,20,0.3125,0,29.822111129760746,790,0x316,test,428,RPM,RPM,0.9917956,True,0.0034406849,0.00029293288,0.0008259991,0.003644922,0.9917956
test,Gear,Gear,1478194846.616483,1478194846.649065,3023552,16,0.25,0,32.58204460144043,1087,0x43F,test,429,Gear,Gear,0.98523223,True,0.0064020283,0.001313108,0.0005214199,0.98523223,0.0065312674
test,Normal,Gear,1478201030.129572,1478201030.166353,4112896,0,0.0,-1,,2,0x002,test,430,Normal,Normal,0.92075574,True,0.92075574,0.003524701,0.0027178423,0.017117359,0.055884324
test,DoS,DoS,1478200360.215235,1478200360.420144,2320064,40,0.625,0,204.909086227417,0,0x000,test,431,DoS,DoS,0.98743165,True,0.005435027,0.98743165,0.0034910354,0.0016429255,0.001999449
test,RPM,RPM,1478192831.737096,1478192831.78034,3443456,17,0.265625,6,41.74304008483887,790,0x316,test,432,RPM,RPM,0.97098315,True,0.008956456,0.00021684215,0.014928935,0.004914657,0.97098315
test,Normal,Fuzzy,1478201021.009736,1478201021.040521,3491712,0,0.0,-1,,2,0x002,test,433,Normal,Normal,0.94648355,True,0.94648355,0.0018374353,0.0071801525,0.006394933,0.038103975
test,Normal,Fuzzy,1478201201.003977,1478201201.036385,3823936,0,0.0,-1,,304,0x130,test,434,Normal,Normal,0.95644873,True,0.95644873,0.0057575824,0.0015012956,0.020319197,0.015973277
test,RPM,RPM,1478192944.121834,1478192944.152266,3660480,20,0.3125,1,30.20501136779785,790,0x316,test,435,RPM,RPM,0.9914488,True,0.0032958055,0.00033078753,0.0006251776,0.0042993566,0.9914488
test,Normal,RPM,1478201145.284436,1478201145.317307,4504064,0,0.0,-1,,2,0x002,test,436,Normal,Normal,0.9390214,True,0.9390214,0.008848027,0.0013400803,0.04073208,0.010058485
test,DoS,DoS,1478200635.974714,1478200636.048145,2660224,30,0.46875,1,73.18615913391113,0,0x000,test,437,DoS,DoS,0.98323095,True,0.008610126,0.98323095,0.004871038,0.0014631785,0.00182479
test,Fuzzy,Fuzzy,1478198033.800827,1478198033.977939,2739904,21,0.328125,23,162.2629165649414,809,0x329,test,438,Fuzzy,Fuzzy,0.99016154,True,0.0038255013,0.00041822184,0.99016154,0.0020163157,0.003578478
test,Fuzzy,Fuzzy,1478198164.238143,1478198164.25822,2910720,26,0.40625,0,20.07699012756348,2,0x002,test,439,Fuzzy,Fuzzy,0.99112976,True,0.003086026,0.00027263956,0.99112976,0.0025067881,0.003004844
test,Fuzzy,Fuzzy,1478198106.9344,1478198106.954733,2816192,25,0.390625,0,20.332813262939453,2,0x002,test,440,Fuzzy,Fuzzy,0.99100214,True,0.0031220028,0.00031018842,0.99100214,0.0023052434,0.003260466
test,RPM,RPM,1478192685.65566,1478192685.684171,3164544,20,0.3125,4,27.565956115722656,790,0x316,test,441,RPM,RPM,0.9868978,True,0.003967335,0.0002947409,0.00085004175,0.007990103,0.9868978
test,RPM,RPM,1478192909.294935,1478192909.346728,3601792,21,0.328125,4,50.85515975952149,790,0x316,test,442,RPM,RPM,0.9883786,True,0.0029074103,0.0002818527,0.00078868936,0.007643452,0.9883786
test,Normal,Fuzzy,1478201190.674246,1478201190.706238,3804800,0,0.0,-1,,672,0x2A0,test,443,Normal,Normal,0.9453766,True,0.9453766,0.008492439,0.0019138597,0.0307112,0.01350589
test,DoS,DoS,1478200328.297599,1478200328.535865,2296832,37,0.578125,0,238.2659912109375,0,0x000,test,444,DoS,DoS,0.98615056,True,0.005942976,0.98615056,0.0042364886,0.0016407886,0.0020291589
test,Normal,Gear,1478201035.328779,1478201035.361546,4121792,0,0.0,-1,,2,0x002,test,445,Normal,Normal,0.9408146,True,0.9408146,0.015124419,0.0008510513,0.030850975,0.012358946
test,DoS,DoS,1478200389.073359,1478200389.149751,2358144,33,0.515625,0,76.39193534851074,0,0x000,test,446,DoS,DoS,0.9858051,True,0.008674879,0.9858051,0.0022216064,0.0017393525,0.0015590162
test,DoS,DoS,1478200505.724459,1478200505.856775,2521024,30,0.46875,0,132.31611251831055,0,0x000,test,447,DoS,DoS,0.982476,True,0.007586344,0.982476,0.0060424022,0.0016565248,0.0022386685
test,Gear,Gear,1478195079.105781,1478195079.146186,3455296,20,0.3125,8,38.38109970092773,1087,0x43F,test,448,Gear,Gear,0.9902546,True,0.0037144818,0.0006344556,0.0024123949,0.9902546,0.0029840195
test,DoS,DoS,1478200442.71014,1478200442.757404,2430464,35,0.546875,0,47.26409912109375,0,0x000,test,449,DoS,DoS,0.9860428,True,0.006396379,0.9860428,0.0038574107,0.0016785737,0.0020248583
test,RPM,RPM,1478192812.544941,1478192812.576534,3408128,22,0.34375,2,31.085968017578125,790,0x316,test,450,RPM,RPM,0.98727477,True,0.0036392652,0.00024523571,0.0010851646,0.007755637,0.98727477
test,RPM,RPM,1478192915.800591,1478192915.822851,3611264,19,0.296875,3,21.558046340942383,790,0x316,test,451,RPM,RPM,0.9869538,True,0.004545159,0.0003717845,0.000596566,0.0075326003,0.9869538
test,DoS,DoS,1478200609.58339,1478200609.703856,2635200,34,0.53125,3,108.7970733642578,0,0x000,test,452,DoS,DoS,0.9870526,True,0.008816015,0.9870526,0.001013799,0.0015605671,0.0015569614
test,RPM,RPM,1478192870.692402,1478192870.716141,3521472,20,0.3125,0,23.73909950256348,790,0x316,test,453,RPM,RPM,0.9899913,True,0.0040841973,0.00028310553,0.0009935134,0.0046479655,0.9899913
test,RPM,RPM,1478192708.632414,1478192708.654652,3215296,20,0.3125,0,22.23801612854004,790,0x316,test,454,RPM,RPM,0.99264574,True,0.0032033676,0.00029461988,0.0011687143,0.0026874593,0.99264574
test,Gear,Gear,1478195027.19718,1478195027.228427,3363072,24,0.375,1,30.38191795349121,1087,0x43F,test,455,Gear,Gear,0.9931376,True,0.0016283244,0.00058686436,0.0018633471,0.9931376,0.0027838612
test,DoS,DoS,1478200434.3644,1478200434.40147,2419904,34,0.53125,0,37.07003593444824,0,0x000,test,456,DoS,DoS,0.9865703,True,0.0072183595,0.9865703,0.0027310764,0.0013202504,0.002160039
test,Fuzzy,Fuzzy,1478198102.741607,1478198102.791808,2809088,28,0.4375,0,50.2009391784668,1087,0x43F,test,457,Fuzzy,Fuzzy,0.9886404,True,0.003367009,0.00038990664,0.9886404,0.0027081748,0.004894557
test,Normal,Fuzzy,1478201128.665065,1478201128.696811,3690432,0,0.0,-1,,2,0x002,test,458,Normal,Normal,0.93127257,True,0.93127257,0.004990967,0.002938038,0.045258433,0.0155399665
test,Normal,RPM,1478201118.855995,1478201118.889053,4455104,0,0.0,-1,,304,0x130,test,459,Normal,Normal,0.9402509,True,0.9402509,0.0026859292,0.0067206086,0.022284567,0.028058032
test,DoS,DoS,1478200460.583011,1478200460.606889,2456128,34,0.53125,1,23.634910583496094,0,0x000,test,460,DoS,DoS,0.98449755,True,0.0072349254,0.98449755,0.004742192,0.0016379617,0.0018873871
test,Normal,Gear,1478201133.815468,1478201133.847017,4304256,0,0.0,-1,,304,0x130,test,461,Normal,Normal,0.94180137,True,0.94180137,0.004046504,0.0026230814,0.014459675,0.03706932
test,Gear,Gear,1478195048.539092,1478195048.576674,3398592,23,0.359375,0,37.5819206237793,1087,0x43F,test,462,Gear,Gear,0.9932203,True,0.0015693168,0.00060069776,0.0015982824,0.9932203,0.0030113403
test,Normal,Gear,1478201188.465851,1478201188.49954,4404992,0,0.0,-1,,704,0x2C0,test,463,Normal,Normal,0.87717915,True,0.87717915,0.011734332,0.0015921933,0.09768016,0.011814226
test,Fuzzy,Fuzzy,1478197989.540853,1478197989.619861,2701952,25,0.390625,5,72.68786430358887,304,0x130,test,464,Fuzzy,Fuzzy,0.9890027,True,0.003892562,0.00050089555,0.9890027,0.0018136852,0.0047901343
test,Gear,Gear,1478195092.845433,1478195092.868281,3480960,19,0.296875,0,22.84789085388184,1087,0x43F,test,465,Gear,Gear,0.98511153,True,0.0035680858,0.0004856443,0.0021511323,0.98511153,0.008683655
test,RPM,RPM,1478192812.921201,1478192812.981923,3408576,20,0.3125,1,60.49704551696777,790,0x316,test,466,RPM,RPM,0.9849594,True,0.0043717357,0.00020379889,0.0026128076,0.007852114,0.9849594
test,Gear,Gear,1478195065.268874,1478195065.290953,3430208,20,0.3125,2,21.597862243652344,1087,0x43F,test,467,Gear,Gear,0.991084,True,0.0022966429,0.0006172185,0.0014454331,0.991084,0.004556752
test,DoS,DoS,1478200567.055819,1478200567.163495,2584960,32,0.5,0,107.67602920532228,0,0x000,test,468,DoS,DoS,0.98585075,True,0.007053578,0.98585075,0.0035336553,0.0015794738,0.0019824675
test,Gear,Gear,1478194977.00001,1478194977.022452,3272192,18,0.28125,0,22.442102432250977,1087,0x43F,test,469,Gear,Gear,0.98556477,True,0.003665547,0.00054719794,0.004264249,0.98556477,0.00595831
test,Normal,Fuzzy,1478201156.924152,1478201156.957732,3742272,0,0.0,-1,,2,0x002,test,470,Normal,Normal,0.94563276,True,0.94563276,0.0066054375,0.0017172885,0.039405573,0.0066389376
test,Normal,Fuzzy,1478201014.201528,1478201014.233566,3479104,0,0.0,-1,,304,0x130,test,471,Normal,Normal,0.9658659,True,0.9658659,0.0049858917,0.0013584135,0.019410472,0.008379281
test,Fuzzy,Fuzzy,1478198134.989678,1478198135.013712,2860224,25,0.390625,5,22.87602424621582,399,0x18F,test,472,Fuzzy,Fuzzy,0.9907211,True,0.0033629916,0.0003405586,0.9907211,0.0020769802,0.0034983838
test,RPM,RPM,1478192730.74591,1478192730.785704,3260416,22,0.34375,0,39.7939682006836,790,0x316,test,473,RPM,RPM,0.98627496,True,0.0041817343,0.00037466185,0.0006113912,0.008557231,0.98627496
test,Normal,DoS,1478201094.20659,1478201094.238254,3453504,0,0.0,-1,,2,0x002,test,474,Normal,Normal,0.9688467,True,0.9688467,0.0033638729,0.0019234567,0.011907963,0.013957987
test,Gear,Gear,1478194989.631528,1478194989.663372,3296256,17,0.265625,1,31.61501884460449,1087,0x43F,test,475,Gear,Gear,0.98105055,True,0.003987459,0.00083801534,0.00052998576,0.98105055,0.01359396
test,Gear,Gear,1478194851.468686,1478194851.494278,3033536,22,0.34375,2,25.12788772583008,1087,0x43F,test,476,Gear,Gear,0.9929644,True,0.00191157,0.0005669507,0.0018315596,0.9929644,0.0027254864
test,DoS,DoS,1478200579.859636,1478200579.914324,2602112,33,0.515625,2,43.44511032104492,0,0x000,test,477,DoS,DoS,0.9868291,True,0.0065366365,0.9868291,0.0031250196,0.0014923122,0.0020168177
test,RPM,RPM,1478192886.069059,1478192886.093122,3553984,20,0.3125,2,23.601055145263672,790,0x316,test,478,RPM,RPM,0.988992,True,0.0044294423,0.00023851336,0.0016142463,0.004725858,0.988992
test,Fuzzy,Fuzzy,1478198046.735845,1478198046.943946,2746752,11,0.171875,0,208.1007957458496,608,0x260,test,479,Fuzzy,Fuzzy,0.951933,True,0.025969168,0.00035050043,0.951933,0.01917882,0.0025685048
test,DoS,DoS,1478200492.094791,1478200492.125742,2502400,32,0.5,0,30.95102310180664,0,0x000,test,480,DoS,DoS,0.9809683,True,0.007142878,0.9809683,0.0077078445,0.0016515568,0.0025294994
test,Fuzzy,Fuzzy,1478198052.4909,1478198052.64428,2753472,23,0.359375,1,153.15985679626465,304,0x130,test,481,Fuzzy,Fuzzy,0.9892482,True,0.003291824,0.00030404396,0.9892482,0.0023224154,0.004833562
test,Fuzzy,Fuzzy,1478197829.379699,1478197829.720775,2554752,31,0.484375,0,341.0758972167969,809,0x329,test,482,Fuzzy,Fuzzy,0.9913912,True,0.0026285863,0.00024500664,0.9913912,0.0026894999,0.0030456956
test,DoS,DoS,1478200452.961411,1478200452.992878,2446272,35,0.546875,1,31.224966049194336,0,0x000,test,483,DoS,DoS,0.9855143,True,0.007058241,0.9855143,0.0036911874,0.0016731124,0.0020632455
test,Normal,RPM,1478201028.679157,1478201028.711671,4288768,0,0.0,-1,,2,0x002,test,484,Normal,Normal,0.891177,True,0.891177,0.0038656453,0.0024424535,0.063111216,0.039403692
test,Normal,Fuzzy,1478201152.246015,1478201152.280003,3734080,0,0.0,-1,,304,0x130,test,485,Normal,Normal,0.92753786,True,0.92753786,0.0042640725,0.002643848,0.05247703,0.013077087
test,RPM,RPM,1478192782.171207,1478192782.232233,3358464,21,0.328125,3,60.31298637390137,790,0x316,test,486,RPM,RPM,0.99001604,True,0.002867702,0.00049645937,0.00033485837,0.0062849177,0.99001604
test,RPM,RPM,1478192683.407845,1478192683.431145,3158720,20,0.3125,0,23.2999324798584,790,0x316,test,487,RPM,RPM,0.9882642,True,0.0046304744,0.00024815855,0.0013944848,0.0054625585,0.9882642
test,Gear,Gear,1478195047.501558,1478195047.531979,3396800,18,0.28125,5,29.255151748657227,1087,0x43F,test,488,Gear,Gear,0.9896137,True,0.0043046298,0.0009163657,0.0019124819,0.9896137,0.0032528301
test,Fuzzy,Fuzzy,1478198150.559316,1478198150.613045,2886784,26,0.40625,0,53.72905731201172,2,0x002,test,489,Fuzzy,Fuzzy,0.98970604,True,0.0032742443,0.000372286,0.98970604,0.002271739,0.0043757437
test,DoS,DoS,1478200433.883882,1478200433.900074,2419200,36,0.5625,0,16.191959381103516,0,0x000,test,490,DoS,DoS,0.9858482,True,0.006726466,0.9858482,0.0037640263,0.0015262192,0.002135024
test,Gear,Gear,1478194990.460484,1478194990.482802,3297984,20,0.3125,1,22.08399772644043,1087,0x43F,test,491,Gear,Gear,0.9885583,True,0.002621943,0.000445787,0.0024169562,0.9885583,0.0059569753
test,DoS,DoS,1478200646.926905,1478200646.942544,2673792,30,0.46875,1,15.39301872253418,0,0x000,test,492,DoS,DoS,0.98464197,True,0.0076938653,0.98464197,0.0038576254,0.0015120939,0.002294422
test,Fuzzy,Fuzzy,1478197989.933003,1478197990.022656,2702400,28,0.4375,0,89.65301513671875,704,0x2C0,test,493,Fuzzy,Fuzzy,0.99072343,True,0.0029780576,0.0003341205,0.99072343,0.0024801379,0.0034841618
test,RPM,RPM,1478192780.540479,1478192780.598825,3356224,22,0.34375,1,58.1200122833252,790,0x316,test,494,RPM,RPM,0.99201983,True,0.0031009163,0.00023106077,0.0016057115,0.003042471,0.99201983
test,Normal,RPM,1478201066.588737,1478201066.623356,4358272,0,0.0,-1,,2,0x002,test,495,Normal,Normal,0.8947733,True,0.8947733,0.0020771408,0.005650033,0.011676796,0.08582265
test,RPM,RPM,1478192743.044969,1478192743.076321,3286080,19,0.296875,1,31.12578392028809,790,0x316,test,496,RPM,RPM,0.9832856,True,0.0050141583,0.00053793733,0.0003922251,0.010770125,0.9832856
test,Fuzzy,Fuzzy,1478197737.730452,1478197737.953516,2467520,20,0.3125,1,222.84293174743647,809,0x329,test,497,Fuzzy,Fuzzy,0.9837806,True,0.004721264,0.00023893616,0.9837806,0.009684999,0.0015742193
test,Fuzzy,Fuzzy,1478197962.181262,1478197962.212477,2678656,27,0.421875,3,30.267000198364254,305,0x131,test,498,Fuzzy,Fuzzy,0.9887735,True,0.0036974833,0.0004684752,0.9887735,0.0018882755,0.005172355
test,Fuzzy,Fuzzy,1478197730.453449,1478197730.640997,2460096,30,0.46875,1,181.77294731140137,305,0x131,test,499,Fuzzy,Fuzzy,0.9909663,True,0.0028707692,0.00034523426,0.9909663,0.0023848077,0.0034329067
test,DoS,DoS,1478200483.949111,1478200484.022214,2489984,34,0.53125,1,72.86381721496582,0,0x000,test,500,DoS,DoS,0.9827011,True,0.007836449,0.9827011,0.0054727225,0.001249394,0.0027402954
test,Gear,Gear,1478194976.621482,1478194976.668177,3271552,22,0.34375,7,45.015811920166016,1087,0x43F,test,501,Gear,Gear,0.993471,True,0.0015402397,0.00062024023,0.00071885437,0.993471,0.0036497128
test,Fuzzy,Fuzzy,1478197811.107213,1478197811.151734,2539648,8,0.125,35,25.239229202270508,672,0x2A0,test,502,Fuzzy,Fuzzy,0.92481375,True,0.06138873,0.0004440799,0.92481375,0.0022128117,0.011140616
test,Normal,DoS,1478201156.251726,1478201156.284908,3567936,0,0.0,-1,,2,0x002,test,503,Normal,Normal,0.9517507,True,0.9517507,0.005882043,0.0032649823,0.031382475,0.0077197705
test,Fuzzy,Fuzzy,1478197728.657605,1478197728.687509,2459072,11,0.171875,40,8.769989013671875,2,0x002,test,504,Fuzzy,Fuzzy,0.9707372,True,0.009825298,0.0007242924,0.9707372,0.0024362109,0.016277079
test,Gear,Gear,1478195065.291182,1478195065.316513,3430272,23,0.359375,0,25.33102035522461,1087,0x43F,test,505,Gear,Gear,0.99107635,True,0.0019877863,0.00056245533,0.0031643638,0.99107635,0.0032089597
test,RPM,RPM,1478192766.745946,1478192766.770704,3334080,21,0.328125,1,23.83303642272949,790,0x316,test,506,RPM,RPM,0.9924406,True,0.003059748,0.00031957918,0.00072095526,0.0034590804,0.9924406
test,DoS,DoS,1478200437.676671,1478200437.772232,2423168,35,0.546875,1,95.31307220458984,0,0x000,test,507,DoS,DoS,0.98474205,True,0.0062009925,0.98474205,0.00528832,0.0017268163,0.0020417974
test,Fuzzy,Fuzzy,1478198167.164451,1478198167.184755,2915456,25,0.390625,1,20.08819580078125,809,0x329,test,508,Fuzzy,Fuzzy,0.9894963,True,0.003191636,0.0002896975,0.9894963,0.0030672713,0.003955149
test,Gear,Gear,1478194854.643159,1478194854.667103,3041152,20,0.3125,1,23.561954498291016,1087,0x43F,test,509,Gear,Gear,0.988893,True,0.0032752021,0.0005054001,0.00190651,0.988893,0.0054198955
test,RPM,RPM,1478192922.494329,1478192922.541033,3623744,24,0.375,0,46.70405387878418,790,0x316,test,510,RPM,RPM,0.98785406,True,0.0032121553,0.00032979442,0.0006291329,0.007974912,0.98785406
test,Fuzzy,Fuzzy,1478198133.729143,1478198133.778636,2857920,24,0.375,0,49.49307441711426,672,0x2A0,test,511,Fuzzy,Fuzzy,0.9900092,True,0.0032980703,0.00036676004,0.9900092,0.002190487,0.004135553
test,Fuzzy,Fuzzy,1478197989.790065,1478197989.830069,2702208,25,0.390625,4,39.05606269836426,339,0x153,test,512,Fuzzy,Fuzzy,0.9897322,True,0.0034317214,0.0003648362,0.9897322,0.002112096,0.004359062
test,Fuzzy,Fuzzy,1478198061.273159,1478198061.549742,2760384,30,0.46875,0,276.5829563140869,304,0x130,test,513,Fuzzy,Fuzzy,0.9908885,True,0.002716978,0.00029356923,0.9908885,0.0026178996,0.0034831155
test,Normal,RPM,1478201065.553269,1478201065.588216,4356352,0,0.0,-1,,399,0x18F,test,514,Normal,Normal,0.9645891,True,0.9645891,0.0040734746,0.0049204924,0.023947012,0.0024699448
test,Gear,Gear,1478195016.908657,1478195016.931904,3343744,21,0.328125,2,22.761106491088867,1087,0x43F,test,515,Gear,Gear,0.9909071,True,0.0023907244,0.0006172243,0.0013966082,0.9909071,0.004688368
test,RPM,RPM,1478192890.122335,1478192890.144705,3562112,20,0.3125,0,22.370100021362305,790,0x316,test,516,RPM,RPM,0.98958313,True,0.0040373118,0.00028727695,0.0010689321,0.0050233854,0.98958313
test,RPM,RPM,1478192814.645546,1478192814.685479,3410816,20,0.3125,2,39.45589065551758,790,0x316,test,517,RPM,RPM,0.9931646,True,0.003196684,0.00036905974,0.00065032614,0.0026192816,0.9931646
test,Normal,DoS,1478201097.970086,1478201098.006431,3460480,0,0.0,-1,,399,0x18F,test,518,Normal,Normal,0.9238613,True,0.9238613,0.0019230652,0.019099675,0.04420769,0.010908192
test,DoS,DoS,1478200449.263427,1478200449.289712,2440960,34,0.53125,1,26.037931442260746,0,0x000,test,519,DoS,DoS,0.98657167,True,0.008932665,0.98657167,0.0012165472,0.0013661322,0.001912902
test,DoS,DoS,1478200484.358183,1478200484.403644,2490432,34,0.53125,1,45.21918296813965,0,0x000,test,520,DoS,DoS,0.98491806,True,0.0065161344,0.98491806,0.0048033237,0.0015696784,0.0021927825
test,Normal,Gear,1478201064.930961,1478201064.968016,4176640,0,0.0,-1,,304,0x130,test,521,Normal,Normal,0.9662765,True,0.9662765,0.0021985671,0.005217617,0.0148057435,0.01150149
test,Normal,DoS,1478201186.376443,1478201186.407421,3623744,0,0.0,-1,,399,0x18F,test,522,Normal,Normal,0.9714084,True,0.9714084,0.0036506727,0.00478812,0.014774836,0.005377924
test,Gear,Gear,1478195091.938155,1478195091.970038,3479104,18,0.28125,1,31.64196014404297,1087,0x43F,test,523,Gear,Gear,0.98607755,True,0.004209005,0.0006853584,0.005606337,0.98607755,0.0034218254
test,Normal,Fuzzy,1478201141.44574,1478201141.479585,3714112,0,0.0,-1,,2,0x002,test,524,Normal,Normal,0.8854515,True,0.8854515,0.0018283479,0.006255842,0.01625098,0.090213306
test,Fuzzy,Fuzzy,1478198173.47432,1478198173.515691,2926528,26,0.40625,1,41.15414619445801,809,0x329,test,525,Fuzzy,Fuzzy,0.9915542,True,0.003001347,0.00031158276,0.9915542,0.0021137868,0.0030191087
test,RPM,RPM,1478192870.341589,1478192870.364953,3520512,20,0.3125,1,22.78304100036621,790,0x316,test,526,RPM,RPM,0.98762727,True,0.003911927,0.00033537252,0.00074460165,0.0073808706,0.98762727
test,DoS,DoS,1478200628.154119,1478200628.405018,2651904,40,0.625,0,250.899076461792,0,0x000,test,527,DoS,DoS,0.987022,True,0.0051878747,0.987022,0.003960957,0.001827915,0.0020012695
test,RPM,RPM,1478192703.843753,1478192703.865827,3205120,19,0.296875,5,20.821094512939453,790,0x316,test,528,RPM,RPM,0.98899126,True,0.0047183638,0.0002254391,0.0021017743,0.003963177,0.98899126
test,Fuzzy,Fuzzy,1478198052.059504,1478198052.187133,2753280,22,0.34375,1,121.9780445098877,1088,0x440,test,529,Fuzzy,Fuzzy,0.9852905,True,0.0045034555,0.0005307159,0.9852905,0.0021369546,0.00753832
test,Fuzzy,Fuzzy,1478198091.136392,1478198091.231268,2790912,29,0.453125,1,90.90304374694824,339,0x153,test,530,Fuzzy,Fuzzy,0.9917548,True,0.0025113765,0.00025845214,0.9917548,0.0024741136,0.0030012673
test,Normal,Gear,1478201011.093947,1478201011.131239,4077632,0,0.0,-1,,704,0x2C0,test,531,Normal,Normal,0.8572238,True,0.8572238,0.002655701,0.008038746,0.12313465,0.008947166
test,Normal,RPM,1478201114.366727,1478201114.398354,4446784,0,0.0,-1,,2,0x002,test,532,Normal,Normal,0.95968986,True,0.95968986,0.0015790465,0.01324502,0.018379072,0.007107
test,RPM,RPM,1478192899.519717,1478192899.559969,3582464,12,0.1875,2,39.7789478302002,790,0x316,test,533,RPM,RPM,0.92295134,True,0.028895207,0.00036907417,0.0048029027,0.04298141,0.92295134
test,RPM,RPM,1478192805.500863,1478192805.524768,3397056,21,0.328125,0,23.905038833618164,790,0x316,test,534,RPM,RPM,0.98872095,True,0.003736441,0.00022992899,0.0014545707,0.0058581615,0.98872095
test,Gear,Gear,1478194945.368924,1478194945.393059,3214272,21,0.328125,1,23.90408515930176,1087,0x43F,test,535,Gear,Gear,0.9920237,True,0.0024285014,0.0005673461,0.0015506794,0.9920237,0.0034297546
test,DoS,DoS,1478200449.23991,1478200449.263178,2440896,35,0.546875,0,23.26822280883789,0,0x000,test,536,DoS,DoS,0.986286,True,0.007404887,0.986286,0.0029618985,0.001631489,0.00171573
test,DoS,DoS,1478200506.881102,1478200507.004914,2521408,38,0.59375,2,117.65909194946288,0,0x000,test,537,DoS,DoS,0.98644453,True,0.005653125,0.98644453,0.004170817,0.0017817924,0.0019496976
test,DoS,DoS,1478200612.138999,1478200612.264033,2636416,36,0.5625,0,125.03409385681152,0,0x000,test,538,DoS,DoS,0.98444134,True,0.006573139,0.98444134,0.00535714,0.0016891588,0.0019392029
test,Gear,Gear,1478195028.357108,1478195028.407121,3364288,23,0.359375,1,49.77703094482422,1087,0x43F,test,539,Gear,Gear,0.99331266,True,0.0020310637,0.00065057067,0.0015939539,0.99331266,0.0024117776
test,RPM,RPM,1478192698.093279,1478192698.118741,3192384,20,0.3125,4,24.50704574584961,790,0x316,test,540,RPM,RPM,0.99431497,True,0.0027403065,0.0003595952,0.0010654641,0.0015195842,0.99431497
test,DoS,DoS,1478200344.365817,1478200344.63522,2308352,41,0.640625,1,263.7200355529785,0,0x000,test,541,DoS,DoS,0.9879832,True,0.0052425424,0.9879832,0.003179385,0.0018977039,0.0016970674
test,RPM,RPM,1478192788.403848,1478192788.462226,3368384,18,0.28125,2,57.9228401184082,790,0x316,test,542,RPM,RPM,0.9810372,True,0.0068178936,0.00020892516,0.0031821576,0.00875378,0.9810372
test,DoS,DoS,1478200366.224213,1478200366.4617,2325696,32,0.5,0,237.4870777130127,0,0x000,test,543,DoS,DoS,0.9861211,True,0.006051708,0.9861211,0.0041423556,0.0015722158,0.0021126615
test,DoS,DoS,1478200504.601378,1478200504.646537,2520192,36,0.5625,0,45.159101486206055,0,0x000,test,544,DoS,DoS,0.98668295,True,0.006932257,0.98668295,0.0029348184,0.0016306505,0.0018192054
test,Fuzzy,Fuzzy,1478197965.12416,1478197965.410445,2679744,22,0.34375,4,279.9069881439209,704,0x2C0,test,545,Fuzzy,Fuzzy,0.9893351,True,0.0028300895,0.00022502037,0.9893351,0.0056201657,0.0019895956
test,RPM,RPM,1478192922.22487,1478192922.249375,3623104,22,0.34375,3,23.79608154296875,790,0x316,test,546,RPM,RPM,0.9925943,True,0.0026708,0.0003502282,0.0005505729,0.0038341086,0.9925943
test,RPM,RPM,1478192795.410743,1478192795.443364,3379776,20,0.3125,0,32.620906829833984,790,0x316,test,547,RPM,RPM,0.98833317,True,0.0044251094,0.00030409548,0.00091081683,0.006026798,0.98833317
test,Normal,RPM,1478201146.526611,1478201146.56012,4506368,0,0.0,-1,,305,0x131,test,548,Normal,Normal,0.9434469,True,0.9434469,0.0018709977,0.007095847,0.005556612,0.04202974
test,Normal,RPM,1478201157.65136,1478201157.685785,4526464,0,0.0,-1,,2,0x002,test,549,Normal,Normal,0.8805887,True,0.8805887,0.01733419,0.0008515213,0.049001418,0.052224167
test,Gear,Gear,1478194930.934192,1478194930.975599,3189056,23,0.359375,0,41.407108306884766,1087,0x43F,test,550,Gear,Gear,0.9895978,True,0.0020919659,0.00041147918,0.002765315,0.9895978,0.005133459
test,Gear,Gear,1478194865.595915,1478194865.625176,3064512,20,0.3125,0,29.260873794555664,1087,0x43F,test,551,Gear,Gear,0.991689,True,0.0024885472,0.0005419916,0.0021820175,0.991689,0.0030984164
test,RPM,RPM,1478192910.201349,1478192910.282299,3602624,21,0.328125,0,80.95002174377441,790,0x316,test,552,RPM,RPM,0.9940573,True,0.0024939622,0.0005019765,0.00035425005,0.002592587,0.9940573
test,Normal,Gear,1478201053.568153,1478201053.599275,4155584,0,0.0,-1,,2,0x002,test,553,Normal,Normal,0.7581725,True,0.7581725,0.019456247,0.0016765035,0.21495259,0.00574223
test,DoS,DoS,1478200552.219028,1478200552.239023,2569600,35,0.546875,0,19.99497413635254,0,0x000,test,554,DoS,DoS,0.98575807,True,0.006757751,0.98575807,0.0037692515,0.0016619874,0.0020529546
test,Fuzzy,Fuzzy,1478198148.039971,1478198148.060039,2882816,25,0.390625,3,19.37508583068848,809,0x329,test,555,Fuzzy,Fuzzy,0.98841673,True,0.003560802,0.00033590285,0.98841673,0.0025012176,0.0051853997
test,RPM,RPM,1478192834.536838,1478192834.565911,3448512,22,0.34375,3,28.367996215820312,790,0x316,test,556,RPM,RPM,0.988972,True,0.0033989819,0.00022024571,0.0015639312,0.0058448925,0.988972
test,DoS,DoS,1478200451.157302,1478200451.188764,2443520,33,0.515625,0,31.46219253540039,0,0x000,test,557,DoS,DoS,0.9840756,True,0.008113705,0.9840756,0.0044059968,0.0015075825,0.0018970561
test,Fuzzy,Fuzzy,1478197758.203612,1478197758.332057,2487616,28,0.4375,2,127.98500061035156,339,0x153,test,558,Fuzzy,Fuzzy,0.9910102,True,0.002673145,0.0002620993,0.9910102,0.0030146076,0.0030400152
test,DoS,DoS,1478200496.105948,1478200496.131721,2509120,35,0.546875,1,25.53391456604004,0,0x000,test,559,DoS,DoS,0.9857202,True,0.0070832386,0.9857202,0.003701781,0.0016212637,0.0018735343
test,DoS,DoS,1478200482.713203,1478200482.765723,2489088,32,0.5,0,52.520036697387695,0,0x000,test,560,DoS,DoS,0.9839843,True,0.0065141395,0.9839843,0.0056330864,0.0014965092,0.0023719403
test,Normal,Fuzzy,1478201167.772508,1478201167.804145,3762368,0,0.0,-1,,608,0x260,test,561,Normal,Normal,0.9262905,True,0.9262905,0.0038363421,0.010279987,0.05650311,0.0030900694
test,RPM,RPM,1478192718.02067,1478192718.046805,3235456,20,0.3125,2,25.7718563079834,790,0x316,test,562,RPM,RPM,0.99219865,True,0.0033369784,0.000292378,0.0009174013,0.0032545784,0.99219865
test,Fuzzy,Fuzzy,1478197814.180241,1478197814.375573,2540992,28,0.4375,0,195.33181190490723,848,0x350,test,563,Fuzzy,Fuzzy,0.9900566,True,0.0029293157,0.00038668717,0.9900566,0.0022830553,0.004344391
test,Normal,Gear,1478201197.759542,1478201197.792407,4422208,0,0.0,-1,,2,0x002,test,564,Normal,Normal,0.9058125,True,0.9058125,0.015510388,0.00076484546,0.02500096,0.052911364
test,RPM,RPM,1478192930.106869,1478192930.173493,3636352,22,0.34375,1,66.14899635314941,790,0x316,test,565,RPM,RPM,0.99138147,True,0.0027899547,0.0004130655,0.00039353446,0.005021959,0.99138147
test,Gear,Gear,1478195092.535725,1478195092.558993,3480320,16,0.25,9,18.403053283691406,1087,0x43F,test,566,Gear,Gear,0.98771405,True,0.0060480065,0.0006914507,0.0023147075,0.98771405,0.0032318633
test,Fuzzy,Fuzzy,1478198102.442774,1478198102.48047,2808640,28,0.4375,0,37.69588470458984,2,0x002,test,567,Fuzzy,Fuzzy,0.99013793,True,0.0030141352,0.0002655833,0.99013793,0.0030200076,0.0035623347
test,Fuzzy,Fuzzy,1478198148.755543,1478198148.79675,2884096,24,0.375,2,40.73596000671387,320,0x140,test,568,Fuzzy,Fuzzy,0.9888988,True,0.004187732,0.0004872444,0.9888988,0.0016406261,0.0047855945
test,Gear,Gear,1478194890.475217,1478194890.497264,3111104,19,0.296875,5,20.73192596435547,1087,0x43F,test,569,Gear,Gear,0.9916877,True,0.0023217425,0.0006497716,0.0023193413,0.9916877,0.0030215285
test,Fuzzy,Fuzzy,1478197802.788904,1478197802.820885,2531776,5,0.078125,52,3.49283218383789,2,0x002,test,570,Fuzzy,Fuzzy,0.9292371,True,0.033557404,0.0011177829,0.9292371,0.0012277439,0.034859918
test,RPM,RPM,1478192891.563396,1478192891.592638,3565440,20,0.3125,6,27.777910232543945,790,0x316,test,571,RPM,RPM,0.9917822,True,0.0034882575,0.0002926913,0.0008978785,0.0035389955,0.9917822
test,RPM,RPM,1478192690.775426,1478192690.79856,3175744,21,0.328125,2,22.6747989654541,790,0x316,test,572,RPM,RPM,0.9911328,True,0.0031064928,0.00022055859,0.0017804398,0.003759785,0.9911328
test,Fuzzy,Fuzzy,1478198131.49613,1478198131.523704,2853696,15,0.234375,22,13.216018676757812,2,0x002,test,573,Fuzzy,Fuzzy,0.97730565,True,0.0065807616,0.00080120977,0.97730565,0.0024048593,0.01290751
test,RPM,RPM,1478192852.726498,1478192852.750104,3484096,20,0.3125,0,23.606061935424805,790,0x316,test,574,RPM,RPM,0.9909995,True,0.0033145326,0.00028332576,0.00095621304,0.0044464283,0.9909995
test,RPM,RPM,1478192709.241997,1478192709.264717,3216960,21,0.328125,0,22.7200984954834,790,0x316,test,575,RPM,RPM,0.99134374,True,0.0032829088,0.00028425056,0.00086518953,0.0042238194,0.99134374
test,RPM,RPM,1478192928.957067,1478192929.036467,3635456,18,0.28125,3,78.7041187286377,790,0x316,test,576,RPM,RPM,0.9828934,True,0.0052860095,0.00022340646,0.006320364,0.005276819,0.9828934
test,Fuzzy,Fuzzy,1478197802.965463,1478197802.98661,2532224,23,0.359375,10,18.78690719604492,399,0x18F,test,577,Fuzzy,Fuzzy,0.9900767,True,0.0033626235,0.00039970048,0.9900767,0.002033974,0.004126966
test,Fuzzy,Fuzzy,1478198150.913787,1478198150.953351,2887296,21,0.328125,9,29.87504005432129,2,0x002,test,578,Fuzzy,Fuzzy,0.984032,True,0.0045762085,0.00053182564,0.984032,0.002602867,0.008257184
test,RPM,RPM,1478192879.774097,1478192879.798064,3540416,19,0.296875,3,23.06604385375977,790,0x316,test,579,RPM,RPM,0.9917767,True,0.0035625254,0.00027207108,0.0023146404,0.0020740328,0.9917767
test,Normal,DoS,1478201173.834182,1478201173.867784,3600512,0,0.0,-1,,304,0x130,test,580,Normal,Normal,0.971695,True,0.971695,0.0016169891,0.008940403,0.0076195714,0.010128008
test,DoS,DoS,1478200323.118755,1478200323.201505,2290688,28,0.4375,0,82.74984359741211,0,0x000,test,581,DoS,DoS,0.98591936,True,0.0076244734,0.98591936,0.002840913,0.0015229895,0.002092245
test,DoS,DoS,1478200387.670355,1478200387.686199,2355904,34,0.53125,0,15.843868255615234,0,0x000,test,582,DoS,DoS,0.9858979,True,0.0073002027,0.9858979,0.0032929801,0.0016222108,0.0018866268
test,DoS,DoS,1478200403.523868,1478200403.547127,2381504,34,0.53125,0,23.25892448425293,0,0x000,test,583,DoS,DoS,0.9867005,True,0.006534797,0.9867005,0.00308134,0.0016991835,0.0019841357
test,Gear,Gear,1478194988.024673,1478194988.049502,3292800,22,0.34375,0,24.82891082763672,1087,0x43F,test,584,Gear,Gear,0.9904541,True,0.0028740151,0.0005078667,0.001998986,0.9904541,0.004165148
test,RPM,RPM,1478192891.894254,1478192891.922361,3566208,20,0.3125,3,27.43387222290039,790,0x316,test,585,RPM,RPM,0.9896198,True,0.0034793792,0.00023362017,0.0012696829,0.0053975675,0.9896198
test,DoS,DoS,1478200580.403943,1478200580.535971,2602624,36,0.5625,3,131.04701042175293,0,0x000,test,586,DoS,DoS,0.9854908,True,0.0074454853,0.9854908,0.0035682323,0.001610729,0.001884679
test,Normal,DoS,1478201145.506186,1478201145.537177,3548544,0,0.0,-1,,304,0x130,test,587,Normal,Normal,0.8705203,True,0.8705203,0.021998202,0.0012033492,0.100394264,0.005883904
test,Gear,Gear,1478195073.171778,1478195073.211791,3444416,19,0.296875,1,39.78109359741211,1087,0x43F,test,588,Gear,Gear,0.9918705,True,0.0027062313,0.00067000726,0.0023586776,0.9918705,0.0023945821
test,Fuzzy,Fuzzy,1478197855.267685,1478197855.447906,2576768,27,0.421875,1,174.72600936889648,320,0x140,test,589,Fuzzy,Fuzzy,0.9908024,True,0.0029546216,0.00036892446,0.9908024,0.0021026218,0.0037713896
test,Fuzzy,Fuzzy,1478198118.865991,1478198118.943891,2835072,24,0.375,3,77.18896865844727,1087,0x43F,test,590,Fuzzy,Fuzzy,0.991398,True,0.0025665476,0.00021667857,0.991398,0.0035979887,0.0022208781
test,Gear,Gear,1478194990.092194,1478194990.121123,3297280,15,0.234375,2,28.450965881347656,1087,0x43F,test,591,Gear,Gear,0.96741956,True,0.0066653653,0.00089361705,0.00088640425,0.96741956,0.024134984
test,RPM,RPM,1478192702.155542,1478192702.181659,3200640,24,0.375,2,24.91903305053711,790,0x316,test,592,RPM,RPM,0.990888,True,0.0027157112,0.0002546409,0.0008647637,0.005276859,0.990888
test,DoS,DoS,1478200441.523648,1478200441.539556,2429312,34,0.53125,0,15.908002853393556,0,0x000,test,593,DoS,DoS,0.9852763,True,0.006709258,0.9852763,0.0043171016,0.0017038818,0.0019934687
test,Fuzzy,Fuzzy,1478197804.284884,1478197804.434248,2533184,23,0.359375,1,149.14989471435547,672,0x2A0,test,594,Fuzzy,Fuzzy,0.992444,True,0.0024184664,0.00029894133,0.992444,0.0023786726,0.002459978
test,Normal,Fuzzy,1478201139.096836,1478201139.128515,3709760,0,0.0,-1,,790,0x316,test,595,Normal,Normal,0.9412413,True,0.9412413,0.00787137,0.0022601609,0.04534669,0.0032805288
test,Normal,Fuzzy,1478201087.519841,1478201087.557098,3614208,0,0.0,-1,,2,0x002,test,596,Normal,Normal,0.92312616,True,0.92312616,0.0028699432,0.004249331,0.044519763,0.025234861
test,RPM,RPM,1478192773.303111,1478192773.378188,3345600,20,0.3125,1,74.85389709472656,790,0x316,test,597,RPM,RPM,0.9807915,True,0.006912398,0.00022503249,0.0036712294,0.008399793,0.9807915
test,Normal,RPM,1478201155.129699,1478201155.164699,4521792,0,0.0,-1,,339,0x153,test,598,Normal,Normal,0.93959457,True,0.93959457,0.007263972,0.0030564312,0.044518575,0.005566329
test,Normal,RPM,1478201178.586381,1478201178.622947,4565248,0,0.0,-1,,305,0x131,test,599,Normal,Normal,0.97477156,True,0.97477156,0.0043449956,0.0014248457,0.0100544365,0.009404264
test,Gear,Gear,1478194847.769559,1478194847.797463,3026304,20,0.3125,0,27.904033660888672,1087,0x43F,test,600,Gear,Gear,0.9924799,True,0.0025040999,0.0007775086,0.0010833616,0.9924799,0.0031551158
test,RPM,RPM,1478192742.624403,1478192742.653542,3285056,22,0.34375,3,28.432130813598636,790,0x316,test,601,RPM,RPM,0.9908433,True,0.0030759375,0.00035768424,0.0005016795,0.005221462,0.9908433
test,RPM,RPM,1478192967.999071,1478192968.03064,3705920,22,0.34375,0,31.56900405883789,790,0x316,test,602,RPM,RPM,0.9930789,True,0.002299924,0.00031889149,0.00063845754,0.003663781,0.9930789
test,Fuzzy,Fuzzy,1478198168.957812,1478198168.984546,2918336,25,0.390625,0,26.733875274658203,399,0x18F,test,603,Fuzzy,Fuzzy,0.99176323,True,0.0030673621,0.00026382905,0.99176323,0.0025324689,0.0023731191
test,Fuzzy,Fuzzy,1478198173.163621,1478198173.187061,2926144,25,0.390625,0,23.44012260437012,704,0x2C0,test,604,Fuzzy,Fuzzy,0.9879082,True,0.0041844565,0.00041753857,0.9879082,0.002086007,0.0054038325
test,Normal,Gear,1478201202.214858,1478201202.250244,4430464,0,0.0,-1,,704,0x2C0,test,605,Normal,Normal,0.883315,True,0.883315,0.004510314,0.0020392898,0.04938054,0.06075475
test,Fuzzy,Fuzzy,1478198066.052029,1478198066.073412,2765888,27,0.421875,0,21.38304710388184,2,0x002,test,606,Fuzzy,Fuzzy,0.9881237,True,0.0033751198,0.00041234333,0.9881237,0.0023300976,0.00575874
test,RPM,RPM,1478192948.545896,1478192948.581495,3668800,22,0.34375,1,35.37297248840332,790,0x316,test,607,RPM,RPM,0.9926206,True,0.002761216,0.00026789,0.0011286908,0.0032215668,0.9926206
test,Fuzzy,Fuzzy,1478197750.032106,1478197750.109548,2478336,29,0.453125,2,66.72215461730957,704,0x2C0,test,608,Fuzzy,Fuzzy,0.98992634,True,0.0033803082,0.0003867403,0.98992634,0.0020206198,0.00428598
test,DoS,DoS,1478200344.154039,1478200344.360271,2308288,36,0.5625,0,206.2320709228516,0,0x000,test,609,DoS,DoS,0.9841613,True,0.0068057114,0.9841613,0.0054281806,0.0016666125,0.0019381476
test,RPM,RPM,1478192968.119666,1478192968.144487,3706112,16,0.25,6,23.361921310424805,790,0x316,test,610,RPM,RPM,0.9906619,True,0.0050165607,0.00036353583,0.0008506891,0.0031073454,0.9906619
test,RPM,RPM,1478192769.551767,1478192769.590242,3338560,20,0.3125,1,38.24782371520996,790,0x316,test,611,RPM,RPM,0.99238765,True,0.0036015648,0.000309649,0.0015329593,0.0021682216,0.99238765
test,Fuzzy,Fuzzy,1478197937.492324,1478197937.643555,2653376,25,0.390625,5,145.53189277648926,305,0x131,test,612,Fuzzy,Fuzzy,0.99086905,True,0.0030464001,0.00025465013,0.99086905,0.0025235235,0.0033063176
test,Normal,DoS,1478201137.526591,1478201137.557668,3533760,0,0.0,-1,,304,0x130,test,613,Normal,Normal,0.9551495,True,0.9551495,0.0025330589,0.0030353123,0.026081573,0.013200504
test,DoS,DoS,1478200429.219437,1478200429.261772,2411328,32,0.5,1,42.09089279174805,0,0x000,test,614,DoS,DoS,0.9866649,True,0.007678937,0.9866649,0.0025396175,0.0014701801,0.0016464028
test,RPM,RPM,1478192916.442747,1478192916.471441,3612544,20,0.3125,3,23.03504943847656,790,0x316,test,615,RPM,RPM,0.99079543,True,0.0035569342,0.0003253877,0.00067185116,0.0046504783,0.99079543
test,Fuzzy,Fuzzy,1478198112.223289,1478198112.24451,2824512,25,0.390625,0,21.220922470092773,2,0x002,test,616,Fuzzy,Fuzzy,0.9880046,True,0.003913743,0.00045985077,0.9880046,0.0021269114,0.0054947883
test,RPM,RPM,1478192750.585093,1478192750.610362,3302336,22,0.34375,2,24.812936782836918,790,0x316,test,617,RPM,RPM,0.9921199,True,0.0029006035,0.00025446658,0.001110541,0.003614539,0.9921199
test,DoS,DoS,1478200571.982139,1478200572.068429,2592320,34,0.53125,3,75.02388954162598,0,0x000,test,618,DoS,DoS,0.9861994,True,0.008486519,0.9861994,0.0022391346,0.0014854366,0.0015895106
test,Normal,Fuzzy,1478201129.734181,1478201129.766811,3692416,0,0.0,-1,,2,0x002,test,619,Normal,Normal,0.93616724,True,0.93616724,0.0018588109,0.0146556785,0.032264423,0.015053972
test,Gear,Gear,1478195007.179551,1478195007.201918,3326336,20,0.3125,1,22.134780883789062,1087,0x43F,test,620,Gear,Gear,0.99233353,True,0.0021147372,0.0006490499,0.0008508561,0.99233353,0.004051772
test,RPM,RPM,1478192960.943253,1478192960.971646,3692736,19,0.296875,6,22.962093353271484,790,0x316,test,621,RPM,RPM,0.9943287,True,0.0027190042,0.0003668542,0.0008392676,0.0017462554,0.9943287
test,RPM,RPM,1478192923.291318,1478192923.325245,3625216,17,0.265625,6,30.75790405273437,790,0x316,test,622,RPM,RPM,0.9858202,True,0.005153082,0.00035288965,0.00077137124,0.007902424,0.9858202
test,Gear,Gear,1478195045.808834,1478195045.833425,3393920,21,0.328125,0,24.59096908569336,1087,0x43F,test,623,Gear,Gear,0.9886658,True,0.0029542788,0.00056479865,0.0027986933,0.9886658,0.005016451
test,RPM,RPM,1478192723.252906,1478192723.27506,3245760,20,0.3125,1,21.92902565002441,790,0x316,test,624,RPM,RPM,0.99205,True,0.0031198007,0.00036272558,0.0006058675,0.0038616026,0.99205
test,DoS,DoS,1478200442.291837,1478200442.32177,2429952,35,0.546875,0,29.93297576904297,0,0x000,test,625,DoS,DoS,0.98245263,True,0.007292123,0.98245263,0.006440535,0.0015947311,0.0022199182
test,Gear,Gear,1478195003.981954,1478195004.014547,3320320,19,0.296875,1,32.360076904296875,1087,0x43F,test,626,Gear,Gear,0.9894103,True,0.004036095,0.0006061225,0.0021961401,0.9894103,0.0037513361
test,Fuzzy,Fuzzy,1478197862.154689,1478197862.337244,2583552,27,0.421875,0,182.5549602508545,304,0x130,test,627,Fuzzy,Fuzzy,0.98994863,True,0.0027051382,0.0002851496,0.98994863,0.0026173426,0.004443692
test,Gear,Gear,1478195068.564138,1478195068.590827,3435712,19,0.296875,7,25.03490447998047,1087,0x43F,test,628,Gear,Gear,0.9920218,True,0.0030907928,0.0007389744,0.0019181352,0.9920218,0.002230283
test,Normal,Gear,1478201089.046095,1478201089.078101,4221312,0,0.0,-1,,2,0x002,test,629,Normal,Normal,0.96245193,True,0.96245193,0.009889636,0.0011765825,0.004939782,0.021542035
test,RPM,RPM,1478192929.304422,1478192929.342992,3635712,24,0.375,1,38.34199905395508,790,0x316,test,630,RPM,RPM,0.9913182,True,0.0024125194,0.00031909446,0.00058265775,0.005367585,0.9913182
test,Fuzzy,Fuzzy,1478197762.359479,1478197762.594515,2494208,28,0.4375,6,233.63304138183597,2,0x002,test,631,Fuzzy,Fuzzy,0.9901578,True,0.0029639027,0.0003755827,0.9901578,0.0020437972,0.0044589173
test,RPM,RPM,1478192879.449911,1478192879.474253,3539648,21,0.328125,1,24.11794662475586,790,0x316,test,632,RPM,RPM,0.9908359,True,0.0032722882,0.00022711299,0.0013811801,0.0042835125,0.9908359
test,RPM,RPM,1478192898.857318,1478192898.88182,3580800,20,0.3125,1,23.51593971252441,790,0x316,test,633,RPM,RPM,0.9845383,True,0.0048220023,0.0002879731,0.00090855523,0.009443166,0.9845383
test,DoS,DoS,1478200415.246329,1478200415.335604,2391296,36,0.5625,0,89.27488327026367,0,0x000,test,634,DoS,DoS,0.98623765,True,0.009998019,0.98623765,0.0008215813,0.0014587515,0.0014839083
test,DoS,DoS,1478200427.09825,1478200427.118594,2407488,33,0.515625,1,20.099878311157227,0,0x000,test,635,DoS,DoS,0.9856903,True,0.007448051,0.9856903,0.003463649,0.0016036062,0.0017943794
test,RPM,RPM,1478192782.45919,1478192782.510844,3358784,17,0.265625,7,49.53503608703613,790,0x316,test,636,RPM,RPM,0.97842306,True,0.010930525,0.00029799587,0.0037479077,0.006600502,0.97842306
test,RPM,RPM,1478192878.840518,1478192878.875004,3538368,20,0.3125,0,34.48605537414551,790,0x316,test,637,RPM,RPM,0.99110925,True,0.0036986864,0.0002767496,0.0010928314,0.0038224969,0.99110925
test,Gear,Gear,1478195055.065427,1478195055.093667,3411584,19,0.296875,5,25.04491806030273,1087,0x43F,test,638,Gear,Gear,0.9894978,True,0.0038836119,0.00080729264,0.0026103815,0.9894978,0.003200938
test,Gear,Gear,1478194887.087409,1478194887.137583,3104896,26,0.40625,2,49.68404769897461,1087,0x43F,test,639,Gear,Gear,0.9944464,True,0.0014827335,0.0006450954,0.001101646,0.9944464,0.0023240594
test,Fuzzy,Fuzzy,1478197976.66117,1478197976.682299,2692224,23,0.359375,2,20.67399024963379,2,0x002,test,640,Fuzzy,Fuzzy,0.98954797,True,0.003117982,0.00027152826,0.98954797,0.0025429123,0.0045195585
test,Normal,Fuzzy,1478201051.008925,1478201051.040053,3546560,0,0.0,-1,,2,0x002,test,641,Normal,Normal,0.95809394,True,0.95809394,0.0038498137,0.0022786704,0.008671872,0.027105639
test,Fuzzy,Fuzzy,1478197839.668363,1478197839.991212,2562880,27,0.421875,1,317.1079158782959,608,0x260,test,642,Fuzzy,Fuzzy,0.9913601,True,0.002600639,0.0002996953,0.9913601,0.0026312203,0.003108225
test,Fuzzy,Fuzzy,1478197770.416102,1478197770.469619,2501632,27,0.421875,0,53.51710319519043,2,0x002,test,643,Fuzzy,Fuzzy,0.9862948,True,0.00393615,0.000470991,0.9862948,0.0021386961,0.0071593565
test,Normal,RPM,1478201029.128659,1478201029.160709,4289600,0,0.0,-1,,2,0x002,test,644,Normal,Normal,0.8771208,True,0.8771208,0.019750012,0.000777289,0.039724693,0.06262717
test,Normal,RPM,1478201126.59568,1478201126.628061,4469440,0,0.0,-1,,304,0x130,test,645,Normal,Normal,0.900812,True,0.900812,0.0010724234,0.050294098,0.0047475295,0.043074004
test,Gear,Gear,1478195100.852144,1478195100.887545,3497024,21,0.328125,0,35.401105880737305,1087,0x43F,test,646,Gear,Gear,0.9883835,True,0.0023182686,0.0005652405,0.0023148318,0.9883835,0.0064183013
test,Normal,RPM,1478201197.240464,1478201197.276333,4599808,0,0.0,-1,,2,0x002,test,647,Normal,Normal,0.9649665,True,0.9649665,0.0088564735,0.0015229565,0.01633844,0.008315759
test,DoS,DoS,1478200519.444434,1478200519.61771,2536384,32,0.5,0,173.27618598937988,0,0x000,test,648,DoS,DoS,0.98602134,True,0.008122935,0.98602134,0.0026619034,0.0015292827,0.0016646322
test,RPM,RPM,1478192870.153144,1478192870.176314,3520000,20,0.3125,0,23.17023277282715,790,0x316,test,649,RPM,RPM,0.99095446,True,0.0039030735,0.0002396467,0.0016440954,0.003258704,0.99095446
test,Fuzzy,Fuzzy,1478198135.712917,1478198135.770288,2861312,28,0.4375,0,57.370901107788086,790,0x316,test,650,Fuzzy,Fuzzy,0.9915714,True,0.0029864337,0.00036498177,0.9915714,0.0019104882,0.0031667433
test,Gear,Gear,1478195104.11733,1478195104.139033,3503040,20,0.3125,2,21.13199234008789,1087,0x43F,test,651,Gear,Gear,0.9921491,True,0.0024889444,0.00061129977,0.0023014836,0.9921491,0.0024490627
test,RPM,RPM,1478192896.870813,1478192896.910044,3576256,19,0.296875,1,38.88988494873047,790,0x316,test,652,RPM,RPM,0.9878699,True,0.004172842,0.00031100257,0.00080132694,0.0068448596,0.9878699
test,Normal,Gear,1478201177.204955,1478201177.238753,4384128,0,0.0,-1,,304,0x130,test,653,Normal,Normal,0.8875108,True,0.8875108,0.0060151373,0.00377533,0.09509944,0.007599274
test,RPM,RPM,1478192883.07647,1478192883.100466,3546688,22,0.34375,0,23.99611473083496,790,0x316,test,654,RPM,RPM,0.99071443,True,0.0035062125,0.00022286864,0.0020758857,0.003480598,0.99071443
test,DoS,DoS,1478200410.743131,1478200410.759294,2388736,35,0.546875,0,16.163110733032227,0,0x000,test,655,DoS,DoS,0.9860503,True,0.0074705794,0.9860503,0.002930184,0.0014982187,0.0020507323
test,Gear,Gear,1478194949.323459,1478194949.363867,3221696,18,0.28125,6,38.52510452270508,1087,0x43F,test,656,Gear,Gear,0.99172395,True,0.0028466824,0.0007585443,0.0013803663,0.99172395,0.0032905308
test,DoS,DoS,1478200558.507212,1478200558.781467,2577408,33,0.515625,3,262.73107528686523,0,0x000,test,657,DoS,DoS,0.9865202,True,0.0063718585,0.9865202,0.0034459478,0.0015691326,0.0020928634
test,DoS,DoS,1478200625.735541,1478200625.97083,2651072,32,0.5,1,235.04304885864255,0,0x000,test,658,DoS,DoS,0.98505026,True,0.0060102004,0.98505026,0.00518585,0.001665811,0.0020878944
test,DoS,DoS,1478200373.288477,1478200373.342828,2333056,36,0.5625,1,54.10194396972656,0,0x000,test,659,DoS,DoS,0.9845227,True,0.0064344294,0.9845227,0.0053033167,0.0015653509,0.002174171
test,Normal,RPM,1478201137.47695,1478201137.509068,4489600,0,0.0,-1,,399,0x18F,test,660,Normal,Normal,0.9466489,True,0.9466489,0.0012766336,0.024547195,0.02038634,0.007140895
test,Gear,Gear,1478194931.878766,1478194931.917514,3190464,23,0.359375,3,38.02800178527832,1087,0x43F,test,661,Gear,Gear,0.989767,True,0.0019143487,0.0007021126,0.000515752,0.989767,0.0071007255
test,Normal,RPM,1478201062.340413,1478201062.377588,4350400,0,0.0,-1,,672,0x2A0,test,662,Normal,Normal,0.9524504,True,0.9524504,0.0018659396,0.008099125,0.030674145,0.0069104056
test,RPM,RPM,1478192865.137224,1478192865.159804,3509952,19,0.296875,3,21.465063095092773,790,0x316,test,663,RPM,RPM,0.9833735,True,0.0056433594,0.000265807,0.0012797848,0.00943755,0.9833735
test,Gear,Gear,1478194955.937863,1478194955.985757,3232832,20,0.3125,4,46.95320129394531,1087,0x43F,test,664,Gear,Gear,0.9876178,True,0.0027994711,0.00058463064,0.004388535,0.9876178,0.004609563
test,Normal,RPM,1478201085.691028,1478201085.727658,4393664,0,0.0,-1,,339,0x153,test,665,Normal,Normal,0.9163123,True,0.9163123,0.0020415685,0.0067418297,0.04922196,0.025682282
test,DoS,DoS,1478200594.459491,1478200594.585236,2619200,35,0.546875,1,125.49996376037598,0,0x000,test,666,DoS,DoS,0.9823086,True,0.006898925,0.9823086,0.0068099615,0.0015754544,0.002407027
test,RPM,RPM,1478192747.41167,1478192747.433606,3294848,20,0.3125,2,21.469831466674805,790,0x316,test,667,RPM,RPM,0.99100935,True,0.0031043247,0.0003278848,0.0006258147,0.0049327197,0.99100935
test,DoS,DoS,1478200396.082242,1478200396.131312,2369600,38,0.59375,0,49.06988143920898,0,0x000,test,668,DoS,DoS,0.9855745,True,0.006038406,0.9855745,0.004672023,0.0018570762,0.0018579725
test,Normal,Gear,1478201124.246021,1478201124.278554,4286528,0,0.0,-1,,2,0x002,test,669,Normal,Normal,0.90182585,True,0.90182585,0.0019063216,0.006873502,0.0066521834,0.0827421
test,Normal,Fuzzy,1478201171.259996,1478201171.29443,3768832,0,0.0,-1,,2,0x002,test,670,Normal,Normal,0.9420496,True,0.9420496,0.004372293,0.0019033272,0.024163213,0.027511649
test,RPM,RPM,1478192903.487325,1478192903.517529,3590464,21,0.328125,1,29.796123504638672,790,0x316,test,671,RPM,RPM,0.9910253,True,0.0030008336,0.00029477835,0.00072107936,0.0049579814,0.9910253
test,RPM,RPM,1478192957.333204,1478192957.360173,3686144,21,0.328125,2,26.51095390319824,790,0x316,test,672,RPM,RPM,0.98952335,True,0.004104868,0.00020930715,0.0024615917,0.0037008044,0.98952335
test,DoS,DoS,1478200396.539805,1478200396.573375,2370240,37,0.578125,0,33.570051193237305,0,0x000,test,673,DoS,DoS,0.98229235,True,0.007051458,0.98229235,0.0067746886,0.0016248054,0.0022566686
test,Normal,RPM,1478201090.14877,1478201090.184539,4401920,0,0.0,-1,,304,0x130,test,674,Normal,Normal,0.94970024,True,0.94970024,0.0010000902,0.015620919,0.012547472,0.021131344
test,Normal,DoS,1478201053.579974,1478201053.617159,3378240,0,0.0,-1,,399,0x18F,test,675,Normal,Normal,0.87076247,True,0.87076247,0.009089484,0.0031612266,0.106524825,0.010461981
test,Fuzzy,Fuzzy,1478197795.166631,1478197795.262762,2523136,23,0.359375,2,95.66712379455566,304,0x130,test,676,Fuzzy,Fuzzy,0.98828554,True,0.004394925,0.0002550812,0.98828554,0.0025983045,0.004466096
test,RPM,RPM,1478192734.73875,1478192734.780089,3268352,20,0.3125,1,41.11289978027344,790,0x316,test,677,RPM,RPM,0.9925835,True,0.0028970034,0.00030734125,0.0008226573,0.003389464,0.9925835
test,Normal,Fuzzy,1478201079.12667,1478201079.1584,3598656,0,0.0,-1,,2,0x002,test,678,Normal,Normal,0.9050255,True,0.9050255,0.003850744,0.0024278255,0.010360382,0.07833553
test,DoS,DoS,1478200487.70135,1478200487.717833,2496320,36,0.5625,0,16.483068466186523,0,0x000,test,679,DoS,DoS,0.9855202,True,0.0071885097,0.9855202,0.0038220147,0.0014657023,0.0020034998
test,DoS,DoS,1478200496.602682,1478200496.642553,2509760,36,0.5625,1,39.628028869628906,0,0x000,test,680,DoS,DoS,0.9858415,True,0.007767955,0.9858415,0.0030232698,0.0014461249,0.0019211457
test,DoS,DoS,1478200352.118103,1478200352.344305,2313920,33,0.515625,1,225.9550094604492,0,0x000,test,681,DoS,DoS,0.98477364,True,0.008977932,0.98477364,0.0030390506,0.0015446729,0.0016647272
test,Fuzzy,Fuzzy,1478197961.320577,1478197961.352581,2677312,25,0.390625,0,32.00411796569824,2,0x002,test,682,Fuzzy,Fuzzy,0.98574096,True,0.0046543255,0.00055523677,0.98574096,0.0019234271,0.0071261656
test,DoS,DoS,1478200373.835368,1478200373.869085,2333760,37,0.578125,0,33.71715545654297,0,0x000,test,683,DoS,DoS,0.9846875,True,0.005900723,0.9846875,0.0052688555,0.0015729431,0.002569953
test,DoS,DoS,1478200495.84182,1478200495.902568,2508928,30,0.46875,9,56.55407905578613,0,0x000,test,684,DoS,DoS,0.9860909,True,0.0072526014,0.9860909,0.0031222962,0.0014983191,0.0020359072
test,DoS,DoS,1478200357.178181,1478200357.30432,2319104,37,0.578125,0,126.13916397094728,0,0x000,test,685,DoS,DoS,0.98774844,True,0.0068436298,0.98774844,0.0019942564,0.0013116369,0.0021020721
test,RPM,RPM,1478192780.769794,1478192780.800985,3356544,17,0.265625,7,28.904199600219727,790,0x316,test,686,RPM,RPM,0.98981595,True,0.004560708,0.00025143864,0.0030808805,0.0022910482,0.98981595
test,DoS,DoS,1478200609.120098,1478200609.135858,2634880,33,0.515625,1,15.514135360717772,0,0x000,test,687,DoS,DoS,0.98595935,True,0.007524282,0.98595935,0.0030455925,0.001558117,0.0019126318
test,Gear,Gear,1478194919.287922,1478194919.33512,3168832,21,0.328125,3,44.44694519042969,1087,0x43F,test,688,Gear,Gear,0.9910659,True,0.0028661762,0.00061418157,0.0020030756,0.9910659,0.0034506444
test,RPM,RPM,1478192850.721105,1478192850.744966,3479424,21,0.328125,5,22.37701416015625,790,0x316,test,689,RPM,RPM,0.99068123,True,0.0034481091,0.00024771458,0.0011976867,0.004425345,0.99068123
test,DoS,DoS,1478200624.113272,1478200624.139032,2649984,15,0.234375,38,6.666898727416992,0,0x000,test,690,DoS,DoS,0.7325181,True,0.25267872,0.7325181,0.00046552994,0.008184659,0.0061529796
test,Normal,DoS,1478201130.476717,1478201130.513624,3520704,0,0.0,-1,,399,0x18F,test,691,Normal,Normal,0.96938187,True,0.96938187,0.0036892595,0.002539709,0.0149702,0.009418901
test,Fuzzy,Fuzzy,1478197989.079851,1478197989.349406,2701760,28,0.4375,1,264.6989822387696,1087,0x43F,test,692,Fuzzy,Fuzzy,0.989655,True,0.0030518586,0.00031965133,0.989655,0.0025533445,0.004420118
test,Normal,RPM,1478201092.635835,1478201092.668758,4406528,0,0.0,-1,,2,0x002,test,693,Normal,Normal,0.9241679,True,0.9241679,0.0040675,0.0027124116,0.0404896,0.028562596
test,Gear,Gear,1478194944.30351,1478194944.328009,3212672,21,0.328125,1,24.258852005004883,1087,0x43F,test,694,Gear,Gear,0.9918854,True,0.0026201035,0.0006296722,0.0021020414,0.9918854,0.0027627794
test,Fuzzy,Fuzzy,1478197796.767015,1478197796.813323,2523904,31,0.484375,1,46.08607292175293,880,0x370,test,695,Fuzzy,Fuzzy,0.99210656,True,0.0025525575,0.0002531952,0.99210656,0.0025921734,0.002495496
test,Gear,Gear,1478194859.474702,1478194859.505943,3051328,20,0.3125,1,31.00895881652832,1087,0x43F,test,696,Gear,Gear,0.9898555,True,0.0029000698,0.00061216566,0.0016947235,0.9898555,0.004937501
test,Gear,Gear,1478194866.597955,1478194866.629171,3066816,20,0.3125,3,30.51090240478516,1087,0x43F,test,697,Gear,Gear,0.98934466,True,0.00334537,0.0005648662,0.0020839055,0.98934466,0.0046612574
test,Fuzzy,Fuzzy,1478197870.241905,1478197870.404518,2591488,27,0.421875,4,151.0767936706543,2,0x002,test,698,Fuzzy,Fuzzy,0.9906625,True,0.0027256093,0.00027645766,0.9906625,0.0025410114,0.003794435
test,DoS,DoS,1478200557.387826,1478200557.502047,2577088,38,0.59375,0,114.22109603881836,0,0x000,test,699,DoS,DoS,0.98431987,True,0.0062654587,0.98431987,0.005598412,0.0016410681,0.0021751507
test,Normal,DoS,1478201174.76674,1478201174.799485,3602240,0,0.0,-1,,608,0x260,test,700,Normal,Normal,0.9628132,True,0.9628132,0.0028724382,0.006406083,0.02202921,0.005879079
test,Fuzzy,Fuzzy,1478198117.215413,1478198117.272827,2833280,23,0.359375,6,55.99498748779297,2,0x002,test,701,Fuzzy,Fuzzy,0.98478657,True,0.0045071333,0.0005578264,0.98478657,0.002109918,0.008038624
test,DoS,DoS,1478200533.51944,1478200533.535001,2551808,32,0.5,1,15.315055847167969,0,0x000,test,702,DoS,DoS,0.9859396,True,0.007240985,0.9859396,0.0033536686,0.0014986066,0.001967144
test,Fuzzy,Fuzzy,1478198085.677406,1478198085.751464,2782784,20,0.3125,15,68.07899475097656,304,0x130,test,703,Fuzzy,Fuzzy,0.98952395,True,0.003985337,0.00040058713,0.98952395,0.0017532053,0.0043369452
test,RPM,RPM,1478192922.775101,1478192922.813465,3624256,21,0.328125,1,37.93716430664063,790,0x316,test,704,RPM,RPM,0.9912465,True,0.0031421501,0.00023498684,0.0024737515,0.0029025585,0.9912465
test,Normal,RPM,1478201087.660763,1478201087.697108,4397312,0,0.0,-1,,2,0x002,test,705,Normal,Normal,0.9464195,True,0.9464195,0.0046144286,0.0023932746,0.00890709,0.037665736
test,DoS,DoS,1478200461.239906,1478200461.286631,2457088,34,0.53125,1,46.48208618164063,0,0x000,test,706,DoS,DoS,0.98227155,True,0.0069103916,0.98227155,0.0069654477,0.0017018638,0.0021506723
test,DoS,DoS,1478200605.316737,1478200605.513601,2628928,41,0.640625,0,196.86412811279297,0,0x000,test,707,DoS,DoS,0.9838409,True,0.005780994,0.9838409,0.0063412194,0.001750179,0.0022867296
test,DoS,DoS,1478200586.497869,1478200586.566359,2610112,34,0.53125,2,62.76798248291016,0,0x000,test,708,DoS,DoS,0.9862169,True,0.009003367,0.9862169,0.0018224953,0.0014651942,0.0014920087
test,Normal,RPM,1478201096.81674,1478201096.850779,4414272,0,0.0,-1,,304,0x130,test,709,Normal,Normal,0.90748787,True,0.90748787,0.004190516,0.0050018067,0.024188332,0.05913144
test,Gear,Gear,1478194892.496423,1478194892.53873,3115712,16,0.25,4,38.66982460021973,1087,0x43F,test,710,Gear,Gear,0.98757845,True,0.0059146527,0.00060885487,0.002437055,0.98757845,0.003460919
test,RPM,RPM,1478192717.513852,1478192717.550042,3234496,26,0.40625,2,35.73203086853027,790,0x316,test,711,RPM,RPM,0.9942486,True,0.0019326643,0.00024965766,0.0014002204,0.0021688184,0.9942486
test,Gear,Gear,1478194969.44991,1478194969.488045,3258688,17,0.265625,3,37.40787506103516,1087,0x43F,test,712,Gear,Gear,0.9880844,True,0.0047866106,0.00047756333,0.001872693,0.9880844,0.004778868
test,Gear,Gear,1478194938.727443,1478194938.783203,3202688,22,0.34375,0,55.75990676879883,1087,0x43F,test,713,Gear,Gear,0.9913195,True,0.001984043,0.00055457675,0.0026703936,0.9913195,0.0034714309
test,Fuzzy,Fuzzy,1478197797.506302,1478197797.53012,2524864,25,0.390625,2,23.346900939941406,880,0x370,test,714,Fuzzy,Fuzzy,0.9904985,True,0.0030949537,0.00027481013,0.9904985,0.0028270152,0.003304725
test,Normal,RPM,1478201034.981468,1478201035.013569,4299712,0,0.0,-1,,399,0x18F,test,715,Normal,Normal,0.97996694,True,0.97996694,0.007180227,0.0011830118,0.0058192965,0.0058505447
test,Fuzzy,Fuzzy,1478198087.200908,1478198087.253977,2784192,27,0.421875,0,53.069114685058594,304,0x130,test,716,Fuzzy,Fuzzy,0.9851945,True,0.0041225054,0.000470903,0.9851945,0.001980926,0.008231066
test,RPM,RPM,1478192916.797373,1478192916.832032,3613184,19,0.296875,1,34.43288803100586,790,0x316,test,717,RPM,RPM,0.96965045,True,0.006770674,0.00026308806,0.0021531342,0.021162657,0.96965045
test,Gear,Gear,1478195022.603932,1478195022.632663,3354624,19,0.296875,1,28.497934341430664,1087,0x43F,test,718,Gear,Gear,0.9917474,True,0.0028001252,0.00063710584,0.0016500418,0.9917474,0.0031653214
test,Normal,RPM,1478201016.13914,1478201016.17208,4265536,0,0.0,-1,,2,0x002,test,719,Normal,Normal,0.9164474,True,0.9164474,0.014621984,0.00097011414,0.053184096,0.014776331
test,DoS,DoS,1478200488.776782,1478200488.795928,2498048,35,0.546875,0,19.145965576171875,0,0x000,test,720,DoS,DoS,0.98390734,True,0.0070744166,0.98390734,0.005170833,0.0015661683,0.0022812532
test,Gear,Gear,1478194989.87108,1478194989.908541,3296768,18,0.28125,11,34.8360538482666,1087,0x43F,test,721,Gear,Gear,0.99088657,True,0.0031186584,0.00079735735,0.0029572858,0.99088657,0.002240147
test,Normal,DoS,1478201112.585403,1478201112.61739,3487552,0,0.0,-1,,2,0x002,test,722,Normal,Normal,0.95905745,True,0.95905745,0.012244348,0.00089712325,0.022924855,0.0048762653
test,Fuzzy,Fuzzy,1478198164.963282,1478198165.034866,2912192,21,0.328125,2,71.12908363342285,790,0x316,test,723,Fuzzy,Fuzzy,0.9893817,True,0.0036814979,0.0003751344,0.9893817,0.001960785,0.0046009137
test,Normal,RPM,1478201175.893099,1478201175.926119,4560256,0,0.0,-1,,2,0x002,test,724,Normal,Normal,0.95689744,True,0.95689744,0.007433114,0.0013998069,0.024153799,0.010115823
test,Gear,Gear,1478194859.937548,1478194859.958102,3052416,20,0.3125,9,18.42498779296875,1087,0x43F,test,725,Gear,Gear,0.9895023,True,0.0025706987,0.00052718294,0.0036083818,0.9895023,0.0037914463
test,RPM,RPM,1478192853.450471,1478192853.474829,3485696,21,0.328125,1,23.89097213745117,790,0x316,test,726,RPM,RPM,0.988177,True,0.0043709343,0.00024377857,0.0013235771,0.005884594,0.988177
test,DoS,DoS,1478200473.973394,1478200474.035872,2476544,33,0.515625,1,62.23297119140625,0,0x000,test,727,DoS,DoS,0.98557407,True,0.0066731134,0.98557407,0.0039745043,0.0016913749,0.0020869516
test,RPM,RPM,1478192896.185588,1478192896.2097,3574528,22,0.34375,1,22.863149642944336,790,0x316,test,728,RPM,RPM,0.99127007,True,0.0029884987,0.00028653545,0.00084108504,0.0046138316,0.99127007
test,DoS,DoS,1478200474.671227,1478200474.725547,2477376,35,0.546875,0,54.32009696960449,0,0x000,test,729,DoS,DoS,0.98474914,True,0.006487383,0.98474914,0.004783423,0.0016245998,0.0023554591
test,Fuzzy,Fuzzy,1478198141.938856,1478198141.969085,2872000,34,0.53125,0,30.22909164428711,304,0x130,test,730,Fuzzy,Fuzzy,0.99097276,True,0.0026013101,0.00030291997,0.99097276,0.0024550585,0.0036679648
test,RPM,RPM,1478192682.742805,1478192682.765444,3156928,19,0.296875,5,21.372079849243164,790,0x316,test,731,RPM,RPM,0.9912964,True,0.0037640259,0.00024142995,0.0018167493,0.0028813353,0.9912964
test,DoS,DoS,1478200497.797813,1478200497.930512,2510400,43,0.671875,0,132.69901275634766,0,0x000,test,732,DoS,DoS,0.98572344,True,0.0056686094,0.98572344,0.0049816305,0.0017329665,0.0018933578
test,DoS,DoS,1478200596.274831,1478200596.404538,2620352,35,0.546875,1,129.46200370788574,0,0x000,test,733,DoS,DoS,0.9855945,True,0.0068554957,0.9855945,0.003753821,0.0012846934,0.0025115395
test,Gear,Gear,1478195047.36322,1478195047.397744,3396608,19,0.296875,0,34.523963928222656,1087,0x43F,test,734,Gear,Gear,0.98745453,True,0.0033487033,0.00049739674,0.0036544807,0.98745453,0.00504491
test,Normal,Gear,1478201062.099466,1478201062.131664,4171392,0,0.0,-1,,320,0x140,test,735,Normal,Normal,0.9532522,True,0.9532522,0.008263931,0.001294714,0.017924402,0.019264743
test,DoS,DoS,1478200443.581589,1478200443.649306,2431680,33,0.515625,0,67.71707534790039,0,0x000,test,736,DoS,DoS,0.9861785,True,0.007803181,0.9861785,0.0026408825,0.0016529404,0.0017245476
test,Fuzzy,Fuzzy,1478198069.466299,1478198069.799222,2766976,23,0.359375,0,332.92293548583984,320,0x140,test,737,Fuzzy,Fuzzy,0.9887743,True,0.003306415,0.00023362794,0.9887743,0.0033021795,0.004383466
test,Normal,Fuzzy,1478201162.486422,1478201162.518474,3752576,0,0.0,-1,,399,0x18F,test,738,Normal,Normal,0.95784277,True,0.95784277,0.0015499882,0.022259869,0.014965066,0.0033822772
test,Gear,Gear,1478195014.952443,1478195014.981227,3341376,19,0.296875,3,27.96292304992676,1087,0x43F,test,739,Gear,Gear,0.98876846,True,0.0028232015,0.00063987216,0.0041329553,0.98876846,0.0036353846
test,Normal,Fuzzy,1478201038.157789,1478201038.191119,3522752,0,0.0,-1,,2,0x002,test,740,Normal,Normal,0.91973794,True,0.91973794,0.010412752,0.0011497425,0.011719251,0.056980416
test,Normal,Gear,1478201177.483774,1478201177.515141,4384640,0,0.0,-1,,2,0x002,test,741,Normal,Normal,0.9254996,True,0.9254996,0.018405864,0.0013516471,0.052056644,0.0026862451
test,Normal,RPM,1478201079.647279,1478201079.679122,4382464,0,0.0,-1,,2,0x002,test,742,Normal,Normal,0.97131056,True,0.97131056,0.00438626,0.0022683614,0.018398866,0.0036359956
test,DoS,DoS,1478200480.181512,1478200480.217581,2486400,33,0.515625,0,36.06891632080078,0,0x000,test,743,DoS,DoS,0.98635256,True,0.00719548,0.98635256,0.0029783775,0.001571668,0.0019018707
test,DoS,DoS,1478200430.585606,1478200430.614888,2412928,33,0.515625,1,29.03890609741211,0,0x000,test,744,DoS,DoS,0.98450375,True,0.0073209805,0.98450375,0.004477713,0.001477526,0.0022200483
test,Gear,Gear,1478195068.529242,1478195068.563365,3435648,23,0.359375,1,33.89096260070801,1087,0x43F,test,745,Gear,Gear,0.98980623,True,0.0026314692,0.0006338944,0.004513744,0.98980623,0.0024146948
test,RPM,RPM,1478192886.189723,1478192886.214115,3554240,21,0.328125,1,23.808956146240234,790,0x316,test,746,RPM,RPM,0.9916393,True,0.003382328,0.0002725088,0.0009920748,0.0037138928,0.9916393
test,DoS,DoS,1478200482.349658,1478200482.395742,2488832,34,0.53125,0,46.083927154541016,0,0x000,test,747,DoS,DoS,0.98303074,True,0.0072831213,0.98303074,0.005970041,0.0015376526,0.0021785558
test,Normal,Gear,1478201118.443219,1478201118.476225,4275776,0,0.0,-1,,2,0x002,test,748,Normal,Normal,0.9040366,True,0.9040366,0.0027776237,0.010825397,0.07295346,0.00940699
test,Normal,DoS,1478201079.353497,1478201079.385803,3425984,0,0.0,-1,,399,0x18F,test,749,Normal,Normal,0.9403856,True,0.9403856,0.0042434386,0.0052892906,0.043857306,0.006224262
test,Fuzzy,Fuzzy,1478197979.674904,1478197979.827969,2693760,26,0.40625,1,152.85015106201172,1087,0x43F,test,750,Fuzzy,Fuzzy,0.99018514,True,0.003240876,0.00032576866,0.99018514,0.0026788234,0.0035693487
test,Normal,Fuzzy,1478201126.17688,1478201126.209064,3685824,0,0.0,-1,,608,0x260,test,751,Normal,Normal,0.95246124,True,0.95246124,0.002976383,0.0070472616,0.032187287,0.0053278967
test,Normal,Gear,1478201206.602118,1478201206.636415,4438592,0,0.0,-1,,2,0x002,test,752,Normal,Normal,0.7591591,True,0.7591591,0.023477266,0.00073448865,0.016646864,0.19998235
test,RPM,RPM,1478192702.056778,1478192702.082503,3200384,25,0.390625,0,25.72512626647949,790,0x316,test,753,RPM,RPM,0.9926267,True,0.002513872,0.00027363474,0.00088527,0.0037005132,0.9926267
test,Normal,Gear,1478201073.119145,1478201073.151791,4191808,0,0.0,-1,,305,0x131,test,754,Normal,Normal,0.9647384,True,0.9647384,0.0045295614,0.002774242,0.006586996,0.021370726
test,RPM,RPM,1478192683.051944,1478192683.074594,3157760,18,0.28125,3,21.94690704345703,790,0x316,test,755,RPM,RPM,0.9877384,True,0.004562547,0.00026360594,0.0012440113,0.006191465,0.9877384
test,DoS,DoS,1478200358.288876,1478200358.446851,2319488,30,0.46875,1,157.7320098876953,0,0x000,test,756,DoS,DoS,0.9838974,True,0.007031775,0.9838974,0.0052113854,0.0015948839,0.0022645711
test,DoS,DoS,1478200451.268575,1478200451.352041,2443712,37,0.578125,0,83.4660530090332,0,0x000,test,757,DoS,DoS,0.9858921,True,0.0070205624,0.9858921,0.0036532667,0.0016348863,0.0017991177
test,Gear,Gear,1478194878.925889,1478194878.956294,3089984,18,0.28125,1,25.413990020751957,1087,0x43F,test,758,Gear,Gear,0.9879969,True,0.004039283,0.0005659373,0.0017030394,0.9879969,0.0056949058
test,Fuzzy,Fuzzy,1478197987.994731,1478197988.2614,2701504,24,0.375,0,266.66903495788574,1087,0x43F,test,759,Fuzzy,Fuzzy,0.98113924,True,0.0036076577,0.00021361346,0.98113924,0.010921427,0.0041181236
test,Normal,Gear,1478201180.348898,1478201180.383135,4389952,0,0.0,-1,,399,0x18F,test,760,Normal,Normal,0.9537833,True,0.9537833,0.0069266595,0.0019023825,0.033456773,0.0039308607
test,Fuzzy,Fuzzy,1478198148.399394,1478198148.430625,2883584,25,0.390625,7,25.281906127929688,399,0x18F,test,761,Fuzzy,Fuzzy,0.98964864,True,0.003496867,0.00040192535,0.98964864,0.0021116429,0.0043408996
test,Gear,Gear,1478194925.435637,1478194925.473932,3179456,22,0.34375,2,37.81294822692871,1087,0x43F,test,762,Gear,Gear,0.9927105,True,0.0017547103,0.00054833107,0.0025834655,0.9927105,0.0024030055
test,Gear,Gear,1478194916.614842,1478194916.637916,3164480,21,0.328125,0,23.07415008544922,1087,0x43F,test,763,Gear,Gear,0.98782814,True,0.0022958855,0.00049204804,0.0019257929,0.98782814,0.007458196
test,Normal,Gear,1478201104.865786,1478201104.897309,4250624,0,0.0,-1,,2,0x002,test,764,Normal,Normal,0.91255254,True,0.91255254,0.0050520035,0.0015529,0.019760003,0.061082482
test,RPM,RPM,1478192827.333362,1478192827.360758,3434880,23,0.359375,0,27.39596366882324,790,0x316,test,765,RPM,RPM,0.990686,True,0.0026089998,0.00036224807,0.00047072614,0.005871924,0.990686
test,RPM,RPM,1478192870.862068,1478192870.9045,3521920,22,0.34375,0,42.43206977844238,790,0x316,test,766,RPM,RPM,0.9917663,True,0.002573544,0.00038916295,0.00046083136,0.0048100813,0.9917663
test,Fuzzy,Fuzzy,1478198150.74527,1478198150.818025,2887040,24,0.375,0,72.75509834289551,305,0x131,test,767,Fuzzy,Fuzzy,0.98967534,True,0.0034777184,0.00040446327,0.98967534,0.0022848179,0.00415767
test,Gear,Gear,1478194886.029691,1478194886.063091,3103040,26,0.40625,1,32.588958740234375,1087,0x43F,test,768,Gear,Gear,0.99453074,True,0.0014114595,0.0006468292,0.00092798984,0.99453074,0.0024829598
test,Gear,Gear,1478194942.57866,1478194942.600688,3209792,19,0.296875,7,20.37501335144043,1087,0x43F,test,769,Gear,Gear,0.9910444,True,0.002927455,0.0005914365,0.0023192253,0.9910444,0.0031174736
test,DoS,DoS,1478200549.867638,1478200549.988887,2568448,39,0.609375,0,121.24896049499512,0,0x000,test,770,DoS,DoS,0.98576343,True,0.005559234,0.98576343,0.004734787,0.0017812873,0.0021613003
test,Normal,RPM,1478201160.829062,1478201160.86528,4532352,0,0.0,-1,,2,0x002,test,771,Normal,Normal,0.8960853,True,0.8960853,0.00836114,0.0010527521,0.027574273,0.06692651
test,RPM,RPM,1478192918.821139,1478192918.873992,3616768,20,0.3125,4,51.8949031829834,790,0x316,test,772,RPM,RPM,0.99129194,True,0.0028671443,0.00043978918,0.0003556401,0.0050453534,0.99129194
test,RPM,RPM,1478192736.633172,1478192736.662575,3272448,21,0.328125,0,29.402971267700195,790,0x316,test,773,RPM,RPM,0.9924385,True,0.0028235791,0.00025604025,0.0014598818,0.0030220055,0.9924385
test,Gear,Gear,1478194932.218731,1478194932.252667,3191104,23,0.359375,1,33.612966537475586,1087,0x43F,test,774,Gear,Gear,0.9927124,True,0.0021411392,0.0006195677,0.0024260606,0.9927124,0.0021009156
test,Normal,Fuzzy,1478201165.044048,1478201165.075904,3757312,0,0.0,-1,,2,0x002,test,775,Normal,Normal,0.9597236,True,0.9597236,0.006813307,0.0017347103,0.00644492,0.025283454
test,Fuzzy,Fuzzy,1478198157.504083,1478198157.533031,2898624,27,0.421875,0,28.94806861877441,880,0x370,test,776,Fuzzy,Fuzzy,0.9881385,True,0.0038221444,0.00041934726,0.9881385,0.0020147057,0.005605389
test,Gear,Gear,1478195019.989733,1478195020.011248,3349504,19,0.296875,3,20.78509330749512,1087,0x43F,test,777,Gear,Gear,0.9917225,True,0.0027921752,0.00069332594,0.0017966543,0.9917225,0.0029952237
test,Normal,RPM,1478201067.246527,1478201067.279561,4359488,0,0.0,-1,,2,0x002,test,778,Normal,Normal,0.9228276,True,0.9228276,0.00441074,0.0031356914,0.03154769,0.038078304
test,Gear,Gear,1478194964.522789,1478194964.547377,3249344,22,0.34375,2,24.119138717651367,1087,0x43F,test,779,Gear,Gear,0.992588,True,0.002323211,0.00060312246,0.0017399681,0.992588,0.0027457888
test,RPM,RPM,1478192754.86178,1478192754.883978,3311296,20,0.3125,2,21.661996841430664,790,0x316,test,780,RPM,RPM,0.99278015,True,0.002601214,0.00024397769,0.0013842388,0.0029905248,0.99278015
test,RPM,RPM,1478192814.685729,1478192814.722366,3410880,18,0.28125,2,36.16714477539063,790,0x316,test,781,RPM,RPM,0.9901598,True,0.0049482593,0.00035727257,0.0008285423,0.0037060785,0.9901598
test,Normal,Gear,1478201059.371975,1478201059.403544,4166336,0,0.0,-1,,399,0x18F,test,782,Normal,Normal,0.96735686,True,0.96735686,0.0028227756,0.0078100376,0.019111767,0.002898653
test,DoS,DoS,1478200503.535862,1478200503.606764,2518912,37,0.578125,1,70.65510749816895,0,0x000,test,783,DoS,DoS,0.98547214,True,0.0066271406,0.98547214,0.0042715603,0.0017693783,0.0018598431
test,DoS,DoS,1478200526.004268,1478200526.020343,2543744,35,0.546875,0,16.07513427734375,0,0x000,test,784,DoS,DoS,0.98538,True,0.0071043666,0.98538,0.0039305384,0.0016068774,0.0019782535
test,Gear,Gear,1478195119.320777,1478195119.443354,3520704,21,0.328125,0,122.57695198059082,1087,0x43F,test,785,Gear,Gear,0.9916087,True,0.0022935371,0.00083144,0.0033721926,0.9916087,0.0018940856
test,Gear,Gear,1478194944.01955,1478194944.057313,3212224,20,0.3125,0,37.76288032531738,1087,0x43F,test,786,Gear,Gear,0.985747,True,0.0034237492,0.00063863024,0.0025921408,0.985747,0.00759851
test,DoS,DoS,1478200483.200165,1478200483.240551,2489408,32,0.5,0,40.38596153259277,0,0x000,test,787,DoS,DoS,0.95687443,True,0.03782115,0.95687443,0.00025768575,0.0016114481,0.0034352504
test,DoS,DoS,1478200492.125989,1478200492.204382,2502464,35,0.546875,0,78.39298248291016,0,0x000,test,788,DoS,DoS,0.9826482,True,0.006539193,0.9826482,0.0068957633,0.0017369102,0.0021799346
test,Fuzzy,Fuzzy,1478198074.203645,1478198074.225374,2772608,26,0.40625,1,21.50607109069824,848,0x350,test,789,Fuzzy,Fuzzy,0.9879046,True,0.003982417,0.00046953213,0.9879046,0.002143286,0.005500255
test,Fuzzy,Fuzzy,1478198164.175982,1478198164.19655,2910528,24,0.375,8,18.657922744750977,608,0x260,test,790,Fuzzy,Fuzzy,0.9889446,True,0.003859793,0.00036499757,0.9889446,0.002191937,0.004638685
test,DoS,DoS,1478200430.166472,1478200430.265034,2412416,37,0.578125,0,98.56200218200684,0,0x000,test,791,DoS,DoS,0.986715,True,0.007189373,0.986715,0.0029289634,0.0015119546,0.0016547202
test,RPM,RPM,1478192941.508315,1478192941.532172,3655616,20,0.3125,0,23.85687828063965,790,0x316,test,792,RPM,RPM,0.9925419,True,0.002723168,0.000342528,0.0006440107,0.0037483545,0.9925419
test,RPM,RPM,1478192834.566152,1478192834.588085,3448576,19,0.296875,1,21.708011627197266,790,0x316,test,793,RPM,RPM,0.9846628,True,0.005586171,0.00028897324,0.0010803884,0.00838167,0.9846628
test,Normal,Fuzzy,1478201187.01309,1478201187.046201,3798016,0,0.0,-1,,304,0x130,test,794,Normal,Normal,0.8710526,True,0.8710526,0.0045786398,0.0034920725,0.02284746,0.098029226
test,Normal,DoS,1478201019.884945,1478201019.919724,3316544,0,0.0,-1,,2,0x002,test,795,Normal,Normal,0.9383415,True,0.9383415,0.010453566,0.0013315025,0.029033866,0.020839598
test,DoS,DoS,1478200506.324035,1478200506.476488,2521216,38,0.59375,1,152.2080898284912,0,0x000,test,796,DoS,DoS,0.98396784,True,0.006258871,0.98396784,0.0057865307,0.001681992,0.0023047926
test,Gear,Gear,1478194854.877164,1478194854.911395,3041728,3,0.046875,3,33.51712226867676,1087,0x43F,test,797,Gear,Normal,0.6973523,False,0.6973523,0.0021649976,0.013238444,0.12296754,0.16427672
test,RPM,RPM,1478192857.882468,1478192857.906533,3494784,20,0.3125,0,24.065017700195312,790,0x316,test,798,RPM,RPM,0.9927563,True,0.0032549687,0.00032184814,0.0008225911,0.0028442007,0.9927563
test,DoS,DoS,1478200391.211245,1478200391.287127,2361088,35,0.546875,0,75.8819580078125,0,0x000,test,799,DoS,DoS,0.9830693,True,0.006545088,0.9830693,0.006500827,0.0015134341,0.002371333
test,DoS,DoS,1478200459.843615,1478200459.901103,2455168,32,0.5,1,57.24692344665527,0,0x000,test,800,DoS,DoS,0.9858845,True,0.006977935,0.9858845,0.0035399974,0.0015297639,0.0020678598
test,DoS,DoS,1478200365.827986,1478200365.986777,2325568,32,0.5,0,158.79106521606445,0,0x000,test,801,DoS,DoS,0.9862401,True,0.0076445513,0.9862401,0.00281191,0.0013145014,0.0019888964
test,RPM,RPM,1478192708.725085,1478192708.750662,3215552,22,0.34375,1,25.10619163513184,790,0x316,test,802,RPM,RPM,0.98953897,True,0.0036184334,0.0002667376,0.0011824546,0.0053932886,0.98953897
test,Normal,Gear,1478201055.810507,1478201055.845775,4159744,0,0.0,-1,,320,0x140,test,803,Normal,Normal,0.96526307,True,0.96526307,0.0011820206,0.012576569,0.00950607,0.011472166
test,Normal,DoS,1478201072.61339,1478201072.649906,3413504,0,0.0,-1,,2,0x002,test,804,Normal,Normal,0.9116055,True,0.9116055,0.0056041195,0.0020055147,0.02223887,0.05854593
test,Normal,RPM,1478201099.787303,1478201099.819372,4419776,0,0.0,-1,,2,0x002,test,805,Normal,Normal,0.92276406,True,0.92276406,0.005763943,0.002932296,0.0047247405,0.06381489
test,Normal,RPM,1478201172.783732,1478201172.81802,4554496,0,0.0,-1,,2,0x002,test,806,Normal,Normal,0.975977,True,0.975977,0.0037044361,0.0040367506,0.009608834,0.0066730496
test,Fuzzy,Fuzzy,1478198131.965741,1478198132.003094,2854656,26,0.40625,4,36.41200065612793,339,0x153,test,807,Fuzzy,Fuzzy,0.98961204,True,0.00361154,0.00032207128,0.98961204,0.0023519068,0.0041024284
test,Gear,Gear,1478195071.776389,1478195071.800182,3441792,21,0.328125,2,23.32305908203125,1087,0x43F,test,808,Gear,Gear,0.9935642,True,0.002096757,0.00068350096,0.001077695,0.9935642,0.0025777866
test,Fuzzy,Fuzzy,1478197806.91697,1478197807.072683,2534080,25,0.390625,0,155.71308135986328,704,0x2C0,test,809,Fuzzy,Fuzzy,0.9862211,True,0.0039702845,0.00048469295,0.9862211,0.002260162,0.0070637744
test,Fuzzy,Fuzzy,1478198142.918114,1478198142.944969,2873600,29,0.453125,0,26.8549919128418,399,0x18F,test,810,Fuzzy,Fuzzy,0.9914909,True,0.002716049,0.00028037943,0.9914909,0.0025473353,0.0029653453
test,Normal,RPM,1478201048.799227,1478201048.831517,4325312,0,0.0,-1,,304,0x130,test,811,Normal,Normal,0.95305175,True,0.95305175,0.0025892612,0.0043534813,0.033612754,0.0063927467
test,RPM,RPM,1478192943.591828,1478192943.614736,3659520,20,0.3125,3,22.204160690307617,790,0x316,test,812,RPM,RPM,0.9904033,True,0.0040918593,0.00022492972,0.0027951316,0.0024848361,0.9904033
test,DoS,DoS,1478200498.564722,1478200498.698415,2510848,35,0.546875,0,133.69297981262207,0,0x000,test,813,DoS,DoS,0.98481816,True,0.006520141,0.98481816,0.0048863045,0.0017271268,0.002048248
test,Gear,Gear,1478195054.26086,1478195054.286141,3410112,21,0.328125,1,24.41287040710449,1087,0x43F,test,814,Gear,Gear,0.99125683,True,0.0025280602,0.00057202065,0.0014173291,0.99125683,0.004225778
test,Fuzzy,Fuzzy,1478197976.72397,1478197976.744674,2692416,26,0.40625,0,20.704030990600582,2,0x002,test,815,Fuzzy,Fuzzy,0.9894611,True,0.002881545,0.00022539978,0.9894611,0.0035985427,0.003833437
test,Gear,Gear,1478194867.192713,1478194867.216335,3068096,20,0.3125,0,23.62203598022461,1087,0x43F,test,816,Gear,Gear,0.9924089,True,0.002359259,0.00070614176,0.0013689189,0.9924089,0.0031568115
test,RPM,RPM,1478192704.435306,1478192704.459032,3206720,22,0.34375,1,23.417949676513672,790,0x316,test,817,RPM,RPM,0.9879921,True,0.0033751272,0.00025772117,0.0009719342,0.007403131,0.9879921
test,DoS,DoS,1478200505.85702,1478200506.065977,2521088,29,0.453125,0,208.9571952819824,0,0x000,test,818,DoS,DoS,0.98364484,True,0.008525858,0.98364484,0.0043010614,0.0013135072,0.0022146674
test,Normal,RPM,1478201024.463109,1478201024.500734,4280960,0,0.0,-1,,2,0x002,test,819,Normal,Normal,0.94205785,True,0.94205785,0.0059219957,0.0011770519,0.014118515,0.036724567
test,DoS,DoS,1478200449.8432,1478200449.883196,2441792,35,0.546875,1,34.63006019592285,0,0x000,test,820,DoS,DoS,0.98303384,True,0.0067117517,0.98303384,0.006390469,0.001753048,0.0021109828
test,DoS,DoS,1478200526.927046,1478200527.07477,2544256,35,0.546875,1,136.7049217224121,0,0x000,test,821,DoS,DoS,0.9866883,True,0.005655725,0.9866883,0.0040750704,0.0015799588,0.0020009365
test,Normal,RPM,1478201188.465851,1478201188.49954,4583552,0,0.0,-1,,704,0x2C0,test,822,Normal,Normal,0.87717915,True,0.87717915,0.011734332,0.0015921933,0.09768016,0.011814226
test,Normal,Gear,1478201058.783365,1478201058.815432,4165248,0,0.0,-1,,704,0x2C0,test,823,Normal,Normal,0.95603687,True,0.95603687,0.0015177174,0.010025254,0.0045006834,0.027919475
test,Gear,Gear,1478195065.338896,1478195065.36442,3430400,24,0.375,1,25.295019149780277,1087,0x43F,test,824,Gear,Gear,0.9898745,True,0.0021960484,0.0004574772,0.0027992756,0.9898745,0.004672666
test,Gear,Gear,1478195092.415187,1478195092.445375,3480064,21,0.328125,9,28.022050857543945,1087,0x43F,test,825,Gear,Gear,0.9932151,True,0.0022054694,0.00059958996,0.0018654447,0.9932151,0.0021144578
test,RPM,RPM,1478192968.746491,1478192968.776041,3707264,21,0.328125,0,29.55007553100586,790,0x316,test,826,RPM,RPM,0.98802376,True,0.003871781,0.0003332348,0.00072621024,0.007044991,0.98802376
test,DoS,DoS,1478200503.194655,1478200503.264507,2518528,37,0.578125,0,69.85211372375488,0,0x000,test,827,DoS,DoS,0.9840169,True,0.0065381145,0.9840169,0.0055832625,0.0017888894,0.0020729187
test,RPM,RPM,1478192865.760739,1478192865.788652,3511424,22,0.34375,1,27.688026428222656,790,0x316,test,828,RPM,RPM,0.9904599,True,0.0035083266,0.00028301514,0.0009032618,0.0048455535,0.9904599
test,Gear,Gear,1478195092.926876,1478195092.948902,3481152,16,0.25,3,21.29697799682617,1087,0x43F,test,829,Gear,Gear,0.9905303,True,0.0035733418,0.00069931155,0.0012109136,0.9905303,0.003986159
test,Gear,Gear,1478194957.628111,1478194957.667597,3235584,21,0.328125,1,38.642168045043945,1087,0x43F,test,830,Gear,Gear,0.99003476,True,0.00267072,0.00048448038,0.0032239852,0.99003476,0.0035861125
test,DoS,DoS,1478200391.601713,1478200391.64717,2361600,32,0.5,0,45.45712471008301,0,0x000,test,831,DoS,DoS,0.98320884,True,0.0067732898,0.98320884,0.0060713375,0.0015990803,0.0023475096
test,Normal,RPM,1478201187.3631,1478201187.396071,4581504,0,0.0,-1,,2,0x002,test,832,Normal,Normal,0.9501561,True,0.9501561,0.004782289,0.0021176133,0.012404425,0.030539485
test,RPM,RPM,1478192735.553461,1478192735.575201,3270080,20,0.3125,1,21.5151309967041,790,0x316,test,833,RPM,RPM,0.98872685,True,0.0044379835,0.0002749354,0.0010434982,0.0055167614,0.98872685
test,Gear,Gear,1478194910.33318,1478194910.366225,3152896,19,0.296875,1,32.63497352600098,1087,0x43F,test,834,Gear,Gear,0.9894304,True,0.0029873564,0.00073257176,0.0013681564,0.9894304,0.005481403
test,DoS,DoS,1478200353.090533,1478200353.343038,2314176,31,0.484375,1,252.2580623626709,0,0x000,test,835,DoS,DoS,0.98351616,True,0.0060142027,0.98351616,0.006338328,0.0018554791,0.002275761
test,Fuzzy,Fuzzy,1478197997.489495,1478197997.765113,2710656,25,0.390625,1,270.14708518981934,790,0x316,test,836,Fuzzy,Fuzzy,0.99087334,True,0.0029820707,0.00021002408,0.99087334,0.003533826,0.0024006648
test,RPM,RPM,1478192684.449177,1478192684.471437,3161472,19,0.296875,5,20.90907096862793,790,0x316,test,837,RPM,RPM,0.9901272,True,0.0038171492,0.00023059487,0.0016952524,0.0041297753,0.9901272
test,RPM,RPM,1478192709.360258,1478192709.382141,3217280,20,0.3125,2,21.433115005493164,790,0x316,test,838,RPM,RPM,0.988519,True,0.0039372747,0.00023449518,0.0013006744,0.0060084756,0.988519
test,Fuzzy,Fuzzy,1478197739.053631,1478197739.213125,2468288,28,0.4375,2,159.0249538421631,305,0x131,test,839,Fuzzy,Fuzzy,0.9905365,True,0.0027446486,0.00031058482,0.9905365,0.0024320146,0.003976305
test,RPM,RPM,1478192872.793195,1478192872.816647,3525824,19,0.296875,4,22.51911163330078,790,0x316,test,840,RPM,RPM,0.9901273,True,0.0040172515,0.00032125987,0.0007134643,0.0048207478,0.9901273
test,Gear,Gear,1478195072.675503,1478195072.707138,3443584,20,0.3125,1,31.4021110534668,1087,0x43F,test,841,Gear,Gear,0.98808134,True,0.002934221,0.00052092137,0.0032490932,0.98808134,0.0052143633
test,Gear,Gear,1478194879.49504,1478194879.532385,3091008,18,0.28125,8,24.303197860717773,1087,0x43F,test,842,Gear,Gear,0.98854816,True,0.00411022,0.00071507,0.004507289,0.98854816,0.0021192282
test,Fuzzy,Fuzzy,1478197730.082443,1478197730.250295,2459968,28,0.4375,1,162.57691383361816,848,0x350,test,843,Fuzzy,Fuzzy,0.9878633,True,0.0033684962,0.00043372402,0.9878633,0.0023978876,0.0059365924
test,DoS,DoS,1478200413.222926,1478200413.358536,2390272,33,0.515625,2,129.90498542785645,0,0x000,test,844,DoS,DoS,0.98396736,True,0.0065405075,0.98396736,0.00571173,0.0017254503,0.0020549418
test,DoS,DoS,1478200575.213323,1478200575.267823,2594880,38,0.59375,1,54.25286293029785,0,0x000,test,845,DoS,DoS,0.9862112,True,0.0053962274,0.9862112,0.004407088,0.0019232909,0.0020622655
test,Gear,Gear,1478195060.741695,1478195060.798224,3422080,21,0.328125,1,56.28800392150879,1087,0x43F,test,846,Gear,Gear,0.9857405,True,0.0029489272,0.00047242263,0.004174911,0.9857405,0.006663289
test,Gear,Gear,1478194873.535431,1478194873.568269,3080576,16,0.25,1,32.60612487792969,1087,0x43F,test,847,Gear,Gear,0.986484,True,0.0049747233,0.00070421566,0.0011606335,0.986484,0.0066765333
test,Fuzzy,Fuzzy,1478197788.714415,1478197789.036331,2516672,28,0.4375,0,321.915864944458,790,0x316,test,848,Fuzzy,Fuzzy,0.98957306,True,0.0028443998,0.000362653,0.98957306,0.002710251,0.0045096194
test,RPM,RPM,1478192736.45702,1478192736.481985,3272128,21,0.328125,2,24.5051383972168,790,0x316,test,849,RPM,RPM,0.99101514,True,0.0029381544,0.0002057722,0.0029120953,0.0029289585,0.99101514
test,Gear,Gear,1478195112.53578,1478195112.624595,3512640,21,0.328125,2,88.3479118347168,1087,0x43F,test,850,Gear,Gear,0.9924831,True,0.0015445263,0.000921931,0.00034631547,0.9924831,0.00470418
test,Normal,Fuzzy,1478201139.754649,1478201139.786788,3710976,0,0.0,-1,,2,0x002,test,851,Normal,Normal,0.9601837,True,0.9601837,0.0032079045,0.0024466647,0.004430794,0.029731043
test,Normal,Fuzzy,1478201170.190156,1478201170.223589,3766848,0,0.0,-1,,399,0x18F,test,852,Normal,Normal,0.9320887,True,0.9320887,0.0052299076,0.008417198,0.05170032,0.0025639196
test,Normal,DoS,1478201035.100666,1478201035.132624,3344000,0,0.0,-1,,320,0x140,test,853,Normal,Normal,0.9708486,True,0.9708486,0.0044092527,0.0028941247,0.013145513,0.008702423
test,Fuzzy,Fuzzy,1478197755.756649,1478197755.890439,2486016,29,0.453125,0,133.7900161743164,320,0x140,test,854,Fuzzy,Fuzzy,0.9908427,True,0.0029145712,0.00032354041,0.9908427,0.0021686123,0.0037505582
test,RPM,RPM,1478192923.083292,1478192923.123425,3624832,19,0.296875,0,40.132999420166016,790,0x316,test,855,RPM,RPM,0.9899156,True,0.004392135,0.0002550581,0.0016662327,0.003771012,0.9899156
test,DoS,DoS,1478200360.889032,1478200361.104351,2320256,34,0.53125,1,209.8240852355957,0,0x000,test,856,DoS,DoS,0.98648167,True,0.006000073,0.98648167,0.003854885,0.0017025312,0.0019607837
test,Normal,Fuzzy,1478201159.377825,1478201159.409661,3746816,0,0.0,-1,,399,0x18F,test,857,Normal,Normal,0.9778285,True,0.9778285,0.0022948594,0.003421459,0.0046216776,0.011833509
test,Normal,RPM,1478201076.883843,1478201076.918511,4377344,0,0.0,-1,,2,0x002,test,858,Normal,Normal,0.96904314,True,0.96904314,0.003936603,0.0020443727,0.016883802,0.008092084
test,DoS,DoS,1478200390.348318,1478200390.381541,2359872,36,0.5625,0,33.22291374206543,0,0x000,test,859,DoS,DoS,0.98476875,True,0.0063047553,0.98476875,0.004983945,0.0017275986,0.00221499
test,Fuzzy,Fuzzy,1478198126.094001,1478198126.136847,2845696,21,0.328125,1,37.071943283081055,1349,0x545,test,860,Fuzzy,Fuzzy,0.990244,True,0.0036204227,0.0003306033,0.990244,0.0019490628,0.0038559693
test,DoS,DoS,1478200390.210533,1478200390.259731,2359680,33,0.515625,3,47.98507690429688,0,0x000,test,861,DoS,DoS,0.98314524,True,0.0075829513,0.98314524,0.0056755785,0.0017149912,0.0018812516
test,Fuzzy,Fuzzy,1478198101.272101,1478198101.327902,2806848,21,0.328125,2,55.33719062805176,339,0x153,test,862,Fuzzy,Fuzzy,0.9877508,True,0.004110521,0.0002648056,0.9877508,0.0028451614,0.00502874
test,RPM,RPM,1478192704.459476,1478192704.48297,3206784,20,0.3125,1,23.26798439025879,790,0x316,test,863,RPM,RPM,0.9888892,True,0.0037942699,0.00024817913,0.0010804669,0.0059879795,0.9888892
test,RPM,RPM,1478192711.474382,1478192711.497965,3223040,21,0.328125,3,22.87912368774414,790,0x316,test,864,RPM,RPM,0.9923308,True,0.0031388924,0.00024779126,0.0014987598,0.0027837772,0.9923308
test,DoS,DoS,1478200594.128584,1478200594.306867,2619008,34,0.53125,1,178.03692817687988,0,0x000,test,865,DoS,DoS,0.9857302,True,0.008604865,0.9857302,0.0026694261,0.0016972177,0.0012984275
test,Fuzzy,Fuzzy,1478197962.091994,1478197962.13603,2678528,23,0.359375,1,43.81895065307617,672,0x2A0,test,866,Fuzzy,Fuzzy,0.9902914,True,0.0032019003,0.00034921506,0.9902914,0.0022986492,0.0038587311
test,Normal,Fuzzy,1478201183.454589,1478201183.489278,3791424,0,0.0,-1,,320,0x140,test,867,Normal,Normal,0.9025946,True,0.9025946,0.0043695685,0.005789116,0.067754924,0.019491768
test,RPM,RPM,1478192925.501778,1478192925.547752,3629056,7,0.109375,2,44.51799392700195,790,0x316,test,868,RPM,RPM,0.58980316,True,0.17957294,0.0011711802,0.00995123,0.21950153,0.58980316
test,Fuzzy,Fuzzy,1478197797.060733,1478197797.089863,2524352,21,0.328125,5,22.57704734802246,2,0x002,test,869,Fuzzy,Fuzzy,0.9877725,True,0.0043388694,0.00046444664,0.9877725,0.0019865008,0.005437546
test,RPM,RPM,1478192807.70433,1478192807.745063,3400448,24,0.375,0,40.73309898376465,790,0x316,test,870,RPM,RPM,0.9897512,True,0.0033142667,0.0001944644,0.0023018208,0.0044382494,0.9897512
test,Normal,RPM,1478201190.851798,1478201190.883888,4587968,0,0.0,-1,,2,0x002,test,871,Normal,Normal,0.9483737,True,0.9483737,0.002969418,0.006412013,0.035132322,0.007112565
test,RPM,RPM,1478192935.924998,1478192935.973728,3645632,24,0.375,1,48.50292205810547,790,0x316,test,872,RPM,RPM,0.9931629,True,0.0023897816,0.00029744362,0.002767562,0.001382282,0.9931629
test,Normal,RPM,1478201192.441509,1478201192.473439,4590912,0,0.0,-1,,2,0x002,test,873,Normal,Normal,0.9336524,True,0.9336524,0.0015400718,0.011221686,0.0033490758,0.05023674
test,RPM,RPM,1478192740.871504,1478192740.896836,3280832,23,0.359375,2,24.85513687133789,790,0x316,test,874,RPM,RPM,0.9941116,True,0.002411026,0.000276443,0.0011785934,0.0020224212,0.9941116
test,Gear,Gear,1478195040.199346,1478195040.238142,3384320,19,0.296875,3,38.0849838256836,1087,0x43F,test,875,Gear,Gear,0.9897766,True,0.0028217048,0.0005822992,0.0023874438,0.9897766,0.004431968
test,RPM,RPM,1478192766.770848,1478192766.801403,3334144,18,0.28125,8,28.57494354248047,790,0x316,test,876,RPM,RPM,0.9908165,True,0.004384154,0.0002674495,0.0014057617,0.0031260427,0.9908165
test,Fuzzy,Fuzzy,1478198027.104908,1478198027.418474,2735040,33,0.515625,0,313.5659694671631,1087,0x43F,test,877,Fuzzy,Fuzzy,0.99235356,True,0.0021497542,0.00023846175,0.99235356,0.0031232415,0.0021350118
test,Fuzzy,Fuzzy,1478197954.865434,1478197955.104141,2669440,31,0.484375,0,238.7070655822754,704,0x2C0,test,878,Fuzzy,Fuzzy,0.9918407,True,0.0024328458,0.0002894717,0.9918407,0.0026791396,0.0027578548
test,DoS,DoS,1478200595.176617,1478200595.281579,2619648,33,0.515625,0,104.96211051940918,0,0x000,test,879,DoS,DoS,0.984683,True,0.005886801,0.984683,0.0051795137,0.0016371332,0.0026135605
test,Gear,Gear,1478195100.195134,1478195100.227124,3495680,21,0.328125,2,31.52108192443848,1087,0x43F,test,880,Gear,Gear,0.98962563,True,0.0027098032,0.0005310399,0.0037596335,0.98962563,0.0033739826
test,DoS,DoS,1478200412.231621,1478200412.330149,2389824,30,0.46875,0,98.52790832519533,0,0x000,test,881,DoS,DoS,0.9821975,True,0.008445377,0.9821975,0.0056342375,0.00166277,0.002060096
test,Normal,Fuzzy,1478201048.931999,1478201048.969728,3542720,0,0.0,-1,,2,0x002,test,882,Normal,Normal,0.8696168,True,0.8696168,0.009920524,0.0015892726,0.0765027,0.042370614
test,Gear,Gear,1478194976.669084,1478194976.72127,3271616,16,0.25,0,52.186012268066406,1087,0x43F,test,883,Gear,Gear,0.9879539,True,0.0051260237,0.0007548191,0.0027864485,0.9879539,0.0033787987
test,RPM,RPM,1478192724.091723,1478192724.115918,3247360,20,0.3125,0,24.194955825805664,790,0x316,test,884,RPM,RPM,0.9913264,True,0.003729629,0.0003107602,0.0008605382,0.003772677,0.9913264
test,Normal,Gear,1478201085.107219,1478201085.14054,4214016,0,0.0,-1,,2,0x002,test,885,Normal,Normal,0.9429065,True,0.9429065,0.0095597785,0.0012922236,0.018490136,0.027751455
test,Normal,Gear,1478201059.852798,1478201059.888756,4167232,0,0.0,-1,,809,0x329,test,886,Normal,Normal,0.88454217,True,0.88454217,0.0053851237,0.0040155817,0.09444889,0.011608175
test,Gear,Gear,1478195073.452951,1478195073.486853,3444928,19,0.296875,1,33.235788345336914,1087,0x43F,test,887,Gear,Gear,0.9907703,True,0.0028480922,0.0006957294,0.0023083498,0.9907703,0.0033775354
test,DoS,DoS,1478200422.554679,1478200422.648518,2399424,41,0.640625,1,93.60218048095705,0,0x000,test,888,DoS,DoS,0.98565674,True,0.0059576156,0.98565674,0.0047678016,0.0016595152,0.0019582596
test,Fuzzy,Fuzzy,1478198084.463057,1478198084.487776,2781632,21,0.328125,2,24.251937866210938,2,0x002,test,889,Fuzzy,Fuzzy,0.9825418,True,0.004953311,0.00052249996,0.9825418,0.002220928,0.009761487
test,RPM,RPM,1478192968.364312,1478192968.404864,3706560,21,0.328125,2,40.08603096008301,790,0x316,test,890,RPM,RPM,0.9896959,True,0.0034771059,0.00036657197,0.0005382173,0.0059221196,0.9896959
test,DoS,DoS,1478200450.134259,1478200450.154141,2442176,33,0.515625,1,19.63496208190918,0,0x000,test,891,DoS,DoS,0.9837992,True,0.0069431867,0.9837992,0.0052818963,0.0016325144,0.0023432395
test,DoS,DoS,1478200626.243858,1478200626.523177,2651200,37,0.578125,1,273.4038829803467,0,0x000,test,892,DoS,DoS,0.98548526,True,0.006007111,0.98548526,0.0049649808,0.0016243744,0.0019183483
test,DoS,DoS,1478200510.882137,1478200510.898233,2527552,32,0.5,1,15.849828720092772,0,0x000,test,893,DoS,DoS,0.98503023,True,0.0077822823,0.98503023,0.003529635,0.0014487576,0.0022090366
test,Normal,Gear,1478201099.305212,1478201099.337563,4240320,0,0.0,-1,,2,0x002,test,894,Normal,Normal,0.94357234,True,0.94357234,0.003982839,0.0022110802,0.017099367,0.03313446
test,RPM,RPM,1478192698.799878,1478192698.823773,3194176,20,0.3125,2,23.09298515319824,790,0x316,test,895,RPM,RPM,0.98823583,True,0.0036060356,0.0002913472,0.00077352434,0.007093268,0.98823583
test,Normal,Fuzzy,1478201075.223255,1478201075.258089,3591424,0,0.0,-1,,2,0x002,test,896,Normal,Normal,0.8978624,True,0.8978624,0.006510392,0.0019098517,0.06537276,0.028344642
test,Gear,Gear,1478195060.558394,1478195060.61098,3421760,20,0.3125,1,52.35600471496582,1087,0x43F,test,897,Gear,Gear,0.991222,True,0.0029546216,0.0007891982,0.0016256116,0.991222,0.0034085754
test,Gear,Gear,1478195000.888706,1478195000.928816,3316992,22,0.34375,0,40.110111236572266,1087,0x43F,test,898,Gear,Gear,0.9932326,True,0.0023889514,0.0013460516,0.00039280672,0.9932326,0.0026396732
test,RPM,RPM,1478192877.301125,1478192877.325417,3535040,19,0.296875,3,23.46205711364746,790,0x316,test,899,RPM,RPM,0.98598444,True,0.004510458,0.00034994274,0.0006856991,0.00846941,0.98598444
test,RPM,RPM,1478192716.410313,1478192716.447425,3232640,21,0.328125,0,37.11199760437012,790,0x316,test,900,RPM,RPM,0.99086857,True,0.003112076,0.00031088307,0.00069620536,0.0050121765,0.99086857
test,Fuzzy,Fuzzy,1478197953.727274,1478197953.872274,2668992,26,0.40625,0,144.99998092651367,305,0x131,test,901,Fuzzy,Fuzzy,0.98792285,True,0.0040234006,0.0004819214,0.98792285,0.0018497364,0.0057221153
test,RPM,RPM,1478192915.847492,1478192915.870845,3611392,19,0.296875,5,22.18103408813477,790,0x316,test,902,RPM,RPM,0.98860395,True,0.003977849,0.0002694335,0.00096137536,0.0061873365,0.98860395
test,Fuzzy,Fuzzy,1478198150.843793,1478198150.879788,2887168,28,0.4375,0,35.9950065612793,2,0x002,test,903,Fuzzy,Fuzzy,0.9904703,True,0.0030201124,0.0003665773,0.9904703,0.0024213213,0.0037216423
test,Fuzzy,Fuzzy,1478198149.076051,1478198149.144521,2884608,24,0.375,1,68.24898719787598,2,0x002,test,904,Fuzzy,Fuzzy,0.98885334,True,0.0032813128,0.0004003985,0.98885334,0.0023631356,0.0051017376
test,DoS,DoS,1478200587.537148,1478200587.657928,2610752,35,0.546875,0,120.77999114990234,0,0x000,test,905,DoS,DoS,0.98712254,True,0.006268704,0.98712254,0.0030611549,0.001647993,0.0018995854
test,DoS,DoS,1478200597.000122,1478200597.120215,2620864,34,0.53125,0,120.09286880493164,0,0x000,test,906,DoS,DoS,0.9841263,True,0.0069566187,0.9841263,0.0050612143,0.0016908147,0.0021650395
test,DoS,DoS,1478200435.008337,1478200435.049135,2420928,33,0.515625,1,40.54093360900879,0,0x000,test,907,DoS,DoS,0.98328733,True,0.0083497865,0.98328733,0.005025944,0.0016074149,0.0017295172
test,Gear,Gear,1478194919.788965,1478194919.820746,3169600,18,0.28125,0,31.78095817565918,1087,0x43F,test,908,Gear,Gear,0.9925397,True,0.0032868586,0.0008676993,0.0013269297,0.9925397,0.0019788237
test,Gear,Gear,1478194879.094279,1478194879.117016,3090304,19,0.296875,1,22.49908447265625,1087,0x43F,test,909,Gear,Gear,0.9914732,True,0.0025663886,0.0007401067,0.0010319821,0.9914732,0.0041882605
test,Gear,Gear,1478195067.062422,1478195067.103051,3433088,18,0.28125,1,40.38691520690918,1087,0x43F,test,910,Gear,Gear,0.9906068,True,0.0035361145,0.0007598299,0.0018462476,0.9906068,0.0032510015
test,Gear,Gear,1478194955.450094,1478194955.481664,3232000,20,0.3125,1,31.33702278137207,1087,0x43F,test,911,Gear,Gear,0.99022746,True,0.0027406267,0.0005871563,0.0013685274,0.99022746,0.0050762245
test,Normal,Gear,1478201010.403776,1478201010.439993,4076352,0,0.0,-1,,704,0x2C0,test,912,Normal,Normal,0.9350584,True,0.9350584,0.0060622473,0.0011280178,0.036779366,0.02097197
test,Fuzzy,Fuzzy,1478198111.626586,1478198111.670911,2823616,24,0.375,0,44.32511329650879,399,0x18F,test,913,Fuzzy,Fuzzy,0.98987234,True,0.0029719288,0.00033346438,0.98987234,0.002346913,0.004475275
test,Fuzzy,Fuzzy,1478197737.024374,1478197737.047922,2466880,25,0.390625,0,23.547887802124023,848,0x350,test,914,Fuzzy,Fuzzy,0.9882359,True,0.003748115,0.0003256894,0.9882359,0.0023339451,0.0053564073
test,Normal,DoS,1478201106.434858,1478201106.467665,3476160,0,0.0,-1,,2,0x002,test,915,Normal,Normal,0.9393511,True,0.9393511,0.0014574935,0.023485485,0.026307441,0.009398586
test,RPM,RPM,1478192860.56376,1478192860.595656,3501056,20,0.3125,3,31.20088577270508,790,0x316,test,916,RPM,RPM,0.9910081,True,0.0029471926,0.00035289727,0.0005260105,0.0051658144,0.9910081
test,Fuzzy,Fuzzy,1478198118.374503,1478198118.474486,2834624,20,0.3125,3,93.76811981201172,704,0x2C0,test,917,Fuzzy,Fuzzy,0.99077004,True,0.0037923288,0.00032319227,0.99077004,0.002015076,0.0030993691
test,Fuzzy,Fuzzy,1478197878.415314,1478197878.640402,2599744,33,0.515625,1,224.8690128326416,790,0x316,test,918,Fuzzy,Fuzzy,0.99183756,True,0.0023531218,0.00026934466,0.99183756,0.0025851256,0.00295483
test,DoS,DoS,1478200435.244576,1478200435.279963,2421376,36,0.5625,1,35.14289855957031,0,0x000,test,919,DoS,DoS,0.98656285,True,0.0058063692,0.98656285,0.0036493186,0.0016087282,0.0023726702
test,RPM,RPM,1478192716.279882,1478192716.305008,3232384,19,0.296875,2,24.66583251953125,790,0x316,test,920,RPM,RPM,0.9904593,True,0.0041861725,0.00023714016,0.0028885414,0.0022289457,0.9904593
test,RPM,RPM,1478192962.126582,1478192962.160193,3695104,26,0.40625,0,33.61105918884277,790,0x316,test,921,RPM,RPM,0.99366564,True,0.0020205376,0.00025776328,0.0012180156,0.0028379583,0.99366564
test,Normal,Gear,1478201026.502429,1478201026.539194,4106176,0,0.0,-1,,790,0x316,test,922,Normal,Normal,0.8917983,True,0.8917983,0.009033187,0.0018006961,0.08687624,0.0104915695
test,RPM,RPM,1478192892.179816,1478192892.203854,3566848,21,0.328125,1,23.81110191345215,790,0x316,test,923,RPM,RPM,0.9903724,True,0.0031945882,0.00031034835,0.0007351317,0.0053874115,0.9903724
test,Gear,Gear,1478195039.323572,1478195039.34753,3382912,22,0.34375,2,23.477792739868164,1087,0x43F,test,924,Gear,Gear,0.99392277,True,0.0019538044,0.0006029806,0.0012994369,0.99392277,0.0022210125
test,Normal,Fuzzy,1478201047.931733,1478201047.968784,3540864,0,0.0,-1,,399,0x18F,test,925,Normal,Normal,0.9643618,True,0.9643618,0.0020166002,0.0056118085,0.018458277,0.009551566
test,DoS,DoS,1478200488.796175,1478200488.858368,2498112,35,0.546875,0,62.19291687011719,0,0x000,test,926,DoS,DoS,0.98409003,True,0.0062066517,0.98409003,0.00575872,0.0015084042,0.0024361701
test,Normal,DoS,1478201055.446607,1478201055.479652,3381696,0,0.0,-1,,2,0x002,test,927,Normal,Normal,0.69617975,True,0.69617975,0.01785637,0.0012284529,0.26159528,0.023140216
test,Gear,Gear,1478195074.396573,1478195074.42538,3446464,21,0.328125,3,24.643898010253903,1087,0x43F,test,928,Gear,Gear,0.9923677,True,0.002031882,0.00053156144,0.0011395946,0.9923677,0.003929296
test,RPM,RPM,1478192760.93001,1478192760.966944,3324096,20,0.3125,5,35.722970962524414,790,0x316,test,929,RPM,RPM,0.9921863,True,0.0035115625,0.00028165005,0.0018065788,0.0022139354,0.9921863
test,Fuzzy,Fuzzy,1478197835.958299,1478197835.981413,2560960,18,0.28125,15,14.44697380065918,608,0x260,test,930,Fuzzy,Fuzzy,0.9860805,True,0.0053315624,0.00050417404,0.9860805,0.0019881246,0.006095587
test,RPM,RPM,1478192722.430673,1478192722.453153,3244160,20,0.3125,2,22.01390266418457,790,0x316,test,931,RPM,RPM,0.98839605,True,0.0039406912,0.00043213565,0.00043985996,0.006791345,0.98839605
test,RPM,RPM,1478192722.584123,1478192722.609051,3244480,22,0.34375,0,24.92809295654297,790,0x316,test,932,RPM,RPM,0.9897078,True,0.003627586,0.00025340356,0.001333464,0.0050776917,0.9897078
test,Normal,RPM,1478201063.619375,1478201063.651225,4352768,0,0.0,-1,,305,0x131,test,933,Normal,Normal,0.97447646,True,0.97447646,0.006471666,0.0014550769,0.009900945,0.007695859
test,DoS,DoS,1478200460.308527,1478200460.365865,2455808,32,0.5,0,57.33799934387207,0,0x000,test,934,DoS,DoS,0.98467904,True,0.0076832585,0.98467904,0.0042659114,0.001640045,0.0017316572
test,DoS,DoS,1478200475.984498,1478200476.010359,2478912,35,0.546875,0,25.861024856567383,0,0x000,test,935,DoS,DoS,0.9853248,True,0.0074033765,0.9853248,0.003796156,0.0017316298,0.0017440921
test,Fuzzy,Fuzzy,1478198060.306788,1478198060.586045,2760192,27,0.421875,8,257.7400207519531,320,0x140,test,936,Fuzzy,Fuzzy,0.99080807,True,0.00336956,0.00034900595,0.99080807,0.0017540538,0.0037193233
test,Normal,RPM,1478201026.502429,1478201026.539194,4284736,0,0.0,-1,,790,0x316,test,937,Normal,Normal,0.8917983,True,0.8917983,0.009033187,0.0018006961,0.08687624,0.0104915695
test,Gear,Gear,1478194971.069621,1478194971.111254,3261376,21,0.328125,0,41.632890701293945,1087,0x43F,test,938,Gear,Gear,0.9913685,True,0.0028605468,0.0005702103,0.0021082987,0.9913685,0.0030924457
test,Normal,DoS,1478201107.60789,1478201107.642727,3478336,0,0.0,-1,,305,0x131,test,939,Normal,Normal,0.96896386,True,0.96896386,0.0060718753,0.0021603315,0.019233646,0.0035702407
test,Normal,RPM,1478201077.267044,1478201077.298256,4378048,0,0.0,-1,,2,0x002,test,940,Normal,Normal,0.9656092,True,0.9656092,0.009041943,0.001247151,0.014553223,0.00954852
test,Fuzzy,Fuzzy,1478198082.353634,1478198082.421265,2780672,28,0.4375,1,67.42691993713379,399,0x18F,test,941,Fuzzy,Fuzzy,0.9911494,True,0.0028678789,0.00026823196,0.9911494,0.0024118682,0.0033025695
test,Normal,Gear,1478201098.230992,1478201098.267123,4238336,0,0.0,-1,,339,0x153,test,942,Normal,Normal,0.84877026,True,0.84877026,0.008022939,0.0030918946,0.1297107,0.010404182
test,Gear,Gear,1478194878.537144,1478194878.581793,3089280,20,0.3125,4,38.297176361083984,1087,0x43F,test,943,Gear,Gear,0.98526436,True,0.0021647452,0.0004922555,0.00094805955,0.98526436,0.011130553
test,Normal,RPM,1478201107.14604,1478201107.179322,4433408,0,0.0,-1,,2,0x002,test,944,Normal,Normal,0.96956575,True,0.96956575,0.005308517,0.0021056046,0.009152324,0.013867781
test,Fuzzy,Fuzzy,1478198118.837248,1478198118.865758,2835008,29,0.453125,0,28.509855270385746,704,0x2C0,test,945,Fuzzy,Fuzzy,0.9912985,True,0.002782802,0.000309506,0.9912985,0.0022165335,0.0033926386
test,Fuzzy,Fuzzy,1478198133.522107,1478198133.547716,2857536,23,0.359375,1,25.388002395629883,305,0x131,test,946,Fuzzy,Fuzzy,0.98815197,True,0.0040329173,0.00042279018,0.98815197,0.002000251,0.0053919707
test,Normal,Gear,1478201082.653277,1478201082.687081,4209472,0,0.0,-1,,672,0x2A0,test,947,Normal,Normal,0.934611,True,0.934611,0.005017998,0.004686951,0.052486207,0.003197839
test,DoS,DoS,1478200322.631383,1478200322.750365,2290432,34,0.53125,0,118.98207664489746,0,0x000,test,948,DoS,DoS,0.98598,True,0.0061051017,0.98598,0.003956849,0.00175202,0.002206061
test,DoS,DoS,1478200586.877643,1478200586.946142,2610368,33,0.515625,1,68.25494766235352,0,0x000,test,949,DoS,DoS,0.9861076,True,0.007395436,0.9861076,0.0031440973,0.0014656236,0.0018872763
test,RPM,RPM,1478192716.104733,1478192716.144235,3232064,22,0.34375,1,39.273977279663086,790,0x316,test,950,RPM,RPM,0.9913517,True,0.0026121875,0.00033924353,0.00053878163,0.0051580435,0.9913517
test,Normal,RPM,1478201126.937829,1478201126.975662,4470080,0,0.0,-1,,2,0x002,test,951,Normal,Normal,0.9023011,True,0.9023011,0.00892773,0.0011922511,0.058155637,0.029423283
test,DoS,DoS,1478200404.763952,1478200404.924697,2382592,37,0.578125,1,154.74891662597656,0,0x000,test,952,DoS,DoS,0.9871876,True,0.008333213,0.9871876,0.0013135426,0.0014980299,0.00166763
test,Fuzzy,Fuzzy,1478198045.157539,1478198045.480615,2746432,28,0.4375,3,306.4718246459961,320,0x140,test,953,Fuzzy,Fuzzy,0.99037266,True,0.0029794755,0.00034298032,0.99037266,0.0021035355,0.0042013614
test,Gear,Gear,1478194935.71864,1478194935.754368,3197376,1,0.015625,61,0.5030632019042969,2,0x002,test,954,Gear,Normal,0.52965593,False,0.52965593,0.030325808,0.0009973955,0.42119753,0.017823279
test,RPM,RPM,1478192833.592414,1478192833.625392,3446784,22,0.34375,0,32.978057861328125,790,0x316,test,955,RPM,RPM,0.9898003,True,0.0038228056,0.00021697713,0.002446864,0.0037131298,0.9898003
test,Gear,Gear,1478194964.794622,1478194964.825918,3249856,21,0.328125,0,31.2960147857666,1087,0x43F,test,956,Gear,Gear,0.9929142,True,0.0027605172,0.0007502071,0.0017166026,0.9929142,0.0018584732
test,DoS,DoS,1478200359.11076,1478200359.393994,2319744,35,0.546875,1,272.53007888793945,0,0x000,test,957,DoS,DoS,0.98602784,True,0.0063905353,0.98602784,0.0040187463,0.0014881627,0.002074695
test,Fuzzy,Fuzzy,1478198098.550043,1478198098.581273,2802496,3,0.046875,55,2.1309852600097656,399,0x18F,test,958,Fuzzy,Normal,0.92291784,False,0.92291784,0.0016622718,0.04840472,0.018574394,0.0084407795
test,DoS,DoS,1478200449.159003,1478200449.175188,2440576,33,0.515625,1,15.938997268676758,0,0x000,test,959,DoS,DoS,0.9865811,True,0.0073641525,0.9865811,0.002714348,0.001632519,0.0017078844
test,Normal,Gear,1478201054.636859,1478201054.670265,4157568,0,0.0,-1,,2,0x002,test,960,Normal,Normal,0.7910884,True,0.7910884,0.010534259,0.002769618,0.15306018,0.042547498
test,DoS,DoS,1478200376.465028,1478200376.524768,2337344,34,0.53125,0,59.74006652832031,0,0x000,test,961,DoS,DoS,0.9829534,True,0.0071869153,0.9829534,0.005775939,0.0013814599,0.0027023267
test,DoS,DoS,1478200395.471153,1478200395.503678,2368704,33,0.515625,1,32.28616714477539,0,0x000,test,962,DoS,DoS,0.9869279,True,0.006408712,0.9869279,0.0031241719,0.0016520406,0.0018871052
test,RPM,RPM,1478192754.941054,1478192754.96552,3311488,17,0.265625,2,23.998022079467773,790,0x316,test,963,RPM,RPM,0.9785219,True,0.009078162,0.00034003519,0.0013516336,0.010708216,0.9785219
test,Normal,Fuzzy,1478201140.755539,1478201140.787514,3712832,0,0.0,-1,,304,0x130,test,964,Normal,Normal,0.8610247,True,0.8610247,0.009712892,0.003425424,0.11823047,0.0076066214
test,Fuzzy,Fuzzy,1478197979.833544,1478197979.955631,2693824,25,0.390625,0,122.08700180053712,399,0x18F,test,965,Fuzzy,Fuzzy,0.99147886,True,0.0029198225,0.0003171891,0.99147886,0.0022117356,0.0030724702
test,DoS,DoS,1478200552.954142,1478200553.000678,2570496,36,0.5625,0,46.53596878051758,0,0x000,test,966,DoS,DoS,0.98396206,True,0.006611129,0.98396206,0.0057084453,0.0016730184,0.00204533
test,Gear,Gear,1478195003.641258,1478195003.714808,3319872,20,0.3125,0,73.54998588562012,1087,0x43F,test,967,Gear,Gear,0.98405474,True,0.00519681,0.00064337853,0.0072439406,0.98405474,0.0028611363
test,Gear,Gear,1478194854.139976,1478194854.179073,3040000,20,0.3125,0,39.09707069396973,1087,0x43F,test,968,Gear,Gear,0.9912395,True,0.0026780278,0.0007555215,0.0020898294,0.9912395,0.0032370621
test,Normal,DoS,1478201165.508132,1478201165.544247,3585088,0,0.0,-1,,399,0x18F,test,969,Normal,Normal,0.96605664,True,0.96605664,0.0042376523,0.0013515415,0.017166816,0.011187365
test,Gear,Gear,1478195092.559345,1478195092.590687,3480384,16,0.25,0,31.342029571533203,1087,0x43F,test,970,Gear,Gear,0.9795124,True,0.00944771,0.0010613151,0.0019003431,0.9795124,0.008078188
test,RPM,RPM,1478192748.555505,1478192748.578454,3297856,21,0.328125,0,22.9489803314209,790,0x316,test,971,RPM,RPM,0.9897271,True,0.0041067293,0.000220313,0.0018409508,0.004104964,0.9897271
test,DoS,DoS,1478200382.420026,1478200382.474503,2347072,33,0.515625,1,54.23092842102051,0,0x000,test,972,DoS,DoS,0.98722816,True,0.0069766287,0.98722816,0.0022479184,0.0016440485,0.0019032205
test,Normal,RPM,1478201080.614966,1478201080.647914,4384256,0,0.0,-1,,339,0x153,test,973,Normal,Normal,0.89460593,True,0.89460593,0.0078272475,0.0027274676,0.08458865,0.010250703
test,Gear,Gear,1478195084.626926,1478195084.648518,3464640,19,0.296875,0,21.592140197753903,1087,0x43F,test,974,Gear,Gear,0.9926202,True,0.00243959,0.0007232521,0.001103871,0.9926202,0.0031130055
test,Gear,Gear,1478195016.718556,1478195016.768213,3343296,23,0.359375,0,49.65710639953613,1087,0x43F,test,975,Gear,Gear,0.9874828,True,0.002722713,0.00041194857,0.0050764866,0.9874828,0.0043061725
test,RPM,RPM,1478192734.359683,1478192734.381764,3267328,19,0.296875,2,21.497011184692383,790,0x316,test,976,RPM,RPM,0.9870543,True,0.0037366494,0.0003252826,0.0007132122,0.008170686,0.9870543
test,Gear,Gear,1478194851.847134,1478194851.872904,3034560,23,0.359375,3,25.056123733520508,1087,0x43F,test,977,Gear,Gear,0.9907352,True,0.0016989661,0.0005819142,0.00093230006,0.9907352,0.006051655
test,Gear,Gear,1478194963.610476,1478194963.64246,3247424,17,0.265625,1,31.74018859863281,1087,0x43F,test,978,Gear,Gear,0.9861537,True,0.0031207341,0.000600842,0.0011626097,0.9861537,0.0089621525
test,Gear,Gear,1478194919.335365,1478194919.369155,3168896,20,0.3125,3,32.878875732421875,1087,0x43F,test,979,Gear,Gear,0.98455554,True,0.0030454705,0.00050150516,0.0017988328,0.98455554,0.0100986725
test,Fuzzy,Fuzzy,1478197853.243233,1478197853.536375,2576192,30,0.46875,0,293.14208030700684,790,0x316,test,980,Fuzzy,Fuzzy,0.99240863,True,0.0022099388,0.00022662879,0.99240863,0.0030085607,0.0021462115
test,Gear,Gear,1478194904.097627,1478194904.121631,3139584,20,0.3125,2,23.52786064147949,1087,0x43F,test,981,Gear,Gear,0.98827606,True,0.0033557976,0.00050145976,0.0042952443,0.98827606,0.0035714493
test,Gear,Gear,1478194871.665078,1478194871.687562,3076992,20,0.3125,1,22.25208282470703,1087,0x43F,test,982,Gear,Gear,0.9828956,True,0.0028837514,0.00047446458,0.0017209775,0.9828956,0.01202526
test,Gear,Gear,1478195007.202147,1478195007.225539,3326400,21,0.328125,0,23.3919620513916,1087,0x43F,test,983,Gear,Gear,0.9889397,True,0.0035783255,0.0005036164,0.0022204116,0.9889397,0.0047579575
test,DoS,DoS,1478200646.992028,1478200647.07203,2674048,38,0.59375,0,80.0020694732666,0,0x000,test,984,DoS,DoS,0.9869639,True,0.005673616,0.9869639,0.0036492895,0.0017448448,0.0019683288
test,Gear,Gear,1478194963.129823,1478194963.163916,3246400,18,0.28125,4,33.13016891479492,1087,0x43F,test,985,Gear,Gear,0.98898166,True,0.0048893373,0.0007033401,0.0022592666,0.98898166,0.0031663897
test,Gear,Gear,1478194854.80231,1478194854.829314,3041536,20,0.3125,2,26.534080505371094,1087,0x43F,test,986,Gear,Gear,0.98984796,True,0.0025941585,0.000574885,0.0013762042,0.98984796,0.005606798
test,Fuzzy,Fuzzy,1478198115.638422,1478198115.746266,2830976,27,0.421875,0,107.84387588500977,399,0x18F,test,987,Fuzzy,Fuzzy,0.990418,True,0.0030378248,0.0002737768,0.990418,0.002795525,0.0034748195
test,Fuzzy,Fuzzy,1478197823.881512,1478197824.229389,2548352,34,0.53125,0,347.87702560424805,672,0x2A0,test,988,Fuzzy,Fuzzy,0.99265504,True,0.0023870498,0.0002848935,0.99265504,0.002147637,0.0025252942
test,Fuzzy,Fuzzy,1478198165.234166,1478198165.272948,2912512,21,0.328125,2,38.3141040802002,790,0x316,test,989,Fuzzy,Fuzzy,0.98779255,True,0.003924512,0.0004998475,0.98779255,0.001963103,0.0058199693
test,RPM,RPM,1478192970.701011,1478192970.741474,3710464,20,0.3125,4,36.41986846923828,790,0x316,test,990,RPM,RPM,0.99313885,True,0.002647124,0.0002797767,0.0009897129,0.0029445325,0.99313885
test,RPM,RPM,1478192841.066617,1478192841.08971,3460864,19,0.296875,2,22.381067276000977,790,0x316,test,991,RPM,RPM,0.988159,True,0.0038243253,0.00026806514,0.0011217133,0.0066270432,0.988159
test,Normal,DoS,1478201028.070998,1478201028.10853,3331712,0,0.0,-1,,304,0x130,test,992,Normal,Normal,0.9460365,True,0.9460365,0.0011241309,0.016408386,0.009235683,0.027195254
test,Normal,Gear,1478201147.275613,1478201147.309314,4329152,0,0.0,-1,,305,0x131,test,993,Normal,Normal,0.9730924,True,0.9730924,0.002086344,0.003357471,0.0073718443,0.014092051
test,Gear,Gear,1478195093.488997,1478195093.518459,3482304,17,0.265625,1,28.74016761779785,1087,0x43F,test,994,Gear,Gear,0.983365,True,0.005510872,0.000504539,0.004973903,0.983365,0.0056456653
test,DoS,DoS,1478200473.335366,1478200473.377278,2475776,35,0.546875,0,41.91207885742188,0,0x000,test,995,DoS,DoS,0.9851029,True,0.006584168,0.9851029,0.00445516,0.0015630018,0.0022947923
test,RPM,RPM,1478192698.824014,1478192698.848294,3194240,22,0.34375,2,23.795127868652344,790,0x316,test,996,RPM,RPM,0.9933027,True,0.0026909828,0.00026982152,0.0014335992,0.0023028734,0.9933027
test,Gear,Gear,1478194872.745692,1478194872.778791,3079040,16,0.25,4,32.1500301361084,1087,0x43F,test,997,Gear,Gear,0.9898017,True,0.0032834667,0.0007135419,0.0019700313,0.9898017,0.0042312425
test,Fuzzy,Fuzzy,1478197778.246186,1478197778.266877,2508928,23,0.359375,6,19.279003143310547,399,0x18F,test,998,Fuzzy,Fuzzy,0.9891845,True,0.0037917197,0.00043035386,0.9891845,0.0021396151,0.004453838
test,Gear,Gear,1478195008.70193,1478195008.724453,3329856,20,0.3125,0,22.522926330566406,1087,0x43F,test,999,Gear,Gear,0.9860875,True,0.004331312,0.000541841,0.005314095,0.9860875,0.0037253187
test,Gear,Gear,1478194846.589729,1478194846.615303,3023488,22,0.34375,0,25.5739688873291,1087,0x43F,test,1000,Gear,Gear,0.9929463,True,0.0018425968,0.0005989911,0.0011743238,0.9929463,0.0034378716
test,DoS,DoS,1478200379.909052,1478200379.940254,2343360,13,0.203125,42,5.815982818603516,0,0x000,test,1001,DoS,Normal,0.4977235,False,0.4977235,0.47135457,0.0003660962,0.01882763,0.011728203
test,RPM,RPM,1478192756.15241,1478192756.18359,3314432,17,0.265625,3,30.46703338623047,790,0x316,test,1002,RPM,RPM,0.989012,True,0.004764958,0.0004895228,0.00047404665,0.0052594896,0.989012
test,RPM,RPM,1478192922.202914,1478192922.224632,3623040,19,0.296875,7,19.971132278442383,790,0x316,test,1003,RPM,RPM,0.99114156,True,0.0037955476,0.00033085977,0.000741627,0.003990415,0.99114156
test,Gear,Gear,1478194944.09859,1478194944.154518,3212352,19,0.296875,3,55.20892143249512,1087,0x43F,test,1004,Gear,Gear,0.9905392,True,0.0029732462,0.0007400722,0.0026040594,0.9905392,0.0031434735
test,Fuzzy,Fuzzy,1478198020.345251,1478198020.619579,2728704,30,0.46875,1,268.66912841796875,704,0x2C0,test,1005,Fuzzy,Fuzzy,0.9913447,True,0.0024122964,0.00028288434,0.9913447,0.002978175,0.002981936
test,RPM,RPM,1478192793.068956,1478192793.11599,3376512,20,0.3125,2,40.69280624389648,790,0x316,test,1006,RPM,RPM,0.9886148,True,0.003955543,0.00027551074,0.0012512967,0.00590279,0.9886148
test,DoS,DoS,1478200341.616637,1478200341.695769,2307520,34,0.53125,1,78.88317108154297,0,0x000,test,1007,DoS,DoS,0.98649836,True,0.007983343,0.98649836,0.0023668811,0.0014932682,0.0016580812
test,Normal,Fuzzy,1478201047.242107,1478201047.274051,3539584,0,0.0,-1,,399,0x18F,test,1008,Normal,Normal,0.96476036,True,0.96476036,0.0012588878,0.008364308,0.005122919,0.020493494
test,Normal,DoS,1478201200.330153,1478201200.364821,3649600,0,0.0,-1,,2,0x002,test,1009,Normal,Normal,0.85744375,True,0.85744375,0.003964762,0.0031136933,0.0132854525,0.1221923
test,Fuzzy,Fuzzy,1478198136.227102,1478198136.290108,2862016,26,0.40625,0,63.00592422485352,2,0x002,test,1010,Fuzzy,Fuzzy,0.9906378,True,0.0029703844,0.00038217206,0.9906378,0.0022575597,0.0037520775
test,Fuzzy,Fuzzy,1478197931.280499,1478197931.557473,2646144,30,0.46875,1,276.7469882965088,304,0x130,test,1011,Fuzzy,Fuzzy,0.9898135,True,0.003028855,0.00039504486,0.9898135,0.002185859,0.0045767417
test,Fuzzy,Fuzzy,1478197960.65439,1478197960.746209,2676480,15,0.234375,15,82.48400688171387,790,0x316,test,1012,Fuzzy,Fuzzy,0.98261124,True,0.006549825,0.00071494427,0.98261124,0.001570882,0.008553194
test,Fuzzy,Fuzzy,1478198142.275134,1478198142.302343,2872512,31,0.484375,9,25.064945220947266,704,0x2C0,test,1013,Fuzzy,Fuzzy,0.990524,True,0.0030377514,0.00038044713,0.990524,0.0020766023,0.003981206
test,Gear,Gear,1478194853.248072,1478194853.283338,3037952,19,0.296875,1,35.03298759460449,1087,0x43F,test,1014,Gear,Gear,0.98846674,True,0.004674902,0.0007815453,0.0030301455,0.98846674,0.0030466055
test,RPM,RPM,1478192834.194416,1478192834.218997,3447808,21,0.328125,1,24.061918258666992,790,0x316,test,1015,RPM,RPM,0.992564,True,0.0030556142,0.00031629376,0.0009436387,0.0031205064,0.992564
test,Normal,DoS,1478201139.078284,1478201139.115915,3536640,0,0.0,-1,,2,0x002,test,1016,Normal,Normal,0.9662049,True,0.9662049,0.0024984449,0.003565127,0.018474102,0.009257564
test,Gear,Gear,1478194887.246052,1478194887.280574,3105152,17,0.265625,7,32.6380729675293,1087,0x43F,test,1017,Gear,Gear,0.9892481,True,0.0055205324,0.0008892722,0.0018969331,0.9892481,0.002445184
test,Normal,DoS,1478201192.489508,1478201192.522369,3635072,0,0.0,-1,,399,0x18F,test,1018,Normal,Normal,0.9245119,True,0.9245119,0.007511635,0.0015181475,0.052110832,0.0143473605
test,Fuzzy,Fuzzy,1478197960.23624,1478197960.257184,2675968,22,0.34375,4,20.00093460083008,809,0x329,test,1019,Fuzzy,Fuzzy,0.98975265,True,0.0037952673,0.0003009206,0.98975265,0.0024179204,0.0037332838
test,RPM,RPM,1478192734.453268,1478192734.47479,3267584,20,0.3125,1,21.291017532348636,790,0x316,test,1020,RPM,RPM,0.98902786,True,0.0039782138,0.00032046362,0.0007449358,0.005928516,0.98902786
test,Normal,RPM,1478201061.650464,1478201061.682828,4349120,0,0.0,-1,,320,0x140,test,1021,Normal,Normal,0.9548324,True,0.9548324,0.0010242003,0.023907978,0.011331925,0.008903471
test,Normal,Gear,1478201020.284925,1478201020.319932,4094656,0,0.0,-1,,2,0x002,test,1022,Normal,Normal,0.95229745,True,0.95229745,0.008020111,0.0011933736,0.015221734,0.023267405
test,Fuzzy,Fuzzy,1478198143.393933,1478198143.431466,2874368,28,0.4375,4,36.57698631286621,704,0x2C0,test,1023,Fuzzy,Fuzzy,0.9894772,True,0.0034094066,0.00032213828,0.9894772,0.0023751336,0.004416103
test,Fuzzy,Fuzzy,1478197829.097718,1478197829.379473,2554688,22,0.34375,1,276.33190155029297,790,0x316,test,1024,Fuzzy,Fuzzy,0.99095917,True,0.0031271386,0.00024283373,0.99095917,0.0023346902,0.0033361933
test,Normal,RPM,1478201201.14469,1478201201.179714,4607040,0,0.0,-1,,399,0x18F,test,1025,Normal,Normal,0.9162172,True,0.9162172,0.0089012915,0.0022341986,0.06799012,0.0046570785
test,Normal,Fuzzy,1478201056.775311,1478201056.809188,3557248,0,0.0,-1,,2,0x002,test,1026,Normal,Normal,0.95491344,True,0.95491344,0.0039899484,0.003737578,0.024942236,0.012416847
test,Normal,DoS,1478201068.264469,1478201068.295638,3405440,0,0.0,-1,,399,0x18F,test,1027,Normal,Normal,0.976933,True,0.976933,0.0077113532,0.0010544668,0.009845595,0.0044556065
test,RPM,RPM,1478192858.497331,1478192858.520603,3496256,20,0.3125,1,23.046016693115234,790,0x316,test,1028,RPM,RPM,0.9900213,True,0.0033283173,0.00024227789,0.0011891789,0.005218929,0.9900213
test,DoS,DoS,1478200563.707062,1478200563.722837,2582208,33,0.515625,0,15.774965286254885,0,0x000,test,1029,DoS,DoS,0.9863608,True,0.006715622,0.9863608,0.0031616853,0.0016104799,0.0021514194
test,RPM,RPM,1478192708.433326,1478192708.460244,3214784,19,0.296875,5,21.121978759765625,790,0x316,test,1030,RPM,RPM,0.98866373,True,0.005063954,0.00028717652,0.0011868773,0.004798277,0.98866373
test,Normal,DoS,1478201148.84448,1478201148.877822,3554688,0,0.0,-1,,2,0x002,test,1031,Normal,Normal,0.9310725,True,0.9310725,0.004448721,0.001747304,0.00740887,0.055322662
test,RPM,RPM,1478192689.447481,1478192689.472268,3172160,21,0.328125,0,24.787187576293945,790,0x316,test,1032,RPM,RPM,0.98734295,True,0.0037111316,0.00023552118,0.0014065611,0.0073038545,0.98734295
test,Fuzzy,Fuzzy,1478197732.100996,1478197732.280728,2460736,26,0.40625,4,168.96820068359375,320,0x140,test,1033,Fuzzy,Fuzzy,0.989021,True,0.0042005638,0.0004492931,0.989021,0.0017742825,0.0045548812
test,Fuzzy,Fuzzy,1478198044.860212,1478198045.152425,2746368,28,0.4375,2,275.6969928741455,304,0x130,test,1034,Fuzzy,Fuzzy,0.9911193,True,0.0026870861,0.000281747,0.9911193,0.0026761547,0.0032357164
test,Normal,RPM,1478201143.279597,1478201143.31469,4500352,0,0.0,-1,,2,0x002,test,1035,Normal,Normal,0.9712526,True,0.9712526,0.0038663982,0.0020448223,0.01361322,0.009222869
test,Fuzzy,Fuzzy,1478198168.439948,1478198168.519431,2917440,25,0.390625,0,79.4830322265625,2,0x002,test,1036,Fuzzy,Fuzzy,0.9868029,True,0.003986272,0.00046788406,0.9868029,0.0020468247,0.006696105
test,Fuzzy,Fuzzy,1478197836.395524,1478197836.448611,2561792,28,0.4375,0,53.08699607849121,305,0x131,test,1037,Fuzzy,Fuzzy,0.9905827,True,0.002979431,0.00027260242,0.9905827,0.0025947052,0.0035705485
test,Normal,DoS,1478201205.442587,1478201205.479969,3659072,0,0.0,-1,,2,0x002,test,1038,Normal,Normal,0.87511855,True,0.87511855,0.0069895596,0.0017320266,0.007932576,0.10822721
test,DoS,DoS,1478200534.479988,1478200534.619615,2552512,39,0.609375,0,139.62697982788086,0,0x000,test,1039,DoS,DoS,0.9859929,True,0.0060971207,0.9859929,0.004181755,0.0014899232,0.002238238
test,Normal,RPM,1478201046.622849,1478201046.653989,4321280,0,0.0,-1,,399,0x18F,test,1040,Normal,Normal,0.9578222,True,0.9578222,0.0023551313,0.0043331543,0.019410083,0.016079376
test,RPM,RPM,1478192883.26586,1478192883.287945,3547200,20,0.3125,1,21.85511589050293,790,0x316,test,1041,RPM,RPM,0.9897215,True,0.0032918712,0.00023153343,0.0015358927,0.005219252,0.9897215
test,Gear,Gear,1478195055.167178,1478195055.205873,3411776,21,0.328125,5,37.48297691345215,1087,0x43F,test,1042,Gear,Gear,0.9927326,True,0.002304008,0.00056203303,0.0010036555,0.9927326,0.0033978203
test,Fuzzy,Fuzzy,1478197844.687087,1478197844.978247,2568320,29,0.453125,1,285.6988906860352,305,0x131,test,1043,Fuzzy,Fuzzy,0.9911266,True,0.0033963716,0.00037040902,0.9911266,0.0012234455,0.0038831772
test,RPM,RPM,1478192717.140133,1478192717.168739,3233920,20,0.3125,2,28.133153915405277,790,0x316,test,1044,RPM,RPM,0.9899248,True,0.003862379,0.00025081125,0.0011663157,0.0047956407,0.9899248
test,Fuzzy,Fuzzy,1478198123.516096,1478198123.536823,2842560,23,0.359375,3,20.030975341796875,304,0x130,test,1045,Fuzzy,Fuzzy,0.9893798,True,0.003599304,0.00031841558,0.9893798,0.0023086688,0.004393852
test,DoS,DoS,1478200503.752945,1478200503.772797,2519168,34,0.53125,1,19.608020782470703,0,0x000,test,1046,DoS,DoS,0.9840858,True,0.0071239527,0.9840858,0.0049624452,0.0014939305,0.002333809
test,Fuzzy,Fuzzy,1478198108.443439,1478198108.478159,2818752,25,0.390625,4,33.75887870788574,320,0x140,test,1047,Fuzzy,Fuzzy,0.9885472,True,0.0032939003,0.00033902633,0.9885472,0.002577368,0.0052424595
test,Normal,RPM,1478201119.685899,1478201119.718029,4456640,0,0.0,-1,,2,0x002,test,1048,Normal,Normal,0.93564695,True,0.93564695,0.0036000677,0.0030064592,0.017314216,0.04043231
test,DoS,DoS,1478200449.690265,1478200449.714763,2441536,33,0.515625,1,24.25384521484375,0,0x000,test,1049,DoS,DoS,0.98349196,True,0.007740992,0.98349196,0.004999752,0.0014836277,0.0022837874
test,Normal,Gear,1478201041.750367,1478201041.787274,4133696,0,0.0,-1,,305,0x131,test,1050,Normal,Normal,0.96325254,True,0.96325254,0.0028559067,0.0033430404,0.01750695,0.013041515
test,Fuzzy,Fuzzy,1478198101.605237,1478198101.64461,2807296,25,0.390625,1,39.15691375732422,320,0x140,test,1051,Fuzzy,Fuzzy,0.9909854,True,0.0029444913,0.0002728589,0.9909854,0.0025452415,0.0032520825
test,Normal,Fuzzy,1478201154.204097,1478201154.254235,3737408,0,0.0,-1,,672,0x2A0,test,1052,Normal,Normal,0.94875026,True,0.94875026,0.0065047024,0.025006343,0.018859457,0.00087927195
test,Fuzzy,Fuzzy,1478197887.09318,1478197887.32189,2606912,34,0.53125,0,228.71017456054688,2,0x002,test,1053,Fuzzy,Fuzzy,0.98937607,True,0.0032649764,0.00039765486,0.98937607,0.0021170762,0.004844229
test,DoS,DoS,1478200564.195695,1478200564.260558,2582720,38,0.59375,1,64.61381912231445,0,0x000,test,1054,DoS,DoS,0.9856017,True,0.007818869,0.9856017,0.0034505115,0.001478949,0.0016498748
test,Fuzzy,Fuzzy,1478198120.423463,1478198120.473912,2836800,15,0.234375,10,48.063039779663086,880,0x370,test,1055,Fuzzy,Fuzzy,0.9840815,True,0.0053033526,0.0001968374,0.9840815,0.008490731,0.0019276082
test,DoS,DoS,1478200473.60548,1478200473.647815,2476096,36,0.5625,0,42.33503341674805,0,0x000,test,1056,DoS,DoS,0.98704785,True,0.0075204587,0.98704785,0.0019176025,0.0015290721,0.0019849844
test,Fuzzy,Fuzzy,1478198107.126395,1478198107.197717,2816768,22,0.34375,0,71.32196426391602,304,0x130,test,1057,Fuzzy,Fuzzy,0.98851776,True,0.0030203972,0.00035212561,0.98851776,0.0024403306,0.005669357
test,Fuzzy,Fuzzy,1478198125.324763,1478198125.356045,2844864,27,0.421875,1,31.06093406677246,704,0x2C0,test,1058,Fuzzy,Fuzzy,0.98110205,True,0.005510852,0.0006965403,0.98110205,0.0020808668,0.010609689
test,DoS,DoS,1478200594.000651,1478200594.016568,2618880,34,0.53125,1,15.671968460083008,0,0x000,test,1059,DoS,DoS,0.9854269,True,0.007165185,0.9854269,0.0039199926,0.0015980321,0.00188985
test,Fuzzy,Fuzzy,1478198131.913774,1478198131.965509,2854592,19,0.296875,13,46.0660457611084,399,0x18F,test,1060,Fuzzy,Fuzzy,0.98782617,True,0.0043334966,0.00047193334,0.98782617,0.0019872168,0.005381212
test,Fuzzy,Fuzzy,1478197961.88126,1478197961.91426,2678208,22,0.34375,4,32.04488754272461,305,0x131,test,1061,Fuzzy,Fuzzy,0.985844,True,0.0044199447,0.0005736888,0.985844,0.001889127,0.007273266
test,Gear,Gear,1478194943.032481,1478194943.078475,3210624,22,0.34375,2,43.71404647827149,1087,0x43F,test,1062,Gear,Gear,0.9889549,True,0.003151743,0.0005752275,0.0052414183,0.9889549,0.0020768077
test,DoS,DoS,1478200473.794466,1478200473.883374,2476352,40,0.625,0,88.90795707702637,0,0x000,test,1063,DoS,DoS,0.9863826,True,0.006064965,0.9863826,0.003925037,0.0015980145,0.002029404
test,RPM,RPM,1478192710.039412,1478192710.062393,3219136,21,0.328125,0,22.980928421020508,790,0x316,test,1064,RPM,RPM,0.99042994,True,0.0032281308,0.0002589353,0.001050635,0.00503233,0.99042994
test,Normal,RPM,1478201125.973457,1478201126.00716,4468288,0,0.0,-1,,2,0x002,test,1065,Normal,Normal,0.9676573,True,0.9676573,0.005689079,0.001597598,0.017925275,0.007130639
test,Normal,RPM,1478201123.727309,1478201123.759267,4464128,0,0.0,-1,,2,0x002,test,1066,Normal,Normal,0.98358834,True,0.98358834,0.0021008013,0.006199856,0.0056223925,0.0024885244
test,DoS,DoS,1478200472.88376,1478200472.972663,2475328,31,0.484375,1,88.65594863891602,0,0x000,test,1067,DoS,DoS,0.9853102,True,0.006867182,0.9853102,0.0040721954,0.0014790094,0.0022714029
test,Gear,Gear,1478195065.83112,1478195065.895879,3431232,24,0.375,0,64.7590160369873,1087,0x43F,test,1068,Gear,Gear,0.98680866,True,0.0025903117,0.0006401472,0.007918647,0.98680866,0.0020421543
test,RPM,RPM,1478192923.060907,1478192923.083074,3624768,19,0.296875,3,21.45314216613769,790,0x316,test,1069,RPM,RPM,0.98645675,True,0.0044453717,0.00028264112,0.0010243419,0.0077909552,0.98645675
test,RPM,RPM,1478192890.628057,1478192890.652264,3563264,21,0.328125,0,24.207115173339844,790,0x316,test,1070,RPM,RPM,0.9879992,True,0.0037674322,0.0001926672,0.00277596,0.0052647926,0.9879992
test,Fuzzy,Fuzzy,1478198076.390482,1478198076.661983,2773760,29,0.453125,2,260.3650093078613,1087,0x43F,test,1071,Fuzzy,Fuzzy,0.9904919,True,0.0024650756,0.00023096356,0.9904919,0.0034779387,0.003334148
test,DoS,DoS,1478200426.852524,1478200426.892531,2407040,37,0.578125,1,39.76798057556152,0,0x000,test,1072,DoS,DoS,0.98279613,True,0.006477626,0.98279613,0.0065571396,0.0016764441,0.002492735
test,Gear,Gear,1478195034.648798,1478195034.693467,3374784,20,0.3125,4,43.71500015258789,1087,0x43F,test,1073,Gear,Gear,0.9840152,True,0.0033719447,0.00052666996,0.0009849273,0.9840152,0.01110118
test,Gear,Gear,1478195052.210406,1478195052.2336,3405184,24,0.375,0,23.193836212158203,1087,0x43F,test,1074,Gear,Gear,0.992144,True,0.0017774374,0.00055796525,0.0023352378,0.992144,0.0031853325
test,DoS,DoS,1478200433.999841,1478200434.03599,2419520,37,0.578125,1,35.904884338378906,0,0x000,test,1075,DoS,DoS,0.9842077,True,0.006804455,0.9842077,0.0053969026,0.0017290135,0.0018619349
test,Fuzzy,Fuzzy,1478197943.798974,1478197943.825568,2660544,17,0.265625,2,26.1380672454834,304,0x130,test,1076,Fuzzy,Fuzzy,0.98617595,True,0.005104417,0.00024979856,0.98617595,0.0028558378,0.0056139696
test,Gear,Gear,1478194884.198483,1478194884.220227,3099840,21,0.328125,2,21.07691764831543,1087,0x43F,test,1077,Gear,Gear,0.99056375,True,0.002726171,0.0005791442,0.0024288541,0.99056375,0.0037021544
test,DoS,DoS,1478200381.849067,1478200381.898494,2346368,30,0.46875,0,49.427032470703125,0,0x000,test,1078,DoS,DoS,0.9837653,True,0.008492629,0.9837653,0.004235431,0.0016103421,0.001896372
test,RPM,RPM,1478192742.912033,1478192742.933996,3285760,20,0.3125,2,21.50893211364746,790,0x316,test,1079,RPM,RPM,0.98821867,True,0.0038210093,0.0003276223,0.000703656,0.006929001,0.98821867
test,Gear,Gear,1478194961.857379,1478194961.881098,3243456,23,0.359375,0,23.719072341918945,1087,0x43F,test,1080,Gear,Gear,0.99068344,True,0.002070063,0.0004934317,0.0025224544,0.99068344,0.004230662
test,Normal,Gear,1478201137.787161,1478201137.822973,4311616,0,0.0,-1,,399,0x18F,test,1081,Normal,Normal,0.88230145,True,0.88230145,0.0012146317,0.06349196,0.044926092,0.00806583
test,Fuzzy,Fuzzy,1478197935.422433,1478197935.447198,2651648,9,0.140625,34,10.41889190673828,2,0x002,test,1082,Fuzzy,Fuzzy,0.98006916,True,0.007332993,0.0005688405,0.98006916,0.0026954613,0.009333476
test,Gear,Gear,1478194922.958257,1478194922.9833,3175488,22,0.34375,1,24.811983108520508,1087,0x43F,test,1083,Gear,Gear,0.99210256,True,0.001873085,0.00057506247,0.0015457676,0.99210256,0.0039035599
test,Gear,Gear,1478194859.322464,1478194859.345243,3050944,20,0.3125,0,22.778987884521484,1087,0x43F,test,1084,Gear,Gear,0.99189126,True,0.0023635805,0.00054845,0.0016682929,0.99189126,0.003528428
test,Normal,RPM,1478201045.518637,1478201045.551784,4319232,0,0.0,-1,,2,0x002,test,1085,Normal,Normal,0.7120085,True,0.7120085,0.012976107,0.0011887699,0.027705813,0.24612083
test,RPM,RPM,1478192703.469408,1478192703.492625,3204096,20,0.3125,4,22.24993705749512,790,0x316,test,1086,RPM,RPM,0.9908494,True,0.004046522,0.000250031,0.0015586851,0.0032953632,0.9908494
test,Fuzzy,Fuzzy,1478197961.975894,1478197962.003798,2678400,24,0.375,0,27.904033660888672,2,0x002,test,1087,Fuzzy,Fuzzy,0.9886481,True,0.003808531,0.0003402384,0.9886481,0.0020696248,0.0051334943
test,Normal,DoS,1478201114.518166,1478201114.553556,3491136,0,0.0,-1,,704,0x2C0,test,1088,Normal,Normal,0.9265609,True,0.9265609,0.0099276295,0.0016387026,0.046732526,0.015140209
test,DoS,DoS,1478200579.914584,1478200580.063735,2602176,36,0.5625,1,148.90289306640625,0,0x000,test,1089,DoS,DoS,0.9842164,True,0.00658207,0.9842164,0.0053753424,0.0016436788,0.0021825894
test,RPM,RPM,1478192879.297768,1478192879.32474,3539328,20,0.3125,5,25.812864303588867,790,0x316,test,1090,RPM,RPM,0.98711526,True,0.0034182647,0.00031459436,0.0006196825,0.008532173,0.98711526
test,RPM,RPM,1478192922.249592,1478192922.272481,3623168,20,0.3125,0,22.888898849487305,790,0x316,test,1091,RPM,RPM,0.9919624,True,0.0031826193,0.00029671233,0.00077556283,0.003782743,0.9919624
test,Gear,Gear,1478195026.543634,1478195026.569176,3362048,23,0.359375,0,25.54202079772949,1087,0x43F,test,1092,Gear,Gear,0.9928819,True,0.00225995,0.0006208353,0.0016807582,0.9928819,0.00255664
test,DoS,DoS,1478200452.366713,1478200452.387124,2445312,33,0.515625,0,20.41101455688477,0,0x000,test,1093,DoS,DoS,0.9836585,True,0.0074577513,0.9836585,0.005044851,0.0014781171,0.0023608264
test,Fuzzy,Fuzzy,1478198107.482327,1478198107.504665,2817344,22,0.34375,9,20.209789276123047,399,0x18F,test,1094,Fuzzy,Fuzzy,0.98856586,True,0.0042263037,0.00039197766,0.98856586,0.0017211946,0.0050946344
test,DoS,DoS,1478200395.390344,1478200395.40647,2368384,36,0.5625,0,16.126155853271484,0,0x000,test,1095,DoS,DoS,0.9843098,True,0.0070592724,0.9843098,0.004959281,0.0016252755,0.0020464032
test,Fuzzy,Fuzzy,1478198092.295815,1478198092.33622,2792320,23,0.359375,6,38.990020751953125,704,0x2C0,test,1096,Fuzzy,Fuzzy,0.9893072,True,0.0034815758,0.00038326,0.9893072,0.0021499328,0.0046780095
test,Normal,Fuzzy,1478201042.716469,1478201042.749504,3531200,0,0.0,-1,,339,0x153,test,1097,Normal,Normal,0.8903347,True,0.8903347,0.009584294,0.00195343,0.087009415,0.01111814
test,Fuzzy,Fuzzy,1478197854.632734,1478197854.880435,2576576,24,0.375,3,246.7789649963379,704,0x2C0,test,1098,Fuzzy,Fuzzy,0.98875135,True,0.0036909166,0.00045975088,0.98875135,0.0019051528,0.005192825
test,Fuzzy,Fuzzy,1478198149.638875,1478198149.675034,2885440,24,0.375,1,35.93611717224121,2,0x002,test,1099,Fuzzy,Fuzzy,0.9893176,True,0.0034119037,0.00027297027,0.9893176,0.0034655011,0.0035319957
test,RPM,RPM,1478192839.707638,1478192839.746423,3458368,23,0.359375,4,37.83988952636719,790,0x316,test,1100,RPM,RPM,0.9913145,True,0.0027010976,0.0002636003,0.00085904665,0.0048618065,0.9913145
test,RPM,RPM,1478192769.335972,1478192769.370612,3338176,21,0.328125,2,33.76483917236328,790,0x316,test,1101,RPM,RPM,0.98958266,True,0.0041350448,0.00032748588,0.004548411,0.0014064624,0.98958266
test,Gear,Gear,1478194846.958346,1478194846.980833,3024384,19,0.296875,7,20.838022232055664,1087,0x43F,test,1102,Gear,Gear,0.9917291,True,0.0028574928,0.00064261316,0.002063434,0.9917291,0.0027073696
test,Gear,Gear,1478195054.286377,1478195054.311152,3410176,19,0.296875,7,22.361040115356445,1087,0x43F,test,1103,Gear,Gear,0.99090147,True,0.0028014171,0.0008150442,0.001076503,0.99090147,0.0044055437
test,Gear,Gear,1478194937.143359,1478194937.193672,3200064,18,0.28125,1,44.59190368652344,1087,0x43F,test,1104,Gear,Gear,0.98681206,True,0.0038885837,0.0012422386,0.00049215544,0.98681206,0.0075649847
test,RPM,RPM,1478192684.899883,1478192684.923547,3162624,19,0.296875,2,23.0410099029541,790,0x316,test,1105,RPM,RPM,0.98240787,True,0.0053584725,0.0002840236,0.0011521406,0.010797509,0.98240787
test,Fuzzy,Fuzzy,1478197913.625031,1478197913.742202,2630336,24,0.375,6,115.73314666748048,2,0x002,test,1106,Fuzzy,Fuzzy,0.9878286,True,0.0038372155,0.00044863223,0.9878286,0.0023286801,0.005556822
test,Gear,Gear,1478195008.724687,1478195008.761223,3329920,20,0.3125,2,31.742095947265625,1087,0x43F,test,1107,Gear,Gear,0.9860341,True,0.003612208,0.000532487,0.005240177,0.9860341,0.004581089
test,DoS,DoS,1478200480.331972,1478200480.382373,2486656,35,0.546875,0,50.40121078491211,0,0x000,test,1108,DoS,DoS,0.98467606,True,0.006466966,0.98467606,0.0050251097,0.001636602,0.0021952847
test,Fuzzy,Fuzzy,1478198168.915633,1478198168.957588,2918272,30,0.46875,3,41.24689102172852,704,0x2C0,test,1109,Fuzzy,Fuzzy,0.9908103,True,0.002643359,0.00026245858,0.9908103,0.002762509,0.0035213318
test,Gear,Gear,1478194996.055162,1478194996.080313,3308480,22,0.34375,2,24.68585968017578,1087,0x43F,test,1110,Gear,Gear,0.99148715,True,0.0019397115,0.00058839517,0.0019032975,0.99148715,0.0040815114
test,RPM,RPM,1478192748.233498,1478192748.25686,3297088,21,0.328125,1,23.133039474487305,790,0x316,test,1111,RPM,RPM,0.9897984,True,0.004387339,0.00024944733,0.0014719189,0.004092803,0.9897984
test,DoS,DoS,1478200336.975934,1478200337.145383,2302784,42,0.65625,1,169.19898986816406,0,0x000,test,1112,DoS,DoS,0.98617667,True,0.0057806387,0.98617667,0.0043493873,0.0016544024,0.0020389059
test,Fuzzy,Fuzzy,1478197803.278927,1478197803.357108,2532672,25,0.390625,3,77.48723030090332,305,0x131,test,1113,Fuzzy,Fuzzy,0.9886585,True,0.004110367,0.00041219094,0.9886585,0.0017475231,0.0050714184
test,Fuzzy,Fuzzy,1478198134.476797,1478198134.508739,2859264,25,0.390625,1,31.7230224609375,704,0x2C0,test,1114,Fuzzy,Fuzzy,0.98806435,True,0.0037420914,0.00037283055,0.98806435,0.0023651987,0.0054555447
test,RPM,RPM,1478192709.079271,1478192709.100954,3216512,19,0.296875,4,20.75505256652832,790,0x316,test,1115,RPM,RPM,0.9881832,True,0.00410766,0.00027076463,0.0012477328,0.0061906036,0.9881832
test,Fuzzy,Fuzzy,1478198172.14985,1478198172.169995,2924352,24,0.375,2,19.668102264404297,809,0x329,test,1116,Fuzzy,Fuzzy,0.9898559,True,0.0032038498,0.0002715431,0.9898559,0.0026367246,0.004032071
test,Fuzzy,Fuzzy,1478197960.257402,1478197960.278518,2676032,26,0.40625,0,21.11601829528809,608,0x260,test,1117,Fuzzy,Fuzzy,0.9891684,True,0.0038292434,0.0004197213,0.9891684,0.0020338872,0.0045487382
test,DoS,DoS,1478200631.788286,1478200631.80401,2657664,33,0.515625,1,15.477895736694336,0,0x000,test,1118,DoS,DoS,0.98348504,True,0.007385524,0.98348504,0.005257219,0.0015698323,0.0023023614
test,DoS,DoS,1478200605.643086,1478200605.819135,2629056,39,0.609375,0,176.04899406433103,0,0x000,test,1119,DoS,DoS,0.9844844,True,0.0059623676,0.9844844,0.0055629066,0.0016844276,0.0023058895
test,Fuzzy,Fuzzy,1478197936.121376,1478197936.147642,2652288,20,0.3125,0,26.26585960388184,790,0x316,test,1120,Fuzzy,Fuzzy,0.9864283,True,0.0042630653,0.00030381777,0.9864283,0.0025711693,0.0064336755
test,Fuzzy,Fuzzy,1478197882.56927,1478197882.774463,2600576,10,0.15625,2,194.4520473480225,2,0x002,test,1121,Fuzzy,Fuzzy,0.97868747,True,0.011782818,0.00030814434,0.97868747,0.0077035907,0.0015180429
test,Normal,Fuzzy,1478201135.847592,1478201135.885079,3703744,0,0.0,-1,,399,0x18F,test,1122,Normal,Normal,0.92389476,True,0.92389476,0.0015067345,0.026307197,0.040585604,0.0077057155
test,DoS,DoS,1478200497.381452,1478200497.514092,2510208,40,0.625,1,127.09307670593262,0,0x000,test,1123,DoS,DoS,0.9838626,True,0.00577517,0.9838626,0.0062820455,0.0016201717,0.0024600811
test,RPM,RPM,1478192750.031535,1478192750.055777,3301184,19,0.296875,0,24.242162704467773,790,0x316,test,1124,RPM,RPM,0.9906096,True,0.0039846236,0.0002616368,0.0017090361,0.0034351747,0.9906096
test,Gear,Gear,1478195068.165179,1478195068.193853,3435008,22,0.34375,5,23.54097366333008,1087,0x43F,test,1125,Gear,Gear,0.9902526,True,0.0023334606,0.0006126314,0.002932554,0.9902526,0.003868757
test,Fuzzy,Fuzzy,1478197986.348293,1478197986.670993,2701056,25,0.390625,0,322.70002365112305,704,0x2C0,test,1126,Fuzzy,Fuzzy,0.98802805,True,0.003134371,0.00020411103,0.98802805,0.004475891,0.004157659
test,Fuzzy,Fuzzy,1478198175.531973,1478198175.567124,2929216,25,0.390625,2,34.700870513916016,1088,0x440,test,1127,Fuzzy,Fuzzy,0.98993194,True,0.003833115,0.0003022678,0.98993194,0.002204826,0.0037278014
test,RPM,RPM,1478192716.94275,1478192716.98043,3233536,20,0.3125,7,36.02480888366699,790,0x316,test,1128,RPM,RPM,0.98913735,True,0.0034476758,0.00035746486,0.00054621673,0.006511282,0.98913735
test,Gear,Gear,1478195110.984821,1478195111.061774,3511552,22,0.34375,1,71.38609886169434,1087,0x43F,test,1129,Gear,Gear,0.98834604,True,0.002330241,0.0003992755,0.0022606447,0.98834604,0.0066637145
test,Gear,Gear,1478195007.060822,1478195007.085538,3326016,20,0.3125,6,22.35698699951172,1087,0x43F,test,1130,Gear,Gear,0.9906433,True,0.0023838712,0.00051344367,0.0014890645,0.9906433,0.004970232
test,Gear,Gear,1478194996.129825,1478194996.157216,3308608,19,0.296875,5,26.18598937988281,1087,0x43F,test,1131,Gear,Gear,0.9862909,True,0.0027147804,0.00080484163,0.00035453832,0.9862909,0.009834988
test,Gear,Gear,1478194969.00746,1478194969.045956,3257920,20,0.3125,3,37.79196739196777,1087,0x43F,test,1132,Gear,Gear,0.993363,True,0.00235156,0.00080361706,0.00185344,0.993363,0.0016283431
test,DoS,DoS,1478200445.930681,1478200445.966968,2434560,33,0.515625,0,36.28706932067871,0,0x000,test,1133,DoS,DoS,0.9833567,True,0.0072919317,0.9833567,0.0056550046,0.0016996025,0.0019967475
test,Gear,Gear,1478195035.401994,1478195035.464823,3375936,22,0.34375,4,61.89608573913574,1087,0x43F,test,1134,Gear,Gear,0.99328977,True,0.0017916602,0.00066636625,0.0017602266,0.99328977,0.002491995
test,DoS,DoS,1478200565.978609,1478200566.043981,2584128,35,0.546875,1,65.12808799743652,0,0x000,test,1135,DoS,DoS,0.9867041,True,0.009191459,0.9867041,0.0010441722,0.0013469439,0.0017133334
test,DoS,DoS,1478200641.718959,1478200641.915017,2667392,31,0.484375,0,196.05779647827148,0,0x000,test,1136,DoS,DoS,0.981835,True,0.0067829555,0.981835,0.0072938944,0.0015490577,0.0025390217
test,Fuzzy,Fuzzy,1478197994.618501,1478197994.810786,2710016,28,0.4375,1,192.06905364990237,320,0x140,test,1137,Fuzzy,Fuzzy,0.98976,True,0.003342588,0.00035881973,0.98976,0.0021592465,0.004379335
test,Normal,Fuzzy,1478201074.327094,1478201074.359077,3589760,0,0.0,-1,,2,0x002,test,1138,Normal,Normal,0.93881357,True,0.93881357,0.013201324,0.000772693,0.018931607,0.02828091
test,Fuzzy,Fuzzy,1478198159.463827,1478198159.490726,2901824,21,0.328125,1,26.684045791625977,304,0x130,test,1139,Fuzzy,Fuzzy,0.9864304,True,0.0042355643,0.0004722581,0.9864304,0.0021171994,0.0067445873
test,Normal,RPM,1478201043.479446,1478201043.512179,4315456,0,0.0,-1,,305,0x131,test,1140,Normal,Normal,0.96347237,True,0.96347237,0.0065958686,0.0011918377,0.01770839,0.011031594
test,RPM,RPM,1478192787.310282,1478192787.363564,3366976,20,0.3125,0,53.28202247619629,790,0x316,test,1141,RPM,RPM,0.9889802,True,0.0040072226,0.00024724513,0.0019857574,0.0047796234,0.9889802
test,RPM,RPM,1478192757.021461,1478192757.04446,3316544,21,0.328125,1,22.77207374572754,790,0x316,test,1142,RPM,RPM,0.99111557,True,0.0030860717,0.0003323158,0.000619511,0.004846503,0.99111557
test,Fuzzy,Fuzzy,1478198174.984057,1478198175.025748,2928448,27,0.421875,0,41.69106483459473,305,0x131,test,1143,Fuzzy,Fuzzy,0.9898519,True,0.0033480413,0.00034148534,0.9898519,0.0024577791,0.004000792
test,RPM,RPM,1478192786.177502,1478192786.205858,3365376,22,0.34375,1,28.1219482421875,790,0x316,test,1144,RPM,RPM,0.99244714,True,0.0029088499,0.0002509769,0.0016773104,0.002715726,0.99244714
test,Fuzzy,Fuzzy,1478197755.89068,1478197755.911604,2486080,24,0.375,3,20.215988159179688,2,0x002,test,1145,Fuzzy,Fuzzy,0.98827714,True,0.00366285,0.00029477561,0.98827714,0.0024468608,0.00531836
test,Fuzzy,Fuzzy,1478197762.174459,1478197762.236202,2494016,26,0.40625,3,61.03396415710449,848,0x350,test,1146,Fuzzy,Fuzzy,0.988907,True,0.003098881,0.0003509291,0.988907,0.0029401362,0.0047030584
test,RPM,RPM,1478192942.592271,1478192942.638839,3657728,20,0.3125,2,46.10300064086914,790,0x316,test,1147,RPM,RPM,0.9878836,True,0.003299973,0.000566219,0.00031384992,0.007936251,0.9878836
test,Normal,Gear,1478201065.380003,1478201065.417212,4177472,0,0.0,-1,,399,0x18F,test,1148,Normal,Normal,0.9762783,True,0.9762783,0.0024239894,0.0028529547,0.007933624,0.010511071
test,DoS,DoS,1478200383.022702,1478200383.060978,2347968,36,0.5625,0,38.275957107543945,0,0x000,test,1149,DoS,DoS,0.9836752,True,0.0070743435,0.9836752,0.0055298074,0.0017032769,0.0020173648
test,Normal,DoS,1478201129.374262,1478201129.406615,3518656,0,0.0,-1,,2,0x002,test,1150,Normal,Normal,0.9524869,True,0.9524869,0.0037245962,0.005916748,0.026498325,0.0113734845
test,RPM,RPM,1478192704.865292,1478192704.899905,3207808,22,0.34375,1,34.39188003540039,790,0x316,test,1151,RPM,RPM,0.98336697,True,0.00361114,0.00035290155,0.00059074786,0.012078318,0.98336697
test,DoS,DoS,1478200430.615132,1478200430.687707,2412992,34,0.53125,1,72.32785224914551,0,0x000,test,1152,DoS,DoS,0.98708564,True,0.0063584633,0.98708564,0.002945307,0.0015507198,0.0020598788
test,RPM,RPM,1478192963.801882,1478192963.847827,3698048,24,0.375,1,45.71890830993652,790,0x316,test,1153,RPM,RPM,0.99052596,True,0.003260143,0.00020168338,0.0029487072,0.0030634596,0.99052596
test,Normal,Fuzzy,1478201094.118083,1478201094.153934,3626432,0,0.0,-1,,305,0x131,test,1154,Normal,Normal,0.97568583,True,0.97568583,0.0028851875,0.003777198,0.008163756,0.009488075
test,Normal,Gear,1478201049.560032,1478201049.592474,4148160,0,0.0,-1,,399,0x18F,test,1155,Normal,Normal,0.9534832,True,0.9534832,0.0064848536,0.0013786544,0.019962026,0.01869123
test,RPM,RPM,1478192754.966671,1478192754.993693,3311552,18,0.28125,0,27.022123336791992,790,0x316,test,1156,RPM,RPM,0.98955476,True,0.004624573,0.00044286254,0.0006078777,0.004769954,0.98955476
test,Gear,Gear,1478194874.080844,1478194874.135466,3081600,19,0.296875,3,53.2841682434082,1087,0x43F,test,1157,Gear,Gear,0.9900559,True,0.0026590305,0.0007378955,0.0022931723,0.9900559,0.004253992
test,Fuzzy,Fuzzy,1478198157.91674,1478198157.945161,2899328,24,0.375,0,28.42116355895996,2,0x002,test,1158,Fuzzy,Fuzzy,0.991366,True,0.0032975972,0.000311936,0.991366,0.0019778188,0.0030466553
test,RPM,RPM,1478192749.752435,1478192749.773865,3300544,19,0.296875,3,20.7209587097168,790,0x316,test,1159,RPM,RPM,0.9895723,True,0.0036331804,0.00024811333,0.0013107163,0.005235768,0.9895723
test,RPM,RPM,1478192689.139043,1478192689.163531,3171328,20,0.3125,3,23.774147033691406,790,0x316,test,1160,RPM,RPM,0.9898497,True,0.003360708,0.00024536188,0.0011359039,0.005408337,0.9898497
test,Normal,RPM,1478201161.487678,1478201161.522042,4533568,0,0.0,-1,,608,0x260,test,1161,Normal,Normal,0.9660274,True,0.9660274,0.0022876584,0.006514624,0.020414306,0.0047560553
test,RPM,RPM,1478192955.255971,1478192955.282634,3682176,18,0.28125,1,26.437997817993164,790,0x316,test,1162,RPM,RPM,0.98648745,True,0.004840653,0.0002841497,0.0014102414,0.0069774534,0.98648745
test,Gear,Gear,1478194990.881248,1478194990.915645,3299008,20,0.3125,0,34.39688682556152,1087,0x43F,test,1163,Gear,Gear,0.98974645,True,0.0027189592,0.00064096955,0.00089374784,0.98974645,0.0059998618
test,Normal,RPM,1478201111.915192,1478201111.947075,4442240,0,0.0,-1,,704,0x2C0,test,1164,Normal,Normal,0.95309234,True,0.95309234,0.0037238372,0.0023390925,0.032109514,0.008735247
test,Gear,Gear,1478194970.516164,1478194970.555561,3260480,21,0.328125,4,38.46502304077149,1087,0x43F,test,1165,Gear,Gear,0.98729044,True,0.0030173205,0.0005069513,0.0062997015,0.98729044,0.0028856029
test,RPM,RPM,1478192702.529391,1478192702.553643,3201600,21,0.328125,1,24.018049240112305,790,0x316,test,1166,RPM,RPM,0.9905363,True,0.0033858235,0.00033480563,0.0006280623,0.0051149987,0.9905363
test,Fuzzy,Fuzzy,1478198101.021676,1478198101.062017,2806528,21,0.328125,0,40.34090042114258,880,0x370,test,1167,Fuzzy,Fuzzy,0.9890652,True,0.0039376435,0.00020304267,0.9890652,0.004086734,0.0027073673
test,DoS,DoS,1478200510.865949,1478200510.88189,2527488,35,0.546875,1,15.694141387939451,0,0x000,test,1168,DoS,DoS,0.9841027,True,0.0066607976,0.9841027,0.0054492084,0.0016814142,0.0021057804
test,Gear,Gear,1478194963.017922,1478194963.041298,3246144,20,0.3125,0,23.3759880065918,1087,0x43F,test,1169,Gear,Gear,0.9907769,True,0.0028754796,0.000577653,0.0015328302,0.9907769,0.004237128
test,RPM,RPM,1478192844.519795,1478192844.54824,3467584,20,0.3125,1,28.22089195251465,790,0x316,test,1170,RPM,RPM,0.9881833,True,0.003471184,0.000553483,0.00032246378,0.0074695805,0.9881833
test,Normal,DoS,1478201029.627614,1478201029.659331,3334592,0,0.0,-1,,2,0x002,test,1171,Normal,Normal,0.9029159,True,0.9029159,0.006099488,0.0014922377,0.03638719,0.05310513
test,DoS,DoS,1478200389.974592,1478200390.013359,2359360,38,0.59375,0,38.76709938049317,0,0x000,test,1172,DoS,DoS,0.9841212,True,0.0062154224,0.9841212,0.00553333,0.0017282071,0.002401825
test,Gear,Gear,1478194853.555616,1478194853.578422,3038656,19,0.296875,0,22.806167602539062,1087,0x43F,test,1173,Gear,Gear,0.990448,True,0.0030828784,0.00066316844,0.0014173202,0.990448,0.0043886187
test,Fuzzy,Fuzzy,1478197865.029609,1478197865.058083,2585088,23,0.359375,0,28.474092483520508,320,0x140,test,1174,Fuzzy,Fuzzy,0.9910358,True,0.0034389673,0.00025888227,0.9910358,0.002335815,0.0029304796
test,Normal,Gear,1478201057.368152,1478201057.399497,4162624,0,0.0,-1,,2,0x002,test,1175,Normal,Normal,0.94570696,True,0.94570696,0.01882919,0.0007128865,0.028391229,0.006359872
test,DoS,DoS,1478200321.200772,1478200321.282845,2289728,34,0.53125,0,82.07297325134277,0,0x000,test,1176,DoS,DoS,0.9836031,True,0.0063901474,0.9836031,0.006063858,0.0017061987,0.0022366557
test,Normal,DoS,1478201208.24084,1478201208.273639,3664256,0,0.0,-1,,2,0x002,test,1177,Normal,Normal,0.94114435,True,0.94114435,0.02034204,0.00074064895,0.029828621,0.007944321
test,DoS,DoS,1478200449.223715,1478200449.239663,2440832,35,0.546875,0,15.947818756103516,0,0x000,test,1178,DoS,DoS,0.98417723,True,0.006693617,0.98417723,0.0053011402,0.0016582035,0.0021697239
test,Gear,Gear,1478195027.430868,1478195027.462927,3363328,19,0.296875,1,31.853199005126957,1087,0x43F,test,1179,Gear,Gear,0.98559535,True,0.0028338404,0.00042380203,0.0018539355,0.98559535,0.00929313
test,Normal,RPM,1478201023.050135,1478201023.08171,4278336,0,0.0,-1,,2,0x002,test,1180,Normal,Normal,0.9009932,True,0.9009932,0.015051393,0.00093198416,0.071439184,0.011584229
test,Normal,Fuzzy,1478201206.702489,1478201206.739768,3834496,0,0.0,-1,,2,0x002,test,1181,Normal,Normal,0.88421047,True,0.88421047,0.011124328,0.0014314376,0.034955405,0.06827835
test,DoS,DoS,1478200488.143144,1478200488.159379,2497216,34,0.53125,0,16.2351131439209,0,0x000,test,1182,DoS,DoS,0.9843514,True,0.007191531,0.9843514,0.0047600805,0.0014964993,0.0022004782
test,RPM,RPM,1478192824.883638,1478192824.906312,3430144,20,0.3125,1,22.44806289672852,790,0x316,test,1183,RPM,RPM,0.98996276,True,0.0037680173,0.00022131194,0.0026349344,0.0034129438,0.98996276
test,Gear,Gear,1478194860.453549,1478194860.476901,3053696,20,0.3125,0,23.35214614868164,1087,0x43F,test,1184,Gear,Gear,0.9876816,True,0.002623236,0.0005901589,0.0016711836,0.9876816,0.0074338918
test,Normal,Fuzzy,1478201032.614388,1478201032.646701,3513216,0,0.0,-1,,399,0x18F,test,1185,Normal,Normal,0.9349053,True,0.9349053,0.00480925,0.0026344487,0.04638724,0.0112636965
test,DoS,DoS,1478200633.285903,1478200633.465454,2658496,40,0.625,0,179.5511245727539,0,0x000,test,1186,DoS,DoS,0.98308116,True,0.005983651,0.98308116,0.006801254,0.0018015146,0.002332417
test,Normal,RPM,1478201182.319016,1478201182.351026,4572160,0,0.0,-1,,399,0x18F,test,1187,Normal,Normal,0.95574844,True,0.95574844,0.008074244,0.0012612288,0.030503351,0.0044126455
test,Normal,RPM,1478201150.037602,1478201150.074214,4512832,0,0.0,-1,,2,0x002,test,1188,Normal,Normal,0.9263658,True,0.9263658,0.0027787513,0.005809393,0.017752524,0.047293536
test,DoS,DoS,1478200542.127898,1478200542.315273,2561280,43,0.671875,1,181.8790435791016,0,0x000,test,1189,DoS,DoS,0.9852535,True,0.0056085503,0.9852535,0.0054595517,0.0016679849,0.0020105008
test,RPM,RPM,1478192696.223184,1478192696.249973,3187520,24,0.375,1,26.556968688964844,790,0x316,test,1190,RPM,RPM,0.9940866,True,0.00234675,0.00028148183,0.0012013677,0.0020837854,0.9940866
test,DoS,DoS,1478200376.30425,1478200376.353734,2337152,32,0.5,0,49.4840145111084,0,0x000,test,1191,DoS,DoS,0.9836557,True,0.008224611,0.9836557,0.004411559,0.0013494312,0.0023587076
test,RPM,RPM,1478192812.186702,1478192812.221948,3407616,21,0.328125,6,33.46681594848633,790,0x316,test,1192,RPM,RPM,0.990413,True,0.003838223,0.0002374031,0.0013770574,0.004134331,0.990413
test,Fuzzy,Fuzzy,1478197985.822193,1478197986.030745,2700864,13,0.203125,10,189.05901908874512,304,0x130,test,1193,Fuzzy,Fuzzy,0.98228663,True,0.0064828815,0.0005388282,0.98228663,0.0020938336,0.008597801
test,Gear,Gear,1478194994.166617,1478194994.19725,3305088,5,0.078125,51,3.2799243927001958,1087,0x43F,test,1194,Gear,Gear,0.7608302,True,0.20960732,0.005854973,0.0022288885,0.7608302,0.021478532
test,Normal,RPM,1478201133.60674,1478201133.640466,4482432,0,0.0,-1,,305,0x131,test,1195,Normal,Normal,0.9743299,True,0.9743299,0.0018781369,0.0074532814,0.0044963295,0.011842353
test,Gear,Gear,1478194936.08252,1478194936.131601,3198272,21,0.328125,2,48.60711097717285,1087,0x43F,test,1196,Gear,Gear,0.9934865,True,0.0022188758,0.00083957874,0.00088654744,0.9934865,0.0025685094
test,DoS,DoS,1478200397.476701,1478200397.531581,2371520,37,0.578125,0,54.87990379333496,0,0x000,test,1197,DoS,DoS,0.98709863,True,0.0054174624,0.98709863,0.0033047488,0.0016314642,0.0025476527
test,Normal,DoS,1478201071.648267,1478201071.681785,3411712,0,0.0,-1,,2,0x002,test,1198,Normal,Normal,0.9665836,True,0.9665836,0.0030266813,0.0037466863,0.013312019,0.0133310575
test,RPM,RPM,1478192780.324631,1478192780.371255,3355968,18,0.28125,0,46.623945236206055,790,0x316,test,1199,RPM,RPM,0.9880932,True,0.0055101137,0.00034257164,0.00091344677,0.0051407143,0.9880932
test,Fuzzy,Fuzzy,1478198151.397282,1478198151.431359,2888000,23,0.359375,1,33.866167068481445,1349,0x545,test,1200,Fuzzy,Fuzzy,0.9814434,True,0.0053753513,0.0006238204,0.9814434,0.0023284173,0.010228996
test,Normal,RPM,1478201208.881931,1478201208.91803,4621376,0,0.0,-1,,2,0x002,test,1201,Normal,Normal,0.561109,True,0.561109,0.0050660004,0.002865438,0.0046764053,0.42628318
test,Normal,DoS,1478201177.014157,1478201177.045599,3606400,0,0.0,-1,,304,0x130,test,1202,Normal,Normal,0.96543837,True,0.96543837,0.0022625984,0.00425301,0.020123769,0.00792225
test,Gear,Gear,1478195113.811276,1478195113.905028,3513408,13,0.203125,0,93.75214576721191,1087,0x43F,test,1203,Gear,Gear,0.9756363,True,0.010148931,0.0019809536,0.00093161274,0.9756363,0.011302231
test,DoS,DoS,1478200453.755619,1478200453.801049,2447360,33,0.515625,3,29.040098190307617,0,0x000,test,1204,DoS,DoS,0.98493224,True,0.0073668496,0.98493224,0.004121102,0.0016385318,0.0019413275
test,Fuzzy,Fuzzy,1478197988.261641,1478197988.525031,2701568,20,0.3125,7,261.7340087890625,399,0x18F,test,1205,Fuzzy,Fuzzy,0.99008596,True,0.0038081075,0.00034408548,0.99008596,0.0020213174,0.0037406199
test,Normal,RPM,1478201162.52439,1478201162.556942,4535488,0,0.0,-1,,2,0x002,test,1206,Normal,Normal,0.90877926,True,0.90877926,0.0014067162,0.014567727,0.006152692,0.06909363
test,Normal,DoS,1478201075.207878,1478201075.239293,3418304,0,0.0,-1,,2,0x002,test,1207,Normal,Normal,0.9468739,True,0.9468739,0.0063998983,0.0019281763,0.024625262,0.020172765
test,Fuzzy,Fuzzy,1478197813.811536,1478197813.844489,2540736,34,0.53125,1,32.72700309753418,704,0x2C0,test,1208,Fuzzy,Fuzzy,0.9907086,True,0.0027743431,0.00033871742,0.9907086,0.0023893649,0.003789048
test,DoS,DoS,1478200400.034258,1478200400.086493,2374976,17,0.265625,0,52.23512649536133,0,0x000,test,1209,DoS,DoS,0.9768124,True,0.009235454,0.9768124,0.009473719,0.0016541929,0.0028242096
test,Fuzzy,Fuzzy,1478197874.328324,1478197874.433175,2593600,21,0.328125,1,99.1840362548828,848,0x350,test,1210,Fuzzy,Fuzzy,0.974246,True,0.005658561,0.00017304029,0.974246,0.013637587,0.006284829
test,Fuzzy,Fuzzy,1478197904.902374,1478197905.20102,2621696,27,0.421875,3,282.2599411010742,304,0x130,test,1211,Fuzzy,Fuzzy,0.9905946,True,0.0023139662,0.00026107702,0.9905946,0.0028279314,0.004002306
test,Gear,Gear,1478194996.080561,1478194996.128937,3308544,18,0.28125,5,47.16300964355469,1087,0x43F,test,1212,Gear,Gear,0.99036086,True,0.0030783257,0.0008944438,0.0015243883,0.99036086,0.0041419608
test,DoS,DoS,1478200460.429231,1478200460.496626,2455936,33,0.515625,0,67.39497184753418,0,0x000,test,1213,DoS,DoS,0.9832577,True,0.006827485,0.9832577,0.006026817,0.0016352275,0.002252723
test,Fuzzy,Fuzzy,1478197870.592678,1478197870.798433,2591616,28,0.4375,0,205.7549953460693,848,0x350,test,1214,Fuzzy,Fuzzy,0.99045324,True,0.0027074087,0.0002739072,0.99045324,0.0024834666,0.004082074
test,RPM,RPM,1478192859.60201,1478192859.626312,3498880,20,0.3125,0,24.302005767822266,790,0x316,test,1215,RPM,RPM,0.98949474,True,0.0039685844,0.00037132652,0.00069836865,0.005466995,0.98949474
test,RPM,RPM,1478192799.195088,1478192799.225713,3386752,21,0.328125,2,30.148983001708984,790,0x316,test,1216,RPM,RPM,0.9897696,True,0.0030725268,0.0003490134,0.00055020687,0.0062586362,0.9897696
test,Gear,Gear,1478194968.228328,1478194968.250334,3256384,19,0.296875,2,21.538972854614254,1087,0x43F,test,1217,Gear,Gear,0.99152374,True,0.0023734465,0.00056453573,0.0018155524,0.99152374,0.0037228034
test,DoS,DoS,1478200533.436227,1478200533.470541,2551552,3,0.046875,60,0.8130073547363281,399,0x18F,test,1218,DoS,Normal,0.9683869,False,0.9683869,0.00407898,0.0034294466,0.015396779,0.008707872
test,Gear,Gear,1478194898.139301,1478194898.164663,3127488,21,0.328125,3,24.604082107543945,1087,0x43F,test,1219,Gear,Gear,0.9920366,True,0.0024759285,0.0005395724,0.001974631,0.9920366,0.0029732161
test,RPM,RPM,1478192697.168136,1478192697.190647,3190016,20,0.3125,0,22.511005401611328,790,0x316,test,1220,RPM,RPM,0.9873979,True,0.0039285715,0.00030149063,0.0008617845,0.007510287,0.9873979
test,RPM,RPM,1478192750.175675,1478192750.211307,3301440,23,0.359375,1,35.40515899658203,790,0x316,test,1221,RPM,RPM,0.99061733,True,0.0024183828,0.00031228477,0.0005631087,0.0060889153,0.99061733
test,Normal,Gear,1478201114.847943,1478201114.885526,4269120,0,0.0,-1,,2,0x002,test,1222,Normal,Normal,0.9432254,True,0.9432254,0.0030940135,0.0024451057,0.023997141,0.02723836
test,Gear,Gear,1478194951.483204,1478194951.523422,3224640,16,0.25,2,37.18209266662598,1087,0x43F,test,1223,Gear,Gear,0.98563147,True,0.0056410283,0.00070213916,0.0041091954,0.98563147,0.0039161704
test,RPM,RPM,1478192949.72525,1478192949.764787,3670912,20,0.3125,1,38.60306739807129,790,0x316,test,1224,RPM,RPM,0.99163306,True,0.0031645626,0.00046141414,0.0004094196,0.004331578,0.99163306
test,Gear,Gear,1478194911.575287,1478194911.624626,3155008,19,0.296875,5,26.93700790405273,1087,0x43F,test,1225,Gear,Gear,0.9882868,True,0.002475781,0.0005776901,0.001993024,0.9882868,0.006666802
test,RPM,RPM,1478192689.77897,1478192689.803261,3173056,20,0.3125,3,23.571014404296875,790,0x316,test,1226,RPM,RPM,0.98879063,True,0.0041635195,0.00024014083,0.0015280761,0.00527761,0.98879063
test,RPM,RPM,1478192948.222083,1478192948.244344,3668160,19,0.296875,3,21.471023559570312,790,0x316,test,1227,RPM,RPM,0.99205023,True,0.0034256473,0.00030391524,0.0009320071,0.003288162,0.99205023
test,RPM,RPM,1478192715.860554,1478192715.888966,3231552,23,0.359375,1,28.18608283996582,790,0x316,test,1228,RPM,RPM,0.9927533,True,0.0027023805,0.00025313493,0.001021979,0.003269017,0.9927533
test,RPM,RPM,1478192838.93745,1478192838.969719,3456896,21,0.328125,4,26.312828063964844,790,0x316,test,1229,RPM,RPM,0.99139637,True,0.0030640278,0.00024673322,0.001295475,0.003997341,0.99139637
test,DoS,DoS,1478200349.907728,1478200350.091543,2313216,30,0.46875,1,178.5750389099121,0,0x000,test,1230,DoS,DoS,0.9853077,True,0.010408441,0.9853077,0.0010645686,0.0015261398,0.0016931358
test,Normal,DoS,1478201014.809425,1478201014.840108,3307136,0,0.0,-1,,2,0x002,test,1231,Normal,Normal,0.95920444,True,0.95920444,0.0030164316,0.0053394996,0.022498202,0.009941455
test,Gear,Gear,1478195001.609152,1478195001.701219,3317504,17,0.265625,0,92.06700325012208,1087,0x43F,test,1232,Gear,Gear,0.9832418,True,0.0055612926,0.0008540304,0.00095658586,0.9832418,0.009386294
test,Fuzzy,Fuzzy,1478197952.50307,1478197952.649339,2668480,27,0.421875,2,145.80106735229492,304,0x130,test,1233,Fuzzy,Fuzzy,0.9890777,True,0.0034007162,0.0003597033,0.9890777,0.0021674875,0.004994341
test,Gear,Gear,1478195071.705723,1478195071.728748,3441600,20,0.3125,1,22.727012634277344,1087,0x43F,test,1234,Gear,Gear,0.99308664,True,0.002128585,0.0007309019,0.001157093,0.99308664,0.0028967203
test,Fuzzy,Fuzzy,1478198123.420131,1478198123.451193,2842304,4,0.0625,53,3.275156021118164,672,0x2A0,test,1235,Fuzzy,Normal,0.523661,False,0.523661,0.00087350444,0.4388778,0.03151255,0.0050750994
test,DoS,DoS,1478200359.615329,1478200359.814893,2319872,34,0.53125,3,188.27009201049805,0,0x000,test,1236,DoS,DoS,0.9865443,True,0.006655301,0.9865443,0.0031722365,0.001583484,0.0020447199
test,Fuzzy,Fuzzy,1478197860.772753,1478197860.835434,2582976,26,0.40625,0,62.680959701538086,2,0x002,test,1237,Fuzzy,Fuzzy,0.97874933,True,0.0055168383,0.0005689131,0.97874933,0.0021132224,0.013051695
test,RPM,RPM,1478192909.949797,1478192910.033906,3602368,21,0.328125,3,83.19592475891113,790,0x316,test,1238,RPM,RPM,0.99095213,True,0.002029398,0.0004084219,0.00039650672,0.006213524,0.99095213
test,Normal,DoS,1478201201.884116,1478201201.919736,3652480,0,0.0,-1,,304,0x130,test,1239,Normal,Normal,0.9225853,True,0.9225853,0.0032113725,0.006803113,0.05391319,0.01348708
test,Gear,Gear,1478195087.437858,1478195087.469658,3470208,22,0.34375,0,31.799793243408203,1087,0x43F,test,1240,Gear,Gear,0.99096537,True,0.0017822046,0.0006048058,0.00092562695,0.99096537,0.0057219337
test,RPM,RPM,1478192736.956894,1478192736.990527,3273152,23,0.359375,0,33.63299369812012,790,0x316,test,1241,RPM,RPM,0.9928086,True,0.0024414589,0.00023318711,0.0015840315,0.0029327497,0.9928086
test,RPM,RPM,1478192962.258436,1478192962.311009,3695360,20,0.3125,0,52.57296562194824,790,0x316,test,1242,RPM,RPM,0.9866224,True,0.0046016774,0.00051159156,0.00042201157,0.007842377,0.9866224
test,Normal,RPM,1478201042.61655,1478201042.649257,4313856,0,0.0,-1,,672,0x2A0,test,1243,Normal,Normal,0.89349973,True,0.89349973,0.0050082044,0.0038473862,0.084542304,0.013102319
test,Normal,RPM,1478201064.828793,1478201064.861473,4355008,0,0.0,-1,,2,0x002,test,1244,Normal,Normal,0.9503751,True,0.9503751,0.0013410356,0.0063318857,0.010101249,0.031850733
test,RPM,RPM,1478192896.471904,1478192896.495161,3575296,20,0.3125,0,23.25701713562012,790,0x316,test,1245,RPM,RPM,0.992187,True,0.0035544154,0.00028662008,0.0010487026,0.002923268,0.992187
test,Normal,DoS,1478201012.283163,1478201012.320767,3302464,0,0.0,-1,,2,0x002,test,1246,Normal,Normal,0.881703,True,0.881703,0.019078497,0.00087612506,0.08425795,0.0140843205
test,Fuzzy,Fuzzy,1478198166.182176,1478198166.214991,2913984,25,0.390625,2,32.3641300201416,320,0x140,test,1247,Fuzzy,Fuzzy,0.9915644,True,0.003085032,0.00031538756,0.9915644,0.0020309074,0.0030041945
test,Fuzzy,Fuzzy,1478198143.198042,1478198143.282164,2874112,24,0.375,0,84.1221809387207,1087,0x43F,test,1248,Fuzzy,Fuzzy,0.9887503,True,0.00355211,0.00039730748,0.9887503,0.0024218608,0.004878472
test,RPM,RPM,1478192917.586405,1478192917.613969,3614528,20,0.3125,3,26.867151260375977,790,0x316,test,1249,RPM,RPM,0.9877263,True,0.0033446117,0.00022532218,0.0014630448,0.0072408356,0.9877263
test,Gear,Gear,1478194938.523676,1478194938.545926,3202368,21,0.328125,4,21.31009101867676,1087,0x43F,test,1250,Gear,Gear,0.99330246,True,0.0018869917,0.00068931683,0.0015246861,0.99330246,0.0025965532
test,Fuzzy,Fuzzy,1478197797.332024,1478197797.353225,2524672,27,0.421875,0,21.20089530944824,809,0x329,test,1251,Fuzzy,Fuzzy,0.9914204,True,0.0031707813,0.00023445564,0.9914204,0.0023074788,0.0028669126
test,Gear,Gear,1478194981.592443,1478194981.640971,3280576,22,0.34375,4,47.57285118103027,1087,0x43F,test,1252,Gear,Gear,0.9875144,True,0.0033080648,0.00055153266,0.005303921,0.9875144,0.0033221256
test,RPM,RPM,1478192741.63337,1478192741.662622,3282752,22,0.34375,3,28.47003936767578,790,0x316,test,1253,RPM,RPM,0.99124956,True,0.0025342947,0.00039369945,0.00041711752,0.005405354,0.99124956
test,RPM,RPM,1478192844.490352,1478192844.519549,3467520,22,0.34375,2,28.447866439819336,790,0x316,test,1254,RPM,RPM,0.9918786,True,0.0029748185,0.00028071066,0.00093713554,0.0039287084,0.9918786
test,Fuzzy,Fuzzy,1478198043.204406,1478198043.527761,2746048,30,0.46875,0,323.35495948791504,339,0x153,test,1255,Fuzzy,Fuzzy,0.9918066,True,0.0024337543,0.00030375802,0.9918066,0.0023125624,0.003143326
test,Normal,DoS,1478201089.989813,1478201090.027205,3445696,0,0.0,-1,,304,0x130,test,1256,Normal,Normal,0.9729532,True,0.9729532,0.0015919609,0.004795789,0.0077997795,0.012859301
test,Fuzzy,Fuzzy,1478197753.661894,1478197753.717252,2484480,22,0.34375,0,55.3579330444336,1087,0x43F,test,1257,Fuzzy,Fuzzy,0.9877104,True,0.0037777973,0.000357762,0.9877104,0.0022254928,0.0059284074
test,Gear,Gear,1478194922.935911,1478194922.958025,3175424,20,0.3125,5,20.92504501342773,1087,0x43F,test,1258,Gear,Gear,0.99359494,True,0.0020380642,0.00085186696,0.0016064777,0.99359494,0.0019086382
test,DoS,DoS,1478200488.295742,1478200488.353768,2497472,36,0.5625,0,58.02607536315918,0,0x000,test,1259,DoS,DoS,0.98305327,True,0.006685393,0.98305327,0.006371761,0.0016834956,0.002206042
test,Gear,Gear,1478195071.992169,1478195072.016891,3442368,21,0.328125,2,24.255037307739254,1087,0x43F,test,1260,Gear,Gear,0.98996884,True,0.0025590097,0.00046609232,0.0026809024,0.98996884,0.004325208
test,RPM,RPM,1478192724.610507,1478192724.639147,3248320,19,0.296875,1,28.419017791748047,790,0x316,test,1261,RPM,RPM,0.98983395,True,0.00386082,0.00043507028,0.0004167968,0.005453352,0.98983395
test,Normal,RPM,1478201071.873635,1478201071.909,4368064,0,0.0,-1,,2,0x002,test,1262,Normal,Normal,0.94381785,True,0.94381785,0.0034392811,0.006877257,0.03955261,0.0063129575
test,Fuzzy,Fuzzy,1478198050.317769,1478198050.345742,2752512,22,0.34375,3,27.261972427368164,339,0x153,test,1263,Fuzzy,Fuzzy,0.9844982,True,0.0050564655,0.00058628817,0.9844982,0.0018644686,0.007994602
test,Fuzzy,Fuzzy,1478198143.602136,1478198143.641728,2874752,26,0.40625,1,39.3679141998291,704,0x2C0,test,1264,Fuzzy,Fuzzy,0.9871321,True,0.0039278246,0.0004613599,0.9871321,0.0024288145,0.006049904
test,Normal,RPM,1478201132.397079,1478201132.431617,4480192,0,0.0,-1,,399,0x18F,test,1265,Normal,Normal,0.9645251,True,0.9645251,0.0033337483,0.0021346682,0.010152834,0.019853488
test,DoS,DoS,1478200476.713579,1478200476.749532,2479744,34,0.53125,1,35.70699691772461,0,0x000,test,1266,DoS,DoS,0.9861178,True,0.0066821203,0.9861178,0.0034690625,0.0015408348,0.0021902747
test,RPM,RPM,1478192710.812507,1478192710.834633,3221248,20,0.3125,0,22.126197814941406,790,0x316,test,1267,RPM,RPM,0.9927354,True,0.00310592,0.00032512003,0.0007737844,0.0030598282,0.9927354
test,RPM,RPM,1478192715.602821,1478192715.643561,3231104,21,0.328125,0,40.73977470397949,790,0x316,test,1268,RPM,RPM,0.99068767,True,0.0034864603,0.00029960458,0.00072562316,0.004800769,0.99068767
test,DoS,DoS,1478200322.54328,1478200322.631143,2290368,32,0.5,1,87.6150131225586,0,0x000,test,1269,DoS,DoS,0.9856184,True,0.006659983,0.9856184,0.003923678,0.0015341425,0.0022637732
test,Fuzzy,Fuzzy,1478197733.249845,1478197733.396601,2461120,25,0.390625,0,146.75593376159668,304,0x130,test,1270,Fuzzy,Fuzzy,0.9908013,True,0.0030646615,0.00033842458,0.9908013,0.0023635456,0.0034321141
test,DoS,DoS,1478200635.895839,1478200635.974465,2660160,36,0.5625,0,78.62591743469238,0,0x000,test,1271,DoS,DoS,0.98778814,True,0.0068531795,0.98778814,0.0019277233,0.0015341495,0.0018968786
test,RPM,RPM,1478192872.328998,1478192872.361226,3524928,22,0.34375,0,32.22799301147461,790,0x316,test,1272,RPM,RPM,0.98933536,True,0.0032128145,0.00024429694,0.0010807038,0.0061268066,0.98933536
test,RPM,RPM,1478192683.074828,1478192683.098827,3157824,22,0.34375,0,23.99897575378418,790,0x316,test,1273,RPM,RPM,0.9915726,True,0.0028787553,0.00033519728,0.000595921,0.004617549,0.9915726
test,DoS,DoS,1478200396.027944,1478200396.081996,2369536,36,0.5625,0,54.051876068115234,0,0x000,test,1274,DoS,DoS,0.9853881,True,0.00669016,0.9853881,0.0040664705,0.0015277112,0.0023275847
test,DoS,DoS,1478200610.387063,1478200610.507318,2635584,37,0.578125,0,120.2549934387207,0,0x000,test,1275,DoS,DoS,0.9872021,True,0.005429529,0.9872021,0.0037548447,0.0017381352,0.001875268
test,RPM,RPM,1478192961.120234,1478192961.142132,3693184,20,0.3125,0,21.89803123474121,790,0x316,test,1276,RPM,RPM,0.9901878,True,0.00420076,0.00024149274,0.0022945225,0.0030753247,0.9901878
test,Normal,Fuzzy,1478201011.576496,1478201011.61202,3474240,0,0.0,-1,,2,0x002,test,1277,Normal,Normal,0.8551646,True,0.8551646,0.0045929677,0.0029219696,0.029125983,0.10819441
test,Fuzzy,Fuzzy,1478198116.845239,1478198116.87849,2832640,27,0.421875,8,31.390905380249023,305,0x131,test,1278,Fuzzy,Fuzzy,0.98945194,True,0.003375086,0.00033452714,0.98945194,0.0020006367,0.00483777
test,RPM,RPM,1478192873.137081,1478192873.173604,3526528,20,0.3125,1,36.28206253051758,790,0x316,test,1279,RPM,RPM,0.98785174,True,0.0041558864,0.00039491008,0.0005392949,0.0070580402,0.98785174
test,RPM,RPM,1478192721.686111,1478192721.710455,3242624,22,0.34375,0,24.34396743774414,790,0x316,test,1280,RPM,RPM,0.9891207,True,0.0042069526,0.00021253375,0.0027322166,0.003727493,0.9891207
test,DoS,DoS,1478200571.516032,1478200571.602393,2591936,34,0.53125,0,86.36093139648438,0,0x000,test,1281,DoS,DoS,0.98651785,True,0.006597355,0.98651785,0.0034915954,0.0016631366,0.0017300838
test,Gear,Gear,1478194906.594816,1478194906.62428,3145600,20,0.3125,2,28.99789810180664,1087,0x43F,test,1282,Gear,Gear,0.99095297,True,0.0031548645,0.0006574368,0.0010385507,0.99095297,0.0041962527
test,RPM,RPM,1478192696.68093,1478192696.703572,3188736,20,0.3125,0,22.642135620117188,790,0x316,test,1283,RPM,RPM,0.9869386,True,0.0045200167,0.00033800857,0.00066447066,0.0075389775,0.9869386
test,Fuzzy,Fuzzy,1478197836.633628,1478197836.751747,2561984,27,0.421875,0,118.1190013885498,672,0x2A0,test,1284,Fuzzy,Fuzzy,0.99007493,True,0.0031947407,0.00039548925,0.99007493,0.002052063,0.004282801
test,Gear,Gear,1478194858.94597,1478194858.977193,3050048,21,0.328125,2,30.59101104736328,1087,0x43F,test,1285,Gear,Gear,0.9908359,True,0.0023254564,0.00061007624,0.0018470365,0.9908359,0.0043815705
test,RPM,RPM,1478192948.762243,1478192948.803185,3669184,18,0.28125,3,39.98208045959473,790,0x316,test,1286,RPM,RPM,0.99282783,True,0.003708292,0.0005127812,0.0004719621,0.0024790748,0.99282783
test,DoS,DoS,1478200396.219473,1478200396.258317,2369792,32,0.5,1,38.60187530517578,0,0x000,test,1287,DoS,DoS,0.9871367,True,0.0072069783,0.9871367,0.0021473474,0.0015178883,0.001991005
test,DoS,DoS,1478200587.457872,1478200587.536904,2610688,31,0.484375,1,78.78804206848145,0,0x000,test,1288,DoS,DoS,0.9844205,True,0.011468321,0.9844205,0.0010385372,0.0013853319,0.0016872926
test,Gear,Gear,1478195034.273527,1478195034.327303,3374208,22,0.34375,2,53.20096015930176,1087,0x43F,test,1289,Gear,Gear,0.9929085,True,0.0021709749,0.0006353465,0.0019617006,0.9929085,0.002323468
test,DoS,DoS,1478200631.755886,1478200631.771864,2657536,34,0.53125,1,15.732049942016602,0,0x000,test,1290,DoS,DoS,0.98603255,True,0.0068396097,0.98603255,0.003660768,0.0016136562,0.0018534213
test,Normal,Gear,1478201179.864308,1478201179.898878,4389056,0,0.0,-1,,304,0x130,test,1291,Normal,Normal,0.91828805,True,0.91828805,0.0042611076,0.0023383047,0.018751474,0.05636107
test,DoS,DoS,1478200380.715945,1478200380.769525,2344960,35,0.546875,1,53.33304405212402,0,0x000,test,1292,DoS,DoS,0.9876939,True,0.006490171,0.9876939,0.0024618844,0.001253643,0.0021003874
test,Normal,Fuzzy,1478201028.228498,1478201028.260195,3505088,0,0.0,-1,,2,0x002,test,1293,Normal,Normal,0.9258507,True,0.9258507,0.0026949341,0.006432738,0.026268754,0.038752932
test,Normal,RPM,1478201042.926501,1478201042.959457,4314432,0,0.0,-1,,2,0x002,test,1294,Normal,Normal,0.87610847,True,0.87610847,0.013503002,0.0010372843,0.061824318,0.047526907
test,Gear,Gear,1478195023.024564,1478195023.062459,3355456,20,0.3125,2,37.13488578796387,1087,0x43F,test,1295,Gear,Gear,0.991076,True,0.0028345087,0.00090767315,0.00047914265,0.991076,0.004702605
test,Gear,Gear,1478194892.07691,1478194892.101195,3114688,20,0.3125,3,23.57006072998047,1087,0x43F,test,1296,Gear,Gear,0.98862106,True,0.0034938743,0.0005138771,0.0023708357,0.98862106,0.005000424
test,RPM,RPM,1478192792.701967,1478192792.72472,3375936,20,0.3125,1,22.528886795043945,790,0x316,test,1297,RPM,RPM,0.99084353,True,0.0037856593,0.00023197461,0.0020276762,0.0031110554,0.99084353
test,Fuzzy,Fuzzy,1478198132.154464,1478198132.186568,2854976,21,0.328125,4,31.150102615356445,2,0x002,test,1298,Fuzzy,Fuzzy,0.9889471,True,0.004041375,0.00033032117,0.9889471,0.0022145733,0.0044666165
test,Gear,Gear,1478194917.000079,1478194917.049482,3165184,19,0.296875,7,47.74618148803711,1087,0x43F,test,1299,Gear,Gear,0.99007714,True,0.0038909942,0.0006442994,0.003077623,0.99007714,0.0023098974
test,Normal,Gear,1478201052.428568,1478201052.46006,4153472,0,0.0,-1,,2,0x002,test,1300,Normal,Normal,0.94846845,True,0.94846845,0.009888109,0.0011994961,0.019887336,0.020556606
test,Fuzzy,Fuzzy,1478198075.178982,1478198075.291864,2773248,29,0.453125,0,112.88189888000488,2,0x002,test,1301,Fuzzy,Fuzzy,0.9908099,True,0.0028086214,0.00031268556,0.9908099,0.0022911103,0.0037775934
test,DoS,DoS,1478200395.333632,1478200395.358021,2368192,17,0.265625,37,7.539987564086914,0,0x000,test,1302,DoS,DoS,0.92645866,True,0.067106135,0.92645866,0.00033645704,0.0039956314,0.0021031133
test,Normal,DoS,1478201054.377011,1478201054.40901,3379712,0,0.0,-1,,339,0x153,test,1303,Normal,Normal,0.9218137,True,0.9218137,0.008338784,0.0022731274,0.061776698,0.0057975887
test,Normal,Gear,1478201136.475687,1478201136.508081,4309184,0,0.0,-1,,305,0x131,test,1304,Normal,Normal,0.868837,True,0.868837,0.00128604,0.021241311,0.005208157,0.103427544
test,Fuzzy,Fuzzy,1478198115.308851,1478198115.332691,2830272,26,0.40625,0,23.83995056152344,880,0x370,test,1305,Fuzzy,Fuzzy,0.98761123,True,0.0038444013,0.00048030665,0.98761123,0.0020325899,0.006031486
test,Gear,Gear,1478194961.833784,1478194961.857044,3243392,20,0.3125,4,22.305011749267575,1087,0x43F,test,1306,Gear,Gear,0.992589,True,0.0026243576,0.0006881908,0.0016210083,0.992589,0.0024774207
test,RPM,RPM,1478192761.950771,1478192761.983244,3325632,20,0.3125,1,32.24682807922363,790,0x316,test,1307,RPM,RPM,0.9901715,True,0.0036954246,0.00031376004,0.0007225147,0.0050968784,0.9901715
test,Fuzzy,Fuzzy,1478197737.953759,1478197738.06973,2467584,18,0.28125,1,114.86411094665527,704,0x2C0,test,1308,Fuzzy,Fuzzy,0.9840306,True,0.006211576,0.00017482467,0.9840306,0.00765952,0.0019234666
test,Fuzzy,Fuzzy,1478197747.287651,1478197747.394137,2476736,21,0.328125,0,106.48584365844728,1087,0x43F,test,1309,Fuzzy,Fuzzy,0.98325896,True,0.005149219,0.0006327878,0.98325896,0.002418158,0.0085408855
test,DoS,DoS,1478200574.951606,1478200575.027122,2594624,37,0.578125,0,75.5159854888916,0,0x000,test,1310,DoS,DoS,0.9873334,True,0.0066651646,0.9873334,0.002524279,0.00156709,0.0019100541
test,Fuzzy,Fuzzy,1478198125.618152,1478198125.683341,2845184,27,0.421875,0,65.18912315368652,339,0x153,test,1311,Fuzzy,Fuzzy,0.98963284,True,0.0034145454,0.00038784285,0.98963284,0.0024047985,0.0041599143
test,Fuzzy,Fuzzy,1478198125.815466,1478198125.848036,2845376,23,0.359375,0,32.57012367248535,304,0x130,test,1312,Fuzzy,Fuzzy,0.99057674,True,0.0034974802,0.0003217019,0.99057674,0.0022245324,0.0033794534
test,Fuzzy,Fuzzy,1478198107.233601,1478198107.274261,2816896,20,0.3125,11,36.74507141113281,672,0x2A0,test,1313,Fuzzy,Fuzzy,0.99072915,True,0.003813717,0.00024109606,0.99072915,0.0023360613,0.0028799477
test,DoS,DoS,1478200489.369721,1478200489.468716,2498944,36,0.5625,0,98.99497032165527,0,0x000,test,1314,DoS,DoS,0.98330206,True,0.006102617,0.98330206,0.0065463497,0.0018601915,0.0021888383
test,DoS,DoS,1478200384.063163,1478200384.128048,2349440,32,0.5,0,64.88490104675293,0,0x000,test,1315,DoS,DoS,0.98773104,True,0.006313751,0.98773104,0.0023804044,0.0015450136,0.0020298006
test,RPM,RPM,1478192702.454815,1478192702.479947,3201408,22,0.34375,5,23.21815490722656,790,0x316,test,1316,RPM,RPM,0.9927845,True,0.003057678,0.0002546771,0.0012327124,0.0026704497,0.9927845
test,RPM,RPM,1478192845.516342,1478192845.554154,3469568,18,0.28125,1,37.58382797241211,790,0x316,test,1317,RPM,RPM,0.9724777,True,0.008114467,0.00026652962,0.0023213886,0.016819933,0.9724777
test,Normal,DoS,1478201143.155391,1478201143.188231,3544192,0,0.0,-1,,304,0x130,test,1318,Normal,Normal,0.94097733,True,0.94097733,0.004094096,0.0029126874,0.019742852,0.032273076
test,Normal,Gear,1478201131.879508,1478201131.914962,4300672,0,0.0,-1,,2,0x002,test,1319,Normal,Normal,0.9554328,True,0.9554328,0.002227704,0.0058141737,0.0125183845,0.024007037
test,Fuzzy,Fuzzy,1478198111.8199,1478198111.845716,2823936,21,0.328125,3,25.129079818725582,304,0x130,test,1320,Fuzzy,Fuzzy,0.98641753,True,0.0043348325,0.00033845604,0.98641753,0.0022887753,0.006620486
test,Fuzzy,Fuzzy,1478198074.727489,1478198074.87947,2773056,22,0.34375,3,143.0661678314209,304,0x130,test,1321,Fuzzy,Fuzzy,0.984233,True,0.005017417,0.0005593796,0.984233,0.0024481416,0.0077421158
test,Normal,Gear,1478201167.394372,1478201167.428003,4365952,0,0.0,-1,,304,0x130,test,1322,Normal,Normal,0.9533765,True,0.9533765,0.007857271,0.001282757,0.021944184,0.015539329
test,RPM,RPM,1478192941.916847,1478192941.957615,3656512,20,0.3125,0,40.76790809631348,790,0x316,test,1323,RPM,RPM,0.991618,True,0.002845381,0.0004879662,0.00033126478,0.0047173793,0.991618
test,DoS,DoS,1478200604.549408,1478200604.668947,2628608,33,0.515625,0,119.53902244567873,0,0x000,test,1324,DoS,DoS,0.9871361,True,0.00602322,0.9871361,0.0032349955,0.0017923057,0.0018132739
test,Gear,Gear,1478194935.80154,1478194935.824381,3197568,21,0.328125,0,22.841215133666992,1087,0x43F,test,1325,Gear,Gear,0.9911658,True,0.0021427595,0.0006199733,0.001786447,0.9911658,0.004285063
test,DoS,DoS,1478200504.92852,1478200504.979567,2520640,33,0.515625,1,50.80008506774902,0,0x000,test,1326,DoS,DoS,0.9845083,True,0.0077937366,0.9845083,0.004243389,0.0015099663,0.0019446368
test,RPM,RPM,1478192821.795654,1478192821.835304,3424448,24,0.375,3,38.95092010498047,790,0x316,test,1327,RPM,RPM,0.99303114,True,0.0021690899,0.00021439428,0.0015162522,0.003069102,0.99303114
test,Gear,Gear,1478194942.282613,1478194942.308123,3209152,23,0.359375,4,24.35302734375,1087,0x43F,test,1328,Gear,Gear,0.9931009,True,0.001807858,0.0005664189,0.0013947586,0.9931009,0.0031301677
test,Normal,RPM,1478201113.435253,1478201113.467209,4445056,0,0.0,-1,,2,0x002,test,1329,Normal,Normal,0.9660618,True,0.9660618,0.0031588098,0.0038640052,0.018499058,0.008416373
test,DoS,DoS,1478200488.550949,1478200488.580767,2497792,33,0.515625,0,29.817819595336918,0,0x000,test,1330,DoS,DoS,0.9824322,True,0.007977959,0.9824322,0.0059914743,0.0016952183,0.0019032042
test,Gear,Gear,1478194871.951903,1478194871.990389,3077568,17,0.265625,0,38.48600387573242,1087,0x43F,test,1331,Gear,Gear,0.9904925,True,0.003614381,0.00072229904,0.0012365121,0.9904925,0.003934342
test,DoS,DoS,1478200627.148011,1478200627.28419,2651520,36,0.5625,2,135.42985916137695,0,0x000,test,1332,DoS,DoS,0.9866824,True,0.0063477578,0.9866824,0.0035219379,0.0016473258,0.0018005804
test,Normal,RPM,1478201039.370222,1478201039.401768,4307840,0,0.0,-1,,2,0x002,test,1333,Normal,Normal,0.8811483,True,0.8811483,0.01549412,0.00062631787,0.049674965,0.053056333
test,Normal,Fuzzy,1478201148.479696,1478201148.515594,3727104,0,0.0,-1,,2,0x002,test,1334,Normal,Normal,0.9288358,True,0.9288358,0.0025555107,0.003924422,0.011659503,0.05302474
test,Fuzzy,Fuzzy,1478197914.344367,1478197914.375765,2630720,18,0.28125,11,28.76615524291992,2,0x002,test,1335,Fuzzy,Fuzzy,0.9900152,True,0.0037089349,0.00018375869,0.9900152,0.003044054,0.0030480481
test,Normal,Gear,1478201096.987965,1478201097.024362,4236032,0,0.0,-1,,305,0x131,test,1336,Normal,Normal,0.96320915,True,0.96320915,0.001419468,0.014096248,0.0069125784,0.01436246
test,RPM,RPM,1478192891.685576,1478192891.709524,3565696,20,0.3125,1,23.721933364868164,790,0x316,test,1337,RPM,RPM,0.9877438,True,0.0043917014,0.0002712344,0.001130396,0.0064629233,0.9877438
test,Normal,DoS,1478201090.476478,1478201090.508584,3446592,0,0.0,-1,,2,0x002,test,1338,Normal,Normal,0.9573312,True,0.9573312,0.0053649456,0.0022475033,0.02965286,0.0054034786
test,DoS,DoS,1478200496.465825,1478200496.532949,2509568,34,0.53125,2,51.197052001953125,0,0x000,test,1339,DoS,DoS,0.98369735,True,0.012104913,0.98369735,0.00052055554,0.0014264942,0.0022506383
test,Fuzzy,Fuzzy,1478197754.458514,1478197754.531499,2485184,26,0.40625,0,72.98493385314941,2,0x002,test,1340,Fuzzy,Fuzzy,0.9905714,True,0.0028297699,0.0002907688,0.9905714,0.0027244128,0.0035837132
test,Gear,Gear,1478195098.59085,1478195098.628625,3492480,21,0.328125,1,37.57596015930176,1087,0x43F,test,1341,Gear,Gear,0.98985624,True,0.002191461,0.000587513,0.0035175742,0.98985624,0.0038472193
test,Fuzzy,Fuzzy,1478197863.600342,1478197863.8605,2583936,26,0.40625,2,249.0830421447754,399,0x18F,test,1342,Fuzzy,Fuzzy,0.9891209,True,0.0036442527,0.00039216448,0.9891209,0.0019876072,0.004855013
test,RPM,RPM,1478192915.8231,1478192915.84726,3611328,21,0.328125,4,23.19788932800293,790,0x316,test,1343,RPM,RPM,0.9932453,True,0.0028906174,0.0002944713,0.0009190363,0.0026505552,0.9932453
test,Gear,Gear,1478195007.319625,1478195007.34188,3326720,20,0.3125,6,20.3859806060791,1087,0x43F,test,1344,Gear,Gear,0.9898539,True,0.0021826685,0.0005699101,0.00110615,0.9898539,0.006287293
test,Normal,RPM,1478201201.732226,1478201201.765204,4608128,0,0.0,-1,,304,0x130,test,1345,Normal,Normal,0.95023733,True,0.95023733,0.004667974,0.0036741311,0.020951882,0.020468626
test,RPM,RPM,1478192717.814271,1478192717.852788,3235008,20,0.3125,2,38.04302215576172,790,0x316,test,1346,RPM,RPM,0.98919594,True,0.004382432,0.00026568715,0.0014417078,0.004714194,0.98919594
test,Fuzzy,Fuzzy,1478198102.884938,1478198102.955165,2809280,29,0.453125,12,67.38996505737305,399,0x18F,test,1347,Fuzzy,Fuzzy,0.9890682,True,0.0032983248,0.0003621247,0.9890682,0.0024290397,0.0048422646
test,Fuzzy,Fuzzy,1478197756.450583,1478197756.520531,2486656,21,0.328125,3,69.23794746398926,790,0x316,test,1348,Fuzzy,Fuzzy,0.9854608,True,0.0045371433,0.00053438137,0.9854608,0.0022275907,0.0072400467
test,Normal,Gear,1478201073.980541,1478201074.017659,4193408,0,0.0,-1,,2,0x002,test,1349,Normal,Normal,0.91626316,True,0.91626316,0.0036768871,0.0047749695,0.040442754,0.0348422
test,Normal,Fuzzy,1478201118.025448,1478201118.056682,3670720,0,0.0,-1,,2,0x002,test,1350,Normal,Normal,0.8513724,True,0.8513724,0.033116516,0.00086747104,0.10610057,0.008543053
test,Normal,RPM,1478201185.219066,1478201185.2534,4577536,0,0.0,-1,,2,0x002,test,1351,Normal,Normal,0.860864,True,0.860864,0.023254778,0.00064053485,0.053767376,0.061473314
test,Fuzzy,Fuzzy,1478197852.61506,1478197852.751212,2575808,23,0.359375,8,134.23895835876465,2,0x002,test,1352,Fuzzy,Fuzzy,0.9865153,True,0.0039932784,0.0005354909,0.9865153,0.002287242,0.006668775
test,Gear,Gear,1478194898.535275,1478194898.578286,3128192,22,0.34375,10,39.40987586975098,1087,0x43F,test,1353,Gear,Gear,0.99393845,True,0.0018693422,0.00061966304,0.00090156053,0.99393845,0.0026708993
test,Fuzzy,Fuzzy,1478198173.438002,1478198173.474075,2926464,24,0.375,1,35.85314750671387,305,0x131,test,1354,Fuzzy,Fuzzy,0.9905409,True,0.0030893136,0.00028375263,0.9905409,0.002286997,0.0037989314
test,Fuzzy,Fuzzy,1478198150.613276,1478198150.675524,2886848,23,0.359375,6,52.983999252319336,2,0x002,test,1355,Fuzzy,Fuzzy,0.98889506,True,0.0037467093,0.00041358202,0.98889506,0.002167854,0.0047767535
test,DoS,DoS,1478200390.117453,1478200390.155439,2359552,35,0.546875,0,37.985801696777344,0,0x000,test,1356,DoS,DoS,0.9853969,True,0.0060043763,0.9853969,0.0046875607,0.0017624749,0.0021486692
test,RPM,RPM,1478192747.78623,1478192747.810416,3295872,21,0.328125,0,24.185895919799805,790,0x316,test,1357,RPM,RPM,0.9909471,True,0.0034703172,0.00024705194,0.0014866658,0.0038489166,0.9909471
test,Gear,Gear,1478194912.185247,1478194912.218739,3155904,21,0.328125,4,32.540082931518555,1087,0x43F,test,1358,Gear,Gear,0.9917596,True,0.0022695258,0.00074188743,0.0031602718,0.9917596,0.0020687238
test,Gear,Gear,1478195000.670889,1478195000.693217,3316480,18,0.28125,9,20.115137100219727,1087,0x43F,test,1359,Gear,Gear,0.99049056,True,0.002928049,0.0007664479,0.0034685696,0.99049056,0.0023464614
test,RPM,RPM,1478192814.161034,1478192814.223021,3410240,17,0.265625,1,61.42592430114746,790,0x316,test,1360,RPM,RPM,0.9474939,True,0.0121313855,0.00026150342,0.0077150064,0.03239813,0.9474939
test,Normal,Fuzzy,1478201045.41058,1478201045.444196,3536192,0,0.0,-1,,320,0x140,test,1361,Normal,Normal,0.96188986,True,0.96188986,0.0017021246,0.0048342207,0.019760428,0.011813351
test,Fuzzy,Fuzzy,1478197947.241823,1478197947.526008,2661888,35,0.546875,1,278.5618305206299,305,0x131,test,1362,Fuzzy,Fuzzy,0.99238455,True,0.0020400456,0.00024449016,0.99238455,0.002852163,0.0024787302
test,DoS,DoS,1478200474.825879,1478200474.90412,2477568,34,0.53125,1,77.99291610717773,0,0x000,test,1363,DoS,DoS,0.9846943,True,0.0062048505,0.9846943,0.0052798246,0.0017091678,0.0021119108
test,DoS,DoS,1478200552.326889,1478200552.404884,2569792,36,0.5625,0,77.99506187438965,0,0x000,test,1364,DoS,DoS,0.9869718,True,0.005969591,0.9869718,0.0033319686,0.0017154808,0.0020111972
test,DoS,DoS,1478200580.905133,1478200580.973207,2602880,38,0.59375,1,67.82698631286621,0,0x000,test,1365,DoS,DoS,0.98825604,True,0.005968199,0.98825604,0.0021741549,0.0017287708,0.001872853
test,Gear,Gear,1478195073.983222,1478195074.010516,3445824,19,0.296875,0,27.293920516967773,1087,0x43F,test,1366,Gear,Gear,0.98615485,True,0.0037657877,0.0005426019,0.004560838,0.98615485,0.00497587
test,RPM,RPM,1478192859.180688,1478192859.211401,3497920,21,0.328125,1,30.49588203430176,790,0x316,test,1367,RPM,RPM,0.9871155,True,0.005338278,0.0002189771,0.0024182806,0.0049090427,0.9871155
test,Gear,Gear,1478194858.616483,1478194858.638532,3049280,19,0.296875,3,21.32892608642578,1087,0x43F,test,1368,Gear,Gear,0.9908318,True,0.0032567596,0.00075399823,0.002206293,0.9908318,0.0029510316
test,Gear,Gear,1478194852.599493,1478194852.624459,3036416,21,0.328125,1,24.73592758178711,1087,0x43F,test,1369,Gear,Gear,0.9879709,True,0.0030997351,0.00047558878,0.004042115,0.9879709,0.0044116327
test,Normal,DoS,1478201155.697768,1478201155.732217,3566912,0,0.0,-1,,399,0x18F,test,1370,Normal,Normal,0.9284998,True,0.9284998,0.0027771469,0.008654198,0.039626807,0.020441996
test,DoS,DoS,1478200512.335075,1478200512.418803,2528832,30,0.46875,1,83.48393440246582,0,0x000,test,1371,DoS,DoS,0.98057085,True,0.007622312,0.98057085,0.007979171,0.0016260357,0.0022017022
test,Fuzzy,Fuzzy,1478197928.140595,1478197928.223381,2643840,15,0.234375,1,82.43608474731445,399,0x18F,test,1372,Fuzzy,Fuzzy,0.9875037,True,0.005116298,0.00034910653,0.9875037,0.0020839921,0.0049468554
test,Fuzzy,Fuzzy,1478198124.480727,1478198124.534231,2843840,25,0.390625,1,52.86788940429688,2,0x002,test,1373,Fuzzy,Fuzzy,0.98685753,True,0.004326816,0.0004627439,0.98685753,0.0019545127,0.006398482
test,Gear,Gear,1478195100.409132,1478195100.435384,3496192,24,0.375,1,26.020050048828125,1087,0x43F,test,1374,Gear,Gear,0.9938042,True,0.0013856179,0.0006139738,0.0012111955,0.9938042,0.0029850828
test,Gear,Gear,1478195100.435616,1478195100.460788,3496256,17,0.265625,0,25.171995162963867,1087,0x43F,test,1375,Gear,Gear,0.9893317,True,0.0036740992,0.000665472,0.0009923531,0.9893317,0.005336298
test,RPM,RPM,1478192702.798369,1478192702.822549,3202304,22,0.34375,0,24.180173873901367,790,0x316,test,1376,RPM,RPM,0.99198455,True,0.0030700148,0.00024774447,0.0012088612,0.0034888543,0.99198455
test,RPM,RPM,1478192727.93433,1478192727.961445,3254592,24,0.375,2,25.81000328063965,790,0x316,test,1377,RPM,RPM,0.99230194,True,0.0024614728,0.0002595202,0.0009005368,0.00407644,0.99230194
test,Gear,Gear,1478195003.581241,1478195003.613631,3319744,19,0.296875,0,32.39011764526367,1087,0x43F,test,1378,Gear,Gear,0.9902456,True,0.0026749482,0.0006799737,0.0011695332,0.9902456,0.0052299476
test,DoS,DoS,1478200461.051485,1478200461.09053,2456832,35,0.546875,0,39.04485702514648,0,0x000,test,1379,DoS,DoS,0.98529136,True,0.006357425,0.98529136,0.0045281835,0.0015236444,0.002299417
test,Fuzzy,Fuzzy,1478198152.268356,1478198152.308233,2889344,26,0.40625,0,39.87693786621094,305,0x131,test,1380,Fuzzy,Fuzzy,0.99063045,True,0.0028733565,0.00037478382,0.99063045,0.0021210746,0.004000314
test,Fuzzy,Fuzzy,1478198133.117042,1478198133.153869,2856768,26,0.40625,3,36.128997802734375,399,0x18F,test,1381,Fuzzy,Fuzzy,0.9916338,True,0.0028947024,0.00029004627,0.9916338,0.0026095689,0.0025719462
test,DoS,DoS,1478200398.203303,1478200398.230887,2372416,35,0.546875,1,27.34088897705078,0,0x000,test,1382,DoS,DoS,0.98879707,True,0.006129973,0.98879707,0.0015143156,0.0017399441,0.0018187176
test,RPM,RPM,1478192957.700759,1478192957.741481,3686848,21,0.328125,3,40.006160736083984,790,0x316,test,1383,RPM,RPM,0.99275136,True,0.0028808294,0.0003336283,0.0006479135,0.003386155,0.99275136
test,Gear,Gear,1478195039.551488,1478195039.577237,3383360,20,0.3125,1,25.51579475402832,1087,0x43F,test,1384,Gear,Gear,0.98967767,True,0.0029440292,0.00045022598,0.0023744232,0.98967767,0.0045536417
test,Fuzzy,Fuzzy,1478198107.633,1478198107.685661,2817600,19,0.296875,6,49.282073974609375,304,0x130,test,1385,Fuzzy,Fuzzy,0.9899032,True,0.0041595353,0.0003760828,0.9899032,0.0019631968,0.0035980823
test,DoS,DoS,1478200491.566943,1478200491.644966,2501824,34,0.53125,1,72.62897491455078,0,0x000,test,1386,DoS,DoS,0.9862336,True,0.008572746,0.9862336,0.0018464098,0.0014440857,0.0019031753
test,Gear,Gear,1478195008.255127,1478195008.280523,3328896,22,0.34375,1,25.16412734985352,1087,0x43F,test,1387,Gear,Gear,0.992149,True,0.001976319,0.0006416571,0.0012285891,0.992149,0.0040044277
test,Normal,Gear,1478201195.823224,1478201195.859847,4418624,0,0.0,-1,,2,0x002,test,1388,Normal,Normal,0.9598147,True,0.9598147,0.0023149431,0.008716069,0.006742004,0.022412283
test,Normal,Gear,1478201127.768024,1478201127.805641,4293056,0,0.0,-1,,2,0x002,test,1389,Normal,Normal,0.9148746,True,0.9148746,0.003375481,0.0022944342,0.005536258,0.073919244
test,Normal,Fuzzy,1478201026.981784,1478201027.019008,3502784,0,0.0,-1,,399,0x18F,test,1390,Normal,Normal,0.9382823,True,0.9382823,0.007824024,0.0010675063,0.04189976,0.010926407
test,DoS,DoS,1478200353.543601,1478200353.816396,2314304,39,0.609375,1,267.09794998168945,0,0x000,test,1391,DoS,DoS,0.9851834,True,0.0066284663,0.9851834,0.0045523383,0.0014566905,0.0021791537
test,RPM,RPM,1478192883.849613,1478192883.874482,3548672,21,0.328125,0,24.86896514892578,790,0x316,test,1392,RPM,RPM,0.9897635,True,0.0036236634,0.00025193396,0.0011011844,0.005259633,0.9897635
test,Normal,Gear,1478201166.73663,1478201166.773639,4364736,0,0.0,-1,,2,0x002,test,1393,Normal,Normal,0.8926988,True,0.8926988,0.0041807843,0.0037862617,0.01071327,0.08862081
test,RPM,RPM,1478192780.722125,1478192780.769548,3356480,23,0.359375,3,46.71597480773926,790,0x316,test,1394,RPM,RPM,0.9909498,True,0.002261056,0.00023613391,0.0010349575,0.0055181542,0.9909498
test,Gear,Gear,1478195060.187672,1478195060.2156,3421056,21,0.328125,2,27.45389938354492,1087,0x43F,test,1395,Gear,Gear,0.98888105,True,0.0023931414,0.00046908075,0.000981417,0.98888105,0.0072753225
test,RPM,RPM,1478192878.060395,1478192878.085272,3536768,20,0.3125,0,24.877071380615234,790,0x316,test,1396,RPM,RPM,0.9897187,True,0.0039797323,0.00030663927,0.0007526851,0.0052422485,0.9897187
test,Fuzzy,Fuzzy,1478197866.048428,1478197866.130274,2586112,8,0.125,0,81.84599876403809,305,0x131,test,1397,Fuzzy,Fuzzy,0.7991797,True,0.09338924,0.00090711727,0.7991797,0.08344469,0.023079269
test,Gear,Gear,1478195099.123108,1478195099.146705,3493568,20,0.3125,0,23.597002029418945,1087,0x43F,test,1398,Gear,Gear,0.9920105,True,0.0025894048,0.00072773796,0.0013850948,0.9920105,0.0032873058
test,DoS,DoS,1478200410.791748,1478200410.80786,2388928,35,0.546875,0,16.11185073852539,0,0x000,test,1399,DoS,DoS,0.98541355,True,0.0070573413,0.98541355,0.0038737135,0.0016090554,0.002046264
test,RPM,RPM,1478192859.243144,1478192859.266905,3498048,20,0.3125,0,23.76103401184082,790,0x316,test,1400,RPM,RPM,0.9833552,True,0.0055313413,0.00026652752,0.001390654,0.009456283,0.9833552
test,Normal,RPM,1478201088.767797,1478201088.799683,4399360,0,0.0,-1,,2,0x002,test,1401,Normal,Normal,0.96892506,True,0.96892506,0.0016206127,0.008170936,0.0045496393,0.01673379
test,Fuzzy,Fuzzy,1478197798.981138,1478197799.16111,2525888,27,0.421875,0,179.97193336486816,339,0x153,test,1402,Fuzzy,Fuzzy,0.9902125,True,0.002971755,0.00034301906,0.9902125,0.0023943828,0.0040783426
test,Gear,Gear,1478194961.811423,1478194961.83355,3243328,18,0.28125,1,21.89493179321289,1087,0x43F,test,1403,Gear,Gear,0.9920799,True,0.0029329767,0.00079965673,0.0014455995,0.9920799,0.0027418716
test,RPM,RPM,1478192922.722454,1478192922.748089,3624128,22,0.34375,0,25.6350040435791,790,0x316,test,1404,RPM,RPM,0.99427783,True,0.0026024338,0.00041587529,0.000493632,0.0022101826,0.99427783
test,RPM,RPM,1478192962.873045,1478192962.903254,3696512,22,0.34375,0,30.209064483642575,790,0x316,test,1405,RPM,RPM,0.9926212,True,0.0029516337,0.00028630224,0.00096689886,0.0031740104,0.9926212
test,DoS,DoS,1478200435.693633,1478200435.800566,2422144,35,0.546875,0,106.9328784942627,0,0x000,test,1406,DoS,DoS,0.9854994,True,0.0062472923,0.9854994,0.004401803,0.0017048821,0.0021466345
test,Normal,DoS,1478201151.468034,1478201151.505588,3559552,0,0.0,-1,,2,0x002,test,1407,Normal,Normal,0.9101937,True,0.9101937,0.0040885797,0.0026877064,0.016498933,0.066531174
test,Fuzzy,Fuzzy,1478197994.81602,1478197995.12253,2710080,30,0.46875,2,290.2228832244873,704,0x2C0,test,1408,Fuzzy,Fuzzy,0.9911007,True,0.0029422613,0.00036394846,0.9911007,0.0020777055,0.0035153774
test,DoS,DoS,1478200582.320432,1478200582.483236,2603712,42,0.65625,0,162.80412673950195,0,0x000,test,1409,DoS,DoS,0.98384535,True,0.0056708357,0.98384535,0.0064413017,0.0017883055,0.0022541166
test,Fuzzy,Fuzzy,1478198165.523371,1478198165.568769,2912960,27,0.421875,1,45.17889022827149,320,0x140,test,1410,Fuzzy,Fuzzy,0.98775023,True,0.004104662,0.00042279283,0.98775023,0.0018541594,0.005868157
test,Normal,Gear,1478201069.563253,1478201069.594447,4185216,0,0.0,-1,,399,0x18F,test,1411,Normal,Normal,0.9767388,True,0.9767388,0.0061196066,0.0017268701,0.010171448,0.0052432255
test,RPM,RPM,1478192799.069191,1478192799.096802,3386432,25,0.390625,0,27.61101722717285,790,0x316,test,1412,RPM,RPM,0.99227035,True,0.0028030702,0.0002636379,0.001292108,0.0033708645,0.99227035
test,Normal,DoS,1478201048.297955,1478201048.330144,3368448,0,0.0,-1,,2,0x002,test,1413,Normal,Normal,0.8664973,True,0.8664973,0.040720385,0.0007776989,0.07824424,0.013760343
test,Fuzzy,Fuzzy,1478198149.827458,1478198149.859771,2885760,22,0.34375,5,31.1579704284668,399,0x18F,test,1414,Fuzzy,Fuzzy,0.9897196,True,0.0035388942,0.00032110338,0.9897196,0.0019647954,0.004455565
test,RPM,RPM,1478192724.790162,1478192724.833201,3248704,22,0.34375,0,43.03884506225586,790,0x316,test,1415,RPM,RPM,0.99282587,True,0.0030013956,0.00025977712,0.0017225796,0.0021904947,0.99282587
test,Normal,Fuzzy,1478201184.80165,1478201184.834595,3793920,0,0.0,-1,,2,0x002,test,1416,Normal,Normal,0.89891297,True,0.89891297,0.013077471,0.0008975102,0.06531279,0.021799233
test,RPM,RPM,1478192737.490989,1478192737.516229,3274368,19,0.296875,3,24.5208740234375,790,0x316,test,1417,RPM,RPM,0.9911979,True,0.003990847,0.00037581555,0.00063039793,0.0038050471,0.9911979
test,Normal,RPM,1478201200.039652,1478201200.073253,4604992,0,0.0,-1,,2,0x002,test,1418,Normal,Normal,0.95553464,True,0.95553464,0.006928722,0.0010640069,0.023815904,0.012656706
test,Gear,Gear,1478194977.693026,1478194977.733273,3273280,18,0.28125,1,40.0080680847168,1087,0x43F,test,1419,Gear,Gear,0.98971343,True,0.0026863674,0.000659306,0.0013689516,0.98971343,0.0055720243
test,DoS,DoS,1478200384.222213,1478200384.260695,2349632,36,0.5625,0,38.481950759887695,0,0x000,test,1420,DoS,DoS,0.98469293,True,0.0077792536,0.98469293,0.004223185,0.001551812,0.0017528045
test,RPM,RPM,1478192684.656699,1478192684.680125,3161984,19,0.296875,1,23.02408218383789,790,0x316,test,1421,RPM,RPM,0.9861944,True,0.0049147652,0.00023380546,0.0017858174,0.0068712505,0.9861944
test,Normal,Fuzzy,1478201083.272324,1478201083.307071,3606336,0,0.0,-1,,399,0x18F,test,1422,Normal,Normal,0.89874554,True,0.89874554,0.0027480556,0.013930108,0.08080143,0.0037748546
test,Fuzzy,Fuzzy,1478197956.916769,1478197957.059097,2670272,28,0.4375,0,142.32802391052246,790,0x316,test,1423,Fuzzy,Fuzzy,0.9858884,True,0.0035997473,0.00046365664,0.9858884,0.0024543707,0.0075937645
test,RPM,RPM,1478192859.127651,1478192859.150413,3497792,20,0.3125,3,22.064924240112305,790,0x316,test,1424,RPM,RPM,0.988478,True,0.004266221,0.00020874952,0.0021785924,0.0048683947,0.988478
test,Fuzzy,Fuzzy,1478198120.189801,1478198120.269308,2836544,22,0.34375,0,79.50711250305176,304,0x130,test,1425,Fuzzy,Fuzzy,0.98422724,True,0.0047299233,0.0006038881,0.98422724,0.0023600622,0.008078917
test,Normal,RPM,1478201083.517524,1478201083.552087,4389632,0,0.0,-1,,304,0x130,test,1426,Normal,Normal,0.93702024,True,0.93702024,0.004647522,0.0026331602,0.017111134,0.038587946
test,Fuzzy,Fuzzy,1478198102.308397,1478198102.354578,2808384,27,0.421875,1,45.95804214477539,704,0x2C0,test,1427,Fuzzy,Fuzzy,0.9904275,True,0.0028980798,0.00029306856,0.9904275,0.0027667307,0.0036145605
test,Normal,DoS,1478201117.867471,1478201117.904386,3497344,0,0.0,-1,,2,0x002,test,1428,Normal,Normal,0.9786067,True,0.9786067,0.0042445315,0.0022086694,0.010125613,0.004814395
test,DoS,DoS,1478200503.638502,1478200503.696294,2519040,36,0.5625,0,57.79218673706055,0,0x000,test,1429,DoS,DoS,0.98690224,True,0.0068693887,0.98690224,0.0027843611,0.0014663817,0.0019776612
test,RPM,RPM,1478192788.61724,1478192788.656883,3368640,19,0.296875,0,39.64304924011231,790,0x316,test,1430,RPM,RPM,0.98941153,True,0.004529767,0.00024639757,0.001794136,0.0040182504,0.98941153
test,Gear,Gear,1478194878.387767,1478194878.445637,3089024,20,0.3125,3,51.21898651123047,1087,0x43F,test,1431,Gear,Gear,0.9934563,True,0.0023038513,0.0009209048,0.0011404852,0.9934563,0.002178408
test,Gear,Gear,1478194976.582384,1478194976.62125,3271488,18,0.28125,3,35.28285026550293,1087,0x43F,test,1432,Gear,Gear,0.99126375,True,0.003219683,0.00093267125,0.0009682175,0.99126375,0.0036156205
test,RPM,RPM,1478192935.142996,1478192935.165143,3644288,19,0.296875,2,21.68512344360352,790,0x316,test,1433,RPM,RPM,0.9896903,True,0.004082605,0.00039760178,0.0005005211,0.0053290916,0.9896903
test,DoS,DoS,1478200372.298467,1478200372.344545,2331648,35,0.546875,1,45.83191871643066,0,0x000,test,1434,DoS,DoS,0.9858656,True,0.007710005,0.9858656,0.003166122,0.0013913059,0.0018670475
test,DoS,DoS,1478200563.723082,1478200563.753429,2582272,35,0.546875,0,30.34687042236328,0,0x000,test,1435,DoS,DoS,0.9872564,True,0.006827613,0.9872564,0.0026674941,0.0014299783,0.0018185423
test,Fuzzy,Fuzzy,1478198144.597987,1478198144.637931,2876416,29,0.453125,0,39.94417190551758,399,0x18F,test,1436,Fuzzy,Fuzzy,0.9921943,True,0.0028020642,0.00028470182,0.9921943,0.0022904244,0.0024284895
test,Fuzzy,Fuzzy,1478198144.26486,1478198144.314107,2875904,22,0.34375,4,48.29001426696777,399,0x18F,test,1437,Fuzzy,Fuzzy,0.9912208,True,0.0029160269,0.00027163705,0.9912208,0.0026201962,0.0029714212
test,Fuzzy,Fuzzy,1478198115.495101,1478198115.545365,2830784,16,0.25,10,43.67518424987793,790,0x316,test,1438,Fuzzy,Fuzzy,0.97299767,True,0.007361425,0.0010138432,0.97299767,0.0024073115,0.016219737
test,Gear,Gear,1478194988.584276,1478194988.610408,3294080,22,0.34375,1,25.722980499267575,1087,0x43F,test,1439,Gear,Gear,0.99049884,True,0.001995364,0.00057585473,0.0010482675,0.99049884,0.005881686
test,DoS,DoS,1478200376.1201,1478200376.14802,2336896,34,0.53125,0,27.92000770568848,0,0x000,test,1440,DoS,DoS,0.98593175,True,0.0063483696,0.98593175,0.0038646923,0.0015078626,0.002347373
test,Gear,Gear,1478194873.399752,1478194873.427073,3080320,20,0.3125,1,27.08911895751953,1087,0x43F,test,1441,Gear,Gear,0.9908921,True,0.0022804984,0.00074735243,0.000929904,0.9908921,0.005150126
test,Normal,Fuzzy,1478201076.363807,1478201076.397998,3593536,0,0.0,-1,,2,0x002,test,1442,Normal,Normal,0.9503065,True,0.9503065,0.0020423771,0.006609342,0.0065879654,0.034453887
test,RPM,RPM,1478192871.235793,1478192871.263174,3522688,22,0.34375,2,26.83711051940918,790,0x316,test,1443,RPM,RPM,0.9874895,True,0.0031444647,0.000313115,0.0006612042,0.008391667,0.9874895
test,DoS,DoS,1478200467.860223,1478200467.913202,2467776,37,0.578125,0,52.9789924621582,0,0x000,test,1444,DoS,DoS,0.98547137,True,0.0065628947,0.98547137,0.0042893696,0.0015480288,0.0021283845
test,Fuzzy,Fuzzy,1478197806.77543,1478197806.916754,2534016,31,0.484375,0,141.32404327392578,880,0x370,test,1445,Fuzzy,Fuzzy,0.9916128,True,0.002649618,0.00030485852,0.9916128,0.002485217,0.0029474446
test,Normal,Fuzzy,1478201144.795858,1478201144.827859,3720320,0,0.0,-1,,320,0x140,test,1446,Normal,Normal,0.9645323,True,0.9645323,0.0019324212,0.007050262,0.009379572,0.017105361
test,DoS,DoS,1478200365.601377,1478200365.82774,2325504,29,0.453125,2,220.66187858581543,0,0x000,test,1447,DoS,DoS,0.987053,True,0.00875415,0.987053,0.0007270683,0.0024108007,0.0010549515
test,Gear,Gear,1478194898.314722,1478194898.347051,3127808,17,0.265625,13,29.202938079833984,1087,0x43F,test,1448,Gear,Gear,0.99272174,True,0.0022911602,0.0007727222,0.001829146,0.99272174,0.0023851157
test,DoS,DoS,1478200490.567437,1478200490.601287,2500416,35,0.546875,1,33.60390663146973,0,0x000,test,1449,DoS,DoS,0.9868858,True,0.0077028684,0.9868858,0.0021372647,0.0016269428,0.0016471469
test,RPM,RPM,1478192724.560783,1478192724.584083,3248192,17,0.265625,0,23.3001708984375,790,0x316,test,1450,RPM,RPM,0.9886912,True,0.006289816,0.00032812895,0.0010987815,0.003592106,0.9886912
test,Gear,Gear,1478194984.446663,1478194984.484302,3285824,20,0.3125,0,37.63914108276367,1087,0x43F,test,1451,Gear,Gear,0.9901952,True,0.0034685226,0.00056906446,0.0013582354,0.9901952,0.0044089393
test,Gear,Gear,1478195072.956778,1478195072.990379,3444032,18,0.28125,3,27.010202407836918,1087,0x43F,test,1452,Gear,Gear,0.9920344,True,0.0025024568,0.0007180278,0.0010799298,0.9920344,0.0036651508
test,DoS,DoS,1478200320.874437,1478200321.08139,2289600,36,0.5625,0,206.9528102874756,0,0x000,test,1453,DoS,DoS,0.98538625,True,0.0058060656,0.98538625,0.0048608775,0.0018495588,0.0020973121
test,Gear,Gear,1478195079.290463,1478195079.320287,3455616,18,0.28125,2,29.10089492797852,1087,0x43F,test,1454,Gear,Gear,0.98825836,True,0.004719733,0.0006184359,0.003104337,0.98825836,0.0032991446
test,Fuzzy,Fuzzy,1478198052.340022,1478198052.490654,2753408,26,0.40625,2,150.17294883728027,704,0x2C0,test,1455,Fuzzy,Fuzzy,0.9927538,True,0.002649072,0.00028461605,0.9927538,0.002202425,0.0021100875
test,DoS,DoS,1478200481.309791,1478200481.341188,2487936,33,0.515625,0,31.39686584472656,0,0x000,test,1456,DoS,DoS,0.98238844,True,0.008506295,0.98238844,0.005417488,0.0014071977,0.0022806246
test,Normal,RPM,1478201127.805875,1478201127.836793,4471680,0,0.0,-1,,2,0x002,test,1457,Normal,Normal,0.9532066,True,0.9532066,0.002566803,0.0063205976,0.014392235,0.023513803
test,DoS,DoS,1478200322.1439,1478200322.336231,2290176,39,0.609375,0,192.33107566833496,0,0x000,test,1458,DoS,DoS,0.9858927,True,0.0061930614,0.9858927,0.0041948594,0.0016013868,0.0021179724
test,Normal,Gear,1478201057.884102,1478201057.918376,4163584,0,0.0,-1,,2,0x002,test,1459,Normal,Normal,0.9633304,True,0.9633304,0.003372873,0.0027230454,0.0076684384,0.022905195
test,DoS,DoS,1478200578.90831,1478200578.924109,2601216,33,0.515625,0,15.79904556274414,0,0x000,test,1460,DoS,DoS,0.98458266,True,0.0077894954,0.98458266,0.0040501016,0.0015168558,0.0020608618
test,RPM,RPM,1478192782.691683,1478192782.73837,3359040,21,0.328125,0,46.68688774108887,790,0x316,test,1461,RPM,RPM,0.99096584,True,0.0031731748,0.00031371,0.00088842306,0.004658872,0.99096584
test,RPM,RPM,1478192925.348404,1478192925.390829,3628736,20,0.3125,0,42.42515563964844,790,0x316,test,1462,RPM,RPM,0.9874867,True,0.0053059305,0.0002213263,0.0024164787,0.0045695924,0.9874867
test,RPM,RPM,1478192735.779746,1478192735.80295,3270592,21,0.328125,0,23.20384979248047,790,0x316,test,1463,RPM,RPM,0.99144286,True,0.0032280472,0.0002910563,0.00085550686,0.004182568,0.99144286
test,RPM,RPM,1478192937.962719,1478192937.999561,3649024,21,0.328125,2,36.36598587036133,790,0x316,test,1464,RPM,RPM,0.99140257,True,0.0030903204,0.00023618525,0.0015435151,0.00372746,0.99140257
test,Normal,Gear,1478201145.490938,1478201145.524889,4325888,0,0.0,-1,,608,0x260,test,1465,Normal,Normal,0.88104385,True,0.88104385,0.013705751,0.0026104862,0.099048026,0.003591833
test,Fuzzy,Fuzzy,1478197827.747908,1478197827.768357,2554240,24,0.375,8,18.52703094482422,2,0x002,test,1466,Fuzzy,Fuzzy,0.98913187,True,0.0034233592,0.00038508602,0.98913187,0.0023426283,0.0047170124
test,Normal,DoS,1478201013.080733,1478201013.113426,3303936,0,0.0,-1,,305,0x131,test,1467,Normal,Normal,0.97137266,True,0.97137266,0.0041322485,0.0018705607,0.01702957,0.005594967
test,RPM,RPM,1478192722.163489,1478192722.192694,3243648,21,0.328125,1,28.805971145629883,790,0x316,test,1468,RPM,RPM,0.9893596,True,0.0031615468,0.0003192437,0.000676776,0.006482858,0.9893596
test,Fuzzy,Fuzzy,1478197845.536298,1478197845.794221,2568512,31,0.484375,1,257.69901275634766,304,0x130,test,1469,Fuzzy,Fuzzy,0.99142027,True,0.0027374497,0.0003018401,0.99142027,0.002359089,0.003181308
test,Gear,Gear,1478195032.869626,1478195032.891777,3371968,20,0.3125,1,21.91901206970215,1087,0x43F,test,1470,Gear,Gear,0.9919213,True,0.0019590654,0.0007113515,0.0017403861,0.9919213,0.003667894
test,Fuzzy,Fuzzy,1478197856.2512,1478197856.363174,2577088,27,0.421875,5,110.82696914672852,399,0x18F,test,1471,Fuzzy,Fuzzy,0.9925598,True,0.0026123931,0.00022710602,0.9925598,0.002810803,0.001789875
test,Gear,Gear,1478194858.284188,1478194858.307286,3048384,19,0.296875,3,22.29905128479004,1087,0x43F,test,1472,Gear,Gear,0.9916272,True,0.0026498043,0.0005939156,0.0020066493,0.9916272,0.0031224338
test,DoS,DoS,1478200503.081573,1478200503.09757,2518080,35,0.546875,0,15.996932983398438,0,0x000,test,1473,DoS,DoS,0.9850482,True,0.006737802,0.9850482,0.00450001,0.0015184357,0.00219564
test,RPM,RPM,1478192911.282007,1478192911.347675,3603456,20,0.3125,1,65.44113159179688,790,0x316,test,1474,RPM,RPM,0.98302704,True,0.004802783,0.00018693057,0.00406669,0.007916588,0.98302704
test,Fuzzy,Fuzzy,1478197911.992112,1478197912.061464,2629312,24,0.375,2,68.89104843139648,1088,0x440,test,1475,Fuzzy,Fuzzy,0.9852454,True,0.0046915044,0.00054157135,0.9852454,0.0022215934,0.007299937
test,Normal,DoS,1478201079.97402,1478201080.007223,3427136,0,0.0,-1,,399,0x18F,test,1476,Normal,Normal,0.95903915,True,0.95903915,0.0014608168,0.009825233,0.015423623,0.014251296
test,Gear,Gear,1478194899.07778,1478194899.099941,3129152,22,0.34375,0,22.161006927490234,1087,0x43F,test,1477,Gear,Gear,0.9918926,True,0.0024557572,0.0004953067,0.001985331,0.9918926,0.0031710016
test,Gear,Gear,1478195007.487238,1478195007.520529,3327168,20,0.3125,0,33.29110145568848,1087,0x43F,test,1478,Gear,Gear,0.9871694,True,0.0031154586,0.0005673206,0.0012350113,0.9871694,0.007912767
test,Fuzzy,Fuzzy,1478198142.017056,1478198142.038909,2872128,29,0.453125,2,21.394968032836918,1088,0x440,test,1479,Fuzzy,Fuzzy,0.9906345,True,0.0028020663,0.00027211846,0.9906345,0.00251598,0.0037753347
test,RPM,RPM,1478192886.252461,1478192886.275883,3554368,18,0.28125,3,22.73106575012207,790,0x316,test,1480,RPM,RPM,0.9890259,True,0.004212955,0.00031035143,0.0008421701,0.0056086313,0.9890259
test,Fuzzy,Fuzzy,1478198128.157902,1478198128.214023,2847680,27,0.421875,0,56.121110916137695,880,0x370,test,1481,Fuzzy,Fuzzy,0.9903058,True,0.0026167156,0.00020795016,0.9903058,0.0044225883,0.0024469136
test,RPM,RPM,1478192802.018345,1478192802.063345,3390720,15,0.234375,3,44.29888725280762,790,0x316,test,1482,RPM,RPM,0.94541556,True,0.014280284,0.00021458547,0.018490184,0.021599451,0.94541556
test,Normal,DoS,1478201060.179608,1478201060.212506,3390464,0,0.0,-1,,399,0x18F,test,1483,Normal,Normal,0.9749552,True,0.9749552,0.004086682,0.0038919477,0.012847678,0.004218475
test,Fuzzy,Fuzzy,1478198085.280391,1478198085.342953,2782400,26,0.40625,0,62.561988830566406,304,0x130,test,1484,Fuzzy,Fuzzy,0.9885462,True,0.0031794754,0.00037022587,0.9885462,0.0029341558,0.00496998
test,RPM,RPM,1478192717.169923,1478192717.207309,3233984,23,0.359375,0,37.38594055175781,790,0x316,test,1485,RPM,RPM,0.99101347,True,0.0024507802,0.00047215656,0.00031341976,0.005750221,0.99101347
test,Gear,Gear,1478194899.207641,1478194899.235628,3129472,18,0.28125,1,27.74190902709961,1087,0x43F,test,1486,Gear,Gear,0.98306733,True,0.0044431444,0.0006489086,0.0013794563,0.98306733,0.010461184
test,Normal,RPM,1478201168.325692,1478201168.362431,4546240,0,0.0,-1,,320,0x140,test,1487,Normal,Normal,0.92485625,True,0.92485625,0.0007912023,0.03955684,0.008904821,0.025890922
test,Fuzzy,Fuzzy,1478197896.710524,1478197896.916082,2614400,30,0.46875,0,205.55782318115237,1087,0x43F,test,1488,Fuzzy,Fuzzy,0.98864204,True,0.0033377265,0.00036471683,0.98864204,0.0022979511,0.00535754
test,DoS,DoS,1478200588.1082,1478200588.22929,2611072,35,0.546875,1,115.7228946685791,0,0x000,test,1489,DoS,DoS,0.98756546,True,0.0064450065,0.98756546,0.0025143668,0.001615613,0.0018596665
test,Fuzzy,Fuzzy,1478197767.059949,1478197767.150433,2496256,7,0.109375,4,78.78994941711426,305,0x131,test,1490,Fuzzy,Fuzzy,0.6912882,True,0.18170552,0.0016994816,0.6912882,0.11779542,0.0075113894
test,DoS,DoS,1478200534.619858,1478200534.740504,2552576,34,0.53125,2,119.9040412902832,0,0x000,test,1491,DoS,DoS,0.9873268,True,0.007286474,0.9873268,0.0021401334,0.0013294603,0.0019171642
test,Gear,Gear,1478194898.504415,1478194898.535028,3128128,14,0.21875,8,28.232097625732425,1087,0x43F,test,1492,Gear,Gear,0.9881043,True,0.0060530016,0.001211972,0.0007229025,0.9881043,0.0039078416
test,Normal,Fuzzy,1478201206.221127,1478201206.252935,3833600,0,0.0,-1,,2,0x002,test,1493,Normal,Normal,0.9151446,True,0.9151446,0.007883858,0.0010807071,0.038823158,0.037067614
test,DoS,DoS,1478200452.387371,1478200452.421147,2445376,33,0.515625,0,33.776044845581055,0,0x000,test,1494,DoS,DoS,0.9848428,True,0.006674598,0.9848428,0.004507668,0.0014564646,0.002518436
test,RPM,RPM,1478192705.205499,1478192705.230002,3208640,22,0.34375,2,24.017810821533203,790,0x316,test,1495,RPM,RPM,0.98952943,True,0.0032043161,0.00028742687,0.00074486696,0.00623398,0.98952943
test,RPM,RPM,1478192793.791386,1478192793.834859,3377536,18,0.28125,2,36.75580024719238,790,0x316,test,1496,RPM,RPM,0.9847536,True,0.0038195006,0.00030423308,0.00089320465,0.01022948,0.9847536
test,Gear,Gear,1478194948.780529,1478194948.803823,3220672,20,0.3125,0,23.29397201538086,1087,0x43F,test,1497,Gear,Gear,0.9863993,True,0.0027833018,0.0006227277,0.0012155374,0.9863993,0.008979079
test,Normal,Fuzzy,1478201194.820553,1478201194.852753,3812480,0,0.0,-1,,2,0x002,test,1498,Normal,Normal,0.9247701,True,0.9247701,0.004488223,0.0018284909,0.020845855,0.048067324
test,DoS,DoS,1478200364.459081,1478200364.537224,2324928,25,0.390625,22,62.1180534362793,0,0x000,test,1499,DoS,DoS,0.96467084,True,0.030002786,0.96467084,0.00020753415,0.003299375,0.0018194321
test,RPM,RPM,1478192857.455763,1478192857.477415,3493632,19,0.296875,4,20.71714401245117,790,0x316,test,1500,RPM,RPM,0.99000365,True,0.0041915495,0.00029610554,0.0010182837,0.0044904966,0.99000365
test,Normal,Fuzzy,1478201180.585852,1478201180.621692,3786112,0,0.0,-1,,399,0x18F,test,1501,Normal,Normal,0.9404761,True,0.9404761,0.0009031287,0.03734197,0.0134975985,0.007781095
test,Fuzzy,Fuzzy,1478198150.474329,1478198150.528227,2886656,26,0.40625,7,52.21819877624512,305,0x131,test,1502,Fuzzy,Fuzzy,0.99095374,True,0.0030424448,0.000358026,0.99095374,0.0020834915,0.0035622623
test,Normal,Gear,1478201036.260653,1478201036.293281,4123520,0,0.0,-1,,320,0x140,test,1503,Normal,Normal,0.923999,True,0.923999,0.032357432,0.00053728337,0.019660503,0.023445874
test,Normal,DoS,1478201088.403931,1478201088.437489,3442752,0,0.0,-1,,2,0x002,test,1504,Normal,Normal,0.9501152,True,0.9501152,0.0063094725,0.0010945164,0.027010964,0.015469697
test,RPM,RPM,1478192756.470349,1478192756.492881,3315136,17,0.265625,2,22.07303047180176,790,0x316,test,1505,RPM,RPM,0.9887804,True,0.004397069,0.00036123197,0.00072331156,0.0057380134,0.9887804
test,Fuzzy,Fuzzy,1478197837.324891,1478197837.47833,2562240,22,0.34375,2,142.45891571044922,790,0x316,test,1506,Fuzzy,Fuzzy,0.98810846,True,0.0042092362,0.00049935386,0.98810846,0.0018302038,0.005352732
test,DoS,DoS,1478200484.027652,1478200484.074766,2490048,31,0.484375,0,47.113895416259766,0,0x000,test,1507,DoS,DoS,0.98512495,True,0.006729308,0.98512495,0.0044450215,0.00163599,0.002064683
test,Gear,Gear,1478194880.655734,1478194880.680707,3093056,20,0.3125,4,24.003982543945312,1087,0x43F,test,1508,Gear,Gear,0.99056315,True,0.0027103717,0.00048330758,0.0028852953,0.99056315,0.0033578745
test,Fuzzy,Fuzzy,1478197753.641381,1478197753.661478,2484416,24,0.375,2,19.636154174804688,305,0x131,test,1509,Fuzzy,Fuzzy,0.9893769,True,0.0035786375,0.0003722804,0.9893769,0.0020528196,0.0046193744
test,Gear,Gear,1478194851.683799,1478194851.707184,3034112,18,0.28125,7,21.722078323364254,1087,0x43F,test,1510,Gear,Gear,0.9899406,True,0.003112876,0.0006360067,0.00358303,0.9899406,0.0027275872
test,Gear,Gear,1478194931.622996,1478194931.686168,3190144,18,0.28125,7,46.74291610717773,1087,0x43F,test,1511,Gear,Gear,0.99159837,True,0.003693272,0.0006542084,0.0011043453,0.99159837,0.0029498243
test,Gear,Gear,1478195007.552464,1478195007.582616,3327296,21,0.328125,0,30.152082443237305,1087,0x43F,test,1512,Gear,Gear,0.99111825,True,0.00229877,0.00061742857,0.0027394516,0.99111825,0.0032260902
test,Gear,Gear,1478194867.373897,1478194867.401469,3068480,20,0.3125,0,27.571916580200195,1087,0x43F,test,1513,Gear,Gear,0.98114246,True,0.0031688295,0.0008027448,0.0003974305,0.98114246,0.014488636
test,DoS,DoS,1478200464.520143,1478200464.536094,2462976,34,0.53125,1,15.706062316894531,0,0x000,test,1514,DoS,DoS,0.9871749,True,0.0071881367,0.9871749,0.0021660437,0.0016973583,0.0017735228
test,RPM,RPM,1478192776.451025,1478192776.543978,3349120,17,0.265625,1,92.72909164428712,790,0x316,test,1515,RPM,RPM,0.9894051,True,0.0033115787,0.0002361968,0.0019407927,0.005106325,0.9894051
test,DoS,DoS,1478200335.574306,1478200335.776005,2302400,42,0.65625,0,201.69901847839355,0,0x000,test,1516,DoS,DoS,0.9827643,True,0.0058362116,0.9827643,0.0071109887,0.0017441856,0.0025442985
test,Gear,Gear,1478194851.635938,1478194851.657666,3033984,19,0.296875,0,21.7280387878418,1087,0x43F,test,1517,Gear,Gear,0.99081415,True,0.003093083,0.0007845927,0.0007919058,0.99081415,0.0045162784
test,Fuzzy,Fuzzy,1478198136.71918,1478198136.748647,2862592,20,0.3125,1,29.2508602142334,320,0x140,test,1518,Fuzzy,Fuzzy,0.98885125,True,0.0034927467,0.00033435976,0.98885125,0.0021794618,0.0051422105
test,Normal,Gear,1478201112.605656,1478201112.637164,4264960,0,0.0,-1,,2,0x002,test,1519,Normal,Normal,0.9637095,True,0.9637095,0.0054018665,0.0013691783,0.022847075,0.006672387
test,Normal,Fuzzy,1478201165.766662,1478201165.803793,3758656,0,0.0,-1,,305,0x131,test,1520,Normal,Normal,0.9678201,True,0.9678201,0.0031454172,0.0032196215,0.018037427,0.007777424
test,Normal,Fuzzy,1478201069.937594,1478201069.973202,3581632,0,0.0,-1,,2,0x002,test,1521,Normal,Normal,0.9168279,True,0.9168279,0.007772833,0.0017173539,0.022053374,0.05162846
test,Normal,DoS,1478201195.562499,1478201195.598851,3640768,0,0.0,-1,,2,0x002,test,1522,Normal,Normal,0.8907224,True,0.8907224,0.009374738,0.0014098503,0.0063212113,0.092171766
test,DoS,DoS,1478200556.949001,1478200557.036889,2576896,31,0.484375,0,87.88800239562988,0,0x000,test,1523,DoS,DoS,0.98526603,True,0.0076414268,0.98526603,0.0036243421,0.0015345551,0.0019337152
test,DoS,DoS,1478200504.489123,1478200504.555615,2520064,35,0.546875,0,66.49184226989746,0,0x000,test,1524,DoS,DoS,0.9865008,True,0.0063269525,0.9865008,0.0033559452,0.0016948684,0.0021214585
test,Gear,Gear,1478195053.11497,1478195053.140575,3407488,18,0.28125,1,24.89304542541504,1087,0x43F,test,1525,Gear,Gear,0.9881911,True,0.0037650312,0.00062850787,0.0040032906,0.9881911,0.0034121068
test,DoS,DoS,1478200453.09006,1478200453.129945,2446464,32,0.5,1,39.63899612426758,0,0x000,test,1526,DoS,DoS,0.9845531,True,0.0074511277,0.9845531,0.0043586274,0.0016081771,0.0020290313
test,RPM,RPM,1478192955.591302,1478192955.620651,3682944,20,0.3125,3,28.497934341430664,790,0x316,test,1527,RPM,RPM,0.9912616,True,0.0031007724,0.00034980965,0.0006379748,0.0046498394,0.9912616
test,Fuzzy,Fuzzy,1478197770.307546,1478197770.415707,2501568,27,0.421875,0,108.16121101379396,2,0x002,test,1528,Fuzzy,Fuzzy,0.9896374,True,0.0034936538,0.0003325834,0.9896374,0.0021479998,0.004388247
test,Fuzzy,Fuzzy,1478198147.925121,1478198147.954922,2882496,10,0.15625,35,10.321855545043944,2,0x002,test,1529,Fuzzy,Fuzzy,0.9736061,True,0.008559098,0.00073329493,0.9736061,0.002318969,0.014782533
test,DoS,DoS,1478200581.544563,1478200581.665734,2603264,39,0.609375,0,121.1709976196289,0,0x000,test,1530,DoS,DoS,0.9845072,True,0.0063037905,0.9845072,0.0053792084,0.0014736537,0.0023361314
test,DoS,DoS,1478200635.4613,1478200635.538268,2659904,34,0.53125,0,76.96819305419922,0,0x000,test,1531,DoS,DoS,0.98647225,True,0.0068428065,0.98647225,0.0031192543,0.001669728,0.0018959078
test,DoS,DoS,1478200342.542882,1478200342.7807,2307840,41,0.640625,0,237.8180027008057,0,0x000,test,1532,DoS,DoS,0.986873,True,0.0052343765,0.986873,0.0042731008,0.0017933692,0.0018261478
test,Gear,Gear,1478195081.359914,1478195081.387757,3458752,20,0.3125,0,27.842998504638672,1087,0x43F,test,1533,Gear,Gear,0.9870762,True,0.0037657167,0.0007850883,0.0055505675,0.9870762,0.0028223626
test,DoS,DoS,1478200512.151719,1478200512.224059,2528704,32,0.5,0,72.34001159667969,0,0x000,test,1534,DoS,DoS,0.986811,True,0.00725294,0.986811,0.00206599,0.0014943256,0.0023757275
test,Fuzzy,Fuzzy,1478197961.20598,1478197961.241297,2677120,31,0.484375,1,35.10308265686035,704,0x2C0,test,1535,Fuzzy,Fuzzy,0.9902035,True,0.00303634,0.0003240259,0.9902035,0.0025033948,0.003932729
test,Gear,Gear,1478195065.55594,1478195065.583931,3430784,17,0.265625,1,27.38499641418457,1087,0x43F,test,1536,Gear,Gear,0.98897004,True,0.004714878,0.0008386866,0.003010594,0.98897004,0.0024658374
test,Normal,RPM,1478201047.76252,1478201047.798471,4323392,0,0.0,-1,,704,0x2C0,test,1537,Normal,Normal,0.9350452,True,0.9350452,0.0028111152,0.0020205555,0.016513295,0.04360991
test,Normal,RPM,1478201040.092351,1478201040.129059,4309184,0,0.0,-1,,399,0x18F,test,1538,Normal,Normal,0.9298565,True,0.9298565,0.0124930795,0.0016350636,0.052644268,0.0033711034
test,Gear,Gear,1478194904.785184,1478194904.808016,3141248,20,0.3125,2,22.196054458618164,1087,0x43F,test,1539,Gear,Gear,0.98789865,True,0.003530699,0.0004392371,0.0027817008,0.98789865,0.005349684
test,DoS,DoS,1478200428.61972,1478200428.635532,2410560,33,0.515625,1,15.564918518066406,0,0x000,test,1540,DoS,DoS,0.98606,True,0.007729801,0.98606,0.0027540077,0.0015844314,0.0018716771
test,Gear,Gear,1478195054.497728,1478195054.525872,3410688,18,0.28125,4,27.18210220336914,1087,0x43F,test,1541,Gear,Gear,0.98937523,True,0.0031215164,0.000549542,0.0015022003,0.98937523,0.0054514976
test,Normal,RPM,1478201179.762894,1478201179.794137,4567424,0,0.0,-1,,2,0x002,test,1542,Normal,Normal,0.92858434,True,0.92858434,0.0053015994,0.0023983463,0.010499484,0.053216226
test,Gear,Gear,1478194899.514636,1478194899.538671,3130176,18,0.28125,4,23.05912971496582,1087,0x43F,test,1543,Gear,Gear,0.9899275,True,0.003656636,0.0007141514,0.002252551,0.9899275,0.0034491564
test,Gear,Gear,1478194981.770458,1478194981.807186,3280896,18,0.28125,6,35.260915756225586,1087,0x43F,test,1544,Gear,Gear,0.9913771,True,0.0028287813,0.0008179766,0.0004234365,0.9913771,0.0045527187
test,Fuzzy,Fuzzy,1478197802.868338,1478197802.892158,2531968,19,0.296875,4,22.864103317260746,2,0x002,test,1545,Fuzzy,Fuzzy,0.9811095,True,0.006382834,0.00040217157,0.9811095,0.0022557846,0.009849696
test,Fuzzy,Fuzzy,1478197779.076144,1478197779.280037,2509376,21,0.328125,5,199.5370388031006,1088,0x440,test,1546,Fuzzy,Fuzzy,0.9903768,True,0.003031064,0.00019826915,0.9903768,0.0036033243,0.0027906033
test,DoS,DoS,1478200503.411848,1478200503.468704,2518784,33,0.515625,1,51.67293548583984,0,0x000,test,1547,DoS,DoS,0.98514915,True,0.0072932504,0.98514915,0.00380905,0.0017068299,0.0020416968
test,Fuzzy,Fuzzy,1478198156.922434,1478198156.993752,2897856,16,0.25,3,70.60790061950684,339,0x153,test,1548,Fuzzy,Fuzzy,0.9874785,True,0.004571093,0.00020824847,0.9874785,0.004035797,0.0037064094
test,Normal,DoS,1478201066.673342,1478201066.707283,3402496,0,0.0,-1,,399,0x18F,test,1549,Normal,Normal,0.9777959,True,0.9777959,0.0015615263,0.009719396,0.007709297,0.003213915
test,Normal,Gear,1478201205.430398,1478201205.462605,4436416,0,0.0,-1,,339,0x153,test,1550,Normal,Normal,0.9409376,True,0.9409376,0.0033187747,0.0034134754,0.013817986,0.038512167
test,Fuzzy,Fuzzy,1478198111.325271,1478198111.364771,2823168,21,0.328125,3,38.80882263183594,2,0x002,test,1551,Fuzzy,Fuzzy,0.98742455,True,0.0040623536,0.000372384,0.98742455,0.002371094,0.0057696565
test,Fuzzy,Fuzzy,1478197929.081522,1478197929.111799,2644928,23,0.359375,2,29.8159122467041,809,0x329,test,1552,Fuzzy,Fuzzy,0.9862477,True,0.004301783,0.0004685565,0.9862477,0.002259542,0.00672238
test,DoS,DoS,1478200380.021499,1478200380.037208,2343744,34,0.53125,0,15.709161758422852,0,0x000,test,1553,DoS,DoS,0.98550177,True,0.0069375355,0.98550177,0.003767623,0.0015244961,0.0022684627
test,RPM,RPM,1478192723.050909,1478192723.077513,3245312,19,0.296875,1,26.30496025085449,790,0x316,test,1554,RPM,RPM,0.98590106,True,0.00484168,0.00046844897,0.00044942676,0.008339419,0.98590106
test,RPM,RPM,1478192922.101591,1478192922.124838,3622784,21,0.328125,0,23.24700355529785,790,0x316,test,1555,RPM,RPM,0.99271905,True,0.0032878881,0.00035963568,0.0007140995,0.0029194138,0.99271905
test,DoS,DoS,1478200441.507351,1478200441.523401,2429248,34,0.53125,1,15.80500602722168,0,0x000,test,1556,DoS,DoS,0.9854543,True,0.0069107353,0.9854543,0.004037554,0.0016378908,0.0019595043
test,RPM,RPM,1478192879.939472,1478192879.977739,3540800,23,0.359375,1,38.04206848144531,790,0x316,test,1557,RPM,RPM,0.9936645,True,0.0022072524,0.00037200048,0.00042912445,0.003327075,0.9936645
test,Fuzzy,Fuzzy,1478198049.982376,1478198050.002544,2752192,25,0.390625,0,20.16782760620117,704,0x2C0,test,1558,Fuzzy,Fuzzy,0.99005413,True,0.00425366,0.00023031588,0.99005413,0.0023327873,0.003129034
test,Normal,Fuzzy,1478201125.829327,1478201125.866201,3685184,0,0.0,-1,,2,0x002,test,1559,Normal,Normal,0.9694353,True,0.9694353,0.0030544356,0.0031043899,0.012055581,0.012350284
test,Normal,DoS,1478201036.792225,1478201036.824628,3347136,0,0.0,-1,,672,0x2A0,test,1560,Normal,Normal,0.93451035,True,0.93451035,0.0059314594,0.0026293646,0.047083076,0.009845704
test,RPM,RPM,1478192884.104451,1478192884.126624,3549312,19,0.296875,0,22.17316627502441,790,0x316,test,1561,RPM,RPM,0.9892292,True,0.004206682,0.00032339265,0.0007668269,0.0054739886,0.9892292
test,DoS,DoS,1478200392.019063,1478200392.041979,2362240,36,0.5625,0,22.916078567504883,0,0x000,test,1562,DoS,DoS,0.98575485,True,0.00669099,0.98575485,0.0039261803,0.0017164992,0.001911536
test,RPM,RPM,1478192865.160032,1478192865.183726,3510016,21,0.328125,2,23.231029510498047,790,0x316,test,1563,RPM,RPM,0.99049777,True,0.0034200242,0.00021459568,0.0019432335,0.003924434,0.99049777
test,DoS,DoS,1478200449.980762,1478200450.026651,2441984,37,0.578125,0,45.88890075683594,0,0x000,test,1564,DoS,DoS,0.98624724,True,0.0065139825,0.98624724,0.0034581264,0.0014348737,0.002345757
test,Fuzzy,Fuzzy,1478197940.039025,1478197940.07171,2654336,21,0.328125,0,32.685041427612305,399,0x18F,test,1565,Fuzzy,Fuzzy,0.984469,True,0.0049907994,0.0005853621,0.984469,0.0020870497,0.007867899
test,Fuzzy,Fuzzy,1478198160.509648,1478198160.542613,2903872,25,0.390625,2,21.30413055419922,304,0x130,test,1566,Fuzzy,Fuzzy,0.9873542,True,0.0040389933,0.0004769429,0.9873542,0.0023299782,0.005799862
test,RPM,RPM,1478192833.357168,1478192833.382623,3446272,22,0.34375,3,24.517059326171875,790,0x316,test,1567,RPM,RPM,0.9909043,True,0.0031084286,0.00022406013,0.0015631577,0.004200106,0.9909043
test,RPM,RPM,1478192711.234383,1478192711.257813,3222400,21,0.328125,3,22.72796630859375,790,0x316,test,1568,RPM,RPM,0.9919837,True,0.0032481207,0.0002701116,0.0010276326,0.0034705417,0.9919837
test,RPM,RPM,1478192884.265524,1478192884.294452,3549696,18,0.28125,3,28.213977813720703,790,0x316,test,1569,RPM,RPM,0.99201787,True,0.0033875844,0.00040329236,0.00050348794,0.0036877673,0.99201787
test,RPM,RPM,1478192870.22494,1478192870.247189,3520192,19,0.296875,5,20.99013328552246,790,0x316,test,1570,RPM,RPM,0.9902811,True,0.00429682,0.0002705619,0.0011710066,0.003980416,0.9902811
test,Normal,Fuzzy,1478201160.965751,1478201160.999215,3749760,0,0.0,-1,,320,0x140,test,1571,Normal,Normal,0.90058285,True,0.90058285,0.0011001792,0.038796898,0.0077638645,0.051756296
test,DoS,DoS,1478200635.732849,1478200635.895597,2660096,37,0.578125,0,162.7480983734131,0,0x000,test,1572,DoS,DoS,0.9878682,True,0.007751415,0.9878682,0.0010852574,0.0016308313,0.0016643865
test,Normal,Gear,1478201179.345615,1478201179.38295,4388096,0,0.0,-1,,320,0x140,test,1573,Normal,Normal,0.9208651,True,0.9208651,0.0007473739,0.049045015,0.008765663,0.02057684
test,Fuzzy,Fuzzy,1478198116.596052,1478198116.632303,2832256,20,0.3125,5,32.11402893066406,305,0x131,test,1574,Fuzzy,Fuzzy,0.98415875,True,0.005391156,0.0007502942,0.98415875,0.0018204523,0.007879308
test,DoS,DoS,1478200616.710074,1478200616.896961,2642880,34,0.53125,1,186.65003776550293,0,0x000,test,1575,DoS,DoS,0.98528177,True,0.006586591,0.98528177,0.004498563,0.0015069304,0.0021260965
test,Fuzzy,Fuzzy,1478198107.302347,1478198107.334897,2817024,24,0.375,2,32.07993507385254,880,0x370,test,1576,Fuzzy,Fuzzy,0.9905675,True,0.0031809553,0.00031323038,0.9905675,0.0024803777,0.0034579034
test,Fuzzy,Fuzzy,1478197905.630279,1478197905.916439,2621888,34,0.53125,1,280.23314476013184,809,0x329,test,1577,Fuzzy,Fuzzy,0.99140036,True,0.0024292923,0.00030674928,0.99140036,0.0026944876,0.0031691287
test,Fuzzy,Fuzzy,1478198100.202403,1478198100.24364,2805376,23,0.359375,2,40.76790809631348,1088,0x440,test,1578,Fuzzy,Fuzzy,0.98957074,True,0.003984459,0.00033827245,0.98957074,0.0017489847,0.004357451
test,Normal,RPM,1478201082.824542,1478201082.861559,4388352,0,0.0,-1,,2,0x002,test,1579,Normal,Normal,0.9443568,True,0.9443568,0.003995523,0.0021761777,0.015943144,0.033528354
test,DoS,DoS,1478200475.111708,1478200475.153372,2477888,38,0.59375,0,41.66412353515625,0,0x000,test,1580,DoS,DoS,0.98749185,True,0.006265012,0.98749185,0.0026136024,0.0016007746,0.0020287451
test,Fuzzy,Fuzzy,1478198174.741526,1478198174.770043,2928192,23,0.359375,0,28.51700782775879,399,0x18F,test,1581,Fuzzy,Fuzzy,0.9890943,True,0.0037838537,0.0004387675,0.9890943,0.001946982,0.0047359965
test,RPM,RPM,1478192736.758745,1478192736.788792,3272704,21,0.328125,1,29.64997291564941,790,0x316,test,1582,RPM,RPM,0.99147063,True,0.0035731937,0.0002537828,0.002074451,0.0026280389,0.99147063
test,Fuzzy,Fuzzy,1478198123.839435,1478198123.876637,2843072,20,0.3125,2,36.74888610839844,2,0x002,test,1583,Fuzzy,Fuzzy,0.9905195,True,0.003359671,0.00024872177,0.9905195,0.0024331526,0.0034388562
test,DoS,DoS,1478200453.645221,1478200453.685519,2447168,33,0.515625,0,40.2979850769043,0,0x000,test,1584,DoS,DoS,0.9812617,True,0.00705917,0.9812617,0.0073753237,0.0017166132,0.0025872532
test,DoS,DoS,1478200427.5937,1478200427.621983,2408576,34,0.53125,0,28.28311920166016,0,0x000,test,1585,DoS,DoS,0.9843499,True,0.007457252,0.9843499,0.0043889815,0.0014213655,0.0023825334
test,Fuzzy,Fuzzy,1478197928.64815,1478197928.685222,2644352,26,0.40625,0,37.071943283081055,399,0x18F,test,1586,Fuzzy,Fuzzy,0.9899961,True,0.0035114877,0.0003987698,0.9899961,0.0021338037,0.003959963
test,Gear,Gear,1478194899.126045,1478194899.152292,3129280,19,0.296875,8,24.327993392944336,1087,0x43F,test,1587,Gear,Gear,0.9918184,True,0.0038787748,0.0007398213,0.0015128531,0.9918184,0.0020501106
test,RPM,RPM,1478192922.438208,1478192922.464093,3623616,21,0.328125,0,25.88486671447754,790,0x316,test,1588,RPM,RPM,0.99046856,True,0.003355033,0.0002550006,0.001104574,0.004816884,0.99046856
test,Normal,DoS,1478201161.916927,1478201161.94895,3578432,0,0.0,-1,,399,0x18F,test,1589,Normal,Normal,0.9376384,True,0.9376384,0.004993837,0.002847046,0.046440378,0.008080355
test,Gear,Gear,1478194963.375229,1478194963.407643,3246912,25,0.390625,2,31.7380428314209,1087,0x43F,test,1590,Gear,Gear,0.992663,True,0.001896584,0.00059204135,0.0028272606,0.992663,0.0020210543
test,Gear,Gear,1478194970.78047,1478194970.820233,3260928,22,0.34375,0,39.76321220397949,1087,0x43F,test,1591,Gear,Gear,0.9929007,True,0.002074716,0.00066808326,0.0010431183,0.9929007,0.003313446
test,RPM,RPM,1478192885.578844,1478192885.603406,3552768,21,0.328125,1,24.33991432189941,790,0x316,test,1592,RPM,RPM,0.9917196,True,0.0033079928,0.0002865066,0.0008709721,0.003814922,0.9917196
test,Fuzzy,Fuzzy,1478198140.626986,1478198140.656237,2869952,23,0.359375,1,29.02793884277344,2,0x002,test,1593,Fuzzy,Fuzzy,0.9897245,True,0.0030252456,0.00028679732,0.9897245,0.0026295148,0.004333865
test,Gear,Gear,1478194984.615948,1478194984.640551,3286144,22,0.34375,0,24.60312843322754,1087,0x43F,test,1594,Gear,Gear,0.9915045,True,0.002661914,0.0006077867,0.0012669011,0.9915045,0.0039588925
test,Gear,Gear,1478194860.990208,1478194861.016848,3055040,18,0.28125,0,26.64017677307129,1087,0x43F,test,1595,Gear,Gear,0.9862279,True,0.0047546225,0.000645651,0.0014073527,0.9862279,0.0069644307
test,RPM,RPM,1478192705.13562,1478192705.159518,3208448,22,0.34375,0,23.89788627624512,790,0x316,test,1596,RPM,RPM,0.9911343,True,0.0030917919,0.00022077399,0.0015564642,0.003996723,0.9911343
test,Normal,DoS,1478201065.809021,1478201065.843287,3400896,0,0.0,-1,,2,0x002,test,1597,Normal,Normal,0.7639827,True,0.7639827,0.00078758004,0.08022344,0.009129638,0.1458766
test,Gear,Gear,1478194887.397687,1478194887.438177,3105408,19,0.296875,4,39.51406478881836,1087,0x43F,test,1598,Gear,Gear,0.9913851,True,0.0030756844,0.00073300954,0.001796904,0.9913851,0.0030093556
test,Gear,Gear,1478194938.48728,1478194938.523435,3202304,20,0.3125,0,36.15522384643555,1087,0x43F,test,1599,Gear,Gear,0.9923264,True,0.001871769,0.00069481577,0.0010561792,0.9923264,0.004050854
test,Fuzzy,Fuzzy,1478197869.21527,1478197869.344089,2591040,31,0.484375,1,128.59606742858887,704,0x2C0,test,1600,Fuzzy,Fuzzy,0.9886445,True,0.0030713836,0.00035183172,0.9886445,0.0025353518,0.005396925
test,RPM,RPM,1478192884.32677,1478192884.349399,3549824,19,0.296875,1,22.404193878173828,790,0x316,test,1601,RPM,RPM,0.99038833,True,0.004009776,0.0002908174,0.00097055925,0.0043404484,0.99038833
test,RPM,RPM,1478192768.154172,1478192768.181559,3336256,21,0.328125,2,26.923179626464844,790,0x316,test,1602,RPM,RPM,0.9932007,True,0.0025291808,0.0003029011,0.00078406994,0.0031830545,0.9932007
test,RPM,RPM,1478192839.166966,1478192839.192839,3457344,20,0.3125,5,24.19900894165039,790,0x316,test,1603,RPM,RPM,0.9883853,True,0.0051132743,0.0002475377,0.001637299,0.0046166023,0.9883853
test,Fuzzy,Fuzzy,1478198169.080086,1478198169.102918,2918592,23,0.359375,1,22.287845611572266,2,0x002,test,1604,Fuzzy,Fuzzy,0.98962957,True,0.003576044,0.0003425939,0.98962957,0.0020931154,0.0043587284
test,RPM,RPM,1478192689.353815,1478192689.375941,3171904,19,0.296875,3,21.44098281860352,790,0x316,test,1605,RPM,RPM,0.9903059,True,0.004009668,0.00027235658,0.0010925643,0.0043194164,0.9903059
test,DoS,DoS,1478200639.334043,1478200639.349722,2666048,32,0.5,1,15.434980392456056,0,0x000,test,1606,DoS,DoS,0.9845957,True,0.008342603,0.9845957,0.0035215348,0.001434058,0.0021060088
test,Gear,Gear,1478194910.556537,1478194910.582459,3153344,20,0.3125,5,24.716854095458984,1087,0x43F,test,1607,Gear,Gear,0.9911945,True,0.0025680845,0.0006042313,0.0034260186,0.9911945,0.00220709
test,RPM,RPM,1478192929.424149,1478192929.516154,3635840,19,0.296875,1,91.77708625793456,790,0x316,test,1608,RPM,RPM,0.98833793,True,0.0039310683,0.0009500628,0.00018345698,0.0065975296,0.98833793
test,RPM,RPM,1478192769.930212,1478192769.970746,3339264,19,0.296875,0,40.53401947021485,790,0x316,test,1609,RPM,RPM,0.9906474,True,0.0039173425,0.00056753133,0.00035193615,0.0045159,0.9906474
test,Normal,Fuzzy,1478201037.014554,1478201037.050895,3520640,0,0.0,-1,,2,0x002,test,1610,Normal,Normal,0.8589959,True,0.8589959,0.0036151283,0.0033874414,0.014023558,0.11997803
test,Fuzzy,Fuzzy,1478197936.570832,1478197936.715013,2652928,19,0.296875,0,144.1810131072998,320,0x140,test,1611,Fuzzy,Fuzzy,0.9897456,True,0.0046461453,0.0002848414,0.9897456,0.0018774227,0.0034459864
test,DoS,DoS,1478200498.698652,1478200498.785288,2510912,37,0.578125,1,86.38501167297363,0,0x000,test,1612,DoS,DoS,0.9865074,True,0.0061159423,0.9865074,0.0038332476,0.0016727408,0.001870587
test,Fuzzy,Fuzzy,1478198095.510744,1478198095.543595,2796864,24,0.375,0,32.85098075866699,809,0x329,test,1613,Fuzzy,Fuzzy,0.9906447,True,0.0030756802,0.00032052348,0.9906447,0.0023255309,0.0036335867
test,Fuzzy,Fuzzy,1478198078.051578,1478198078.191059,2774336,30,0.46875,0,139.4810676574707,880,0x370,test,1614,Fuzzy,Fuzzy,0.99023193,True,0.0027341046,0.0002982227,0.99023193,0.0026868419,0.0040488876
test,Gear,Gear,1478194854.667338,1478194854.702094,3041216,22,0.34375,3,34.04998779296875,1087,0x43F,test,1615,Gear,Gear,0.991844,True,0.0029249229,0.00056856347,0.001984901,0.991844,0.0026776071
test,Normal,Gear,1478201061.719224,1478201061.751853,4170688,0,0.0,-1,,305,0x131,test,1616,Normal,Normal,0.9658643,True,0.9658643,0.01198324,0.0011457552,0.01275088,0.008255756
test,Normal,Gear,1478201140.067021,1478201140.104631,4315840,0,0.0,-1,,320,0x140,test,1617,Normal,Normal,0.9264209,True,0.9264209,0.0083237775,0.0013334972,0.056790955,0.007130841
test,Fuzzy,Fuzzy,1478197813.605048,1478197813.786374,2540608,31,0.484375,1,176.18107795715332,790,0x316,test,1618,Fuzzy,Fuzzy,0.9927206,True,0.0025756517,0.00027021044,0.9927206,0.0020173439,0.0024162666
test,Gear,Gear,1478194886.312788,1478194886.349796,3103552,20,0.3125,0,37.00804710388184,1087,0x43F,test,1619,Gear,Gear,0.99115175,True,0.002625196,0.0005416368,0.0010341973,0.99115175,0.0046472205
test,Fuzzy,Fuzzy,1478198083.033245,1478198083.165512,2781056,31,0.484375,1,126.86419486999512,672,0x2A0,test,1620,Fuzzy,Fuzzy,0.9905066,True,0.003056043,0.0003677687,0.9905066,0.0021394105,0.003930278
test,Fuzzy,Fuzzy,1478198109.97581,1478198110.012594,2821184,27,0.421875,1,36.56506538391113,704,0x2C0,test,1621,Fuzzy,Fuzzy,0.9906969,True,0.0032125218,0.00032229093,0.9906969,0.002182108,0.0035861386
test,Normal,Gear,1478201108.90694,1478201108.94139,4258112,0,0.0,-1,,2,0x002,test,1622,Normal,Normal,0.95930344,True,0.95930344,0.0075954003,0.0019505292,0.025969237,0.0051814835
test,Fuzzy,Fuzzy,1478197940.102455,1478197940.129668,2654464,12,0.1875,1,26.99899673461914,2,0x002,test,1623,Fuzzy,Fuzzy,0.9643365,True,0.0104134185,0.0014822438,0.9643365,0.0023654483,0.021402448
test,DoS,DoS,1478200384.260946,1478200384.288889,2349696,33,0.515625,1,27.695894241333008,0,0x000,test,1624,DoS,DoS,0.9859811,True,0.0076574013,0.9859811,0.002983324,0.0014936157,0.0018844537
test,RPM,RPM,1478192773.865823,1478192773.91632,3346240,20,0.3125,3,49.81613159179688,790,0x316,test,1625,RPM,RPM,0.98868424,True,0.0035368393,0.00032077997,0.00073293154,0.0067251846,0.98868424
test,RPM,RPM,1478192970.053824,1478192970.113703,3709504,22,0.34375,4,58.9139461517334,790,0x316,test,1626,RPM,RPM,0.98880565,True,0.003019845,0.00025740854,0.0009238722,0.0069931336,0.98880565
test,RPM,RPM,1478192950.815005,1478192950.842263,3673024,20,0.3125,0,27.25791931152344,790,0x316,test,1627,RPM,RPM,0.99192965,True,0.0034328047,0.00030519682,0.0009622064,0.0033701665,0.99192965
test,RPM,RPM,1478192961.930895,1478192961.960641,3694784,17,0.265625,1,29.51979637145996,790,0x316,test,1628,RPM,RPM,0.9849304,True,0.0056579267,0.00061973714,0.0004383628,0.008353584,0.9849304
test,Fuzzy,Fuzzy,1478198115.545851,1478198115.614237,2830848,24,0.375,4,62.05916404724121,305,0x131,test,1629,Fuzzy,Fuzzy,0.98459667,True,0.004860212,0.0006172255,0.98459667,0.0018454383,0.008080428
test,Normal,Fuzzy,1478201103.516189,1478201103.548684,3643840,0,0.0,-1,,2,0x002,test,1630,Normal,Normal,0.93034726,True,0.93034726,0.0033278477,0.00348998,0.043394182,0.019440724
test,RPM,RPM,1478192728.595131,1478192728.631455,3256192,23,0.359375,1,36.09895706176758,790,0x316,test,1631,RPM,RPM,0.9906911,True,0.0026856987,0.0002802971,0.0006828887,0.005660037,0.9906911
test,RPM,RPM,1478192781.303503,1478192781.363495,3357312,17,0.265625,3,59.27109718322754,790,0x316,test,1632,RPM,RPM,0.9872066,True,0.0063770427,0.00081933936,0.00031400833,0.005283042,0.9872066
test,RPM,RPM,1478192735.576326,1478192735.601261,3270144,21,0.328125,0,24.935007095336918,790,0x316,test,1633,RPM,RPM,0.9902082,True,0.0031322828,0.00030832435,0.00066181767,0.0056894333,0.9902082
test,Gear,Gear,1478194976.168105,1478194976.198073,3270784,24,0.375,0,29.9680233001709,1087,0x43F,test,1634,Gear,Gear,0.9927133,True,0.00202701,0.0005287459,0.0016111489,0.9927133,0.003119848
test,Fuzzy,Fuzzy,1478197758.542244,1478197758.68369,2487808,24,0.375,3,125.22506713867188,2,0x002,test,1635,Fuzzy,Fuzzy,0.99136555,True,0.003032745,0.00029535464,0.99136555,0.0022635648,0.0030428167
test,RPM,RPM,1478192847.45067,1478192847.494273,3473216,23,0.359375,0,43.60294342041016,790,0x316,test,1636,RPM,RPM,0.9915461,True,0.0024842802,0.00031646035,0.0006802988,0.004972926,0.9915461
test,Normal,RPM,1478201107.941015,1478201107.972753,4434880,0,0.0,-1,,399,0x18F,test,1637,Normal,Normal,0.9401743,True,0.9401743,0.010156908,0.003523655,0.04412334,0.0020218224
test,DoS,DoS,1478200497.930756,1478200498.032814,2510464,37,0.578125,3,95.86811065673828,0,0x000,test,1638,DoS,DoS,0.9878036,True,0.0060211485,0.9878036,0.002699866,0.0016553872,0.001819946
test,Fuzzy,Fuzzy,1478198143.30939,1478198143.3649,2874240,23,0.359375,0,55.51004409790039,320,0x140,test,1639,Fuzzy,Fuzzy,0.9852865,True,0.0044996827,0.0005306528,0.9852865,0.0021516006,0.0075315917
test,RPM,RPM,1478192832.786203,1478192832.826896,3445248,18,0.28125,5,39.53194618225098,790,0x316,test,1640,RPM,RPM,0.98921824,True,0.004275785,0.0002331909,0.0032796229,0.0029931655,0.98921824
test,Gear,Gear,1478194847.556498,1478194847.583604,3025856,20,0.3125,13,23.992061614990234,1087,0x43F,test,1641,Gear,Gear,0.993668,True,0.00216117,0.0008583948,0.0014922507,0.993668,0.0018200793
test,RPM,RPM,1478192898.040601,1478192898.070582,3578944,19,0.296875,0,29.980897903442383,790,0x316,test,1642,RPM,RPM,0.9879623,True,0.004282852,0.00044863732,0.0004362173,0.0068699988,0.9879623
test,RPM,RPM,1478192708.654895,1478192708.680066,3215360,22,0.34375,2,24.697065353393555,790,0x316,test,1643,RPM,RPM,0.991666,True,0.0031504906,0.0002802258,0.00091598247,0.0039873435,0.991666
test,Normal,DoS,1478201084.498552,1478201084.532011,3435520,0,0.0,-1,,399,0x18F,test,1644,Normal,Normal,0.95690095,True,0.95690095,0.0045550186,0.0030640955,0.02545397,0.010025999
test,Fuzzy,Fuzzy,1478198111.906081,1478198111.941675,2824064,22,0.34375,0,35.59398651123047,848,0x350,test,1645,Fuzzy,Fuzzy,0.9899344,True,0.0034557707,0.00033716825,0.9899344,0.0022107493,0.0040618996
test,Fuzzy,Fuzzy,1478198058.06694,1478198058.359163,2759616,24,0.375,1,286.7729663848877,2,0x002,test,1646,Fuzzy,Fuzzy,0.987815,True,0.003848355,0.0005109347,0.987815,0.002029437,0.0057962863
test,Gear,Gear,1478195074.268532,1478195074.340149,3446336,19,0.296875,3,70.91593742370605,1087,0x43F,test,1647,Gear,Gear,0.98893994,True,0.0027346588,0.0005725739,0.0042854967,0.98893994,0.0034673135
test,RPM,RPM,1478192819.578679,1478192819.600502,3420160,21,0.328125,2,21.3620662689209,790,0x316,test,1648,RPM,RPM,0.9906669,True,0.0038076523,0.00023078924,0.0020756219,0.0032189048,0.9906669
test,DoS,DoS,1478200480.041458,1478200480.057579,2486080,35,0.546875,1,15.87510108947754,0,0x000,test,1649,DoS,DoS,0.98531187,True,0.0071238144,0.98531187,0.003944646,0.0016185022,0.0020012956
test,Gear,Gear,1478194977.454145,1478194977.520184,3272896,18,0.28125,1,65.56010246276855,1087,0x43F,test,1650,Gear,Gear,0.98710376,True,0.0078909835,0.0017556134,0.0009111373,0.98710376,0.0023384837
test,Gear,Gear,1478194890.712382,1478194890.734979,3111744,20,0.3125,3,21.88587188720703,1087,0x43F,test,1651,Gear,Gear,0.9911883,True,0.0026905015,0.0006083501,0.0021016127,0.9911883,0.0034111957
test,Normal,RPM,1478201193.891167,1478201193.923065,4593600,0,0.0,-1,,339,0x153,test,1652,Normal,Normal,0.942256,True,0.942256,0.004099491,0.0037167934,0.018851055,0.031076808
test,RPM,RPM,1478192682.695161,1478192682.718591,3156800,20,0.3125,0,23.42987060546875,790,0x316,test,1653,RPM,RPM,0.9875494,True,0.0041913847,0.0002654828,0.0011462772,0.006847489,0.9875494
test,Normal,Fuzzy,1478201101.78747,1478201101.824616,3640640,0,0.0,-1,,304,0x130,test,1654,Normal,Normal,0.9459419,True,0.9459419,0.0019241926,0.014223724,0.017249025,0.020661121
test,Normal,Fuzzy,1478201054.462238,1478201054.49669,3552960,0,0.0,-1,,399,0x18F,test,1655,Normal,Normal,0.7946516,True,0.7946516,0.0100302845,0.002992577,0.17695215,0.015373331
test,Normal,DoS,1478201176.009138,1478201176.045409,3604544,0,0.0,-1,,2,0x002,test,1656,Normal,Normal,0.93129086,True,0.93129086,0.0036655809,0.003821166,0.031687427,0.029535055
test,Fuzzy,Fuzzy,1478197996.844405,1478197997.193393,2710528,34,0.53125,3,327.4829387664795,339,0x153,test,1657,Fuzzy,Fuzzy,0.99115294,True,0.0027566717,0.00034166622,0.99115294,0.0023270757,0.0034215993
test,Gear,Gear,1478194878.652238,1478194878.687146,3089472,20,0.3125,3,34.195899963378906,1087,0x43F,test,1658,Gear,Gear,0.9913059,True,0.0024297838,0.00072732236,0.0006592977,0.9913059,0.00487761
test,RPM,RPM,1478192819.839369,1478192819.877827,3420736,25,0.390625,1,38.229942321777344,790,0x316,test,1659,RPM,RPM,0.99218434,True,0.0024720135,0.00023105963,0.0013530399,0.00375946,0.99218434
test,Normal,Fuzzy,1478201113.358504,1478201113.395989,3662080,0,0.0,-1,,2,0x002,test,1660,Normal,Normal,0.9485014,True,0.9485014,0.0038739508,0.0017162361,0.036207356,0.009700929
test,Gear,Gear,1478194961.904069,1478194961.929517,3243584,23,0.359375,2,24.98197555541992,1087,0x43F,test,1661,Gear,Gear,0.99231565,True,0.0020786296,0.000539867,0.0019912913,0.99231565,0.003074502
test,Fuzzy,Fuzzy,1478197969.797067,1478197970.150093,2685888,30,0.46875,4,330.9931755065918,304,0x130,test,1662,Fuzzy,Fuzzy,0.988839,True,0.0032229747,0.00038525517,0.988839,0.0024941703,0.005058637
test,Fuzzy,Fuzzy,1478197994.227044,1478197994.397735,2709888,16,0.25,3,147.90701866149902,399,0x18F,test,1663,Fuzzy,Fuzzy,0.9888704,True,0.0050946777,0.00027348875,0.9888704,0.0020687955,0.003692688
test,Normal,Fuzzy,1478201129.077027,1478201129.114582,3691200,0,0.0,-1,,399,0x18F,test,1664,Normal,Normal,0.9635049,True,0.9635049,0.0037501818,0.0028461856,0.023003943,0.0068947757
test,DoS,DoS,1478200507.219688,1478200507.432634,2521536,31,0.484375,0,212.94617652893064,0,0x000,test,1665,DoS,DoS,0.9832628,True,0.007677624,0.9832628,0.0055451603,0.00152684,0.001987634
test,Normal,RPM,1478201105.971131,1478201106.005794,4431232,0,0.0,-1,,399,0x18F,test,1666,Normal,Normal,0.9502971,True,0.9502971,0.0018075773,0.013124377,0.031215321,0.0035555263
test,RPM,RPM,1478192696.962933,1478192696.985679,3189504,20,0.3125,2,22.284984588623047,790,0x316,test,1667,RPM,RPM,0.99316686,True,0.002910512,0.00027374318,0.0013868357,0.0022619918,0.99316686
test,Gear,Gear,1478195028.928707,1478195028.970824,3365056,19,0.296875,4,41.15009307861328,1087,0x43F,test,1668,Gear,Gear,0.9881974,True,0.0031692914,0.0006292633,0.0030203054,0.9881974,0.0049837087
test,Fuzzy,Fuzzy,1478198134.078203,1478198134.111497,2858496,25,0.390625,1,32.65690803527832,399,0x18F,test,1669,Fuzzy,Fuzzy,0.9915658,True,0.0029410645,0.0002892714,0.9915658,0.0024133453,0.0027905507
test,RPM,RPM,1478192825.302086,1478192825.336036,3431232,21,0.328125,1,33.65302085876465,790,0x316,test,1670,RPM,RPM,0.9908268,True,0.0029899895,0.00023076702,0.0012370613,0.0047154296,0.9908268
test,Normal,RPM,1478201102.618397,1478201102.654668,4425024,0,0.0,-1,,704,0x2C0,test,1671,Normal,Normal,0.91267526,True,0.91267526,0.004625085,0.002459512,0.051020414,0.029219681
test,DoS,DoS,1478200499.468942,1478200499.536217,2511680,32,0.5,2,66.53904914855957,0,0x000,test,1672,DoS,DoS,0.9870063,True,0.0064618518,0.9870063,0.0029076242,0.0015734433,0.002050713
test,Normal,DoS,1478201091.47663,1478201091.509444,3448448,0,0.0,-1,,2,0x002,test,1673,Normal,Normal,0.89294475,True,0.89294475,0.010911906,0.0012368076,0.059826337,0.03508013
test,Gear,Gear,1478194987.861155,1478194987.883395,3292352,18,0.28125,9,20.099878311157227,1087,0x43F,test,1674,Gear,Gear,0.9899588,True,0.003190726,0.000741056,0.0013746674,0.9899588,0.004734818
test,RPM,RPM,1478192710.320164,1478192710.342984,3219904,21,0.328125,1,22.593975067138672,790,0x316,test,1675,RPM,RPM,0.9913474,True,0.0030341793,0.000268541,0.0008983801,0.0044515347,0.9913474
test,RPM,RPM,1478192808.304888,1478192808.345675,3401216,18,0.28125,0,40.7869815826416,790,0x316,test,1676,RPM,RPM,0.9849776,True,0.0061793495,0.00019879812,0.0045755063,0.004068653,0.9849776
test,Gear,Gear,1478195048.280083,1478195048.314903,3398144,18,0.28125,0,34.8200798034668,1087,0x43F,test,1677,Gear,Gear,0.99034846,True,0.0038637002,0.0008634624,0.0011281807,0.99034846,0.0037961868
test,DoS,DoS,1478200634.946365,1478200635.00917,2659584,32,0.5,1,62.561988830566406,0,0x000,test,1678,DoS,DoS,0.98466563,True,0.0068916553,0.98466563,0.004668625,0.0014847992,0.002289286
test,Fuzzy,Fuzzy,1478198166.414184,1478198166.471496,2914368,26,0.40625,10,54.92711067199707,2,0x002,test,1679,Fuzzy,Fuzzy,0.98976153,True,0.0031996346,0.0003781453,0.98976153,0.0023492177,0.0043114834
test,Gear,Gear,1478194917.049877,1478194917.072633,3165248,20,0.3125,7,21.101951599121094,1087,0x43F,test,1680,Gear,Gear,0.9895551,True,0.0033029504,0.00051121274,0.0031938278,0.9895551,0.0034368974
test,DoS,DoS,1478200428.08331,1478200428.102994,2409536,35,0.546875,0,19.6840763092041,0,0x000,test,1681,DoS,DoS,0.9866231,True,0.007062773,0.9866231,0.002922941,0.0016153234,0.0017758368
test,Normal,Fuzzy,1478201115.329163,1478201115.366056,3665728,0,0.0,-1,,320,0x140,test,1682,Normal,Normal,0.97393847,True,0.97393847,0.002274629,0.0050154952,0.013207279,0.005564039
test,Fuzzy,Fuzzy,1478198109.766432,1478198109.796403,2820928,18,0.28125,2,29.50382232666016,304,0x130,test,1683,Fuzzy,Fuzzy,0.9900754,True,0.0039983382,0.00023135354,0.9900754,0.002369642,0.0033253152
test,Gear,Gear,1478194950.849179,1478194950.901983,3223744,22,0.34375,2,52.30307579040527,1087,0x43F,test,1684,Gear,Gear,0.9913504,True,0.0027648506,0.0008165057,0.002203231,0.9913504,0.0028650444
test,RPM,RPM,1478192737.541068,1478192737.563087,3274496,18,0.28125,4,21.066904067993164,790,0x316,test,1685,RPM,RPM,0.9902023,True,0.0034015959,0.00034834415,0.00062823633,0.005419451,0.9902023
test,RPM,RPM,1478192709.335335,1478192709.359989,3217216,22,0.34375,1,24.42789077758789,790,0x316,test,1686,RPM,RPM,0.99090916,True,0.0033577199,0.0002580981,0.0011744874,0.0043004993,0.99090916
test,Gear,Gear,1478194872.097776,1478194872.138272,3077824,19,0.296875,6,39.07299041748047,1087,0x43F,test,1687,Gear,Gear,0.99257845,True,0.0020563202,0.0007495437,0.0009664221,0.99257845,0.0036491835
test,Fuzzy,Fuzzy,1478198135.600161,1478198135.632193,2861120,26,0.40625,2,31.576156616210938,790,0x316,test,1688,Fuzzy,Fuzzy,0.9907828,True,0.003044461,0.0003517289,0.9907828,0.002246994,0.003574135
test,RPM,RPM,1478192902.529263,1478192902.558334,3588032,14,0.21875,29,13.992071151733398,790,0x316,test,1689,RPM,RPM,0.9802096,True,0.009723978,0.00035102162,0.0016032963,0.008112122,0.9802096
test,Normal,Gear,1478201119.996291,1478201120.029444,4278656,0,0.0,-1,,304,0x130,test,1690,Normal,Normal,0.8917014,True,0.8917014,0.004159818,0.006388682,0.07645412,0.021295981
test,DoS,DoS,1478200374.920579,1478200374.97491,2335232,37,0.578125,0,54.33106422424317,0,0x000,test,1691,DoS,DoS,0.98809963,True,0.0063755387,0.98809963,0.0021188967,0.0016989562,0.0017069402
test,Gear,Gear,1478194990.012698,1478194990.039288,3297088,19,0.296875,0,26.59010887145996,1087,0x43F,test,1692,Gear,Gear,0.98909456,True,0.0028854115,0.0006529163,0.0034341235,0.98909456,0.003933007
test,DoS,DoS,1478200633.177049,1478200633.280411,2658432,36,0.5625,7,100.88992118835448,0,0x000,test,1693,DoS,DoS,0.9858372,True,0.01027452,0.9858372,0.00076600414,0.0017544287,0.001367763
test,RPM,RPM,1478192905.827584,1478192905.855934,3595200,19,0.296875,1,28.12480926513672,790,0x316,test,1694,RPM,RPM,0.9907608,True,0.0041001556,0.0003153069,0.00077631616,0.004047467,0.9907608
test,DoS,DoS,1478200388.191678,1478200388.246931,2356928,35,0.546875,0,55.253028869628906,0,0x000,test,1695,DoS,DoS,0.98589396,True,0.006524687,0.98589396,0.0037303886,0.0016893733,0.0021615669
test,Normal,RPM,1478201147.585515,1478201147.618713,4508288,0,0.0,-1,,2,0x002,test,1696,Normal,Normal,0.9734711,True,0.9734711,0.0012499694,0.009146427,0.007507591,0.008624784
test,Normal,Gear,1478201139.09829,1478201139.13491,4314048,0,0.0,-1,,2,0x002,test,1697,Normal,Normal,0.9282059,True,0.9282059,0.021431625,0.0008727395,0.044892382,0.0045974464
test,Normal,Gear,1478201088.217059,1478201088.248957,4219776,0,0.0,-1,,2,0x002,test,1698,Normal,Normal,0.9577057,True,0.9577057,0.0020704994,0.0067406204,0.023882676,0.0096004065
test,Normal,Fuzzy,1478201039.330993,1478201039.368548,3524928,0,0.0,-1,,304,0x130,test,1699,Normal,Normal,0.9175159,True,0.9175159,0.0065565174,0.0013938008,0.02960157,0.044932228
test,Fuzzy,Fuzzy,1478197980.708165,1478197980.79049,2694528,22,0.34375,3,81.4208984375,809,0x329,test,1700,Fuzzy,Fuzzy,0.98801523,True,0.00452022,0.00032866883,0.98801523,0.002033494,0.005102311
test,Gear,Gear,1478194984.270615,1478194984.295765,3285440,15,0.234375,7,23.44489097595215,1087,0x43F,test,1701,Gear,Gear,0.99051756,True,0.004583943,0.00082320767,0.0011705101,0.99051756,0.0029047215
test,Gear,Gear,1478195026.638911,1478195026.671422,3362304,17,0.265625,8,30.586957931518555,1087,0x43F,test,1702,Gear,Gear,0.9915052,True,0.003203386,0.00074762234,0.0018618916,0.9915052,0.0026819613
test,Gear,Gear,1478194929.463105,1478194929.486651,3186688,21,0.328125,4,22.587060928344727,1087,0x43F,test,1703,Gear,Gear,0.99131715,True,0.002481372,0.00055523193,0.0020685918,0.99131715,0.0035777122
test,RPM,RPM,1478192885.3758,1478192885.406317,3552320,23,0.359375,1,30.289888381958008,790,0x316,test,1704,RPM,RPM,0.99103093,True,0.003408578,0.00025128125,0.0014238524,0.0038853397,0.99103093
test,RPM,RPM,1478192703.303945,1478192703.325971,3203648,19,0.296875,5,20.770788192749023,790,0x316,test,1705,RPM,RPM,0.98990405,True,0.0039569354,0.0003176844,0.00077008,0.005051279,0.98990405
test,DoS,DoS,1478200433.921662,1478200433.951717,2419328,36,0.5625,1,29.81281280517578,0,0x000,test,1706,DoS,DoS,0.9873018,True,0.0062911916,0.9873018,0.002959593,0.0014752387,0.0019722474
test,DoS,DoS,1478200552.239275,1478200552.265266,2569664,33,0.515625,1,25.74491500854492,0,0x000,test,1707,DoS,DoS,0.9826888,True,0.008167091,0.9826888,0.0052094827,0.0013678255,0.0025668812
test,DoS,DoS,1478200515.057186,1478200515.296872,2529984,38,0.59375,0,239.6860122680664,0,0x000,test,1708,DoS,DoS,0.98417425,True,0.0056273937,0.98417425,0.00609101,0.002007716,0.0020996006
test,Gear,Gear,1478194945.393312,1478194945.438974,3214336,19,0.296875,1,45.43185234069824,1087,0x43F,test,1709,Gear,Gear,0.9884044,True,0.0030103805,0.00061753066,0.0010787101,0.9884044,0.006888921
test,RPM,RPM,1478192898.681918,1478192898.704612,3580416,18,0.28125,9,20.04694938659668,790,0x316,test,1710,RPM,RPM,0.98977226,True,0.004835014,0.00035392816,0.00071281404,0.0043260013,0.98977226
test,DoS,DoS,1478200488.409185,1478200488.445664,2497600,38,0.59375,0,36.47899627685547,0,0x000,test,1711,DoS,DoS,0.9859971,True,0.0068950737,0.9859971,0.0034657351,0.0015113603,0.00213081
test,DoS,DoS,1478200649.750839,1478200649.803761,2675136,39,0.609375,0,52.92201042175293,0,0x000,test,1712,DoS,DoS,0.98396975,True,0.006161405,0.98396975,0.0059829145,0.00161325,0.0022727486
test,Gear,Gear,1478194975.42097,1478194975.470262,3269504,21,0.328125,1,43.84899139404297,1087,0x43F,test,1713,Gear,Gear,0.99107623,True,0.0027480973,0.0007793403,0.0004225872,0.99107623,0.0049738367
test,Fuzzy,Fuzzy,1478198141.26293,1478198141.297354,2870912,19,0.296875,3,33.60700607299805,848,0x350,test,1714,Fuzzy,Fuzzy,0.9889079,True,0.0031531644,0.00024055968,0.9889079,0.0029793363,0.004719073
test,Gear,Gear,1478194929.761305,1478194929.784258,3187264,21,0.328125,0,22.952795028686523,1087,0x43F,test,1715,Gear,Gear,0.98917365,True,0.0036142133,0.00047977062,0.0030640597,0.98917365,0.003668245
test,Normal,RPM,1478201017.381334,1478201017.418039,4267840,0,0.0,-1,,399,0x18F,test,1716,Normal,Normal,0.93668455,True,0.93668455,0.004917595,0.002712653,0.045272876,0.010412262
test,DoS,DoS,1478200453.281768,1478200453.307913,2446720,33,0.515625,0,26.144981384277344,0,0x000,test,1717,DoS,DoS,0.98520595,True,0.007451377,0.98520595,0.0038714127,0.0014169934,0.0020542531
test,RPM,RPM,1478192857.407502,1478192857.429774,3493504,21,0.328125,0,22.27210998535156,790,0x316,test,1718,RPM,RPM,0.98970246,True,0.0031082286,0.00029742293,0.0007361742,0.006155675,0.98970246
test,Gear,Gear,1478194864.375516,1478194864.407457,3061504,1,0.015625,60,1.093149185180664,2,0x002,test,1719,Gear,Normal,0.7606783,False,0.7606783,0.032336,0.0006807149,0.18953693,0.016768076
test,Normal,RPM,1478201097.196723,1478201097.230668,4414976,0,0.0,-1,,304,0x130,test,1720,Normal,Normal,0.89769816,True,0.89769816,0.011572173,0.0013977994,0.05962644,0.029705318
test,Gear,Gear,1478194910.828261,1478194910.896871,3153856,20,0.3125,2,67.84701347351074,1087,0x43F,test,1721,Gear,Gear,0.9915515,True,0.002754593,0.000704962,0.0020866478,0.9915515,0.0029023068
test,Normal,Gear,1478201027.020671,1478201027.052989,4107136,0,0.0,-1,,305,0x131,test,1722,Normal,Normal,0.94299066,True,0.94299066,0.009259777,0.0013714858,0.026639339,0.019738764
test,Gear,Gear,1478195080.908028,1478195080.948872,3458048,18,0.28125,2,40.35305976867676,1087,0x43F,test,1723,Gear,Gear,0.986068,True,0.0038627447,0.00041729357,0.0015897674,0.986068,0.00806216
test,RPM,RPM,1478192742.740923,1478192742.762405,3285312,19,0.296875,7,19.75083351135254,790,0x316,test,1724,RPM,RPM,0.98827565,True,0.0047283303,0.0002495281,0.0013032468,0.005443255,0.98827565
test,Fuzzy,Fuzzy,1478197952.322238,1478197952.382694,2668352,18,0.28125,11,57.59811401367188,2,0x002,test,1725,Fuzzy,Fuzzy,0.98675984,True,0.0043014707,0.00041499545,0.98675984,0.0022127172,0.006310972
test,Gear,Gear,1478195098.420744,1478195098.446226,3492096,19,0.296875,2,24.837970733642575,1087,0x43F,test,1726,Gear,Gear,0.99137336,True,0.0026430709,0.0007453582,0.001098314,0.99137336,0.0041399132
test,RPM,RPM,1478192690.823127,1478192690.845411,3175872,20,0.3125,0,22.28403091430664,790,0x316,test,1727,RPM,RPM,0.9913043,True,0.003676346,0.00026689636,0.0011933409,0.003559202,0.9913043
test,Fuzzy,Fuzzy,1478198165.643595,1478198165.692847,2913152,25,0.390625,1,49.03101921081543,2,0x002,test,1728,Fuzzy,Fuzzy,0.98588055,True,0.003996206,0.00047946407,0.98588055,0.002099309,0.007544525
test,Fuzzy,Fuzzy,1478198135.257692,1478198135.283719,2860672,25,0.390625,0,26.02696418762207,399,0x18F,test,1729,Fuzzy,Fuzzy,0.991438,True,0.0027638462,0.00025066675,0.991438,0.0025636482,0.0029838965
test,RPM,RPM,1478192679.454532,1478192679.477542,3150592,19,0.296875,1,22.624969482421875,790,0x316,test,1730,RPM,RPM,0.9911795,True,0.0036020242,0.00027753573,0.0011096752,0.0038312827,0.9911795
test,Normal,Fuzzy,1478201122.376823,1478201122.410439,3678784,0,0.0,-1,,305,0x131,test,1731,Normal,Normal,0.9792259,True,0.9792259,0.0058936747,0.001839267,0.007044014,0.0059971805
test,Fuzzy,Fuzzy,1478198166.711235,1478198166.733629,2914816,21,0.328125,1,22.175073623657227,2,0x002,test,1732,Fuzzy,Fuzzy,0.9848785,True,0.0045699705,0.0004997801,0.9848785,0.0022694594,0.007782289
test,DoS,DoS,1478200484.403893,1478200484.459854,2490496,33,0.515625,0,55.960893630981445,0,0x000,test,1733,DoS,DoS,0.98322564,True,0.007697643,0.98322564,0.005184109,0.0015335549,0.0023589886
test,Normal,RPM,1478201170.158692,1478201170.191786,4549632,0,0.0,-1,,399,0x18F,test,1734,Normal,Normal,0.9523146,True,0.9523146,0.004611091,0.002292067,0.035008714,0.005773546
test,Fuzzy,Fuzzy,1478198017.831389,1478198017.989612,2728000,16,0.25,0,158.22315216064453,809,0x329,test,1735,Fuzzy,Fuzzy,0.9415019,True,0.021714453,0.0002693529,0.9415019,0.031627566,0.0048866468
test,Gear,Gear,1478195072.586438,1478195072.625983,3443456,19,0.296875,5,38.331031799316406,1087,0x43F,test,1736,Gear,Gear,0.9919585,True,0.003045624,0.0009789619,0.00033414355,0.9919585,0.0036826984
test,DoS,DoS,1478200450.55645,1478200450.628113,2442752,34,0.53125,0,71.66314125061035,0,0x000,test,1737,DoS,DoS,0.98610616,True,0.008049403,0.98610616,0.0024877873,0.001298317,0.002058252
test,RPM,RPM,1478192916.282875,1478192916.321019,3612288,20,0.3125,4,37.175893783569336,790,0x316,test,1738,RPM,RPM,0.9890437,True,0.0037806826,0.00034167868,0.0006050612,0.0062287995,0.9890437
test,RPM,RPM,1478192857.241245,1478192857.265594,3493056,21,0.328125,0,24.348974227905277,790,0x316,test,1739,RPM,RPM,0.98974717,True,0.0039217463,0.00035375278,0.0006591769,0.005318134,0.98974717
test,Gear,Gear,1478194936.558239,1478194936.605752,3199104,23,0.359375,3,46.788930892944336,1087,0x43F,test,1740,Gear,Gear,0.99300283,True,0.0014741592,0.00072000176,0.0012455359,0.99300283,0.0035574501
test,Gear,Gear,1478195085.65603,1478195085.701731,3466688,16,0.25,8,42.0229434967041,1087,0x43F,test,1741,Gear,Gear,0.9396093,True,0.0070121787,0.00054455374,0.0013343508,0.9396093,0.05149955
test,Normal,DoS,1478201143.674264,1478201143.707128,3545152,0,0.0,-1,,2,0x002,test,1742,Normal,Normal,0.89560884,True,0.89560884,0.006812571,0.0026187852,0.031268265,0.06369158
test,Gear,Gear,1478194904.341433,1478194904.374556,3140160,21,0.328125,1,32.89008140563965,1087,0x43F,test,1743,Gear,Gear,0.9900643,True,0.00268888,0.0007321279,0.0009441373,0.9900643,0.0055705034
test,Gear,Gear,1478194860.676807,1478194860.698815,3054208,17,0.265625,10,19.63019371032715,1087,0x43F,test,1744,Gear,Gear,0.99098676,True,0.0031633552,0.00072286214,0.0022582011,0.99098676,0.0028687774
test,Fuzzy,Fuzzy,1478197855.696812,1478197855.85657,2576896,25,0.390625,1,159.53707695007324,1087,0x43F,test,1745,Fuzzy,Fuzzy,0.99129313,True,0.0029674908,0.00024640092,0.99129313,0.0026345889,0.0028583293
test,RPM,RPM,1478192941.744124,1478192941.773114,3656192,21,0.328125,1,28.761863708496094,790,0x316,test,1746,RPM,RPM,0.99240196,True,0.0029860544,0.00033933457,0.0006167651,0.0036558842,0.99240196
test,Normal,DoS,1478201152.195885,1478201152.227209,3560896,0,0.0,-1,,320,0x140,test,1747,Normal,Normal,0.96444017,True,0.96444017,0.003852165,0.0067857355,0.02148348,0.003438407
test,Normal,Fuzzy,1478201143.484605,1478201143.517557,3717888,0,0.0,-1,,2,0x002,test,1748,Normal,Normal,0.9705432,True,0.9705432,0.0014929523,0.005877246,0.00804871,0.014037889
test,RPM,RPM,1478192697.430214,1478192697.453403,3190720,20,0.3125,1,22.964954376220703,790,0x316,test,1749,RPM,RPM,0.9913824,True,0.0034736006,0.0002631163,0.0012470294,0.0036337809,0.9913824
test,DoS,DoS,1478200518.395355,1478200518.411483,2535552,35,0.546875,1,15.882015228271484,0,0x000,test,1750,DoS,DoS,0.9865878,True,0.0076370873,0.9865878,0.002295161,0.0014432371,0.0020367214
test,Gear,Gear,1478194924.057188,1478194924.107611,3177536,19,0.296875,0,50.42290687561035,1087,0x43F,test,1751,Gear,Gear,0.9894405,True,0.0030680504,0.0007291207,0.001146555,0.9894405,0.005615736
test,Gear,Gear,1478194918.444826,1478194918.489182,3167552,22,0.34375,1,44.12293434143066,1087,0x43F,test,1752,Gear,Gear,0.9896987,True,0.0025211058,0.0005729927,0.004351052,0.9896987,0.00285605
test,RPM,RPM,1478192749.774472,1478192749.815821,3300608,22,0.34375,0,41.348934173583984,790,0x316,test,1753,RPM,RPM,0.9932376,True,0.0024876518,0.0002952505,0.0007297168,0.0032497759,0.9932376
test,RPM,RPM,1478192851.672077,1478192851.701182,3481472,19,0.296875,1,28.879880905151367,790,0x316,test,1754,RPM,RPM,0.9849214,True,0.004775073,0.0002997443,0.0009112248,0.009092573,0.9849214
test,Gear,Gear,1478194861.017089,1478194861.048633,3055104,18,0.28125,8,29.636144638061523,1087,0x43F,test,1755,Gear,Gear,0.9829381,True,0.0050091534,0.000564793,0.00820761,0.9829381,0.0032803775
test,RPM,RPM,1478192741.014899,1478192741.038617,3281216,22,0.34375,0,23.71788024902344,790,0x316,test,1756,RPM,RPM,0.99193066,True,0.0030652012,0.00026134838,0.00095202815,0.0037907364,0.99193066
test,Normal,Fuzzy,1478201173.643704,1478201173.678019,3773248,0,0.0,-1,,2,0x002,test,1757,Normal,Normal,0.9509759,True,0.9509759,0.01310965,0.001198966,0.030962566,0.0037529967
test,DoS,DoS,1478200407.380526,1478200407.56586,2383360,37,0.578125,0,185.3339672088623,0,0x000,test,1758,DoS,DoS,0.9836838,True,0.006141578,0.9836838,0.0061970646,0.0016144955,0.002362981
test,Fuzzy,Fuzzy,1478197929.308286,1478197929.396371,2645184,25,0.390625,0,88.08493614196777,399,0x18F,test,1759,Fuzzy,Fuzzy,0.9915637,True,0.0030031267,0.00034322712,0.9915637,0.0021885487,0.0029013213
test,Fuzzy,Fuzzy,1478198118.702111,1478198118.780186,2834880,28,0.4375,0,78.07493209838867,304,0x130,test,1760,Fuzzy,Fuzzy,0.98729104,True,0.0032900267,0.00033306138,0.98729104,0.0023923747,0.0066935425
test,Fuzzy,Fuzzy,1478198135.873492,1478198135.905397,2861504,22,0.34375,2,31.447887420654297,304,0x130,test,1761,Fuzzy,Fuzzy,0.98865116,True,0.0037330627,0.00038698543,0.98865116,0.0022018969,0.0050269384
test,Normal,DoS,1478201042.422095,1478201042.457128,3357568,0,0.0,-1,,399,0x18F,test,1762,Normal,Normal,0.9486006,True,0.9486006,0.005727565,0.001505022,0.037280038,0.0068867714
test,Fuzzy,Fuzzy,1478198148.967715,1478198149.023615,2884480,24,0.375,0,55.899858474731445,320,0x140,test,1763,Fuzzy,Fuzzy,0.9884244,True,0.004415047,0.00035835092,0.9884244,0.0020145597,0.0047875363
test,Fuzzy,Fuzzy,1478197849.154093,1478197849.176153,2569472,24,0.375,1,21.622896194458008,2,0x002,test,1764,Fuzzy,Fuzzy,0.9872521,True,0.003988033,0.0004709844,0.9872521,0.0020851032,0.0062037953
test,Normal,DoS,1478201191.796644,1478201191.832376,3633792,0,0.0,-1,,399,0x18F,test,1765,Normal,Normal,0.861309,True,0.861309,0.003858354,0.00391767,0.03113774,0.09977716
test,DoS,DoS,1478200452.614497,1478200452.629952,2445696,32,0.5,1,15.210866928100586,0,0x000,test,1766,DoS,DoS,0.9835685,True,0.007555985,0.9835685,0.0050631044,0.001550315,0.0022620629
test,Normal,RPM,1478201205.84235,1478201205.876283,4615744,0,0.0,-1,,2,0x002,test,1767,Normal,Normal,0.9359872,True,0.9359872,0.0022463026,0.005782673,0.0068484643,0.04913545
test,DoS,DoS,1478200613.109282,1478200613.245456,2636864,35,0.546875,0,136.17396354675293,0,0x000,test,1768,DoS,DoS,0.9853065,True,0.0062341527,0.9853065,0.0045636795,0.001788501,0.00210714
test,Fuzzy,Fuzzy,1478198140.127325,1478198140.175501,2869056,23,0.359375,0,48.17605018615723,1088,0x440,test,1769,Fuzzy,Fuzzy,0.99091583,True,0.0027633198,0.00022444558,0.99091583,0.003275748,0.0028206294
test,Gear,Gear,1478194982.72271,1478194982.75164,3282496,20,0.3125,0,28.9301872253418,1087,0x43F,test,1770,Gear,Gear,0.9864357,True,0.0045030518,0.00061481254,0.004846318,0.9864357,0.0036001543
test,RPM,RPM,1478192774.932426,1478192774.972287,3347520,22,0.34375,0,39.86096382141113,790,0x316,test,1771,RPM,RPM,0.99058783,True,0.0030356967,0.0003048453,0.0006752184,0.005396375,0.99058783
test,RPM,RPM,1478192768.450271,1478192768.499394,3336704,18,0.28125,6,32.978057861328125,790,0x316,test,1772,RPM,RPM,0.9916403,True,0.0036631832,0.00034265706,0.00072934275,0.0036244702,0.9916403
test,Gear,Gear,1478195091.870197,1478195091.898599,3478976,15,0.234375,0,28.40185165405273,1087,0x43F,test,1773,Gear,Gear,0.97642833,True,0.009532133,0.0006609702,0.0074216146,0.97642833,0.0059570656
test,RPM,RPM,1478192691.525638,1478192691.549021,3177728,21,0.328125,0,23.382902145385746,790,0x316,test,1774,RPM,RPM,0.9895327,True,0.0030190165,0.00026202545,0.0010280389,0.006158241,0.9895327
test,Normal,Gear,1478201043.236753,1478201043.271524,4136448,0,0.0,-1,,2,0x002,test,1775,Normal,Normal,0.8371797,True,0.8371797,0.0105697,0.0013428705,0.0317427,0.11916493
test,DoS,DoS,1478200390.973096,1478200391.006082,2360704,38,0.59375,0,32.98616409301758,0,0x000,test,1776,DoS,DoS,0.9840932,True,0.005806911,0.9840932,0.00581972,0.0018975594,0.002382714
test,DoS,DoS,1478200405.627339,1478200405.854974,2382848,42,0.65625,1,227.39005088806152,0,0x000,test,1777,DoS,DoS,0.98704207,True,0.004886732,0.98704207,0.004230092,0.0017810185,0.0020601249
test,RPM,RPM,1478192747.739465,1478192747.761622,3295744,19,0.296875,0,22.156953811645508,790,0x316,test,1778,RPM,RPM,0.9923799,True,0.003573528,0.0003063133,0.0010206252,0.0027197355,0.9923799
test,Normal,RPM,1478201081.167889,1478201081.203813,4385280,0,0.0,-1,,2,0x002,test,1779,Normal,Normal,0.89693385,True,0.89693385,0.0019840242,0.013797802,0.0070217922,0.08026258
test,Normal,DoS,1478201119.322138,1478201119.35332,3500032,0,0.0,-1,,399,0x18F,test,1780,Normal,Normal,0.96525264,True,0.96525264,0.005617879,0.0031199337,0.021830754,0.004178752
test,Gear,Gear,1478194905.843406,1478194905.872679,3143936,20,0.3125,0,29.273033142089844,1087,0x43F,test,1781,Gear,Gear,0.99077505,True,0.0031947445,0.0005274846,0.0013288502,0.99077505,0.0041739186
test,RPM,RPM,1478192833.240062,1478192833.270122,3446016,23,0.359375,1,29.835939407348636,790,0x316,test,1782,RPM,RPM,0.990553,True,0.0031595516,0.00025211734,0.00096790947,0.005067376,0.990553
test,Normal,Gear,1478201040.129292,1478201040.161503,4130688,0,0.0,-1,,2,0x002,test,1783,Normal,Normal,0.90790117,True,0.90790117,0.0096277045,0.0008298061,0.025405195,0.05623612
test,RPM,RPM,1478192942.981129,1478192943.015866,3658432,18,0.28125,4,33.77199172973633,790,0x316,test,1784,RPM,RPM,0.9900254,True,0.0047069923,0.00046642177,0.00046624764,0.0043349136,0.9900254
test,RPM,RPM,1478192819.470823,1478192819.49599,3419904,23,0.359375,0,25.16698837280273,790,0x316,test,1785,RPM,RPM,0.9919761,True,0.0026751468,0.00024412185,0.0012247382,0.003879906,0.9919761
test,Fuzzy,Fuzzy,1478198110.381204,1478198110.406025,2821824,25,0.390625,1,24.36184883117676,304,0x130,test,1786,Fuzzy,Fuzzy,0.98700494,True,0.0035862976,0.0003955545,0.98700494,0.0023007728,0.006712455
test,RPM,RPM,1478192761.52716,1478192761.570488,3325056,20,0.3125,4,42.40894317626953,790,0x316,test,1787,RPM,RPM,0.9873761,True,0.002767541,0.00035775447,0.0006369634,0.008861525,0.9873761
test,Gear,Gear,1478195048.407726,1478195048.44747,3398336,20,0.3125,4,38.78283500671387,1087,0x43F,test,1788,Gear,Gear,0.988316,True,0.002982622,0.0005665127,0.004721946,0.988316,0.0034130034
test,DoS,DoS,1478200598.019512,1478200598.170754,2621568,39,0.609375,1,145.65205574035645,0,0x000,test,1789,DoS,DoS,0.9881253,True,0.0054029976,0.9881253,0.0027820366,0.0017136966,0.001975936
test,DoS,DoS,1478200544.531357,1478200544.776768,2562176,37,0.578125,0,245.41091918945312,0,0x000,test,1790,DoS,DoS,0.9847837,True,0.0064403443,0.9847837,0.0050348407,0.0015887676,0.0021523626
test,DoS,DoS,1478200388.488227,1478200388.527117,2357312,35,0.546875,0,38.89012336730957,0,0x000,test,1791,DoS,DoS,0.98386985,True,0.0060661878,0.98386985,0.0060296487,0.0016325461,0.002401807
test,Gear,Gear,1478194936.60607,1478194936.631854,3199168,23,0.359375,0,25.784015655517575,1087,0x43F,test,1792,Gear,Gear,0.9925412,True,0.001934863,0.0005419747,0.0020454468,0.9925412,0.0029364864
test,DoS,DoS,1478200418.587187,1478200418.696338,2397440,33,0.515625,1,108.90793800354004,0,0x000,test,1793,DoS,DoS,0.9823545,True,0.0067002154,0.9823545,0.0068375836,0.0016831567,0.0024245395
test,Fuzzy,Fuzzy,1478198115.266533,1478198115.287435,2830144,23,0.359375,6,19.498109817504883,399,0x18F,test,1794,Fuzzy,Fuzzy,0.9900664,True,0.0033468737,0.00030621272,0.9900664,0.0025769863,0.0037035192
test,DoS,DoS,1478200635.009416,1478200635.139669,2659648,34,0.53125,0,130.25283813476562,0,0x000,test,1795,DoS,DoS,0.9848512,True,0.0061664777,0.9848512,0.0050923442,0.0015612985,0.002328625
test,RPM,RPM,1478192689.42401,1478192689.446938,3172096,20,0.3125,2,22.45807647705078,790,0x316,test,1796,RPM,RPM,0.98806375,True,0.004496729,0.00023002281,0.0047810865,0.0024284178,0.98806375
test,RPM,RPM,1478192787.6743,1478192787.710649,3367424,21,0.328125,1,36.13090515136719,790,0x316,test,1797,RPM,RPM,0.98778486,True,0.003914944,0.00023120605,0.0013819189,0.0066869855,0.98778486
test,Fuzzy,Fuzzy,1478198074.098973,1478198074.120008,2772288,26,0.40625,1,20.817995071411133,320,0x140,test,1798,Fuzzy,Fuzzy,0.98921937,True,0.0032972044,0.000322188,0.98921937,0.0023451427,0.0048160474
test,DoS,DoS,1478200435.631022,1478200435.693137,2422080,34,0.53125,0,62.11495399475098,0,0x000,test,1799,DoS,DoS,0.98564166,True,0.010553431,0.98564166,0.0005389682,0.0016718763,0.0015940099
test,DoS,DoS,1478200472.395255,1478200472.457787,2474688,38,0.59375,0,62.53194808959961,0,0x000,test,1800,DoS,DoS,0.9861346,True,0.006303083,0.9861346,0.0036435653,0.0015177948,0.0024010271
test,Fuzzy,Fuzzy,1478197980.458575,1478197980.498102,2694144,19,0.296875,13,34.45100784301758,2,0x002,test,1801,Fuzzy,Fuzzy,0.9836363,True,0.0049163336,0.0004880429,0.9836363,0.002287737,0.00867159
test,DoS,DoS,1478200520.872926,1478200520.956322,2537024,38,0.59375,0,83.39595794677734,0,0x000,test,1802,DoS,DoS,0.9856484,True,0.006028587,0.9856484,0.004415396,0.0016110941,0.0022965197
test,Fuzzy,Fuzzy,1478198085.15867,1478198085.221067,2782272,24,0.375,2,56.29897117614746,848,0x350,test,1803,Fuzzy,Fuzzy,0.9890486,True,0.0035615629,0.00038028136,0.9890486,0.0024251353,0.004584456
test,Gear,Gear,1478194936.304615,1478194936.32818,3198656,22,0.34375,3,22.86696434020996,1087,0x43F,test,1804,Gear,Gear,0.99284863,True,0.0020127795,0.00066038483,0.0021684824,0.99284863,0.0023096288
test,DoS,DoS,1478200396.413043,1478200396.467763,2370048,34,0.53125,1,54.48102951049805,0,0x000,test,1805,DoS,DoS,0.9826947,True,0.0066857906,0.9826947,0.0067235697,0.0017057953,0.0021902397
test,RPM,RPM,1478192769.034246,1478192769.068836,3337664,22,0.34375,0,34.59000587463379,790,0x316,test,1806,RPM,RPM,0.99049485,True,0.003746152,0.000224106,0.0030718164,0.0024629515,0.99049485
test,RPM,RPM,1478192904.238515,1478192904.263998,3592192,19,0.296875,2,24.997949600219727,790,0x316,test,1807,RPM,RPM,0.9860701,True,0.0043565533,0.0003017331,0.0009045845,0.008367064,0.9860701
test,RPM,RPM,1478192795.910824,1478192795.94455,3380544,22,0.34375,1,33.49804878234863,790,0x316,test,1808,RPM,RPM,0.9920987,True,0.0028031506,0.00025445578,0.0010856097,0.0037581122,0.9920987
test,Fuzzy,Fuzzy,1478197912.066763,1478197912.123455,2629376,26,0.40625,4,55.459022521972656,704,0x2C0,test,1809,Fuzzy,Fuzzy,0.98926955,True,0.0033843098,0.0003754963,0.98926955,0.0024392232,0.0045313765
test,Fuzzy,Fuzzy,1478198140.8735,1478198140.921879,2870336,19,0.296875,0,48.378944396972656,304,0x130,test,1810,Fuzzy,Fuzzy,0.9794658,True,0.006868572,0.0008560688,0.9794658,0.001791136,0.011018454
test,Normal,DoS,1478201026.139493,1478201026.172108,3328128,0,0.0,-1,,399,0x18F,test,1811,Normal,Normal,0.95744574,True,0.95744574,0.0020389822,0.0066128764,0.013866554,0.020035924
test,RPM,RPM,1478192730.272565,1478192730.311056,3259520,23,0.359375,1,32.86385536193848,790,0x316,test,1812,RPM,RPM,0.99163294,True,0.0029963143,0.00023972277,0.0012016537,0.0039293426,0.99163294
test,Normal,Gear,1478201122.310399,1478201122.34588,4282944,0,0.0,-1,,672,0x2A0,test,1813,Normal,Normal,0.91992575,True,0.91992575,0.0043351226,0.0053972476,0.065759994,0.004581906
test,RPM,RPM,1478192864.225477,1478192864.257068,3508224,22,0.34375,2,31.119823455810547,790,0x316,test,1814,RPM,RPM,0.9909375,True,0.0029568581,0.00024089115,0.003689519,0.0021751642,0.9909375
test,Gear,Gear,1478194963.859224,1478194963.890925,3247936,23,0.359375,0,31.70084953308105,1087,0x43F,test,1815,Gear,Gear,0.9942901,True,0.0014489789,0.0005788853,0.00097573176,0.9942901,0.0027062926
test,RPM,RPM,1478192683.312408,1478192683.335737,3158464,20,0.3125,1,22.83191680908203,790,0x316,test,1816,RPM,RPM,0.99140465,True,0.0034439515,0.00028917752,0.00089889485,0.003963393,0.99140465
test,RPM,RPM,1478192812.356658,1478192812.415018,3407872,24,0.375,1,54.4581413269043,790,0x316,test,1817,RPM,RPM,0.9906232,True,0.0029624521,0.00022404313,0.0027343843,0.0034559101,0.9906232
test,DoS,DoS,1478200456.888225,1478200456.904112,2453248,34,0.53125,0,15.887022018432615,0,0x000,test,1818,DoS,DoS,0.9857777,True,0.007867929,0.9857777,0.0031994341,0.0015805544,0.0015743977
test,Gear,Gear,1478194878.073573,1478194878.103422,3088512,20,0.3125,0,29.84881401062012,1087,0x43F,test,1819,Gear,Gear,0.98858976,True,0.003421685,0.00043604855,0.0031442086,0.98858976,0.0044082976
test,Gear,Gear,1478194892.184616,1478194892.213716,3114944,18,0.28125,2,28.17511558532715,1087,0x43F,test,1820,Gear,Gear,0.9879082,True,0.004078317,0.0005750995,0.0010143106,0.9879082,0.0064241784
test,Fuzzy,Fuzzy,1478198116.232797,1478198116.273957,2831680,21,0.328125,0,41.16010665893555,704,0x2C0,test,1821,Fuzzy,Fuzzy,0.9866894,True,0.0056614135,0.0002503575,0.9866894,0.002316194,0.005082668
test,Gear,Gear,1478195016.958437,1478195016.989872,3343872,8,0.125,0,31.43501281738281,1087,0x43F,test,1822,Gear,Gear,0.90478104,True,0.06024314,0.0028777376,0.0012045812,0.90478104,0.03089341
test,Normal,Gear,1478201107.906016,1478201107.93939,4256256,0,0.0,-1,,2,0x002,test,1823,Normal,Normal,0.93897897,True,0.93897897,0.014746018,0.00070111477,0.029590106,0.015983718
test,Gear,Gear,1478194880.06056,1478194880.096343,3092032,18,0.28125,5,34.59405899047852,1087,0x43F,test,1824,Gear,Gear,0.9888065,True,0.0025806674,0.00066569843,0.004089497,0.9888065,0.003857677
test,Gear,Gear,1478195052.42322,1478195052.447546,3405760,21,0.328125,0,24.326086044311523,1087,0x43F,test,1825,Gear,Gear,0.9928803,True,0.002341123,0.0006899399,0.00070204807,0.9928803,0.0033865962
test,Fuzzy,Fuzzy,1478198083.170878,1478198083.315038,2781120,29,0.453125,2,143.48888397216797,339,0x153,test,1826,Fuzzy,Fuzzy,0.9915194,True,0.0029186944,0.00028078808,0.9915194,0.0024586744,0.0028224282
test,Normal,Gear,1478201090.94579,1478201090.977154,4224832,0,0.0,-1,,2,0x002,test,1827,Normal,Normal,0.9735241,True,0.9735241,0.007968243,0.0017746782,0.009629119,0.0071038776
test,Normal,DoS,1478201056.828417,1478201056.862809,3384256,0,0.0,-1,,2,0x002,test,1828,Normal,Normal,0.94245434,True,0.94245434,0.001498421,0.008581733,0.010333215,0.037132394
test,DoS,DoS,1478200373.007905,1478200373.063234,2332672,33,0.515625,1,55.078983306884766,0,0x000,test,1829,DoS,DoS,0.98556006,True,0.0061109983,0.98556006,0.0042406074,0.0017413463,0.0023470607
test,Fuzzy,Fuzzy,1478198110.575817,1478198110.625291,2822144,23,0.359375,0,49.47400093078613,304,0x130,test,1830,Fuzzy,Fuzzy,0.99130005,True,0.0032436417,0.00022465446,0.99130005,0.0026856815,0.0025460136
test,RPM,RPM,1478192819.778169,1478192819.799988,3420608,20,0.3125,4,20.884037017822266,790,0x316,test,1831,RPM,RPM,0.99154156,True,0.0033076182,0.00025540031,0.0014604748,0.0034349074,0.99154156
test,Normal,RPM,1478201021.599646,1478201021.631381,4275648,0,0.0,-1,,2,0x002,test,1832,Normal,Normal,0.91079575,True,0.91079575,0.013275755,0.000859965,0.05979593,0.015272644
test,Normal,Gear,1478201149.48684,1478201149.51889,4333248,0,0.0,-1,,320,0x140,test,1833,Normal,Normal,0.969477,True,0.969477,0.0012568124,0.016305998,0.002489927,0.010470316
test,RPM,RPM,1478192883.584052,1478192883.606453,3548032,18,0.28125,9,20.267963409423828,790,0x316,test,1834,RPM,RPM,0.9909876,True,0.003777271,0.00034389275,0.00077028293,0.004120991,0.9909876
test,RPM,RPM,1478192715.192787,1478192715.234751,3230400,19,0.296875,2,41.49103164672852,790,0x316,test,1835,RPM,RPM,0.9915519,True,0.0038600534,0.0006159377,0.00030349876,0.0036686526,0.9915519
test,RPM,RPM,1478192968.776478,1478192968.801094,3707328,22,0.34375,0,24.616003036499023,790,0x316,test,1836,RPM,RPM,0.9913976,True,0.0030437338,0.00033666214,0.000635151,0.004586852,0.9913976
test,RPM,RPM,1478192892.742504,1478192892.770749,3568000,20,0.3125,3,22.440195083618164,790,0x316,test,1837,RPM,RPM,0.9882923,True,0.004541854,0.00026300122,0.0010416249,0.005861301,0.9882923
test,Gear,Gear,1478194897.776863,1478194897.799606,3126848,20,0.3125,4,21.798133850097656,1087,0x43F,test,1838,Gear,Gear,0.9917216,True,0.002398208,0.0006131164,0.0018817764,0.9917216,0.0033853278
test,DoS,DoS,1478200464.981398,1478200465.080166,2464064,32,0.5,1,98.5250473022461,0,0x000,test,1839,DoS,DoS,0.9854939,True,0.0070894547,0.9854939,0.0038174791,0.0016292571,0.0019698902
test,DoS,DoS,1478200526.227779,1478200526.365407,2543936,32,0.5,1,131.8199634552002,0,0x000,test,1840,DoS,DoS,0.9859897,True,0.007069732,0.9859897,0.0032682535,0.0015049687,0.0021673273
test,Fuzzy,Fuzzy,1478197971.925077,1478197972.236485,2686336,24,0.375,6,278.872013092041,790,0x316,test,1841,Fuzzy,Fuzzy,0.98916924,True,0.003227789,0.00039489145,0.98916924,0.002536696,0.0046714838
test,Fuzzy,Fuzzy,1478197757.370147,1478197757.516,2487232,22,0.34375,3,129.88805770874023,848,0x350,test,1842,Fuzzy,Fuzzy,0.9902289,True,0.003238231,0.00022530592,0.9902289,0.0031157727,0.003191729
test,Gear,Gear,1478194905.722295,1478194905.744969,3143616,20,0.3125,0,22.67384529113769,1087,0x43F,test,1843,Gear,Gear,0.9846592,True,0.003564064,0.00038414617,0.0032978978,0.9846592,0.00809467
test,DoS,DoS,1478200575.027515,1478200575.076571,2594688,36,0.5625,0,49.05605316162109,0,0x000,test,1844,DoS,DoS,0.98644197,True,0.007957443,0.98644197,0.0024559635,0.0016461127,0.0014985725
test,RPM,RPM,1478192792.750017,1478192792.793425,3376064,20,0.3125,7,41.661977767944336,790,0x316,test,1845,RPM,RPM,0.9907748,True,0.002920675,0.00024354015,0.0009963401,0.0050645634,0.9907748
test,DoS,DoS,1478200382.634372,1478200382.673306,2347328,37,0.578125,1,38.68603706359863,0,0x000,test,1846,DoS,DoS,0.98770857,True,0.005720852,0.98770857,0.003016358,0.0016666453,0.0018875175
test,Fuzzy,Fuzzy,1478197749.735926,1478197749.848079,2478144,29,0.453125,0,112.1530532836914,704,0x2C0,test,1847,Fuzzy,Fuzzy,0.99062514,True,0.0031178729,0.00031708676,0.99062514,0.00211163,0.0038282948
test,DoS,DoS,1478200399.432915,1478200399.477108,2374144,36,0.5625,0,44.19302940368652,0,0x000,test,1848,DoS,DoS,0.9867552,True,0.005591652,0.9867552,0.003868108,0.0016671577,0.0021179116
test,DoS,DoS,1478200435.485842,1478200435.514763,2421824,35,0.546875,1,28.67722511291504,0,0x000,test,1849,DoS,DoS,0.9846956,True,0.0068409983,0.9846956,0.004657276,0.0016760501,0.0021300518
test,Normal,RPM,1478201038.434032,1478201038.471119,4306112,0,0.0,-1,,2,0x002,test,1850,Normal,Normal,0.92918265,True,0.92918265,0.0104218405,0.0012980627,0.039301567,0.019795854
test,DoS,DoS,1478200428.643179,1478200428.673686,2410624,36,0.5625,0,30.50708770751953,0,0x000,test,1851,DoS,DoS,0.9848247,True,0.007180358,0.9848247,0.004427605,0.0015066351,0.0020606874
test,RPM,RPM,1478192845.40806,1478192845.440815,3469376,20,0.3125,2,32.2110652923584,790,0x316,test,1852,RPM,RPM,0.99173814,True,0.003887832,0.0003626103,0.0005843673,0.0034270165,0.99173814
test,RPM,RPM,1478192800.097832,1478192800.169311,3388160,16,0.25,0,71.47908210754395,790,0x316,test,1853,RPM,RPM,0.98969156,True,0.0064843497,0.00047578686,0.0006560923,0.00269218,0.98969156
test,Normal,Fuzzy,1478201097.158278,1478201097.191637,3632064,0,0.0,-1,,305,0x131,test,1854,Normal,Normal,0.9697337,True,0.9697337,0.0020260504,0.006710868,0.0041548666,0.01737445
test,DoS,DoS,1478200624.187877,1478200624.203872,2650240,34,0.53125,1,15.748977661132812,0,0x000,test,1855,DoS,DoS,0.9859762,True,0.007936146,0.9859762,0.0027200838,0.001437447,0.0019300133
test,Gear,Gear,1478194988.095144,1478194988.120427,3292992,22,0.34375,1,25.05278587341309,1087,0x43F,test,1856,Gear,Gear,0.9915565,True,0.0023587348,0.00059910334,0.0023773436,0.9915565,0.0031082968
test,Gear,Gear,1478195046.855988,1478195046.884219,3395776,21,0.328125,0,28.230905532836918,1087,0x43F,test,1857,Gear,Gear,0.9908354,True,0.0029908854,0.0005599985,0.0014505183,0.9908354,0.004163153
test,Gear,Gear,1478194860.34548,1478194860.368408,3053440,19,0.296875,0,22.92799949645996,1087,0x43F,test,1858,Gear,Gear,0.9844694,True,0.0036671252,0.00053388526,0.0020142498,0.9844694,0.009315277
test,Gear,Gear,1478195081.313843,1478195081.359091,3458688,19,0.296875,5,44.06499862670898,1087,0x43F,test,1859,Gear,Gear,0.9919382,True,0.0028848,0.0010747961,0.00072385115,0.9919382,0.0033784013
test,RPM,RPM,1478192747.621785,1478192747.64462,3295424,22,0.34375,1,22.60684967041016,790,0x316,test,1860,RPM,RPM,0.99075127,True,0.0034179415,0.00021895436,0.002388239,0.003223652,0.99075127
test,Gear,Gear,1478194861.048878,1478194861.07817,3055168,17,0.265625,1,29.061079025268555,1087,0x43F,test,1861,Gear,Gear,0.9865094,True,0.0052746967,0.000671629,0.0034654627,0.9865094,0.0040787766
test,Fuzzy,Fuzzy,1478198158.135603,1478198158.195194,2899712,22,0.34375,5,53.308963775634766,608,0x260,test,1862,Fuzzy,Fuzzy,0.9915976,True,0.0027992441,0.00025904385,0.9915976,0.0026732387,0.002670948
test,Normal,RPM,1478201091.325638,1478201091.3575,4404096,0,0.0,-1,,2,0x002,test,1863,Normal,Normal,0.9659018,True,0.9659018,0.0037533366,0.0024618036,0.022170883,0.005712211
test,Fuzzy,Fuzzy,1478197960.301819,1478197960.322768,2676160,23,0.359375,6,19.502878189086918,2,0x002,test,1864,Fuzzy,Fuzzy,0.9901722,True,0.003539638,0.00026857565,0.9901722,0.002786667,0.0032329494
test,Gear,Gear,1478195045.737579,1478195045.763244,3393728,21,0.328125,2,25.19083023071289,1087,0x43F,test,1865,Gear,Gear,0.9931249,True,0.0020222769,0.0006516109,0.0011105294,0.9931249,0.00309068
test,Gear,Gear,1478194845.958342,1478194845.980703,3022080,19,0.296875,8,20.487070083618164,1087,0x43F,test,1866,Gear,Gear,0.9911492,True,0.0030052296,0.0006041933,0.0026391828,0.9911492,0.0026021223
test,RPM,RPM,1478192837.747993,1478192837.771078,3454528,21,0.328125,1,22.85909652709961,790,0x316,test,1867,RPM,RPM,0.9927591,True,0.002910906,0.00034552623,0.000628482,0.0033558127,0.9927591
test,DoS,DoS,1478200628.700111,1478200628.781,2652096,9,0.140625,1,80.64484596252441,0,0x000,test,1868,DoS,DoS,0.9634522,True,0.014656984,0.9634522,0.017636316,0.0016072083,0.0026471927
test,DoS,DoS,1478200433.900322,1478200433.921411,2419264,33,0.515625,1,20.8430290222168,0,0x000,test,1869,DoS,DoS,0.98592293,True,0.007585283,0.98592293,0.0030224328,0.0015182702,0.0019511305
test,Fuzzy,Fuzzy,1478197885.874322,1478197885.901275,2606464,24,0.375,2,26.49998664855957,2,0x002,test,1870,Fuzzy,Fuzzy,0.9896862,True,0.0036484273,0.00038525023,0.9896862,0.0020418314,0.004238304
test,Gear,Gear,1478195009.443372,1478195009.501159,3331392,19,0.296875,5,56.61296844482422,1087,0x43F,test,1871,Gear,Gear,0.9896249,True,0.0028746272,0.001488674,0.00041549845,0.9896249,0.005596307
test,RPM,RPM,1478192857.099656,1478192857.123098,3492672,22,0.34375,1,23.209810256958008,790,0x316,test,1872,RPM,RPM,0.9893853,True,0.0034013428,0.00027251447,0.00081014994,0.00613069,0.9893853
test,Gear,Gear,1478195020.703303,1478195020.739667,3351168,18,0.28125,6,34.54899787902832,1087,0x43F,test,1873,Gear,Gear,0.98863655,True,0.0030441552,0.00066911173,0.0014944297,0.98863655,0.0061557987
test,Gear,Gear,1478195060.3856,1478195060.421826,3421440,19,0.296875,0,36.22579574584961,1087,0x43F,test,1874,Gear,Gear,0.98430574,True,0.0038962,0.00043770517,0.0034560587,0.98430574,0.007904307
test,DoS,DoS,1478200566.11517,1478200566.211743,2584256,41,0.640625,0,96.5731143951416,0,0x000,test,1875,DoS,DoS,0.98462486,True,0.0063255746,0.98462486,0.005079149,0.0017482995,0.002222053
test,Normal,Fuzzy,1478201081.888847,1478201081.924542,3603776,0,0.0,-1,,304,0x130,test,1876,Normal,Normal,0.9550017,True,0.9550017,0.0030108679,0.0056310906,0.01966806,0.016688168
test,Normal,DoS,1478201052.71816,1478201052.750118,3376640,0,0.0,-1,,2,0x002,test,1877,Normal,Normal,0.9499574,True,0.9499574,0.004586851,0.0019487182,0.027830577,0.015676606
test,RPM,RPM,1478192698.924615,1478192698.948931,3194496,21,0.328125,0,24.316072463989254,790,0x316,test,1878,RPM,RPM,0.98980767,True,0.0037197552,0.0002544555,0.0012709084,0.0049472144,0.98980767
test,RPM,RPM,1478192788.657903,1478192788.683145,3368704,22,0.34375,0,25.242090225219727,790,0x316,test,1879,RPM,RPM,0.9912076,True,0.0029638128,0.0003275313,0.0005924788,0.004908493,0.9912076
test,Normal,RPM,1478201123.175819,1478201123.208035,4463104,0,0.0,-1,,304,0x130,test,1880,Normal,Normal,0.95008594,True,0.95008594,0.0062281475,0.0018666846,0.024666507,0.017152606
test,Fuzzy,Fuzzy,1478197873.509546,1478197873.540857,2592768,19,0.296875,4,30.259132385253903,2,0x002,test,1881,Fuzzy,Fuzzy,0.9888305,True,0.004152176,0.00030108666,0.9888305,0.0021792424,0.004536903
test,DoS,DoS,1478200415.335866,1478200415.427952,2391360,8,0.125,1,91.84002876281738,0,0x000,test,1882,DoS,DoS,0.64706874,True,0.34587637,0.64706874,0.00067461986,0.0036274686,0.0027527707
test,Gear,Gear,1478194983.220412,1478194983.241936,3283328,18,0.28125,3,20.82085609436035,1087,0x43F,test,1883,Gear,Gear,0.99099344,True,0.0031784135,0.00061043695,0.0021173928,0.99099344,0.0031002958
test,Fuzzy,Fuzzy,1478198115.81724,1478198115.910355,2831168,21,0.328125,4,86.90714836120605,2,0x002,test,1884,Fuzzy,Fuzzy,0.9860129,True,0.0041269646,0.00042012322,0.9860129,0.0023691405,0.007070856
test,DoS,DoS,1478200380.945541,1478200381.016772,2345216,35,0.546875,1,70.98603248596191,0,0x000,test,1885,DoS,DoS,0.9822352,True,0.0070163384,0.9822352,0.006984313,0.0016547659,0.002109424
test,DoS,DoS,1478200460.939176,1478200460.959448,2456640,33,0.515625,1,20.026206970214844,0,0x000,test,1886,DoS,DoS,0.9848114,True,0.00802698,0.9848114,0.0039805635,0.0015971466,0.0015839688
test,DoS,DoS,1478200550.18679,1478200550.25582,2568576,38,0.59375,2,68.27998161315918,0,0x000,test,1887,DoS,DoS,0.9861674,True,0.006010461,0.9861674,0.004154561,0.0016292809,0.0020383324
test,RPM,RPM,1478192876.777522,1478192876.80081,3533632,20,0.3125,0,23.28801155090332,790,0x316,test,1888,RPM,RPM,0.9875613,True,0.0049104774,0.0002159788,0.0032455237,0.0040667905,0.9875613
test,RPM,RPM,1478192838.730638,1478192838.758169,3456512,21,0.328125,0,27.530908584594727,790,0x316,test,1889,RPM,RPM,0.9901995,True,0.0033990552,0.00022403448,0.0014707029,0.0047066803,0.9901995
test,DoS,DoS,1478200649.996457,1478200650.192651,2675264,39,0.609375,0,196.19393348693848,0,0x000,test,1890,DoS,DoS,0.98857087,True,0.0060985396,0.98857087,0.002134577,0.0016264454,0.0015695704
test,RPM,RPM,1478192683.620697,1478192683.643739,3159296,20,0.3125,3,22.34792709350586,790,0x316,test,1891,RPM,RPM,0.99043185,True,0.0034956133,0.00023761488,0.0013768716,0.0044580204,0.99043185
test,DoS,DoS,1478200427.282699,1478200427.312234,2407872,36,0.5625,1,29.28996086120605,0,0x000,test,1892,DoS,DoS,0.9877638,True,0.0066829766,0.9877638,0.0023342827,0.001586587,0.0016323287
test,Fuzzy,Fuzzy,1478198004.12617,1478198004.440408,2716608,31,0.484375,0,314.2380714416504,399,0x18F,test,1893,Fuzzy,Fuzzy,0.9921102,True,0.0025139698,0.00027419275,0.9921102,0.0025515032,0.0025502346
test,DoS,DoS,1478200534.228904,1478200534.329896,2552384,30,0.46875,0,100.99196434020996,0,0x000,test,1894,DoS,DoS,0.982904,True,0.0070702024,0.982904,0.0063004284,0.0016563474,0.0020690635
test,Fuzzy,Fuzzy,1478197976.785959,1478197976.876688,2692608,31,0.484375,1,90.51299095153809,1087,0x43F,test,1895,Fuzzy,Fuzzy,0.9901689,True,0.0031560066,0.00032318718,0.9901689,0.0020564748,0.0042954916
test,Fuzzy,Fuzzy,1478197844.424795,1478197844.524787,2568128,21,0.328125,0,99.992036819458,2,0x002,test,1896,Fuzzy,Fuzzy,0.98430485,True,0.0047807023,0.00056357303,0.98430485,0.0025423057,0.0078086774
test,DoS,DoS,1478200472.349121,1478200472.364857,2474560,33,0.515625,0,15.735864639282228,0,0x000,test,1897,DoS,DoS,0.984362,True,0.00743544,0.984362,0.004649007,0.0015713304,0.001982158
test,DoS,DoS,1478200427.780997,1478200427.800404,2408960,36,0.5625,1,19.160985946655277,0,0x000,test,1898,DoS,DoS,0.98735607,True,0.0076140207,0.98735607,0.0018512326,0.0015873394,0.0015913015
test,Gear,Gear,1478195035.045161,1478195035.078527,3375424,22,0.34375,0,33.36596488952637,1087,0x43F,test,1899,Gear,Gear,0.99228513,True,0.0024569859,0.00057338976,0.0013717354,0.99228513,0.0033127957
test,DoS,DoS,1478200426.821321,1478200426.852268,2406976,34,0.53125,0,30.946969985961918,0,0x000,test,1900,DoS,DoS,0.9859254,True,0.007131163,0.9859254,0.0033367693,0.0014757905,0.002130862
test,Fuzzy,Fuzzy,1478198139.88326,1478198139.904209,2868608,23,0.359375,6,19.517898559570312,2,0x002,test,1901,Fuzzy,Fuzzy,0.988313,True,0.0036197712,0.00038513288,0.988313,0.0022182562,0.0054638414
test,Gear,Gear,1478195099.437829,1478195099.466923,3494272,22,0.34375,2,28.49602699279785,1087,0x43F,test,1902,Gear,Gear,0.99367744,True,0.0016618746,0.00083477196,0.00082380674,0.99367744,0.0030021702
test,RPM,RPM,1478192852.460972,1478192852.485106,3483456,22,0.34375,0,24.133920669555664,790,0x316,test,1903,RPM,RPM,0.99132323,True,0.003499457,0.00024962297,0.0013030753,0.0036244602,0.99132323
test,RPM,RPM,1478192828.060461,1478192828.089253,3436288,20,0.3125,4,27.865886688232425,790,0x316,test,1904,RPM,RPM,0.9912571,True,0.0031090134,0.00029437552,0.00074154226,0.0045980853,0.9912571
test,Normal,Fuzzy,1478201146.317099,1478201146.350139,3723136,0,0.0,-1,,399,0x18F,test,1905,Normal,Normal,0.97078484,True,0.97078484,0.002005632,0.0047726743,0.010917164,0.01151964
test,Gear,Gear,1478195041.760849,1478195041.806899,3386560,20,0.3125,0,46.050071716308594,1087,0x43F,test,1906,Gear,Gear,0.9892926,True,0.003108674,0.00080365466,0.003636443,0.9892926,0.0031585768
test,Normal,Fuzzy,1478201176.786049,1478201176.82312,3779072,0,0.0,-1,,704,0x2C0,test,1907,Normal,Normal,0.93107533,True,0.93107533,0.0016622036,0.018760158,0.037869588,0.010632813
test,DoS,DoS,1478200465.216616,1478200465.265994,2464320,32,0.5,0,49.378156661987305,0,0x000,test,1908,DoS,DoS,0.981662,True,0.007352596,0.981662,0.006971755,0.0014542937,0.0025594437
test,Fuzzy,Fuzzy,1478198148.16527,1478198148.185926,2883200,26,0.40625,1,20.43604850769043,704,0x2C0,test,1909,Fuzzy,Fuzzy,0.99100506,True,0.0029792392,0.00029041935,0.99100506,0.0022137493,0.0035115867
test,Normal,RPM,1478201182.973744,1478201183.009061,4573376,0,0.0,-1,,320,0x140,test,1910,Normal,Normal,0.9568302,True,0.9568302,0.0073135365,0.0023491497,0.026546376,0.0069606556
test,DoS,DoS,1478200481.554394,1478200481.575605,2488192,33,0.515625,1,20.969867706298828,0,0x000,test,1911,DoS,DoS,0.98613805,True,0.008029258,0.98613805,0.0025529903,0.0012843633,0.0019953807
test,Normal,Fuzzy,1478201052.389838,1478201052.422118,3549120,0,0.0,-1,,2,0x002,test,1912,Normal,Normal,0.96330386,True,0.96330386,0.0016247097,0.0066209394,0.02278216,0.005668404
test,RPM,RPM,1478192722.969113,1478192723.002602,3245184,18,0.28125,1,32.8822135925293,790,0x316,test,1913,RPM,RPM,0.9870882,True,0.0060669337,0.0002457386,0.0016522852,0.0049468516,0.9870882
test,DoS,DoS,1478200389.72633,1478200389.764604,2359040,32,0.5,1,38.02609443664551,0,0x000,test,1914,DoS,DoS,0.9865371,True,0.0071024704,0.9865371,0.0028625934,0.0014115361,0.0020863041
test,DoS,DoS,1478200490.643822,1478200490.706391,2500544,34,0.53125,1,62.32619285583496,0,0x000,test,1915,DoS,DoS,0.98426014,True,0.006678908,0.98426014,0.005215569,0.001493834,0.0023514535
test,Normal,Fuzzy,1478201089.039303,1478201089.076066,3617024,0,0.0,-1,,704,0x2C0,test,1916,Normal,Normal,0.95067126,True,0.95067126,0.0051025474,0.0015203587,0.0185381,0.024167884
test,RPM,RPM,1478192754.646025,1478192754.67084,3310720,22,0.34375,0,24.815082550048828,790,0x316,test,1917,RPM,RPM,0.9919041,True,0.003061524,0.00028243376,0.00097565283,0.0037762742,0.9919041
test,DoS,DoS,1478200466.396941,1478200466.417544,2465792,33,0.515625,1,20.355939865112305,0,0x000,test,1918,DoS,DoS,0.98591423,True,0.0071765026,0.98591423,0.003286205,0.0014161728,0.002206902
test,RPM,RPM,1478192742.602076,1478192742.624154,3284992,21,0.328125,1,21.84700965881348,790,0x316,test,1919,RPM,RPM,0.9882953,True,0.0032766818,0.0002854517,0.0007932686,0.007349389,0.9882953
test,RPM,RPM,1478192704.483291,1478192704.504756,3206848,19,0.296875,5,20.28107643127441,790,0x316,test,1920,RPM,RPM,0.9895465,True,0.004323851,0.00023009331,0.0021532816,0.0037463447,0.9895465
test,DoS,DoS,1478200449.715005,1478200449.734562,2441600,34,0.53125,0,19.55699920654297,0,0x000,test,1921,DoS,DoS,0.9824739,True,0.0070924517,0.9824739,0.006405651,0.0017579276,0.002270038
test,Normal,DoS,1478201136.006388,1478201136.037733,3530944,0,0.0,-1,,304,0x130,test,1922,Normal,Normal,0.94562113,True,0.94562113,0.0021527368,0.009212639,0.025092969,0.017920528
test,Gear,Gear,1478194983.977157,1478194984.023618,3284864,20,0.3125,0,46.460866928100586,1087,0x43F,test,1923,Gear,Gear,0.992814,True,0.0018296421,0.0008700921,0.00056784734,0.992814,0.003918424
test,Gear,Gear,1478195116.933841,1478195116.955957,3519104,17,0.265625,12,19.23203468322754,1087,0x43F,test,1924,Gear,Gear,0.99285734,True,0.0024779001,0.0007364917,0.0012787657,0.99285734,0.002649501
test,RPM,RPM,1478192892.608126,1478192892.635404,3567744,20,0.3125,2,21.598100662231445,790,0x316,test,1925,RPM,RPM,0.9888538,True,0.0034908692,0.00029633165,0.00081860455,0.006540398,0.9888538
test,DoS,DoS,1478200399.117682,1478200399.151545,2373696,33,0.515625,1,33.61916542053223,0,0x000,test,1926,DoS,DoS,0.98707706,True,0.006762132,0.98707706,0.0024548355,0.0013982175,0.0023077799
test,Normal,Gear,1478201178.034207,1478201178.067855,4385664,0,0.0,-1,,304,0x130,test,1927,Normal,Normal,0.94272345,True,0.94272345,0.0041631674,0.005476207,0.04200235,0.0056347586
test,Fuzzy,Fuzzy,1478197914.664336,1478197914.934199,2630912,32,0.5,3,263.2730007171631,704,0x2C0,test,1928,Fuzzy,Fuzzy,0.99018914,True,0.0029726275,0.00038216403,0.99018914,0.0022437286,0.0042122803
test,Normal,RPM,1478201084.10372,1478201084.137834,4390720,0,0.0,-1,,2,0x002,test,1929,Normal,Normal,0.9267609,True,0.9267609,0.009458028,0.0009512012,0.04402914,0.018800644
test,Gear,Gear,1478194964.977911,1478194965.002862,3250240,20,0.3125,0,24.95098114013672,1087,0x43F,test,1930,Gear,Gear,0.9911958,True,0.002884093,0.00057437475,0.0015585282,0.9911958,0.0037872312
test,Gear,Gear,1478194983.893201,1478194983.922545,3284672,22,0.34375,1,29.10184860229492,1087,0x43F,test,1931,Gear,Gear,0.99256563,True,0.0019173162,0.0007560941,0.0022070783,0.99256563,0.0025538849
test,RPM,RPM,1478192890.497616,1478192890.520438,3562944,20,0.3125,0,22.82190322875977,790,0x316,test,1932,RPM,RPM,0.9889209,True,0.0043321247,0.00021616832,0.002571506,0.003959167,0.9889209
test,DoS,DoS,1478200466.819587,1478200466.854106,2466432,34,0.53125,0,34.51895713806152,0,0x000,test,1933,DoS,DoS,0.98590475,True,0.0065768734,0.98590475,0.0036102983,0.0017310757,0.0021769945
test,RPM,RPM,1478192760.102401,1478192760.127369,3322304,21,0.328125,3,23.428916931152344,790,0x316,test,1934,RPM,RPM,0.99120754,True,0.0033731966,0.00023125588,0.0015173545,0.0036707236,0.99120754
test,Fuzzy,Fuzzy,1478198174.86167,1478198174.947878,2928320,23,0.359375,0,86.20786666870117,304,0x130,test,1935,Fuzzy,Fuzzy,0.98829377,True,0.003562188,0.00037567157,0.98829377,0.0023157713,0.0054526166
test,Normal,DoS,1478201129.925555,1478201129.956749,3519680,0,0.0,-1,,2,0x002,test,1936,Normal,Normal,0.94755405,True,0.94755405,0.0021559463,0.009398699,0.007197348,0.033693895
test,Gear,Gear,1478194893.004901,1478194893.027329,3116864,20,0.3125,0,22.428035736083984,1087,0x43F,test,1937,Gear,Gear,0.98910904,True,0.0032843421,0.0005227842,0.0018557338,0.98910904,0.0052281017
test,DoS,DoS,1478200590.850622,1478200590.939017,2612992,9,0.140625,1,77.62908935546875,0,0x000,test,1938,DoS,Normal,0.53604776,False,0.53604776,0.45307496,0.0005922672,0.0074621537,0.0028228704
test,Normal,Fuzzy,1478201056.015771,1478201056.049179,3555840,0,0.0,-1,,2,0x002,test,1939,Normal,Normal,0.8946485,True,0.8946485,0.0045889686,0.003622093,0.07989108,0.01724946
test,Gear,Gear,1478194864.953332,1478194864.975677,3063040,19,0.296875,5,21.18110656738281,1087,0x43F,test,1940,Gear,Gear,0.98911345,True,0.003198578,0.00046401034,0.0030021165,0.98911345,0.004221829
test,DoS,DoS,1478200642.957725,1478200643.11103,2667904,33,0.515625,1,147.63116836547852,0,0x000,test,1941,DoS,DoS,0.9836578,True,0.0060998723,0.9836578,0.0062880917,0.0016655803,0.0022886512
test,Fuzzy,Fuzzy,1478198141.485213,1478198141.528196,2871232,25,0.390625,3,39.25704956054688,672,0x2A0,test,1942,Fuzzy,Fuzzy,0.99108934,True,0.0029175747,0.00032699134,0.99108934,0.0022841862,0.0033819645
test,DoS,DoS,1478200411.3461,1478200411.451458,2389376,32,0.5,0,105.35788536071776,0,0x000,test,1943,DoS,DoS,0.9843739,True,0.00664775,0.9843739,0.004900395,0.0015125346,0.00256549
test,Normal,RPM,1478201052.979156,1478201053.0122,4333056,0,0.0,-1,,304,0x130,test,1944,Normal,Normal,0.91897655,True,0.91897655,0.006496365,0.0024363657,0.041505992,0.030584775
test,Fuzzy,Fuzzy,1478197740.783631,1478197740.942221,2469312,28,0.4375,2,158.13183784484863,704,0x2C0,test,1945,Fuzzy,Fuzzy,0.991285,True,0.0030011407,0.0003308663,0.991285,0.0021617217,0.0032212187
test,RPM,RPM,1478192708.702259,1478192708.724505,3215488,20,0.3125,3,21.535873413085938,790,0x316,test,1946,RPM,RPM,0.9910453,True,0.0031966597,0.0003515608,0.0005496686,0.004856699,0.9910453
test,Fuzzy,Fuzzy,1478198174.06761,1478198174.131871,2927296,25,0.390625,6,62.864065170288086,848,0x350,test,1947,Fuzzy,Fuzzy,0.98790705,True,0.0033773417,0.00038701587,0.98790705,0.002392845,0.005935768
test,Fuzzy,Fuzzy,1478198140.067537,1478198140.10309,2868928,28,0.4375,0,35.552978515625,1349,0x545,test,1948,Fuzzy,Fuzzy,0.9879018,True,0.0035303887,0.00043401937,0.9879018,0.0021788531,0.00595489
test,Fuzzy,Fuzzy,1478198093.944267,1478198093.997431,2794624,26,0.40625,0,53.164005279541016,1088,0x440,test,1949,Fuzzy,Fuzzy,0.99256116,True,0.002603781,0.00024105588,0.99256116,0.002599351,0.0019945498
test,Fuzzy,Fuzzy,1478198085.843137,1478198085.891558,2782976,28,0.4375,0,48.42090606689453,2,0x002,test,1950,Fuzzy,Fuzzy,0.99025893,True,0.0029112375,0.0003436455,0.99025893,0.0022229452,0.004263297
test,Fuzzy,Fuzzy,1478197873.46967,1478197873.509301,2592704,23,0.359375,0,39.630889892578125,2,0x002,test,1951,Fuzzy,Fuzzy,0.98506564,True,0.0042161252,0.0005109948,0.98506564,0.0020519802,0.008155195
test,Normal,Fuzzy,1478201077.158162,1478201077.189884,3595008,0,0.0,-1,,399,0x18F,test,1952,Normal,Normal,0.9590606,True,0.9590606,0.0050448147,0.008340596,0.024468485,0.0030854188
test,Normal,Gear,1478201014.551102,1478201014.582552,4084032,0,0.0,-1,,2,0x002,test,1953,Normal,Normal,0.9208517,True,0.9208517,0.014152734,0.0006250513,0.028142286,0.036228232
test,Normal,Gear,1478201043.858968,1478201043.892171,4137600,0,0.0,-1,,304,0x130,test,1954,Normal,Normal,0.8254377,True,0.8254377,0.008877694,0.0012475883,0.055409376,0.109027624
test,Gear,Gear,1478195071.871603,1478195071.894293,3442048,20,0.3125,4,21.757125854492188,1087,0x43F,test,1955,Gear,Gear,0.9912532,True,0.0024679124,0.0006528995,0.001526432,0.9912532,0.004099628
test,RPM,RPM,1478192756.543271,1478192756.565906,3315328,21,0.328125,0,22.63498306274414,790,0x316,test,1956,RPM,RPM,0.98830813,True,0.0041714925,0.00023092492,0.0014281282,0.005861356,0.98830813
test,RPM,RPM,1478192750.3154,1478192750.34221,3301760,21,0.328125,3,26.114940643310547,790,0x316,test,1957,RPM,RPM,0.99153465,True,0.0026011413,0.0003275378,0.0006031315,0.004933562,0.99153465
test,RPM,RPM,1478192761.397023,1478192761.435817,3324864,21,0.328125,1,38.568973541259766,790,0x316,test,1958,RPM,RPM,0.99321014,True,0.0021595415,0.0003883958,0.00046844097,0.0037736488,0.99321014
test,DoS,DoS,1478200556.164219,1478200556.270143,2576512,37,0.578125,0,105.92412948608398,0,0x000,test,1959,DoS,DoS,0.9865872,True,0.0067350273,0.9865872,0.003280065,0.0016081434,0.0017895589
test,Normal,Fuzzy,1478201181.279936,1478201181.311897,3787392,0,0.0,-1,,399,0x18F,test,1960,Normal,Normal,0.9692542,True,0.9692542,0.0035500515,0.0045940727,0.019608608,0.0029931986
test,Gear,Gear,1478194847.160136,1478194847.185702,3024896,22,0.34375,1,25.333166122436523,1087,0x43F,test,1961,Gear,Gear,0.9928945,True,0.0019294764,0.0005858845,0.001679936,0.9928945,0.0029101996
test,RPM,RPM,1478192769.83872,1478192769.872675,3339072,18,0.28125,6,32.54389762878418,790,0x316,test,1962,RPM,RPM,0.99116135,True,0.0040094624,0.00040383707,0.0005438198,0.0038814137,0.99116135
test,RPM,RPM,1478192860.497173,1478192860.523685,3500928,22,0.34375,0,26.51190757751465,790,0x316,test,1963,RPM,RPM,0.99046904,True,0.0036226616,0.00022026189,0.001612133,0.004075794,0.99046904
test,DoS,DoS,1478200647.760212,1478200647.912048,2674432,44,0.6875,0,151.83615684509277,0,0x000,test,1964,DoS,DoS,0.9871601,True,0.0058504953,0.9871601,0.0036045641,0.0015665265,0.0018183424
test,Gear,Gear,1478194962.426847,1478194962.451071,3244864,19,0.296875,1,23.988962173461918,1087,0x43F,test,1965,Gear,Gear,0.9913749,True,0.003063231,0.00056835177,0.0020041242,0.9913749,0.0029893632
test,Gear,Gear,1478194944.639612,1478194944.687662,3213184,19,0.296875,2,41.96476936340332,1087,0x43F,test,1966,Gear,Gear,0.99046737,True,0.003295766,0.00060209807,0.0016741855,0.99046737,0.003960666
test,DoS,DoS,1478200537.117962,1478200537.248369,2553984,36,0.5625,2,129.65989112854004,0,0x000,test,1967,DoS,DoS,0.9857238,True,0.00605107,0.9857238,0.0045170262,0.0019067876,0.001801291
test,RPM,RPM,1478192846.946794,1478192846.968903,3472256,19,0.296875,3,21.399974822998047,790,0x316,test,1968,RPM,RPM,0.9916038,True,0.0034661752,0.00027669445,0.0010705766,0.0035826447,0.9916038
test,Fuzzy,Fuzzy,1478198166.472175,1478198166.494326,2914432,24,0.375,5,20.96819877624512,2,0x002,test,1969,Fuzzy,Fuzzy,0.9882725,True,0.0036121912,0.00040801225,0.9882725,0.0021241216,0.0055832337
test,DoS,DoS,1478200498.478201,1478200498.56448,2510784,38,0.59375,1,80.69705963134766,0,0x000,test,1970,DoS,DoS,0.9856609,True,0.0061607915,0.9856609,0.0043787034,0.0019058305,0.0018937251
test,Normal,Gear,1478201159.929807,1478201159.966398,4352128,0,0.0,-1,,2,0x002,test,1971,Normal,Normal,0.95173734,True,0.95173734,0.0037093803,0.0028517123,0.012867705,0.028833888
test,RPM,RPM,1478192703.820167,1478192703.843519,3205056,21,0.328125,0,23.35190773010254,790,0x316,test,1972,RPM,RPM,0.9911652,True,0.0031582105,0.00022755387,0.0014491328,0.0039998754,0.9911652
test,Gear,Gear,1478195073.600424,1478195073.637479,3445184,22,0.34375,3,36.355018615722656,1087,0x43F,test,1973,Gear,Gear,0.99214023,True,0.0018145558,0.0005697015,0.0013399917,0.99214023,0.004135566
test,Gear,Gear,1478195039.223542,1478195039.25209,3382656,8,0.125,40,8.061885833740234,1087,0x43F,test,1974,Gear,Gear,0.93669504,True,0.046820395,0.004269577,0.00062757405,0.93669504,0.011587434
test,Fuzzy,Fuzzy,1478198124.664022,1478198124.6952,2844032,25,0.390625,2,30.71904182434082,2,0x002,test,1975,Fuzzy,Fuzzy,0.98813593,True,0.0041228905,0.00039454817,0.98813593,0.002164248,0.0051824935
test,Gear,Gear,1478195060.947695,1478195060.9946,3422400,20,0.3125,3,46.189069747924805,1087,0x43F,test,1976,Gear,Gear,0.98734516,True,0.002493983,0.0008331376,0.00055220566,0.98734516,0.008775538
test,DoS,DoS,1478200611.346781,1478200611.472417,2636032,39,0.609375,0,125.63610076904295,0,0x000,test,1977,DoS,DoS,0.98365146,True,0.006539636,0.98365146,0.0058534355,0.0018114519,0.0021440443
test,Fuzzy,Fuzzy,1478197910.804932,1478197910.839928,2628288,26,0.40625,0,34.99579429626465,304,0x130,test,1978,Fuzzy,Fuzzy,0.98758453,True,0.0035407122,0.00039756537,0.98758453,0.002180793,0.006296382
test,RPM,RPM,1478192883.360509,1478192883.384049,3547456,21,0.328125,1,23.3149528503418,790,0x316,test,1979,RPM,RPM,0.9888005,True,0.0038309747,0.00029787602,0.00079508626,0.006275451,0.9888005
test,Gear,Gear,1478194944.897586,1478194944.926514,3213504,22,0.34375,2,28.461933135986328,1087,0x43F,test,1980,Gear,Gear,0.9893834,True,0.0023055156,0.0006069934,0.004306843,0.9893834,0.003397331
test,RPM,RPM,1478192813.737179,1478192813.793762,3409664,20,0.3125,2,55.71198463439941,790,0x316,test,1981,RPM,RPM,0.99429166,True,0.0028785642,0.00046153142,0.000539025,0.0018292007,0.99429166
test,Normal,Fuzzy,1478201208.430573,1478201208.464164,3837696,0,0.0,-1,,2,0x002,test,1982,Normal,Normal,0.9223817,True,0.9223817,0.005936699,0.0017795911,0.02088685,0.04901513
test,Fuzzy,Fuzzy,1478197961.719776,1478197961.758392,2677888,31,0.484375,0,38.61618041992188,790,0x316,test,1983,Fuzzy,Fuzzy,0.9903178,True,0.0030289493,0.00035683598,0.9903178,0.0024148794,0.003881559
test,Normal,Fuzzy,1478201036.569761,1478201036.601926,3519808,0,0.0,-1,,2,0x002,test,1984,Normal,Normal,0.96062964,True,0.96062964,0.007125067,0.0013155048,0.0141400825,0.016789649
test,RPM,RPM,1478192832.895999,1478192832.925756,3445440,20,0.3125,0,29.757022857666016,790,0x316,test,1985,RPM,RPM,0.98957133,True,0.0041139186,0.00022618828,0.0034829236,0.0026055921,0.98957133
test,RPM,RPM,1478192801.243042,1478192801.282976,3389568,17,0.265625,4,38.99884223937988,790,0x316,test,1986,RPM,RPM,0.98246,True,0.005814341,0.00044332145,0.0005322656,0.010750035,0.98246
test,Fuzzy,Fuzzy,1478198156.26497,1478198156.314701,2896896,29,0.453125,2,49.26204681396485,704,0x2C0,test,1987,Fuzzy,Fuzzy,0.9901192,True,0.00291634,0.0003318564,0.9901192,0.0027606995,0.0038719047
test,RPM,RPM,1478192815.325067,1478192815.382302,3411712,18,0.28125,0,57.2350025177002,790,0x316,test,1988,RPM,RPM,0.9901689,True,0.0039969976,0.0006312431,0.00028907278,0.0049138414,0.9901689
test,Normal,Gear,1478201046.969582,1478201047.002332,4143360,0,0.0,-1,,2,0x002,test,1989,Normal,Normal,0.9170261,True,0.9170261,0.004123443,0.0024389918,0.01614925,0.06026221
test,Fuzzy,Fuzzy,1478198036.649172,1478198036.976442,2740544,33,0.515625,4,310.9860420227051,880,0x370,test,1990,Fuzzy,Fuzzy,0.9913789,True,0.0024641023,0.00029349644,0.9913789,0.002459067,0.0034043826
test,Fuzzy,Fuzzy,1478197962.349698,1478197962.488223,2678912,26,0.40625,0,138.52500915527344,880,0x370,test,1991,Fuzzy,Fuzzy,0.9893287,True,0.0036033236,0.00037992498,0.9893287,0.0025452175,0.0041427594
test,Fuzzy,Fuzzy,1478198175.281717,1478198175.322963,2928832,24,0.375,0,41.24593734741211,304,0x130,test,1992,Fuzzy,Fuzzy,0.9873477,True,0.0038821774,0.00048112805,0.9873477,0.0019363759,0.0063526896
test,RPM,RPM,1478192827.988651,1478192828.022445,3436160,23,0.359375,0,33.79392623901367,790,0x316,test,1993,RPM,RPM,0.9922936,True,0.0022931476,0.0005667325,0.0002624237,0.0045840982,0.9922936
test,RPM,RPM,1478192820.619947,1478192820.645802,3422272,22,0.34375,2,24.91903305053711,790,0x316,test,1994,RPM,RPM,0.9900975,True,0.0028431795,0.00035043817,0.00049421564,0.006214681,0.9900975
test,DoS,DoS,1478200453.481774,1478200453.557681,2446976,34,0.53125,0,75.90699195861816,0,0x000,test,1995,DoS,DoS,0.98712593,True,0.008554545,0.98712593,0.0013742887,0.0015423247,0.0014028876
test,Fuzzy,Fuzzy,1478198141.892682,1478198141.915859,2871872,18,0.28125,2,22.36199378967285,672,0x2A0,test,1996,Fuzzy,Fuzzy,0.9909384,True,0.0033660687,0.000265375,0.9909384,0.00247519,0.0029549387
test,DoS,DoS,1478200499.115138,1478200499.234954,2511296,34,0.53125,1,119.57120895385742,0,0x000,test,1997,DoS,DoS,0.988509,True,0.006382272,0.988509,0.0017956852,0.0014354006,0.0018776564
test,Gear,Gear,1478195033.30418,1478195033.345622,3372928,18,0.28125,3,40.740013122558594,1087,0x43F,test,1998,Gear,Gear,0.98506886,True,0.0041515543,0.0007503838,0.008341395,0.98506886,0.0016877743
test,RPM,RPM,1478192721.922671,1478192721.951703,3243200,22,0.34375,2,28.565168380737305,790,0x316,test,1999,RPM,RPM,0.98722434,True,0.003673882,0.00024519305,0.0013371896,0.007519433,0.98722434
test,RPM,RPM,1478192916.832288,1478192916.876599,3613248,22,0.34375,5,43.11513900756836,790,0x316,test,2000,RPM,RPM,0.98959327,True,0.0025955236,0.00041986274,0.00040889118,0.006982493,0.98959327
test,Fuzzy,Fuzzy,1478197786.790279,1478197786.995974,2516160,22,0.34375,8,200.8299827575684,848,0x350,test,2001,Fuzzy,Fuzzy,0.98587877,True,0.005481857,0.00061201403,0.98587877,0.001839566,0.0061877086
test,DoS,DoS,1478200511.959665,1478200512.011842,2528576,42,0.65625,0,52.17695236206055,0,0x000,test,2002,DoS,DoS,0.98449844,True,0.005788434,0.98449844,0.0057247463,0.0018687744,0.002119692
test,Fuzzy,Fuzzy,1478198095.39437,1478198095.426808,2796672,25,0.390625,0,32.438039779663086,2,0x002,test,2003,Fuzzy,Fuzzy,0.99057335,True,0.0029340815,0.00028237217,0.99057335,0.002482934,0.003727249
test,DoS,DoS,1478200395.84552,1478200395.900177,2369280,37,0.578125,1,54.41093444824219,0,0x000,test,2004,DoS,DoS,0.9890344,True,0.0061571714,0.9890344,0.0012088174,0.0015257418,0.002073878
test,Normal,RPM,1478201205.39294,1478201205.430158,4614912,0,0.0,-1,,304,0x130,test,2005,Normal,Normal,0.894503,True,0.894503,0.011832899,0.0013101359,0.07403246,0.018321598
test,RPM,RPM,1478192944.69021,1478192944.730864,3661440,19,0.296875,2,40.18902778625488,790,0x316,test,2006,RPM,RPM,0.9932706,True,0.0027413636,0.00059137354,0.0002950289,0.003101578,0.9932706
test,RPM,RPM,1478192756.871994,1478192756.900361,3316160,25,0.390625,2,27.888059616088867,790,0x316,test,2007,RPM,RPM,0.99539953,True,0.0018978065,0.000370202,0.0006737233,0.0016587111,0.99539953
test,DoS,DoS,1478200646.910745,1478200646.926643,2673728,34,0.53125,0,15.897989273071287,0,0x000,test,2008,DoS,DoS,0.9838054,True,0.0076885684,0.9838054,0.00478527,0.0016195762,0.0021010807
test,Normal,Gear,1478201182.904029,1478201182.939508,4394688,0,0.0,-1,,304,0x130,test,2009,Normal,Normal,0.91589826,True,0.91589826,0.0028292413,0.0031805495,0.021630084,0.056461938
test,RPM,RPM,1478192840.668323,1478192840.696929,3460096,22,0.34375,2,28.12790870666504,790,0x316,test,2010,RPM,RPM,0.9908379,True,0.0027127748,0.00019887932,0.0019812004,0.0042692553,0.9908379
test,DoS,DoS,1478200472.504924,1478200472.536057,2474816,34,0.53125,1,30.881881713867188,0,0x000,test,2011,DoS,DoS,0.98664075,True,0.0083186785,0.98664075,0.0017945397,0.0014177571,0.0018283376
test,Normal,RPM,1478201138.787719,1478201138.824976,4492032,0,0.0,-1,,704,0x2C0,test,2012,Normal,Normal,0.94874823,True,0.94874823,0.0022082913,0.0049880147,0.026350763,0.017704764
test,Gear,Gear,1478195048.04871,1478195048.079305,3397760,21,0.328125,0,30.594825744628903,1087,0x43F,test,2013,Gear,Gear,0.9905206,True,0.0026604359,0.0007768485,0.0027831942,0.9905206,0.0032588851
test,Fuzzy,Fuzzy,1478198144.151798,1478198144.183726,2875712,20,0.3125,7,30.23219108581543,2,0x002,test,2014,Fuzzy,Fuzzy,0.9843141,True,0.004833423,0.00052222086,0.9843141,0.002606663,0.0077236043
test,Gear,Gear,1478194964.287088,1478194964.31139,3248896,19,0.296875,0,24.302005767822266,1087,0x43F,test,2015,Gear,Gear,0.9888232,True,0.0037007525,0.000508805,0.0023538787,0.9888232,0.00461342
test,Gear,Gear,1478195007.613049,1478195007.635725,3327424,20,0.3125,0,22.67599105834961,1087,0x43F,test,2016,Gear,Gear,0.9844901,True,0.0033218302,0.00052148633,0.0067852368,0.9844901,0.004881378
test,Gear,Gear,1478195053.901434,1478195053.926322,3409280,22,0.34375,0,24.888038635253903,1087,0x43F,test,2017,Gear,Gear,0.99103534,True,0.0025844777,0.0005142662,0.0013945942,0.99103534,0.004471343
test,Gear,Gear,1478194860.02964,1478194860.054247,3052672,22,0.34375,0,24.606943130493164,1087,0x43F,test,2018,Gear,Gear,0.99208003,True,0.0026154097,0.0005430364,0.0010694036,0.99208003,0.0036921492
test,Normal,DoS,1478201098.35042,1478201098.386383,3461184,0,0.0,-1,,672,0x2A0,test,2019,Normal,Normal,0.92699546,True,0.92699546,0.0021931475,0.016867157,0.04602455,0.0079197055
test,Normal,RPM,1478201080.304994,1478201080.337416,4383680,0,0.0,-1,,2,0x002,test,2020,Normal,Normal,0.93561345,True,0.93561345,0.006673426,0.0015812496,0.026190963,0.02994097
test,Gear,Gear,1478194955.586669,1478194955.622321,3232256,20,0.3125,1,35.420894622802734,1087,0x43F,test,2021,Gear,Gear,0.98472655,True,0.0036552395,0.0004930328,0.006829199,0.98472655,0.0042960024
test,Normal,DoS,1478201061.731877,1478201061.768953,3393344,0,0.0,-1,,2,0x002,test,2022,Normal,Normal,0.89408684,True,0.89408684,0.0060666855,0.0032511484,0.07186057,0.024734825
test,Normal,Fuzzy,1478201163.245736,1478201163.279766,3753984,0,0.0,-1,,320,0x140,test,2023,Normal,Normal,0.9744615,True,0.9744615,0.0013231073,0.0082643675,0.010028608,0.0059224763
test,Normal,DoS,1478201017.328639,1478201017.361099,3311808,0,0.0,-1,,2,0x002,test,2024,Normal,Normal,0.85307276,True,0.85307276,0.0049846536,0.0026954508,0.005640865,0.13360637
test,DoS,DoS,1478200389.84582,1478200389.879991,2359168,35,0.546875,1,33.926963806152344,0,0x000,test,2025,DoS,DoS,0.9861152,True,0.0059474804,0.9861152,0.0041322806,0.0017277463,0.002077324
test,Normal,DoS,1478201102.598189,1478201102.634941,3469056,0,0.0,-1,,704,0x2C0,test,2026,Normal,Normal,0.8600292,True,0.8600292,0.004041041,0.007475894,0.080611005,0.0478429
test,Fuzzy,Fuzzy,1478198160.403613,1478198160.442233,2903680,27,0.421875,0,38.6199951171875,880,0x370,test,2027,Fuzzy,Fuzzy,0.9855085,True,0.004478447,0.000552797,0.9855085,0.0022237513,0.0072364416
test,Fuzzy,Fuzzy,1478197754.772233,1478197754.892708,2485376,26,0.40625,2,120.00799179077148,320,0x140,test,2028,Fuzzy,Fuzzy,0.9852267,True,0.0038055514,0.00038916833,0.9852267,0.0020600604,0.008518501
test,DoS,DoS,1478200491.386267,1478200491.406154,2501504,36,0.5625,1,19.64402198791504,0,0x000,test,2029,DoS,DoS,0.9858774,True,0.0070376857,0.9858774,0.0036156836,0.0017148997,0.0017542853
test,Gear,Gear,1478194982.751878,1478194982.795496,3282560,19,0.296875,7,41.93902015686035,1087,0x43F,test,2030,Gear,Gear,0.99294454,True,0.002190955,0.0009006023,0.00069661683,0.99294454,0.0032673213
test,Fuzzy,Fuzzy,1478197737.453564,1478197737.541315,2467328,27,0.421875,2,86.55118942260742,399,0x18F,test,2031,Fuzzy,Fuzzy,0.99116933,True,0.0026729763,0.00024308129,0.99116933,0.002946035,0.0029685537
test,Fuzzy,Fuzzy,1478197890.653201,1478197890.955373,2608000,27,0.421875,6,277.1601676940918,304,0x130,test,2032,Fuzzy,Fuzzy,0.99207896,True,0.0026640117,0.00021552695,0.99207896,0.0025643872,0.0024770359
test,DoS,DoS,1478200320.096782,1478200320.179361,2289152,37,0.578125,0,82.57913589477539,0,0x000,test,2033,DoS,DoS,0.9837563,True,0.0066133593,0.9837563,0.005875019,0.0017693962,0.0019859623
test,Fuzzy,Fuzzy,1478197773.915705,1478197774.253081,2503104,30,0.46875,1,331.91919326782227,1087,0x43F,test,2034,Fuzzy,Fuzzy,0.992077,True,0.0025895191,0.0002963891,0.992077,0.00247053,0.0025665718
test,Normal,RPM,1478201028.160241,1478201028.1978,4287808,0,0.0,-1,,304,0x130,test,2035,Normal,Normal,0.9113395,True,0.9113395,0.004541156,0.0017521237,0.02974815,0.052619006
test,RPM,RPM,1478192858.827946,1478192858.858096,3497024,21,0.328125,0,30.14993667602539,790,0x316,test,2036,RPM,RPM,0.990666,True,0.0032083008,0.00047298142,0.00036251982,0.0052901837,0.990666
test,DoS,DoS,1478200435.119117,1478200435.160909,2421120,35,0.546875,1,41.54491424560547,0,0x000,test,2037,DoS,DoS,0.98789155,True,0.0067458865,0.98789155,0.0017423118,0.0014962644,0.0021240867
test,Gear,Gear,1478194906.446943,1478194906.489023,3145280,20,0.3125,3,41.2600040435791,1087,0x43F,test,2038,Gear,Gear,0.9922799,True,0.0019607672,0.00058558665,0.000852143,0.9922799,0.004321631
test,DoS,DoS,1478200410.910694,1478200411.025459,2389120,37,0.578125,1,109.27915573120116,0,0x000,test,2039,DoS,DoS,0.9852742,True,0.006524125,0.9852742,0.0043907696,0.001739332,0.0020715008
test,RPM,RPM,1478192683.834332,1478192683.857686,3159872,21,0.328125,2,22.88198471069336,790,0x316,test,2040,RPM,RPM,0.9930482,True,0.0027745834,0.00028062199,0.0011064669,0.0027899973,0.9930482
test,RPM,RPM,1478192935.50455,1478192935.532454,3645056,22,0.34375,4,26.94106101989746,790,0x316,test,2041,RPM,RPM,0.9935235,True,0.0025866025,0.00027508585,0.0009750139,0.002639837,0.9935235
test,DoS,DoS,1478200496.803456,1478200496.941538,2509888,34,0.53125,0,138.0820274353027,0,0x000,test,2042,DoS,DoS,0.98634756,True,0.0069179623,0.98634756,0.0031657973,0.0015622828,0.0020063599
test,DoS,DoS,1478200610.910571,1478200611.062579,2635840,32,0.5,0,152.0078182220459,0,0x000,test,2043,DoS,DoS,0.98142505,True,0.006396488,0.98142505,0.007904189,0.0017857301,0.0024885833
test,Gear,Gear,1478194923.528231,1478194923.571142,3176704,22,0.34375,0,42.91105270385742,1087,0x43F,test,2044,Gear,Gear,0.9871587,True,0.0037240784,0.0005992161,0.001305089,0.9871587,0.007212897
test,Fuzzy,Fuzzy,1478198119.285627,1478198119.322842,2835520,30,0.46875,2,36.75198554992676,320,0x140,test,2045,Fuzzy,Fuzzy,0.99047816,True,0.0030197476,0.0003229338,0.99047816,0.0023315314,0.003847682
test,Fuzzy,Fuzzy,1478197910.696595,1478197910.71681,2628032,23,0.359375,2,19.761085510253903,608,0x260,test,2046,Fuzzy,Fuzzy,0.9885134,True,0.0036523829,0.00035139447,0.9885134,0.0023161005,0.0051666843
test,Normal,RPM,1478201186.463879,1478201186.497292,4579840,0,0.0,-1,,304,0x130,test,2047,Normal,Normal,0.9658107,True,0.9658107,0.00485989,0.0019161562,0.013952256,0.013460986
test,Gear,Gear,1478195087.499008,1478195087.538561,3470336,24,0.375,3,36.69404983520508,1087,0x43F,test,2048,Gear,Gear,0.99243695,True,0.0016990969,0.0005626233,0.0011327139,0.99243695,0.00416856
test,DoS,DoS,1478200490.606673,1478200490.64356,2500480,33,0.515625,1,36.64994239807129,0,0x000,test,2049,DoS,DoS,0.98604906,True,0.006733077,0.98604906,0.0036714126,0.0017027715,0.0018436627
test,Gear,Gear,1478194852.238615,1478194852.262374,3035520,21,0.328125,3,23.0410099029541,1087,0x43F,test,2050,Gear,Gear,0.9930066,True,0.0024167816,0.00072432164,0.0014969341,0.9930066,0.0023553278
test,Gear,Gear,1478195019.959943,1478195019.989493,3349440,14,0.21875,23,15.11693000793457,1087,0x43F,test,2051,Gear,Gear,0.98790294,True,0.0065177004,0.0009054365,0.00139986,0.98790294,0.003274116
test,Fuzzy,Fuzzy,1478197873.758565,1478197873.787438,2593216,23,0.359375,1,28.64599227905273,304,0x130,test,2052,Fuzzy,Fuzzy,0.99068743,True,0.003122589,0.00028029148,0.99068743,0.0027437645,0.0031659466
test,DoS,DoS,1478200412.335574,1478200412.42296,2389888,36,0.5625,0,87.3861312866211,0,0x000,test,2053,DoS,DoS,0.9878713,True,0.006827824,0.9878713,0.0019145781,0.00151447,0.0018718882
test,RPM,RPM,1478192845.759301,1478192845.805629,3470016,22,0.34375,2,45.72105407714844,790,0x316,test,2054,RPM,RPM,0.9864676,True,0.00360696,0.00034988255,0.00054866454,0.009026925,0.9864676
test,DoS,DoS,1478200427.490498,1478200427.515331,2408320,37,0.578125,0,24.832963943481445,0,0x000,test,2055,DoS,DoS,0.98606455,True,0.0061981007,0.98606455,0.004109307,0.0016748769,0.0019532559
test,Normal,RPM,1478201149.06899,1478201149.106591,4511040,0,0.0,-1,,2,0x002,test,2056,Normal,Normal,0.9157497,True,0.9157497,0.004791207,0.0023836938,0.015275374,0.06179996
test,Gear,Gear,1478194905.490126,1478194905.512917,3143040,20,0.3125,3,22.08995819091797,1087,0x43F,test,2057,Gear,Gear,0.9904723,True,0.0036763079,0.00055987225,0.0019374768,0.9904723,0.0033540318
test,DoS,DoS,1478200491.436648,1478200491.485533,2501632,31,0.484375,0,48.88510704040527,0,0x000,test,2058,DoS,DoS,0.981403,True,0.00903348,0.981403,0.006214953,0.0015026709,0.0018458772
test,RPM,RPM,1478192721.404097,1478192721.429568,3241856,22,0.34375,1,25.246143341064453,790,0x316,test,2059,RPM,RPM,0.99178845,True,0.0032921494,0.00024041631,0.0017186918,0.002960364,0.99178845
test,Normal,DoS,1478201046.120097,1478201046.153089,3364416,0,0.0,-1,,304,0x130,test,2060,Normal,Normal,0.893841,True,0.893841,0.0076228287,0.001758507,0.075330615,0.02144699
test,Gear,Gear,1478194851.423783,1478194851.44523,3033408,17,0.265625,8,19.55389976501465,1087,0x43F,test,2061,Gear,Gear,0.99049765,True,0.0037586999,0.0006124325,0.002640059,0.99049765,0.0024911463
test,RPM,RPM,1478192756.042901,1478192756.075197,3314176,21,0.328125,0,32.295942306518555,790,0x316,test,2062,RPM,RPM,0.9809176,True,0.0040026414,0.00044593023,0.00048201223,0.014151788,0.9809176
test,DoS,DoS,1478200427.878788,1478200427.909257,2409152,32,0.5,1,30.220985412597656,0,0x000,test,2063,DoS,DoS,0.98458475,True,0.008653792,0.98458475,0.0034563146,0.0014912914,0.0018137725
test,RPM,RPM,1478192801.144137,1478192801.194887,3389440,18,0.28125,4,43.93482208251953,790,0x316,test,2064,RPM,RPM,0.9919145,True,0.003764274,0.00040830421,0.0005541378,0.0033588659,0.9919145
test,DoS,DoS,1478200374.605516,1478200374.643736,2334784,36,0.5625,0,38.21992874145508,0,0x000,test,2065,DoS,DoS,0.9844626,True,0.0069004497,0.9844626,0.004676997,0.0015574113,0.0024024432
test,Fuzzy,Fuzzy,1478197856.373907,1478197856.690022,2577152,26,0.40625,2,305.0200939178467,1087,0x43F,test,2066,Fuzzy,Fuzzy,0.9897753,True,0.002925021,0.0003463755,0.9897753,0.002609575,0.0043438096
test,Normal,DoS,1478201182.193297,1478201182.228985,3616000,0,0.0,-1,,304,0x130,test,2067,Normal,Normal,0.93061334,True,0.93061334,0.0014853376,0.01255468,0.017922569,0.037424095
test,DoS,DoS,1478200495.421277,1478200495.437051,2508416,34,0.53125,0,15.774011611938477,0,0x000,test,2068,DoS,DoS,0.9856102,True,0.0074874614,0.9856102,0.0035046537,0.0016107345,0.0017869481
test,DoS,DoS,1478200433.835446,1478200433.851432,2419008,35,0.546875,0,15.986204147338867,0,0x000,test,2069,DoS,DoS,0.9861857,True,0.007212271,0.9861857,0.002996072,0.0014829488,0.002123023
test,Gear,Gear,1478195002.441651,1478195002.479422,3318016,20,0.3125,1,32.105207443237305,1087,0x43F,test,2070,Gear,Gear,0.9922017,True,0.0026258978,0.0008064019,0.0021788608,0.9922017,0.0021870579
test,Normal,Gear,1478201126.59568,1478201126.628061,4290880,0,0.0,-1,,304,0x130,test,2071,Normal,Normal,0.900812,True,0.900812,0.0010724234,0.050294098,0.0047475295,0.043074004
test,DoS,DoS,1478200380.890692,1478200380.945294,2345152,33,0.515625,2,43.17283630371094,0,0x000,test,2072,DoS,DoS,0.9879802,True,0.00677314,0.9879802,0.0018443506,0.0014439501,0.0019583788
test,RPM,RPM,1478192860.283571,1478192860.317107,3500416,17,0.265625,9,30.88092803955078,790,0x316,test,2073,RPM,RPM,0.99086213,True,0.004325489,0.00031509445,0.0012964074,0.003201009,0.99086213
test,RPM,RPM,1478192718.103645,1478192718.128628,3235648,23,0.359375,1,24.20496940612793,790,0x316,test,2074,RPM,RPM,0.99027073,True,0.0033754206,0.00023046955,0.0012764368,0.0048469985,0.99027073
test,Normal,Fuzzy,1478201042.267639,1478201042.30164,3530368,0,0.0,-1,,2,0x002,test,2075,Normal,Normal,0.945392,True,0.945392,0.007679905,0.0011049942,0.028620005,0.017202966
test,Normal,DoS,1478201096.141451,1478201096.174352,3457088,0,0.0,-1,,399,0x18F,test,2076,Normal,Normal,0.9521565,True,0.9521565,0.0048902906,0.006737276,0.03327945,0.0029364626
test,Normal,RPM,1478201155.892105,1478201155.924427,4523200,0,0.0,-1,,399,0x18F,test,2077,Normal,Normal,0.9661257,True,0.9661257,0.0059955395,0.002656481,0.021196857,0.0040253815
test,Fuzzy,Fuzzy,1478198085.020833,1478198085.072111,2782144,25,0.390625,3,45.854806900024414,304,0x130,test,2078,Fuzzy,Fuzzy,0.98985785,True,0.003434516,0.00038282672,0.98985785,0.0016471313,0.0046776864
test,Fuzzy,Fuzzy,1478198136.322607,1478198136.398311,2862144,24,0.375,1,75.27494430541992,608,0x260,test,2079,Fuzzy,Fuzzy,0.98874974,True,0.003799102,0.0004691023,0.98874974,0.0019853364,0.0049966695
test,Fuzzy,Fuzzy,1478198119.233117,1478198119.285385,2835456,17,0.265625,19,34.1949462890625,305,0x131,test,2080,Fuzzy,Fuzzy,0.9880248,True,0.0044759917,0.00052059005,0.9880248,0.0019667516,0.0050119385
test,RPM,RPM,1478192690.348975,1478192690.373518,3174592,21,0.328125,0,24.543046951293945,790,0x316,test,2081,RPM,RPM,0.9915895,True,0.0034731415,0.00027907264,0.0009974232,0.0036609173,0.9915895
test,Fuzzy,Fuzzy,1478198099.379433,1478198099.406855,2804096,25,0.390625,2,26.969194412231445,2,0x002,test,2082,Fuzzy,Fuzzy,0.9901309,True,0.0028840802,0.00033299782,0.9901309,0.0024527507,0.0041993326
test,Gear,Gear,1478195053.518747,1478195053.541173,3408384,21,0.328125,2,21.960973739624023,1087,0x43F,test,2083,Gear,Gear,0.989748,True,0.0024404891,0.0005116985,0.0031864177,0.989748,0.004113423
test,RPM,RPM,1478192683.289146,1478192683.31217,3158400,20,0.3125,0,23.02408218383789,790,0x316,test,2084,RPM,RPM,0.98953444,True,0.0042681303,0.00024395913,0.0022345814,0.0037189822,0.98953444
test,RPM,RPM,1478192691.004431,1478192691.027434,3176320,21,0.328125,2,22.550106048583984,790,0x316,test,2085,RPM,RPM,0.9895622,True,0.0036391602,0.00022763544,0.0013843955,0.005186562,0.9895622
test,Fuzzy,Fuzzy,1478198159.003454,1478198159.04645,2901056,23,0.359375,1,42.77586936950684,1088,0x440,test,2086,Fuzzy,Fuzzy,0.9866457,True,0.0037419787,0.000368129,0.9866457,0.0023738735,0.006870305
test,Gear,Gear,1478195088.037794,1478195088.070855,3471360,14,0.21875,0,33.06078910827637,1087,0x43F,test,2087,Gear,Gear,0.9538102,True,0.014713229,0.0006926161,0.025718467,0.9538102,0.005065527
test,Normal,Fuzzy,1478201137.024988,1478201137.057174,3705920,0,0.0,-1,,2,0x002,test,2088,Normal,Normal,0.9573478,True,0.9573478,0.0022203126,0.0025559969,0.0063214456,0.031554308
test,RPM,RPM,1478192766.829943,1478192766.894507,3334272,21,0.328125,4,63.60387802124024,790,0x316,test,2089,RPM,RPM,0.99480283,True,0.0025432836,0.00040414423,0.0008851706,0.0013646017,0.99480283
test,Gear,Gear,1478194968.677442,1478194968.70797,3257344,20,0.3125,3,29.352903366088867,1087,0x43F,test,2090,Gear,Gear,0.99005485,True,0.0024095976,0.0004991874,0.003989426,0.99005485,0.0030468623
test,Fuzzy,Fuzzy,1478198119.006486,1478198119.065108,2835200,21,0.328125,0,58.622121810913086,809,0x329,test,2091,Fuzzy,Fuzzy,0.9889492,True,0.003900872,0.00028386916,0.9889492,0.0027248375,0.0041412767
test,Normal,Gear,1478201101.724655,1478201101.756252,4244800,0,0.0,-1,,2,0x002,test,2092,Normal,Normal,0.9612984,True,0.9612984,0.0048367456,0.0017908841,0.02760974,0.0044641597
test,RPM,RPM,1478192722.818696,1478192722.844597,3244928,20,0.3125,0,25.901079177856445,790,0x316,test,2093,RPM,RPM,0.987705,True,0.0039181695,0.0002909223,0.0008112054,0.007274734,0.987705
test,Normal,Fuzzy,1478201110.63012,1478201110.665885,3657024,0,0.0,-1,,672,0x2A0,test,2094,Normal,Normal,0.93763983,True,0.93763983,0.0039331187,0.004958629,0.0492402,0.0042282166
test,Normal,Fuzzy,1478201191.642556,1478201191.674638,3806592,0,0.0,-1,,2,0x002,test,2095,Normal,Normal,0.92385113,True,0.92385113,0.006074031,0.0018298995,0.016463984,0.05178089
test,Gear,Gear,1478194971.493194,1478194971.526263,3262080,19,0.296875,2,32.58609771728516,1087,0x43F,test,2096,Gear,Gear,0.9904497,True,0.0033278991,0.00075879344,0.00046806794,0.9904497,0.0049954588
test,RPM,RPM,1478192717.333134,1478192717.355347,3234240,20,0.3125,5,21.03281021118164,790,0x316,test,2097,RPM,RPM,0.9916707,True,0.0032863994,0.0002773107,0.0009811829,0.003784414,0.9916707
test,RPM,RPM,1478192754.915429,1478192754.940818,3311424,22,0.34375,2,24.580955505371094,790,0x316,test,2098,RPM,RPM,0.9898645,True,0.0033180362,0.0002740176,0.00074668636,0.005796675,0.9898645
test,DoS,DoS,1478200559.07816,1478200559.305456,2577536,40,0.625,1,221.62890434265137,0,0x000,test,2099,DoS,DoS,0.9876952,True,0.006039531,0.9876952,0.002892489,0.0017145786,0.0016581623
test,Normal,Fuzzy,1478201197.652192,1478201197.684484,3817728,0,0.0,-1,,2,0x002,test,2100,Normal,Normal,0.92396253,True,0.92396253,0.02106122,0.0008908446,0.027454935,0.02663038
test,Normal,Gear,1478201022.183462,1478201022.220028,4098176,0,0.0,-1,,2,0x002,test,2101,Normal,Normal,0.9321991,True,0.9321991,0.01773318,0.0007790557,0.031120954,0.01816767
test,Normal,Gear,1478201093.637336,1478201093.673623,4229824,0,0.0,-1,,304,0x130,test,2102,Normal,Normal,0.94354695,True,0.94354695,0.0022561788,0.017834235,0.018952368,0.017410252
test,Normal,Gear,1478201207.569936,1478201207.602471,4440384,0,0.0,-1,,339,0x153,test,2103,Normal,Normal,0.8650092,True,0.8650092,0.009327293,0.0011863464,0.06582805,0.05864913
test,Normal,RPM,1478201172.023508,1478201172.058734,4553088,0,0.0,-1,,2,0x002,test,2104,Normal,Normal,0.938055,True,0.938055,0.001898413,0.003701244,0.007871296,0.048474025
test,Gear,Gear,1478195099.631341,1478195099.661135,3494656,20,0.3125,1,28.822898864746094,1087,0x43F,test,2105,Gear,Gear,0.9897087,True,0.0019905872,0.0007223534,0.0008712032,0.9897087,0.0067070997
test,Gear,Gear,1478194898.038649,1478194898.066563,3127296,18,0.28125,2,27.43697166442871,1087,0x43F,test,2106,Gear,Gear,0.9899935,True,0.0034493702,0.0005494247,0.002879441,0.9899935,0.0031283412
test,Normal,RPM,1478201036.191903,1478201036.222776,4301952,0,0.0,-1,,399,0x18F,test,2107,Normal,Normal,0.96716523,True,0.96716523,0.0032247033,0.0041968366,0.010520558,0.014892679
test,Fuzzy,Fuzzy,1478198141.398064,1478198141.435093,2871104,26,0.40625,0,37.02902793884277,2,0x002,test,2108,Fuzzy,Fuzzy,0.9908189,True,0.0030594992,0.00031956096,0.9908189,0.0019201079,0.0038818477
test,DoS,DoS,1478200604.669192,1478200604.828869,2628672,39,0.609375,0,159.67702865600586,0,0x000,test,2109,DoS,DoS,0.9894086,True,0.0060747787,0.9894086,0.0014248074,0.0015831043,0.0015087218
test,DoS,DoS,1478200319.55249,1478200319.618843,2288896,32,0.5,1,61.0191822052002,0,0x000,test,2110,DoS,DoS,0.9833266,True,0.008492021,0.9833266,0.004736509,0.001618558,0.001826235
test,Fuzzy,Fuzzy,1478197929.506785,1478197929.590907,2645312,23,0.359375,0,84.1221809387207,304,0x130,test,2111,Fuzzy,Fuzzy,0.98565406,True,0.004623894,0.0005539539,0.98565406,0.0022358883,0.006932132
test,RPM,RPM,1478192760.172833,1478192760.197775,3322496,22,0.34375,0,24.94192123413086,790,0x316,test,2112,RPM,RPM,0.98945904,True,0.003650092,0.00023658143,0.0013518607,0.005302532,0.98945904
test,Normal,RPM,1478201157.237707,1478201157.271794,4525696,0,0.0,-1,,399,0x18F,test,2113,Normal,Normal,0.9636943,True,0.9636943,0.00095919444,0.014547977,0.0048106494,0.015987933
test,RPM,RPM,1478192879.110218,1478192879.144871,3538944,23,0.359375,2,34.00897979736328,790,0x316,test,2114,RPM,RPM,0.9899054,True,0.0030962022,0.00031448534,0.00072332117,0.005960455,0.9899054
test,DoS,DoS,1478200428.395107,1478200428.410712,2410176,32,0.5,1,15.362024307250977,0,0x000,test,2115,DoS,DoS,0.9833698,True,0.007157682,0.9833698,0.0055422853,0.0016493076,0.0022808684
test,Normal,Fuzzy,1478201073.117416,1478201073.150382,3587520,0,0.0,-1,,2,0x002,test,2116,Normal,Normal,0.8670559,True,0.8670559,0.004343811,0.0040955744,0.021390032,0.103114694
test,Fuzzy,Fuzzy,1478198108.912986,1478198108.947865,2819584,23,0.359375,3,34.16991233825684,304,0x130,test,2117,Fuzzy,Fuzzy,0.9911494,True,0.0027458847,0.00028902918,0.9911494,0.0022890395,0.0035265475
test,DoS,DoS,1478200480.009305,1478200480.02521,2485952,34,0.53125,1,15.657901763916016,0,0x000,test,2118,DoS,DoS,0.98512346,True,0.0070356545,0.98512346,0.0041847783,0.0016022347,0.002053943
test,DoS,DoS,1478200398.526904,1478200398.560107,2372800,32,0.5,0,33.2028865814209,0,0x000,test,2119,DoS,DoS,0.98436224,True,0.0058419723,0.98436224,0.0055350126,0.0016942597,0.0025664933
test,DoS,DoS,1478200457.328406,1478200457.50266,2453568,30,0.46875,2,173.01392555236816,0,0x000,test,2120,DoS,DoS,0.9851135,True,0.009575394,0.9851135,0.0022592554,0.0012774718,0.001774445
test,Gear,Gear,1478195039.277593,1478195039.299299,3382784,19,0.296875,0,21.706104278564453,1087,0x43F,test,2121,Gear,Gear,0.99094653,True,0.002410965,0.00063729816,0.0017597313,0.99094653,0.004245535
test,Gear,Gear,1478194860.79571,1478194860.818067,3054528,18,0.28125,0,22.35698699951172,1087,0x43F,test,2122,Gear,Gear,0.9917331,True,0.0026465412,0.00072012114,0.0015944864,0.9917331,0.003305846
test,DoS,DoS,1478200648.737311,1478200648.86499,2674816,31,0.484375,0,127.67910957336426,0,0x000,test,2123,DoS,DoS,0.9828979,True,0.007330162,0.9828979,0.0060797036,0.0015551837,0.0021370451
test,RPM,RPM,1478192851.147903,1478192851.186969,3480448,18,0.28125,4,34.70301628112793,790,0x316,test,2124,RPM,RPM,0.98741096,True,0.0056484137,0.00029231026,0.0010288458,0.0056195236,0.98741096
test,DoS,DoS,1478200601.896228,1478200602.006238,2627584,37,0.578125,0,110.00990867614746,0,0x000,test,2125,DoS,DoS,0.98592305,True,0.005625235,0.98592305,0.0046560424,0.0016417152,0.0021539426
test,DoS,DoS,1478200459.512376,1478200459.542408,2454720,33,0.515625,0,30.03191947937012,0,0x000,test,2126,DoS,DoS,0.98436075,True,0.007632105,0.98436075,0.0044216462,0.0015559765,0.002029493
test,DoS,DoS,1478200346.053712,1478200346.220528,2308736,12,0.1875,0,166.81599617004397,0,0x000,test,2127,DoS,DoS,0.9738401,True,0.011002399,0.9738401,0.010791693,0.0018223933,0.002543423
test,Gear,Gear,1478194983.012118,1478194983.056041,3282944,19,0.296875,0,43.92290115356445,1087,0x43F,test,2128,Gear,Gear,0.9885732,True,0.003509403,0.0007217672,0.0008166025,0.9885732,0.0063790325
test,RPM,RPM,1478192944.604243,1478192944.650469,3661312,22,0.34375,3,45.57394981384277,790,0x316,test,2129,RPM,RPM,0.99285203,True,0.0021235663,0.00043702574,0.00034485338,0.0042425157,0.99285203
test,Normal,RPM,1478201167.292959,1478201167.324464,4544320,0,0.0,-1,,339,0x153,test,2130,Normal,Normal,0.957207,True,0.957207,0.0060941684,0.003165932,0.023525953,0.0100069335
test,Gear,Gear,1478195072.707387,1478195072.741122,3443648,22,0.34375,1,33.50210189819336,1087,0x43F,test,2131,Gear,Gear,0.9868513,True,0.003251487,0.0004755847,0.004154006,0.9868513,0.005267588
test,Gear,Gear,1478194919.600218,1478194919.654022,3169344,24,0.375,0,53.80392074584961,1087,0x43F,test,2132,Gear,Gear,0.99303037,True,0.0017956581,0.0006487925,0.00094565126,0.99303037,0.0035795178
test,Fuzzy,Fuzzy,1478198151.432188,1478198151.479206,2888064,17,0.265625,0,47.01805114746094,2,0x002,test,2133,Fuzzy,Fuzzy,0.9752789,True,0.008085767,0.0010112752,0.9752789,0.0021461037,0.013478017
test,Normal,Fuzzy,1478201008.845,1478201008.880661,3469184,0,0.0,-1,,2,0x002,test,2134,Normal,Normal,0.80372286,True,0.80372286,0.008039134,0.0013975361,0.04600557,0.14083493
test,DoS,DoS,1478200640.687864,1478200640.76775,2666880,39,0.609375,0,79.88595962524414,0,0x000,test,2135,DoS,DoS,0.98863345,True,0.0058102217,0.98863345,0.0020588213,0.0015924782,0.0019051128
test,Gear,Gear,1478194919.369389,1478194919.41589,3168960,18,0.28125,0,46.50092124938965,1087,0x43F,test,2136,Gear,Gear,0.9895048,True,0.0042088917,0.0013322145,0.0004895762,0.9895048,0.004464473
test,Fuzzy,Fuzzy,1478198123.700745,1478198123.750504,2842944,24,0.375,0,49.7589111328125,809,0x329,test,2137,Fuzzy,Fuzzy,0.9859017,True,0.003881887,0.0004141868,0.9859017,0.0025900616,0.007212092
test,RPM,RPM,1478192896.39951,1478192896.423194,3575104,21,0.328125,0,23.684024810791016,790,0x316,test,2138,RPM,RPM,0.9898538,True,0.0033670417,0.00021774114,0.0016547772,0.004906631,0.9898538
test,Normal,DoS,1478201110.54659,1478201110.579335,3483776,0,0.0,-1,,2,0x002,test,2139,Normal,Normal,0.96441066,True,0.96441066,0.0044565112,0.0023790735,0.012112229,0.016641445
test,DoS,DoS,1478200414.821572,1478200414.983835,2391040,41,0.640625,1,162.0168685913086,0,0x000,test,2140,DoS,DoS,0.9870591,True,0.006161062,0.9870591,0.0033602952,0.001620431,0.0017990979
test,RPM,RPM,1478192840.434638,1478192840.464034,3459584,22,0.34375,0,29.39605712890625,790,0x316,test,2141,RPM,RPM,0.9901902,True,0.0030859997,0.00024245655,0.0011713246,0.0053100297,0.9901902
test,DoS,DoS,1478200496.642802,1478200496.803207,2509824,34,0.53125,1,160.16292572021484,0,0x000,test,2142,DoS,DoS,0.9864804,True,0.007419528,0.9864804,0.002552195,0.0013980316,0.0021498722
test,Gear,Gear,1478194964.262069,1478194964.285929,3248832,22,0.34375,5,22.675037384033203,1087,0x43F,test,2143,Gear,Gear,0.99113125,True,0.002422468,0.0005688502,0.0024991643,0.99113125,0.003378254
test,Fuzzy,Fuzzy,1478197794.733793,1478197794.754194,2522816,26,0.40625,1,20.18404006958008,1349,0x545,test,2144,Fuzzy,Fuzzy,0.9901335,True,0.0031913088,0.00032017147,0.9901335,0.0021889026,0.0041661314
test,Fuzzy,Fuzzy,1478198128.260728,1478198128.314809,2847808,28,0.4375,0,54.08120155334473,608,0x260,test,2145,Fuzzy,Fuzzy,0.98782957,True,0.0039351904,0.00040494167,0.98782957,0.0024842913,0.0053460714
test,DoS,DoS,1478200391.006331,1478200391.028962,2360768,37,0.578125,0,22.63092994689941,0,0x000,test,2146,DoS,DoS,0.9827664,True,0.006246781,0.9827664,0.0067286054,0.0017022187,0.0025559177
test,DoS,DoS,1478200487.782439,1478200487.798407,2496640,35,0.546875,0,15.968084335327148,0,0x000,test,2147,DoS,DoS,0.9862183,True,0.0072852275,0.9862183,0.003088486,0.0014670307,0.0019409966
test,DoS,DoS,1478200511.475776,1478200511.543678,2528192,32,0.5,0,67.9020881652832,0,0x000,test,2148,DoS,DoS,0.98586905,True,0.0073680854,0.98586905,0.0034206777,0.0015601793,0.0017820151
test,RPM,RPM,1478192799.225941,1478192799.266147,3386816,18,0.28125,0,40.20595550537109,790,0x316,test,2149,RPM,RPM,0.9484385,True,0.013500555,0.00024657368,0.006519722,0.031294532,0.9484385
test,Gear,Gear,1478194942.907879,1478194942.942866,3210432,19,0.296875,8,32.7610969543457,1087,0x43F,test,2150,Gear,Gear,0.98925054,True,0.0043304786,0.0006555566,0.0025655362,0.98925054,0.003197891
test,Fuzzy,Fuzzy,1478198168.717819,1478198168.747553,2917888,25,0.390625,0,29.734134674072266,2,0x002,test,2151,Fuzzy,Fuzzy,0.99059314,True,0.0029172793,0.00025031008,0.99059314,0.002694928,0.003544403
test,Fuzzy,Fuzzy,1478198103.389598,1478198103.465849,2809920,23,0.359375,0,76.25102996826172,880,0x370,test,2152,Fuzzy,Fuzzy,0.9832423,True,0.00570049,0.00048834685,0.9832423,0.0017145292,0.00885433
test,Normal,RPM,1478201032.132055,1478201032.169219,4295168,0,0.0,-1,,399,0x18F,test,2153,Normal,Normal,0.96350765,True,0.96350765,0.0030967311,0.0030012098,0.0103252325,0.020069167
test,Normal,Gear,1478201147.688615,1478201147.724229,4329920,0,0.0,-1,,399,0x18F,test,2154,Normal,Normal,0.95311046,True,0.95311046,0.0011327964,0.025708789,0.0108150905,0.009232794
test,Gear,Gear,1478194955.77968,1478194955.809249,3232576,20,0.3125,0,29.568910598754883,1087,0x43F,test,2155,Gear,Gear,0.9905813,True,0.0028230457,0.0005467716,0.0020554126,0.9905813,0.003993442
test,DoS,DoS,1478200610.287383,1478200610.386573,2635520,36,0.5625,2,93.4591293334961,0,0x000,test,2156,DoS,DoS,0.9880574,True,0.0058812024,0.9880574,0.0025024647,0.0017101618,0.0018488939
test,Normal,Gear,1478201015.724541,1478201015.759052,4086208,0,0.0,-1,,399,0x18F,test,2157,Normal,Normal,0.96907604,True,0.96907604,0.0026994501,0.004986849,0.01018244,0.013055274
test,RPM,RPM,1478192730.049509,1478192730.101541,3259136,23,0.359375,0,52.0319938659668,790,0x316,test,2158,RPM,RPM,0.99309325,True,0.0019368792,0.00024905836,0.0010249291,0.0036958125,0.99309325
test,Fuzzy,Fuzzy,1478198151.794476,1478198151.835052,2888576,22,0.34375,12,37.734031677246094,304,0x130,test,2159,Fuzzy,Fuzzy,0.98419017,True,0.004266728,0.0005165228,0.98419017,0.002495052,0.008531528
test,Normal,Fuzzy,1478201116.537747,1478201116.574587,3667968,0,0.0,-1,,704,0x2C0,test,2160,Normal,Normal,0.92966384,True,0.92966384,0.009043535,0.0023130614,0.053849682,0.0051297965
test,RPM,RPM,1478192857.787213,1478192857.809662,3494528,21,0.328125,2,21.90709114074707,790,0x316,test,2161,RPM,RPM,0.99182034,True,0.002615972,0.00028212808,0.0008455332,0.004436069,0.99182034
test,Normal,Gear,1478201125.215247,1478201125.246736,4288320,0,0.0,-1,,2,0x002,test,2162,Normal,Normal,0.95305747,True,0.95305747,0.007427382,0.0012566766,0.025825052,0.012433425
test,Gear,Gear,1478195052.257995,1478195052.279633,3405312,19,0.296875,7,19.98305320739746,1087,0x43F,test,2163,Gear,Gear,0.98765635,True,0.0035067368,0.0006420164,0.0057542133,0.98765635,0.0024407082
test,RPM,RPM,1478192865.959595,1478192865.995101,3511808,22,0.34375,1,35.2780818939209,790,0x316,test,2164,RPM,RPM,0.98922336,True,0.0027140786,0.00033244918,0.00060167996,0.0071285577,0.98922336
test,Normal,Fuzzy,1478201024.49817,1478201024.53102,3498176,0,0.0,-1,,2,0x002,test,2165,Normal,Normal,0.9058784,True,0.9058784,0.01684059,0.0009733673,0.06508015,0.011227439
test,Gear,Gear,1478194957.849596,1478194957.880391,3235904,20,0.3125,2,30.3189754486084,1087,0x43F,test,2166,Gear,Gear,0.99313205,True,0.0026459221,0.000892633,0.0013194581,0.99313205,0.0020098651
test,Fuzzy,Fuzzy,1478198099.30938,1478198099.357412,2803968,22,0.34375,5,46.87714576721192,809,0x329,test,2167,Fuzzy,Fuzzy,0.98427725,True,0.0054538893,0.0004986249,0.98427725,0.0019367811,0.007833445
test,RPM,RPM,1478192768.92031,1478192768.954695,3337472,18,0.28125,0,34.384965896606445,790,0x316,test,2168,RPM,RPM,0.98798275,True,0.004630723,0.00025703077,0.0019861998,0.0051433,0.98798275
test,Normal,Gear,1478201089.838213,1478201089.87028,4222784,0,0.0,-1,,305,0x131,test,2169,Normal,Normal,0.97154284,True,0.97154284,0.003260247,0.0032178324,0.012844604,0.009134476
test,Normal,DoS,1478201046.91298,1478201046.949098,3365888,0,0.0,-1,,399,0x18F,test,2170,Normal,Normal,0.9334602,True,0.9334602,0.0018636612,0.012209817,0.041434817,0.011031588
test,Fuzzy,Fuzzy,1478198156.035338,1478198156.055489,2896320,24,0.375,7,18.47696304321289,304,0x130,test,2171,Fuzzy,Fuzzy,0.99003613,True,0.003311468,0.00032939887,0.99003613,0.0023538796,0.0039689937
test,Normal,Fuzzy,1478201127.729558,1478201127.766323,3688704,0,0.0,-1,,399,0x18F,test,2172,Normal,Normal,0.9825828,True,0.9825828,0.002969998,0.0033202532,0.0082657095,0.0028611822
test,RPM,RPM,1478192834.428459,1478192834.456901,3448256,21,0.328125,1,27.96196937561035,790,0x316,test,2173,RPM,RPM,0.990989,True,0.0034312324,0.00027039254,0.0010998657,0.0042095,0.990989
test,Fuzzy,Fuzzy,1478197750.273588,1478197750.414351,2478464,32,0.5,0,140.7630443572998,880,0x370,test,2174,Fuzzy,Fuzzy,0.99152035,True,0.0024595656,0.0002844989,0.99152035,0.0027780863,0.0029575252
test,RPM,RPM,1478192968.439792,1478192968.464027,3706688,19,0.296875,1,24.008989334106445,790,0x316,test,2175,RPM,RPM,0.9877337,True,0.0042282287,0.0004265156,0.00045259902,0.007159002,0.9877337
test,Fuzzy,Fuzzy,1478198098.71027,1478198098.730027,2802944,23,0.359375,4,18.82004737854004,304,0x130,test,2176,Fuzzy,Fuzzy,0.9851209,True,0.0044777854,0.00050434645,0.9851209,0.002119633,0.0077773407
test,Fuzzy,Fuzzy,1478197956.817143,1478197956.915895,2670208,20,0.3125,7,96.24004364013672,848,0x350,test,2177,Fuzzy,Fuzzy,0.9911874,True,0.0033353611,0.00029508476,0.9911874,0.0023198773,0.0028622835
test,Fuzzy,Fuzzy,1478198156.791419,1478198156.834817,2897664,18,0.28125,0,43.39790344238281,2,0x002,test,2178,Fuzzy,Fuzzy,0.987987,True,0.004181382,0.0004552871,0.987987,0.0023850312,0.004991368
test,Gear,Gear,1478195021.295317,1478195021.336616,3352192,21,0.328125,1,40.856122970581055,1087,0x43F,test,2179,Gear,Gear,0.9927182,True,0.0022698678,0.00059769355,0.001351141,0.9927182,0.0030630685
test,Normal,Fuzzy,1478201123.033809,1478201123.067056,3680000,0,0.0,-1,,2,0x002,test,2180,Normal,Normal,0.91851395,True,0.91851395,0.008758046,0.0023521478,0.063089736,0.0072860024
test,Fuzzy,Fuzzy,1478197921.073757,1478197921.339601,2636288,35,0.546875,3,254.29892539978027,1087,0x43F,test,2181,Fuzzy,Fuzzy,0.9905906,True,0.0023730271,0.00029701463,0.9905906,0.0026893292,0.0040501184
test,Gear,Gear,1478194916.497207,1478194916.520961,3164160,21,0.328125,2,23.273944854736328,1087,0x43F,test,2182,Gear,Gear,0.9919485,True,0.0022483969,0.0005590904,0.0018941041,0.9919485,0.0033499051
test,Normal,Fuzzy,1478201013.163371,1478201013.200981,3477184,0,0.0,-1,,2,0x002,test,2183,Normal,Normal,0.792135,True,0.792135,0.008365895,0.0023039759,0.01650709,0.18068801
test,Gear,Gear,1478194955.051909,1478194955.084582,3231040,1,0.015625,63,0.0,2,0x002,test,2184,Gear,Normal,0.9146084,False,0.9146084,0.01784754,0.0016727713,0.054458406,0.011412915
test,Fuzzy,Fuzzy,1478198077.050515,1478198077.182697,2773952,26,0.40625,2,131.72316551208496,399,0x18F,test,2185,Fuzzy,Fuzzy,0.9912384,True,0.0029347567,0.00032240376,0.9912384,0.002056833,0.0034475178
test,RPM,RPM,1478192821.429993,1478192821.462398,3423808,25,0.390625,3,31.70394897460937,790,0x316,test,2186,RPM,RPM,0.9939819,True,0.0022010251,0.00028447478,0.0007987851,0.0027338776,0.9939819
test,Gear,Gear,1478195105.19382,1478195105.291663,3503936,21,0.328125,1,91.83287620544434,1087,0x43F,test,2187,Gear,Gear,0.9905449,True,0.0033023718,0.00087275414,0.0032748436,0.9905449,0.0020051457
test,Fuzzy,Fuzzy,1478197756.054188,1478197756.114166,2486272,21,0.328125,6,58.58492851257324,1087,0x43F,test,2188,Fuzzy,Fuzzy,0.98839104,True,0.0039420095,0.00022816796,0.98839104,0.0027577907,0.004681062
test,RPM,RPM,1478192728.40459,1478192728.430939,3255808,23,0.359375,2,25.642871856689453,790,0x316,test,2189,RPM,RPM,0.99201596,True,0.002763429,0.00026414404,0.000926922,0.004029493,0.99201596
test,Gear,Gear,1478195013.928434,1478195013.969236,3340160,19,0.296875,1,40.498971939086914,1087,0x43F,test,2190,Gear,Gear,0.98942167,True,0.0034283157,0.00061338017,0.0033764848,0.98942167,0.0031602108
test,DoS,DoS,1478200398.231139,1478200398.32231,2372480,33,0.515625,0,91.1710262298584,0,0x000,test,2191,DoS,DoS,0.9848194,True,0.008750995,0.9848194,0.0032650363,0.0014712755,0.0016933421
test,RPM,RPM,1478192754.460091,1478192754.481778,3310208,19,0.296875,2,21.15797996520996,790,0x316,test,2192,RPM,RPM,0.9898151,True,0.0037086892,0.00035107957,0.00060048234,0.005524645,0.9898151
test,Gear,Gear,1478195104.235044,1478195104.257888,3503360,16,0.25,10,20.444154739379883,1087,0x43F,test,2193,Gear,Gear,0.98878026,True,0.0037091125,0.00080799573,0.0009246673,0.98878026,0.0057779998
test,Gear,Gear,1478194932.262306,1478194932.315909,3191168,18,0.28125,0,53.60293388366699,1087,0x43F,test,2194,Gear,Gear,0.9904632,True,0.0025653457,0.00073034223,0.00094522774,0.9904632,0.0052958694
test,Fuzzy,Fuzzy,1478198101.904132,1478198101.935738,2807744,24,0.375,0,31.60619735717773,339,0x153,test,2195,Fuzzy,Fuzzy,0.9875288,True,0.0042510056,0.000407636,0.9875288,0.0023656092,0.0054469835
test,Gear,Gear,1478195053.761407,1478195053.792281,3408960,22,0.34375,0,30.87401390075684,1087,0x43F,test,2196,Gear,Gear,0.9851334,True,0.0038440144,0.0005687034,0.0075806943,0.9851334,0.0028731858
test,Gear,Gear,1478194897.267806,1478194897.292317,3125504,23,0.359375,0,24.510860443115234,1087,0x43F,test,2197,Gear,Gear,0.9913311,True,0.001928313,0.00046670318,0.001980994,0.9913311,0.0042929812
test,Fuzzy,Fuzzy,1478197928.461486,1478197928.5144,2644160,18,0.28125,3,47.44601249694824,339,0x153,test,2198,Fuzzy,Fuzzy,0.98901343,True,0.0056839017,0.00021244565,0.98901343,0.0038409552,0.0012493414
test,RPM,RPM,1478192897.280776,1478192897.304545,3577152,20,0.3125,1,23.40483665466309,790,0x316,test,2199,RPM,RPM,0.9903058,True,0.004233621,0.00025783372,0.0014374283,0.0037653637,0.9903058
test,Normal,RPM,1478201193.510778,1478201193.542842,4592896,0,0.0,-1,,399,0x18F,test,2200,Normal,Normal,0.9235993,True,0.9235993,0.011656553,0.0014054648,0.049648657,0.013690005
test,DoS,DoS,1478200518.411722,1478200518.427462,2535616,33,0.515625,1,15.495061874389648,0,0x000,test,2201,DoS,DoS,0.98471075,True,0.007403245,0.98471075,0.004222635,0.0015060541,0.002157354
test,Gear,Gear,1478195061.541208,1478195061.578615,3423424,23,0.359375,0,37.40692138671875,1087,0x43F,test,2202,Gear,Gear,0.9928604,True,0.002347325,0.0006587714,0.0015839888,0.9928604,0.0025495347
test,RPM,RPM,1478192788.555336,1478192788.616617,3368576,19,0.296875,3,60.57405471801758,790,0x316,test,2203,RPM,RPM,0.98824257,True,0.0050637163,0.00026502865,0.0014882258,0.00494048,0.98824257
test,RPM,RPM,1478192814.945797,1478192814.994127,3411200,22,0.34375,1,48.11596870422363,790,0x316,test,2204,RPM,RPM,0.98914987,True,0.0040635704,0.00022520749,0.0018564687,0.004704846,0.98914987
test,Gear,Gear,1478194984.484539,1478194984.53155,3285888,25,0.390625,2,46.53596878051758,1087,0x43F,test,2205,Gear,Gear,0.99223584,True,0.0014947228,0.00058119505,0.00092881825,0.99223584,0.004759383
test,Gear,Gear,1478194955.56073,1478194955.585539,3232192,22,0.34375,0,24.80912208557129,1087,0x43F,test,2206,Gear,Gear,0.9923153,True,0.0017857935,0.0005428452,0.00137248,0.9923153,0.0039835786
test,Fuzzy,Fuzzy,1478198139.777167,1478198139.797921,2868288,25,0.390625,3,20.064830780029297,305,0x131,test,2207,Fuzzy,Fuzzy,0.9917007,True,0.0024624788,0.00025731494,0.9917007,0.002925114,0.0026543522
test,Fuzzy,Fuzzy,1478197937.192096,1478197937.353202,2653248,22,0.34375,5,156.41307830810547,2,0x002,test,2208,Fuzzy,Fuzzy,0.98827714,True,0.0042342544,0.00034438443,0.98827714,0.0018733233,0.0052709742
test,Fuzzy,Fuzzy,1478197936.147953,1478197936.17561,2652352,29,0.453125,0,27.657032012939453,1088,0x440,test,2209,Fuzzy,Fuzzy,0.9894275,True,0.0030940478,0.00029363332,0.9894275,0.002450188,0.0047345227
test,RPM,RPM,1478192858.157776,1478192858.183043,3495488,21,0.328125,0,25.26688575744629,790,0x316,test,2210,RPM,RPM,0.99022746,True,0.003339703,0.00024616797,0.0013774396,0.004809211,0.99022746
test,DoS,DoS,1478200392.042227,1478200392.122841,2362304,38,0.59375,0,80.61385154724121,0,0x000,test,2211,DoS,DoS,0.9843933,True,0.006000269,0.9843933,0.0056957593,0.0016666772,0.0022439992
test,Gear,Gear,1478195010.023469,1478195010.052219,3332416,22,0.34375,1,26.280879974365234,1087,0x43F,test,2212,Gear,Gear,0.99228233,True,0.0020636097,0.0005770892,0.0015742241,0.99228233,0.0035026823
test,DoS,DoS,1478200487.766513,1478200487.782121,2496576,33,0.515625,1,15.364885330200195,0,0x000,test,2213,DoS,DoS,0.98489434,True,0.008346768,0.98489434,0.0034551914,0.0014732494,0.0018304144
test,DoS,DoS,1478200420.709713,1478200420.835309,2398592,37,0.578125,0,125.5960464477539,0,0x000,test,2214,DoS,DoS,0.98464936,True,0.006539928,0.98464936,0.00509249,0.0016604426,0.0020577216
test,Normal,DoS,1478201069.264635,1478201069.29805,3407296,0,0.0,-1,,2,0x002,test,2215,Normal,Normal,0.96308357,True,0.96308357,0.0045716637,0.0018948494,0.017662724,0.012787257
test,RPM,RPM,1478192827.838145,1478192827.872333,3435904,21,0.328125,2,33.71906280517578,790,0x316,test,2216,RPM,RPM,0.9912581,True,0.0032368207,0.0005265257,0.00032363256,0.004654907,0.9912581
test,Gear,Gear,1478195101.000521,1478195101.053869,3497280,21,0.328125,0,53.34806442260742,1087,0x43F,test,2217,Gear,Gear,0.9915331,True,0.0018144696,0.0006937424,0.00077732455,0.9915331,0.005181437
test,Fuzzy,Fuzzy,1478197814.375853,1478197814.577327,2541056,28,0.4375,3,200.78396797180176,2,0x002,test,2218,Fuzzy,Fuzzy,0.99195576,True,0.0028767714,0.000306975,0.99195576,0.002311112,0.002549371
test,RPM,RPM,1478192735.859875,1478192735.882205,3270784,20,0.3125,0,22.33004570007324,790,0x316,test,2219,RPM,RPM,0.9921773,True,0.0031543025,0.00031944108,0.00072492834,0.0036240472,0.9921773
test,Fuzzy,Fuzzy,1478197738.17926,1478197738.313355,2467712,12,0.1875,1,133.8820457458496,305,0x131,test,2220,Fuzzy,Fuzzy,0.98085713,True,0.0088373115,0.00024914413,0.98085713,0.0015493179,0.008507148
test,Gear,Gear,1478194932.557094,1478194932.589388,3191552,24,0.375,1,26.889801025390625,1087,0x43F,test,2221,Gear,Gear,0.99181634,True,0.0017658161,0.00045899162,0.0019219922,0.99181634,0.0040368233
test,Gear,Gear,1478194925.474166,1478194925.540342,3179520,19,0.296875,2,65.71006774902344,1087,0x43F,test,2222,Gear,Gear,0.9905533,True,0.0030127207,0.00061326765,0.0018763769,0.9905533,0.0039441995
test,Normal,Fuzzy,1478201188.774739,1478201188.805962,3801280,0,0.0,-1,,399,0x18F,test,2223,Normal,Normal,0.9621381,True,0.9621381,0.004242523,0.0032481777,0.012918369,0.01745276
test,Gear,Gear,1478194854.179305,1478194854.203414,3040064,22,0.34375,0,24.10888671875,1087,0x43F,test,2224,Gear,Gear,0.99148965,True,0.0023467762,0.0006293674,0.0028484457,0.99148965,0.002685789
test,Gear,Gear,1478194904.404166,1478194904.428121,3140288,20,0.3125,1,23.647069931030277,1087,0x43F,test,2225,Gear,Gear,0.9895421,True,0.0025254784,0.0004902315,0.0015504098,0.9895421,0.0058916635
test,DoS,DoS,1478200399.074057,1478200399.117423,2373632,35,0.546875,1,43.1370735168457,0,0x000,test,2226,DoS,DoS,0.9865536,True,0.0065403604,0.9865536,0.0033765235,0.001625529,0.0019039934
test,Normal,Fuzzy,1478201178.514393,1478201178.546982,3782272,0,0.0,-1,,305,0x131,test,2227,Normal,Normal,0.9469462,True,0.9469462,0.0048440844,0.003061008,0.02358634,0.021562438
test,DoS,DoS,1478200567.995879,1478200568.07162,2585664,35,0.546875,0,75.74105262756348,0,0x000,test,2228,DoS,DoS,0.98602444,True,0.0066735726,0.98602444,0.003916044,0.0015347862,0.0018511263
test,Fuzzy,Fuzzy,1478198066.402303,1478198066.697117,2766208,39,0.609375,0,294.8141098022461,790,0x316,test,2229,Fuzzy,Fuzzy,0.9911895,True,0.0025284938,0.00032398626,0.9911895,0.0024033026,0.0035546927
test,Gear,Gear,1478194977.520425,1478194977.570313,3272960,26,0.40625,5,48.677921295166016,1087,0x43F,test,2230,Gear,Gear,0.9938408,True,0.0012940728,0.00055628165,0.0015220256,0.9938408,0.0027868662
test,DoS,DoS,1478200389.044892,1478200389.072863,2358080,35,0.546875,1,22.283077239990234,0,0x000,test,2231,DoS,DoS,0.98572046,True,0.0065109152,0.98572046,0.0040579387,0.0015285251,0.0021821766
test,Normal,Fuzzy,1478201079.506388,1478201079.538383,3599360,0,0.0,-1,,2,0x002,test,2232,Normal,Normal,0.87987995,True,0.87987995,0.002800462,0.003094123,0.010614162,0.10361136
test,Gear,Gear,1478194853.695083,1478194853.724483,3038976,20,0.3125,1,28.928041458129883,1087,0x43F,test,2233,Gear,Gear,0.98819065,True,0.0038927796,0.0005907093,0.005021878,0.98819065,0.0023040827
test,Gear,Gear,1478194851.72886,1478194851.754323,3034240,21,0.328125,1,24.91593360900879,1087,0x43F,test,2234,Gear,Gear,0.98947453,True,0.0033325378,0.00053994113,0.003576135,0.98947453,0.0030767664
test,Gear,Gear,1478194865.490441,1478194865.51446,3064256,21,0.328125,0,24.01900291442871,1087,0x43F,test,2235,Gear,Gear,0.9911032,True,0.0027622455,0.00047556934,0.0023355104,0.9911032,0.0033235587
test,RPM,RPM,1478192686.039686,1478192686.073975,3165504,1,0.015625,2,33.82515907287598,790,0x316,test,2236,RPM,Normal,0.77777094,False,0.77777094,0.002521848,0.008125411,0.19701263,0.01456915
test,RPM,RPM,1478192898.649644,1478192898.681226,3580352,19,0.296875,4,30.622005462646484,790,0x316,test,2237,RPM,RPM,0.98577195,True,0.004707901,0.0003080069,0.00091854826,0.008293503,0.98577195
test,Fuzzy,Fuzzy,1478197885.766514,1478197885.787682,2606144,24,0.375,1,20.948171615600582,320,0x140,test,2238,Fuzzy,Fuzzy,0.98913807,True,0.0036377234,0.00032358035,0.98913807,0.00196683,0.004933854
test,DoS,DoS,1478200441.442611,1478200441.458719,2428992,35,0.546875,1,15.861988067626951,0,0x000,test,2239,DoS,DoS,0.98667383,True,0.0071834913,0.98667383,0.0027511423,0.0015912796,0.0018002369
test,Gear,Gear,1478194866.265862,1478194866.302939,3066048,19,0.296875,2,36.47804260253906,1087,0x43F,test,2240,Gear,Gear,0.98884493,True,0.003034889,0.0005461318,0.0008564078,0.98884493,0.006717649
test,Fuzzy,Fuzzy,1478198164.566155,1478198164.623794,2911616,25,0.390625,2,54.72517013549805,304,0x130,test,2241,Fuzzy,Fuzzy,0.98981035,True,0.0030876887,0.00025688665,0.98981035,0.003046688,0.0037983148
test,DoS,DoS,1478200481.251267,1478200481.309546,2487872,31,0.484375,1,58.02798271179199,0,0x000,test,2242,DoS,DoS,0.98257667,True,0.0068912846,0.98257667,0.006483543,0.0017066263,0.0023418558
test,DoS,DoS,1478200441.928565,1478200442.005582,2429696,29,0.453125,0,77.01706886291504,0,0x000,test,2243,DoS,DoS,0.98477256,True,0.009376191,0.98477256,0.0028444212,0.0014363002,0.0015704707
test,Gear,Gear,1478195117.519057,1478195117.606169,3519808,18,0.28125,0,87.1119499206543,1087,0x43F,test,2244,Gear,Gear,0.991167,True,0.003526558,0.0012956276,0.0017340068,0.991167,0.0022768439
test,Normal,DoS,1478201120.356197,1478201120.391208,3501952,0,0.0,-1,,304,0x130,test,2245,Normal,Normal,0.91701645,True,0.91701645,0.0035537789,0.005945687,0.036818065,0.036666073
test,Fuzzy,Fuzzy,1478198103.267044,1478198103.300301,2809728,29,0.453125,3,32.56106376647949,848,0x350,test,2246,Fuzzy,Fuzzy,0.99096113,True,0.0025772043,0.0002756463,0.99096113,0.0027216626,0.0034642955
test,Gear,Gear,1478194976.784088,1478194976.809266,3271808,23,0.359375,1,24.941205978393555,1087,0x43F,test,2247,Gear,Gear,0.9931378,True,0.0022776658,0.0005424036,0.0012323553,0.9931378,0.0028098663
test,Normal,RPM,1478201199.072889,1478201199.106411,4603200,0,0.0,-1,,304,0x130,test,2248,Normal,Normal,0.95743346,True,0.95743346,0.0056882477,0.0016644982,0.008162645,0.027051164
test,Gear,Gear,1478194861.138988,1478194861.167837,3055360,17,0.265625,4,27.89878845214844,1087,0x43F,test,2249,Gear,Gear,0.9833965,True,0.0048863986,0.0005086099,0.003796954,0.9833965,0.0074115605
test,Normal,Fuzzy,1478201124.035775,1478201124.068708,3681856,0,0.0,-1,,304,0x130,test,2250,Normal,Normal,0.9443635,True,0.9443635,0.0013682928,0.011171665,0.023395581,0.019700928
test,Gear,Gear,1478195059.869634,1478195059.908661,3420544,21,0.328125,1,38.79690170288086,1087,0x43F,test,2251,Gear,Gear,0.988663,True,0.003400737,0.0006704698,0.0036957713,0.988663,0.003570019
test,DoS,DoS,1478200563.807256,1478200563.876441,2582400,31,0.484375,0,69.18501853942871,0,0x000,test,2252,DoS,DoS,0.98402,True,0.010448084,0.98402,0.0025746836,0.0012345924,0.0017226201
test,Normal,Gear,1478201157.445306,1478201157.480675,4347520,0,0.0,-1,,304,0x130,test,2253,Normal,Normal,0.9433371,True,0.9433371,0.002461898,0.0062791654,0.030184114,0.017737785
test,Fuzzy,Fuzzy,1478197913.280825,1478197913.486968,2630208,28,0.4375,0,206.14314079284668,1087,0x43F,test,2254,Fuzzy,Fuzzy,0.9890864,True,0.003478889,0.00047008038,0.9890864,0.0020863134,0.004878309
test,Gear,Gear,1478195065.467646,1478195065.499789,3430592,19,0.296875,2,31.6770076751709,1087,0x43F,test,2255,Gear,Gear,0.98824525,True,0.0031141685,0.0005045723,0.001420952,0.98824525,0.006715095
test,Normal,DoS,1478201108.575969,1478201108.610643,3480128,0,0.0,-1,,2,0x002,test,2256,Normal,Normal,0.9485252,True,0.9485252,0.0035391997,0.0026954962,0.010672614,0.034567483
test,RPM,RPM,1478192691.61975,1478192691.644156,3177984,20,0.3125,0,24.405956268310547,790,0x316,test,2257,RPM,RPM,0.9928678,True,0.002849152,0.00030426346,0.0008240875,0.0031546967,0.9928678
test,Fuzzy,Fuzzy,1478197946.976741,1478197947.126299,2661760,32,0.5,0,149.55782890319824,848,0x350,test,2258,Fuzzy,Fuzzy,0.99159133,True,0.0024205414,0.0002484352,0.99159133,0.0026930836,0.0030466025
test,DoS,DoS,1478200511.279496,1478200511.392491,2528064,37,0.578125,1,112.74909973144533,0,0x000,test,2259,DoS,DoS,0.9866527,True,0.006969677,0.9866527,0.003113932,0.0014213726,0.0018422342
test,Fuzzy,Fuzzy,1478198151.955187,1478198152.002592,2888832,32,0.5,1,43.241024017333984,704,0x2C0,test,2260,Fuzzy,Fuzzy,0.99063957,True,0.0027744104,0.00037397255,0.99063957,0.0024304998,0.0037815734
test,DoS,DoS,1478200496.300149,1478200496.323966,2509312,36,0.5625,0,23.817062377929688,0,0x000,test,2261,DoS,DoS,0.98443013,True,0.006381419,0.98443013,0.0054340153,0.0016875442,0.002066876
test,Normal,DoS,1478201202.37001,1478201202.403228,3653376,0,0.0,-1,,2,0x002,test,2262,Normal,Normal,0.9708454,True,0.9708454,0.0038102986,0.002739113,0.00989624,0.012708921
test,Normal,DoS,1478201044.631977,1478201044.668938,3361664,0,0.0,-1,,399,0x18F,test,2263,Normal,Normal,0.9630505,True,0.9630505,0.0021075336,0.006553015,0.017889902,0.010398971
test,RPM,RPM,1478192718.291957,1478192718.315308,3236032,19,0.296875,2,22.891998291015625,790,0x316,test,2264,RPM,RPM,0.98954964,True,0.0035176333,0.00036085234,0.0005726,0.00599922,0.98954964
test,Gear,Gear,1478194893.797453,1478194893.826461,3118784,20,0.3125,0,29.008150100708008,1087,0x43F,test,2265,Gear,Gear,0.9908538,True,0.0029427009,0.0008947453,0.0010209725,0.9908538,0.004287806
test,Normal,Gear,1478201050.148765,1478201050.180567,4149248,0,0.0,-1,,2,0x002,test,2266,Normal,Normal,0.91031945,True,0.91031945,0.0029187517,0.004666946,0.0037588582,0.07833607
test,Gear,Gear,1478194956.68789,1478194956.723325,3233984,20,0.3125,2,34.96599197387695,1087,0x43F,test,2267,Gear,Gear,0.9902417,True,0.0027495266,0.00049336837,0.0027021687,0.9902417,0.0038132605
test,DoS,DoS,1478200372.28209,1478200372.298207,2331584,35,0.546875,1,15.879154205322266,0,0x000,test,2268,DoS,DoS,0.9844699,True,0.0068024653,0.9844699,0.004929628,0.001562472,0.0022354713
test,DoS,DoS,1478200602.006572,1478200602.196731,2627648,39,0.609375,0,190.15908241271973,0,0x000,test,2269,DoS,DoS,0.98590183,True,0.005397839,0.98590183,0.0047969306,0.0016676313,0.0022358063
test,Gear,Gear,1478194958.053495,1478194958.083267,3236224,20,0.3125,9,26.23605728149414,1087,0x43F,test,2270,Gear,Gear,0.9880022,True,0.002817087,0.0006100483,0.0044689206,0.9880022,0.0041016447
test,DoS,DoS,1478200388.527364,1478200388.576976,2357376,37,0.578125,1,49.365997314453125,0,0x000,test,2271,DoS,DoS,0.98618895,True,0.005654512,0.98618895,0.004408882,0.0015603297,0.0021874027
test,DoS,DoS,1478200512.612003,1478200512.737532,2529088,34,0.53125,1,125.28395652770996,0,0x000,test,2272,DoS,DoS,0.98599905,True,0.0063372487,0.98599905,0.0038272445,0.0016146804,0.0022217953
test,DoS,DoS,1478200388.1474,1478200388.19143,2356864,37,0.578125,0,44.03018951416016,0,0x000,test,2273,DoS,DoS,0.98661035,True,0.0060892142,0.98661035,0.0034677698,0.0016261032,0.0022065244
test,Gear,Gear,1478194879.036291,1478194879.065532,3090176,18,0.28125,4,28.290987014770508,1087,0x43F,test,2274,Gear,Gear,0.9769518,True,0.0036785216,0.0010239463,0.0005370722,0.9769518,0.017808774
test,DoS,DoS,1478200480.960285,1478200481.002453,2487488,33,0.515625,0,42.16814041137695,0,0x000,test,2275,DoS,DoS,0.98435575,True,0.006868654,0.98435575,0.0047986615,0.0015137565,0.0024631645
test,Fuzzy,Fuzzy,1478198107.795164,1478198107.838093,2817856,24,0.375,4,41.98503494262695,399,0x18F,test,2276,Fuzzy,Fuzzy,0.99064505,True,0.003102389,0.00031510775,0.99064505,0.0024507884,0.003486628
test,Normal,Gear,1478201116.026106,1478201116.057196,4271296,0,0.0,-1,,2,0x002,test,2277,Normal,Normal,0.9409977,True,0.9409977,0.0038773997,0.0027226917,0.010256841,0.04214533
test,Fuzzy,Fuzzy,1478197989.830306,1478197989.884441,2702272,21,0.328125,7,52.498817443847656,305,0x131,test,2278,Fuzzy,Fuzzy,0.98820925,True,0.0039283996,0.00039199105,0.98820925,0.002175735,0.0052945144
test,DoS,DoS,1478200357.435943,1478200357.58344,2319232,37,0.578125,0,147.49717712402344,0,0x000,test,2279,DoS,DoS,0.98437643,True,0.0068085035,0.98437643,0.0051489808,0.0016299943,0.0020361615
test,Fuzzy,Fuzzy,1478198037.283344,1478198037.618027,2740672,30,0.46875,0,334.6829414367676,1349,0x545,test,2280,Fuzzy,Fuzzy,0.9919321,True,0.002229219,0.00024227973,0.9919321,0.00353922,0.0020571656
test,Fuzzy,Fuzzy,1478197979.047149,1478197979.186327,2693440,27,0.421875,1,138.96608352661133,320,0x140,test,2281,Fuzzy,Fuzzy,0.98985404,True,0.0037291825,0.00040421696,0.98985404,0.0017478594,0.0042647477
test,RPM,RPM,1478192930.820405,1478192930.885088,3636928,22,0.34375,2,64.05401229858398,790,0x316,test,2282,RPM,RPM,0.98397315,True,0.0031884057,0.00059052854,0.0002461736,0.012001768,0.98397315
test,Gear,Gear,1478194919.25849,1478194919.287662,3168768,23,0.359375,6,27.74310111999512,1087,0x43F,test,2283,Gear,Gear,0.99348265,True,0.001592521,0.0007415364,0.0010025429,0.99348265,0.0031807816
test,Gear,Gear,1478195021.336908,1478195021.360193,3352256,20,0.3125,1,22.427082061767575,1087,0x43F,test,2284,Gear,Gear,0.99121475,True,0.0023663573,0.0006504256,0.0010434606,0.99121475,0.004724948
test,Gear,Gear,1478194971.025592,1478194971.068462,3261312,20,0.3125,4,41.92686080932617,1087,0x43F,test,2285,Gear,Gear,0.97899026,True,0.0044923546,0.00062471634,0.012350588,0.97899026,0.0035421085
test,Normal,Gear,1478201208.261711,1478201208.293643,4441664,0,0.0,-1,,2,0x002,test,2286,Normal,Normal,0.9229072,True,0.9229072,0.030799259,0.00080134673,0.033701714,0.011790453
test,Fuzzy,Fuzzy,1478197902.343779,1478197902.364427,2620736,23,0.359375,4,19.689083099365234,305,0x131,test,2287,Fuzzy,Fuzzy,0.9896931,True,0.0033690599,0.00038256426,0.9896931,0.0023089496,0.0042463765
test,DoS,DoS,1478200321.288511,1478200321.459594,2289792,34,0.53125,0,171.0829734802246,0,0x000,test,2288,DoS,DoS,0.98095405,True,0.013655744,0.98095405,0.00020750344,0.0032944693,0.0018881542
test,DoS,DoS,1478200473.062638,1478200473.151507,2475520,32,0.5,0,88.86885643005371,0,0x000,test,2289,DoS,DoS,0.9859783,True,0.007907816,0.9859783,0.002639994,0.0014718933,0.0020019608
test,DoS,DoS,1478200609.191539,1478200609.274487,2635008,34,0.53125,0,82.94796943664551,0,0x000,test,2290,DoS,DoS,0.98537654,True,0.0068141962,0.98537654,0.004195087,0.0016497128,0.0019644855
test,Gear,Gear,1478194851.494514,1478194851.516939,3033600,20,0.3125,5,21.255016326904297,1087,0x43F,test,2291,Gear,Gear,0.9910069,True,0.0029229952,0.00061074627,0.0027637384,0.9910069,0.0026955486
test,Gear,Gear,1478194970.555804,1478194970.585942,3260544,19,0.296875,5,28.979063034057617,1087,0x43F,test,2292,Gear,Gear,0.989585,True,0.002987098,0.00066948636,0.004332756,0.989585,0.0024256997
test,Fuzzy,Fuzzy,1478198094.764771,1478198094.836675,2795840,21,0.328125,1,66.4980411529541,608,0x260,test,2293,Fuzzy,Fuzzy,0.989956,True,0.0036700068,0.00028603885,0.989956,0.0025734326,0.0035145802
test,RPM,RPM,1478192963.880145,1478192963.904391,3698176,21,0.328125,0,24.2459774017334,790,0x316,test,2294,RPM,RPM,0.99359846,True,0.002560848,0.0002872088,0.0014849078,0.0020685394,0.99359846
test,Fuzzy,Fuzzy,1478197749.470708,1478197749.583374,2477952,17,0.265625,2,112.2150421142578,320,0x140,test,2295,Fuzzy,Fuzzy,0.9797763,True,0.006412136,0.0007246598,0.9797763,0.002160888,0.010925959
test,DoS,DoS,1478200373.908418,1478200373.963412,2333888,39,0.609375,0,54.99410629272461,0,0x000,test,2296,DoS,DoS,0.98752254,True,0.005928229,0.98752254,0.0029110238,0.0017318961,0.001906337
test,Fuzzy,Fuzzy,1478198135.283941,1478198135.310105,2860736,25,0.390625,0,26.16405487060547,399,0x18F,test,2297,Fuzzy,Fuzzy,0.99104005,True,0.0029213955,0.0002648652,0.99104005,0.0028136265,0.0029600705
test,Fuzzy,Fuzzy,1478198160.144766,1478198160.168789,2903232,27,0.421875,5,22.818803787231445,790,0x316,test,2298,Fuzzy,Fuzzy,0.9896779,True,0.0032989196,0.00034851313,0.9896779,0.0024473548,0.00422736
test,Gear,Gear,1478194899.048375,1478194899.077539,3129088,20,0.3125,1,28.92398834228516,1087,0x43F,test,2299,Gear,Gear,0.9916687,True,0.0025892179,0.0008687714,0.00089473545,0.9916687,0.003978601
test,RPM,RPM,1478192865.629409,1478192865.6559,3511104,20,0.3125,1,23.360013961791992,790,0x316,test,2300,RPM,RPM,0.99222225,True,0.003074784,0.0002602198,0.0013707605,0.0030720057,0.99222225
test,Gear,Gear,1478195034.52209,1478195034.577025,3374592,24,0.375,0,54.93497848510742,1087,0x43F,test,2301,Gear,Gear,0.99052936,True,0.0023765732,0.00058653875,0.0038692055,0.99052936,0.002638336
test,DoS,DoS,1478200403.434839,1478200403.490051,2381376,34,0.53125,1,54.96501922607422,0,0x000,test,2302,DoS,DoS,0.9866334,True,0.0064193956,0.9866334,0.003440849,0.0016947293,0.001811661
test,DoS,DoS,1478200514.569487,1478200514.750863,2529792,38,0.59375,0,181.3759803771973,0,0x000,test,2303,DoS,DoS,0.9858067,True,0.0059770504,0.9858067,0.004438377,0.0018416801,0.0019361571
test,Fuzzy,Fuzzy,1478198029.012753,1478198029.299998,2735424,28,0.4375,0,287.2450351715088,790,0x316,test,2304,Fuzzy,Fuzzy,0.9922276,True,0.0026728183,0.00030956868,0.9922276,0.0021333355,0.0026566975
test,RPM,RPM,1478192697.876261,1478192697.899527,3191808,21,0.328125,0,23.266077041625977,790,0x316,test,2305,RPM,RPM,0.9895176,True,0.004015676,0.00024170543,0.0016037256,0.004621133,0.9895176
test,Normal,RPM,1478201096.332183,1478201096.367156,4413376,0,0.0,-1,,809,0x329,test,2306,Normal,Normal,0.9137973,True,0.9137973,0.0029681793,0.010863011,0.05494878,0.01742275
test,Fuzzy,Fuzzy,1478198148.123903,1478198148.144348,2883072,25,0.390625,6,19.0119743347168,304,0x130,test,2307,Fuzzy,Fuzzy,0.9908612,True,0.0027661796,0.00030869307,0.9908612,0.0025864183,0.0034775662
test,RPM,RPM,1478192690.113022,1478192690.135208,3173952,19,0.296875,0,22.1858024597168,790,0x316,test,2308,RPM,RPM,0.99188846,True,0.0038071207,0.0003290061,0.0007512203,0.0032242218,0.99188846
test,Normal,Fuzzy,1478201085.518056,1478201085.550934,3610496,0,0.0,-1,,305,0x131,test,2309,Normal,Normal,0.9691723,True,0.9691723,0.0045814565,0.0019618515,0.020310484,0.003973847
test,Fuzzy,Fuzzy,1478198085.751696,1478198085.77597,2782848,20,0.3125,17,17.01188087463379,809,0x329,test,2310,Fuzzy,Fuzzy,0.98566633,True,0.004850697,0.00048658816,0.98566633,0.0020863968,0.006909948
test,Gear,Gear,1478195045.857251,1478195045.880366,3394048,20,0.3125,3,22.3391056060791,1087,0x43F,test,2311,Gear,Gear,0.9899809,True,0.003106274,0.00054743065,0.0015454376,0.9899809,0.0048199133
test,Normal,Gear,1478201078.989107,1478201079.026056,4202688,0,0.0,-1,,305,0x131,test,2312,Normal,Normal,0.9614684,True,0.9614684,0.0032395988,0.0032129155,0.02266428,0.009414837
test,DoS,DoS,1478200504.709373,1478200504.777297,2520320,33,0.515625,1,67.68012046813965,0,0x000,test,2313,DoS,DoS,0.9850071,True,0.006301995,0.9850071,0.0048944503,0.0015759796,0.002220406
test,Fuzzy,Fuzzy,1478198086.438288,1478198086.511219,2783488,27,0.421875,0,72.93105125427246,704,0x2C0,test,2314,Fuzzy,Fuzzy,0.99216825,True,0.0030831054,0.00023977621,0.99216825,0.0024461036,0.0020627202
test,DoS,DoS,1478200647.072526,1478200647.163942,2674112,38,0.59375,0,91.4161205291748,0,0x000,test,2315,DoS,DoS,0.98410493,True,0.0060300953,0.98410493,0.0059221704,0.0018079368,0.0021348125
test,RPM,RPM,1478192678.711961,1478192678.73676,3148672,18,0.28125,1,24.34682846069336,790,0x316,test,2316,RPM,RPM,0.99086845,True,0.004160045,0.00030627963,0.0013578451,0.0033073658,0.99086845
test,Fuzzy,Fuzzy,1478198029.954985,1478198030.236382,2735616,29,0.453125,0,281.39710426330566,790,0x316,test,2317,Fuzzy,Fuzzy,0.9913618,True,0.0029939257,0.00035463416,0.9913618,0.0021073811,0.0031822703
test,Fuzzy,Fuzzy,1478198094.273626,1478198094.32276,2795072,24,0.375,0,49.134016036987305,1349,0x545,test,2318,Fuzzy,Fuzzy,0.9861974,True,0.003880745,0.00040342452,0.9861974,0.0023971018,0.0071213823
test,Fuzzy,Fuzzy,1478197954.377628,1478197954.542945,2669248,32,0.5,0,165.31682014465332,704,0x2C0,test,2319,Fuzzy,Fuzzy,0.99112517,True,0.0027961112,0.00027878795,0.99112517,0.002397376,0.0034026157
test,RPM,RPM,1478192883.976448,1478192884.000395,3548992,21,0.328125,1,23.72407913208008,790,0x316,test,2320,RPM,RPM,0.9902023,True,0.0032355587,0.00027944284,0.0008162141,0.0054665133,0.9902023
test,DoS,DoS,1478200498.226544,1478200498.375919,2510656,41,0.640625,0,149.37520027160645,0,0x000,test,2321,DoS,DoS,0.9848969,True,0.005139472,0.9848969,0.0057770526,0.0018066656,0.0023799525
test,RPM,RPM,1478192879.084255,1478192879.109973,3538880,23,0.359375,5,24.50084686279297,790,0x316,test,2322,RPM,RPM,0.9937262,True,0.0019332033,0.00040696785,0.00046161836,0.0034720772,0.9937262
test,Fuzzy,Fuzzy,1478198125.500896,1478198125.553695,2845056,20,0.3125,0,52.79898643493652,304,0x130,test,2323,Fuzzy,Fuzzy,0.9809893,True,0.008800885,0.00020030164,0.9809893,0.002136772,0.007872718
test,RPM,RPM,1478192709.194417,1478192709.219434,3216832,21,0.328125,4,24.071931838989254,790,0x316,test,2324,RPM,RPM,0.99180835,True,0.0033588638,0.00027181287,0.0010671698,0.0034937914,0.99180835
test,RPM,RPM,1478192898.252881,1478192898.274956,3579456,19,0.296875,1,21.847963333129883,790,0x316,test,2325,RPM,RPM,0.9905233,True,0.004164736,0.00025385554,0.0013151221,0.003742906,0.9905233
test,Normal,Fuzzy,1478201199.827718,1478201199.863038,3821760,0,0.0,-1,,2,0x002,test,2326,Normal,Normal,0.8811015,True,0.8811015,0.005102041,0.0028769614,0.057689007,0.053230554
test,Normal,DoS,1478201194.320568,1478201194.353019,3638464,0,0.0,-1,,2,0x002,test,2327,Normal,Normal,0.9287897,True,0.9287897,0.00377808,0.0022846512,0.023802996,0.0413446
test,Fuzzy,Fuzzy,1478197910.98106,1478197911.052322,2628480,27,0.421875,0,71.26188278198242,880,0x370,test,2328,Fuzzy,Fuzzy,0.987425,True,0.003840302,0.00041880936,0.987425,0.002213909,0.0061019976
test,Gear,Gear,1478195055.20609,1478195055.237498,3411840,17,0.265625,2,30.94005584716797,1087,0x43F,test,2329,Gear,Gear,0.9846296,True,0.004424934,0.00078819843,0.0007415017,0.9846296,0.00941578
test,DoS,DoS,1478200556.280993,1478200556.353363,2576576,33,0.515625,0,72.37005233764648,0,0x000,test,2330,DoS,DoS,0.9848653,True,0.006795249,0.9848653,0.0045799264,0.0018059704,0.0019535725
test,Gear,Gear,1478195110.824921,1478195110.877731,3511424,19,0.296875,0,52.8101921081543,1087,0x43F,test,2331,Gear,Gear,0.99138254,True,0.003217461,0.00070798054,0.0019771287,0.99138254,0.00271486
test,Normal,Fuzzy,1478201153.329735,1478201153.366012,3736064,0,0.0,-1,,2,0x002,test,2332,Normal,Normal,0.9565295,True,0.9565295,0.0065501095,0.0032189137,0.030683968,0.0030175028
test,RPM,RPM,1478192956.860042,1478192956.932696,3685312,23,0.359375,1,72.43013381958008,790,0x316,test,2333,RPM,RPM,0.993238,True,0.0021405166,0.0003902697,0.0004098175,0.003821497,0.993238
test,Fuzzy,Fuzzy,1478198125.29611,1478198125.324526,2844800,23,0.359375,3,27.70018577575684,304,0x130,test,2334,Fuzzy,Fuzzy,0.98987293,True,0.0033088832,0.00033880083,0.98987293,0.0021949366,0.0042843944
test,Fuzzy,Fuzzy,1478197911.553775,1478197911.613394,2629056,24,0.375,3,58.91704559326172,320,0x140,test,2335,Fuzzy,Fuzzy,0.9864363,True,0.004066627,0.0005243974,0.9864363,0.0021265743,0.006846007
test,DoS,DoS,1478200616.642745,1478200616.658639,2642688,34,0.53125,1,15.645980834960938,0,0x000,test,2336,DoS,DoS,0.98530746,True,0.007387086,0.98530746,0.0036881012,0.0015714316,0.0020458612
test,RPM,RPM,1478192698.974627,1478192698.998925,3194624,21,0.328125,3,23.60391616821289,790,0x316,test,2337,RPM,RPM,0.9885102,True,0.004146886,0.00020798884,0.0029897613,0.004145271,0.9885102
test,DoS,DoS,1478200389.543875,1478200389.598012,2358784,35,0.546875,0,54.13699150085449,0,0x000,test,2338,DoS,DoS,0.9871639,True,0.0066716126,0.9871639,0.0027833297,0.0015759338,0.0018051893
test,Gear,Gear,1478194975.99337,1478194976.021704,3270464,21,0.328125,2,27.85491943359375,1087,0x43F,test,2339,Gear,Gear,0.99274325,True,0.0016153239,0.00072170445,0.0007228962,0.99274325,0.00419686
test,Gear,Gear,1478194983.74061,1478194983.771339,3284352,17,0.265625,9,28.647899627685547,1087,0x43F,test,2340,Gear,Gear,0.9901754,True,0.0031685627,0.00080659566,0.00076549634,0.9901754,0.0050838958
test,RPM,RPM,1478192685.344577,1478192685.368767,3163712,21,0.328125,0,24.18994903564453,790,0x316,test,2341,RPM,RPM,0.9910978,True,0.0030074609,0.00029759327,0.0007351872,0.0048618866,0.9910978
test,Normal,DoS,1478201138.457467,1478201138.494695,3535488,0,0.0,-1,,2,0x002,test,2342,Normal,Normal,0.909244,True,0.909244,0.012723721,0.00074101915,0.06643156,0.01085961
test,Normal,Gear,1478201081.167889,1478201081.203813,4206720,0,0.0,-1,,2,0x002,test,2343,Normal,Normal,0.89693385,True,0.89693385,0.0019840242,0.013797802,0.0070217922,0.08026258
test,DoS,DoS,1478200520.474228,1478200520.535815,2536832,40,0.625,1,61.34510040283203,0,0x000,test,2344,DoS,DoS,0.9867942,True,0.0054291305,0.9867942,0.0038615102,0.0016644364,0.0022507894
test,Normal,Fuzzy,1478201114.295538,1478201114.327943,3663808,0,0.0,-1,,2,0x002,test,2345,Normal,Normal,0.93935233,True,0.93935233,0.004358602,0.0018422757,0.0054712514,0.04897551
test,Gear,Gear,1478195079.933393,1478195079.962069,3456512,19,0.296875,0,28.67603302001953,1087,0x43F,test,2346,Gear,Gear,0.99198616,True,0.0032346759,0.000846186,0.0016873633,0.99198616,0.0022455347
test,Normal,DoS,1478201100.596545,1478201100.628885,3465344,0,0.0,-1,,304,0x130,test,2347,Normal,Normal,0.9581667,True,0.9581667,0.002226741,0.0055750874,0.019319547,0.014711826
test,Normal,Fuzzy,1478201158.545756,1478201158.580927,3745280,0,0.0,-1,,320,0x140,test,2348,Normal,Normal,0.90720105,True,0.90720105,0.0006942765,0.0638478,0.011031389,0.017225454
test,Gear,Gear,1478195106.704822,1478195106.803173,3504896,18,0.28125,3,97.62907028198242,1087,0x43F,test,2349,Gear,Gear,0.9925176,True,0.0035395043,0.0013866029,0.00064282294,0.9925176,0.0019135564
test,Normal,DoS,1478201018.330348,1478201018.366007,3313664,0,0.0,-1,,2,0x002,test,2350,Normal,Normal,0.84999925,True,0.84999925,0.005045482,0.0028449288,0.01144129,0.1306691
test,RPM,RPM,1478192878.171174,1478192878.208209,3537024,24,0.375,1,36.80896759033203,790,0x316,test,2351,RPM,RPM,0.992847,True,0.002121684,0.00046596437,0.00033144644,0.0042339293,0.992847
test,DoS,DoS,1478200537.248863,1478200537.371106,2554048,35,0.546875,0,122.24292755126952,0,0x000,test,2352,DoS,DoS,0.98316437,True,0.007409087,0.98316437,0.0057500885,0.0016455931,0.0020308525
test,Fuzzy,Fuzzy,1478197797.530369,1478197797.611305,2524928,23,0.359375,5,79.78606224060059,1072,0x430,test,2353,Fuzzy,Fuzzy,0.99077034,True,0.002642184,0.00021434238,0.99077034,0.0034322229,0.0029408457
test,Gear,Gear,1478194984.640827,1478194984.670558,3286208,20,0.3125,4,27.21786499023437,1087,0x43F,test,2354,Gear,Gear,0.99352175,True,0.002308918,0.0008998188,0.0008282316,0.99352175,0.002441313
test,Fuzzy,Fuzzy,1478197832.737619,1478197832.99738,2555456,15,0.234375,7,230.7620048522949,704,0x2C0,test,2355,Fuzzy,Fuzzy,0.96947855,True,0.022993494,0.00033303807,0.96947855,0.0047345427,0.0024604555
test,Gear,Gear,1478195048.820709,1478195048.850163,3399040,20,0.3125,4,28.522968292236328,1087,0x43F,test,2356,Gear,Gear,0.99194497,True,0.0022983456,0.0010175923,0.0006827278,0.99194497,0.004056262
test,Fuzzy,Fuzzy,1478198165.760202,1478198165.80407,2913280,18,0.28125,1,43.6549186706543,2,0x002,test,2357,Fuzzy,Fuzzy,0.97455794,True,0.006292585,0.00075332314,0.97455794,0.0023356446,0.016060498
test,DoS,DoS,1478200467.013162,1478200467.080837,2466688,34,0.53125,0,67.67511367797852,0,0x000,test,2358,DoS,DoS,0.9836182,True,0.0072049946,0.9836182,0.005605198,0.0017077877,0.0018637226
test,Gear,Gear,1478195097.947999,1478195097.971285,3491008,20,0.3125,0,23.286104202270508,1087,0x43F,test,2359,Gear,Gear,0.98376817,True,0.003969101,0.0005842315,0.008511749,0.98376817,0.003166674
test,DoS,DoS,1478200499.7536,1478200499.783778,2512000,32,0.5,1,29.942035675048828,0,0x000,test,2360,DoS,DoS,0.98370117,True,0.007737453,0.98370117,0.004888777,0.0016905454,0.0019821378
test,RPM,RPM,1478192692.164599,1478192692.187399,3179328,22,0.34375,2,22.183895111083984,790,0x316,test,2361,RPM,RPM,0.9912985,True,0.002876309,0.00022056306,0.0015620781,0.004042525,0.9912985
test,Fuzzy,Fuzzy,1478197961.82105,1478197961.843417,2678080,19,0.296875,2,21.922826766967773,2,0x002,test,2362,Fuzzy,Fuzzy,0.98513526,True,0.004939932,0.00046249593,0.98513526,0.0022642878,0.007198075
test,Normal,Gear,1478201150.764896,1478201150.797247,4335616,0,0.0,-1,,2,0x002,test,2363,Normal,Normal,0.96787727,True,0.96787727,0.0030155524,0.0026423926,0.0044409847,0.022023737
test,Fuzzy,Fuzzy,1478197763.507904,1478197763.634568,2494912,19,0.296875,0,126.6639232635498,790,0x316,test,2364,Fuzzy,Fuzzy,0.98465943,True,0.004682159,0.0004996661,0.98465943,0.0025028365,0.0076560024
test,Fuzzy,Fuzzy,1478198124.893989,1478198124.952941,2844288,24,0.375,3,54.50701713562012,1087,0x43F,test,2365,Fuzzy,Fuzzy,0.9871399,True,0.004123945,0.0005073678,0.9871399,0.0022313264,0.005997561
test,RPM,RPM,1478192721.47459,1478192721.499466,3242048,22,0.34375,0,24.875879287719727,790,0x316,test,2366,RPM,RPM,0.9911333,True,0.00311956,0.0002589613,0.001113321,0.00437482,0.9911333
test,Fuzzy,Fuzzy,1478197937.643793,1478197937.756529,2653440,23,0.359375,1,108.48307609558104,2,0x002,test,2367,Fuzzy,Fuzzy,0.9831367,True,0.005183897,0.00018615795,0.9831367,0.0075760367,0.0039172224
test,Gear,Gear,1478195099.75696,1478195099.789578,3494912,19,0.296875,1,32.38797187805176,1087,0x43F,test,2368,Gear,Gear,0.99178433,True,0.0022742776,0.00091904635,0.0007018375,0.99178433,0.0043205135
test,Normal,RPM,1478201091.875901,1478201091.909075,4405120,0,0.0,-1,,2,0x002,test,2369,Normal,Normal,0.8838135,True,0.8838135,0.0013530549,0.018307146,0.023240136,0.07328622
test,DoS,DoS,1478200512.923777,1478200513.024852,2529216,36,0.5625,0,101.0749340057373,0,0x000,test,2370,DoS,DoS,0.9861151,True,0.005933829,0.9861151,0.0043708934,0.0016258388,0.0019543436
test,Normal,RPM,1478201150.556503,1478201150.588728,4513792,0,0.0,-1,,399,0x18F,test,2371,Normal,Normal,0.9499665,True,0.9499665,0.0011818538,0.021316657,0.012080481,0.015454574
test,DoS,DoS,1478200636.048393,1478200636.163165,2660288,34,0.53125,5,87.34297752380371,0,0x000,test,2372,DoS,DoS,0.98431814,True,0.0076524364,0.98431814,0.0045872275,0.0015926393,0.0018495424
test,DoS,DoS,1478200464.947034,1478200464.981143,2464000,34,0.53125,0,34.10911560058594,0,0x000,test,2373,DoS,DoS,0.9814765,True,0.0071505187,0.9814765,0.007496453,0.001794267,0.002082369
test,Fuzzy,Fuzzy,1478197764.443949,1478197764.584826,2495360,29,0.453125,0,140.87700843811035,848,0x350,test,2374,Fuzzy,Fuzzy,0.9911311,True,0.0029567368,0.00033355172,0.9911311,0.0019337587,0.0036447248
test,Normal,Gear,1478201159.034309,1478201159.06808,4350464,0,0.0,-1,,304,0x130,test,2375,Normal,Normal,0.9455576,True,0.9455576,0.0028988551,0.005781265,0.03337133,0.012390833
test,RPM,RPM,1478192743.998805,1478192744.022027,3288192,20,0.3125,0,23.221969604492188,790,0x316,test,2376,RPM,RPM,0.98934734,True,0.0040662014,0.00022978257,0.0018959306,0.004460782,0.98934734
test,Gear,Gear,1478195087.90044,1478195087.948256,3471168,24,0.375,0,47.81603813171387,1087,0x43F,test,2377,Gear,Gear,0.99305516,True,0.0018990403,0.0008843494,0.000715091,0.99305516,0.0034463967
test,RPM,RPM,1478192844.230166,1478192844.255464,3466816,23,0.359375,0,25.298118591308597,790,0x316,test,2378,RPM,RPM,0.99147344,True,0.0028506082,0.00023331611,0.0012026991,0.0042399634,0.99147344
test,Gear,Gear,1478195054.368956,1478195054.404313,3410368,20,0.3125,1,35.125017166137695,1087,0x43F,test,2379,Gear,Gear,0.9907494,True,0.0028464587,0.00052038097,0.0018599906,0.9907494,0.0040237457
test,RPM,RPM,1478192747.270924,1478192747.292905,3294464,18,0.28125,5,20.774126052856445,790,0x316,test,2380,RPM,RPM,0.99171513,True,0.0037980122,0.00034829226,0.0007661024,0.0033724806,0.99171513
test,DoS,DoS,1478200525.920867,1478200525.939321,2543424,27,0.421875,17,12.373924255371094,0,0x000,test,2381,DoS,DoS,0.9866502,True,0.007660745,0.9866502,0.002314412,0.0016065094,0.0017680767
test,Gear,Gear,1478194981.176757,1478194981.199738,3279616,20,0.3125,5,21.8050479888916,1087,0x43F,test,2382,Gear,Gear,0.99010956,True,0.0029754317,0.00061485235,0.003936913,0.99010956,0.0023633107
test,Gear,Gear,1478194871.687806,1478194871.726425,3077056,17,0.265625,4,37.68801689147949,1087,0x43F,test,2383,Gear,Gear,0.9866775,True,0.004173312,0.00094909425,0.0023114968,0.9866775,0.005888549
test,Fuzzy,Fuzzy,1478198094.322977,1478198094.372072,2795136,26,0.40625,0,49.09491539001465,1088,0x440,test,2384,Fuzzy,Fuzzy,0.9903888,True,0.003282466,0.0003801439,0.9903888,0.0021447306,0.0038037815
test,DoS,DoS,1478200641.915267,1478200642.057734,2667456,37,0.578125,0,142.46702194213867,0,0x000,test,2385,DoS,DoS,0.9851769,True,0.006700263,0.9851769,0.004437693,0.0015738974,0.002111314
test,Normal,DoS,1478201059.693362,1478201059.729183,3389568,0,0.0,-1,,2,0x002,test,2386,Normal,Normal,0.86282355,True,0.86282355,0.004703609,0.0037997975,0.09653513,0.032137807
test,Normal,Fuzzy,1478201095.776736,1478201095.811688,3629504,0,0.0,-1,,304,0x130,test,2387,Normal,Normal,0.9243263,True,0.9243263,0.0027893248,0.0073880046,0.020076409,0.04541995
test,RPM,RPM,1478192870.927041,1478192870.957988,3522048,21,0.328125,1,30.642986297607425,790,0x316,test,2388,RPM,RPM,0.9899132,True,0.0035343296,0.000271855,0.0010011761,0.005279383,0.9899132
test,Fuzzy,Fuzzy,1478198141.529091,1478198141.557762,2871296,24,0.375,0,28.6710262298584,672,0x2A0,test,2389,Fuzzy,Fuzzy,0.9878829,True,0.003589108,0.0003304173,0.9878829,0.0024890131,0.00570852
test,Gear,Gear,1478194982.920399,1478194982.95546,3282816,15,0.234375,4,34.089088439941406,1087,0x43F,test,2390,Gear,Gear,0.99077016,True,0.0037833797,0.0006893563,0.0011859832,0.99077016,0.0035711098
test,RPM,RPM,1478192943.911688,1478192943.934659,3660096,20,0.3125,2,22.505998611450195,790,0x316,test,2391,RPM,RPM,0.9910069,True,0.00403391,0.0002358617,0.0019501861,0.002773148,0.9910069
test,DoS,DoS,1478200374.819099,1478200374.836602,2335040,35,0.546875,0,17.503023147583008,0,0x000,test,2392,DoS,DoS,0.98538893,True,0.00705807,0.98538893,0.00398131,0.0015513723,0.002020257
test,DoS,DoS,1478200530.073257,1478200530.165842,2545792,38,0.59375,1,92.33999252319336,0,0x000,test,2393,DoS,DoS,0.987076,True,0.005948641,0.987076,0.0033976699,0.0017160466,0.00186168
test,Gear,Gear,1478194873.678546,1478194873.715707,3080832,24,0.375,0,37.16111183166504,1087,0x43F,test,2394,Gear,Gear,0.99257153,True,0.0015524942,0.0005253783,0.0024205192,0.99257153,0.002930114
test,Gear,Gear,1478194897.458077,1478194897.482446,3126016,23,0.359375,3,23.6358642578125,1087,0x43F,test,2395,Gear,Gear,0.99342513,True,0.0021452405,0.0006393999,0.0012035918,0.99342513,0.002586614
test,Normal,Gear,1478201187.186876,1478201187.223342,4402624,0,0.0,-1,,339,0x153,test,2396,Normal,Normal,0.88191956,True,0.88191956,0.004424558,0.0033380755,0.08064638,0.02967152
test,Normal,Gear,1478201128.325371,1478201128.356168,4294080,0,0.0,-1,,2,0x002,test,2397,Normal,Normal,0.90705067,True,0.90705067,0.011074467,0.002128902,0.01841317,0.06133271
test,DoS,DoS,1478200460.167045,1478200460.229383,2455616,40,0.625,1,62.094926834106445,0,0x000,test,2398,DoS,DoS,0.9849423,True,0.0061532483,0.9849423,0.0051013455,0.0016310309,0.0021720494
test,DoS,DoS,1478200499.057991,1478200499.11489,2511232,35,0.546875,1,56.65206909179688,0,0x000,test,2399,DoS,DoS,0.98627716,True,0.007597947,0.98627716,0.0028844248,0.0015932575,0.0016472398
test,Fuzzy,Fuzzy,1478198034.788842,1478198035.045769,2740160,23,0.359375,4,255.9809684753418,320,0x140,test,2400,Fuzzy,Fuzzy,0.99107367,True,0.0029802583,0.00031828278,0.99107367,0.0018845432,0.0037432434
test,Fuzzy,Fuzzy,1478198165.968736,1478198165.995532,2913600,28,0.4375,0,26.79610252380371,848,0x350,test,2401,Fuzzy,Fuzzy,0.98806494,True,0.0033400613,0.00033254104,0.98806494,0.0024102237,0.0058522425
test,Normal,DoS,1478201029.007535,1478201029.038387,3333440,0,0.0,-1,,399,0x18F,test,2402,Normal,Normal,0.9528394,True,0.9528394,0.003123194,0.003915185,0.0048014186,0.03532078
test,Fuzzy,Fuzzy,1478197989.88475,1478197989.93268,2702336,24,0.375,0,47.930002212524414,304,0x130,test,2403,Fuzzy,Fuzzy,0.9908439,True,0.003076598,0.0003119784,0.9908439,0.0021588514,0.0036087201
test,Fuzzy,Fuzzy,1478198110.134792,1478198110.155337,2821440,21,0.328125,3,19.85502243041992,339,0x153,test,2404,Fuzzy,Fuzzy,0.98849535,True,0.0047079385,0.0003421419,0.98849535,0.0020639386,0.0043905666
test,DoS,DoS,1478200475.153619,1478200475.200412,2477952,34,0.53125,0,46.79298400878906,0,0x000,test,2405,DoS,DoS,0.98544204,True,0.008408965,0.98544204,0.002877805,0.0012303825,0.0020407923
test,RPM,RPM,1478192938.064612,1478192938.106117,3649216,21,0.328125,2,41.03708267211914,790,0x316,test,2406,RPM,RPM,0.9894475,True,0.003414927,0.00026659874,0.0008899377,0.0059811044,0.9894475
test,DoS,DoS,1478200619.808552,1478200619.982362,2644224,33,0.515625,0,173.81000518798828,0,0x000,test,2407,DoS,DoS,0.98744154,True,0.0060048774,0.98744154,0.0031950064,0.0016011555,0.0017575269
test,DoS,DoS,1478200443.308678,1478200443.375931,2431360,33,0.515625,0,67.25311279296875,0,0x000,test,2408,DoS,DoS,0.98483294,True,0.009191395,0.98483294,0.0027307542,0.0014639643,0.0017809361
test,Gear,Gear,1478195091.526334,1478195091.548341,3478208,19,0.296875,3,21.25406265258789,1087,0x43F,test,2409,Gear,Gear,0.99183065,True,0.0027469243,0.0005800553,0.0018234503,0.99183065,0.00301897
test,RPM,RPM,1478192780.149583,1478192780.192513,3355712,25,0.390625,5,39.8409366607666,790,0x316,test,2410,RPM,RPM,0.99319446,True,0.0021976596,0.00030531827,0.00055065256,0.0037518654,0.99319446
test,Gear,Gear,1478194867.478661,1478194867.502172,3068736,20,0.3125,0,23.51093292236328,1087,0x43F,test,2411,Gear,Gear,0.98705506,True,0.002830746,0.00049940025,0.0038542703,0.98705506,0.0057604806
test,DoS,DoS,1478200357.593989,1478200357.799055,2319296,35,0.546875,0,205.0662040710449,0,0x000,test,2412,DoS,DoS,0.9843919,True,0.006453285,0.9843919,0.005372954,0.001606034,0.0021757933
test,Normal,RPM,1478201202.043497,1478201202.076189,4608704,0,0.0,-1,,304,0x130,test,2413,Normal,Normal,0.9686952,True,0.9686952,0.0015445426,0.011367985,0.0064084083,0.011983924
test,Gear,Gear,1478194905.959544,1478194905.996057,3144192,20,0.3125,3,35.80498695373535,1087,0x43F,test,2414,Gear,Gear,0.99239576,True,0.0019881418,0.0008476805,0.00091576873,0.99239576,0.0038526633
test,DoS,DoS,1478200588.376682,1478200588.451167,2611200,41,0.640625,1,68.88699531555176,0,0x000,test,2415,DoS,DoS,0.9875854,True,0.0053961924,0.9875854,0.0034101245,0.0017874676,0.0018207235
test,DoS,DoS,1478200489.101647,1478200489.190066,2498496,36,0.5625,0,88.41919898986816,0,0x000,test,2416,DoS,DoS,0.9842854,True,0.007203621,0.9842854,0.0048917574,0.0016160222,0.0020031224
test,DoS,DoS,1478200590.707223,1478200590.764976,2612800,36,0.5625,0,57.75308609008789,0,0x000,test,2417,DoS,DoS,0.9839543,True,0.0066163153,0.9839543,0.005554988,0.0016843076,0.0021901024
test,DoS,DoS,1478200411.199295,1478200411.345853,2389312,37,0.578125,1,146.31414413452148,0,0x000,test,2418,DoS,DoS,0.98573744,True,0.0053571537,0.98573744,0.0050162547,0.0017128356,0.0021762673
test,Gear,Gear,1478194871.209384,1478194871.233994,3076096,22,0.34375,1,24.19900894165039,1087,0x43F,test,2419,Gear,Gear,0.9922949,True,0.0022523296,0.0006197922,0.00090725016,0.9922949,0.003925697
test,Normal,Fuzzy,1478201032.232341,1478201032.269456,3512512,0,0.0,-1,,399,0x18F,test,2420,Normal,Normal,0.9251898,True,0.9251898,0.0012431459,0.019618422,0.01030584,0.043642793
test,Normal,RPM,1478201063.030819,1478201063.068399,4351680,0,0.0,-1,,790,0x316,test,2421,Normal,Normal,0.8839339,True,0.8839339,0.006107685,0.0035054625,0.08939462,0.017058317
test,Normal,Gear,1478201092.186902,1478201092.224127,4227136,0,0.0,-1,,2,0x002,test,2422,Normal,Normal,0.89350736,True,0.89350736,0.0012522372,0.017445978,0.012938069,0.07485637
test,RPM,RPM,1478192698.560252,1478192698.583839,3193536,21,0.328125,1,23.3609676361084,790,0x316,test,2423,RPM,RPM,0.99222505,True,0.0028351871,0.0002752075,0.00093114557,0.0037334196,0.99222505
test,Fuzzy,Fuzzy,1478198107.873967,1478198107.922566,2817984,34,0.53125,1,48.37703704833984,704,0x2C0,test,2424,Fuzzy,Fuzzy,0.9901474,True,0.003025733,0.00035355784,0.9901474,0.0022610228,0.004212324
test,Gear,Gear,1478194886.628372,1478194886.666374,3104064,19,0.296875,2,37.51587867736816,1087,0x43F,test,2425,Gear,Gear,0.9905696,True,0.0024037748,0.00066672196,0.0015705406,0.9905696,0.004789389
test,Fuzzy,Fuzzy,1478197774.580825,1478197774.905873,2503232,33,0.515625,1,319.18811798095703,1087,0x43F,test,2426,Fuzzy,Fuzzy,0.99079084,True,0.0025959027,0.00028769617,0.99079084,0.003129934,0.0031956227
test,Fuzzy,Fuzzy,1478197836.068045,1478197836.090557,2561280,17,0.265625,1,22.294044494628903,304,0x130,test,2427,Fuzzy,Fuzzy,0.99091446,True,0.0037881206,0.00020118701,0.99091446,0.0029300158,0.00216623
test,Fuzzy,Fuzzy,1478198140.993754,1478198141.024188,2870528,28,0.4375,1,25.02608299255371,2,0x002,test,2428,Fuzzy,Fuzzy,0.9883879,True,0.0035184259,0.00042957402,0.9883879,0.0021236406,0.0055404208
test,DoS,DoS,1478200466.935502,1478200467.012918,2466624,36,0.5625,1,77.17394828796387,0,0x000,test,2429,DoS,DoS,0.98667264,True,0.0072138575,0.98667264,0.002690599,0.0018194093,0.0016034945
test,DoS,DoS,1478200464.494211,1478200464.519897,2462912,18,0.28125,30,8.485078811645508,0,0x000,test,2430,DoS,DoS,0.9275239,True,0.066229835,0.9275239,0.00029701716,0.0035960183,0.0023531173
test,Gear,Gear,1478195073.252925,1478195073.277527,3444544,18,0.28125,1,23.28419685363769,1087,0x43F,test,2431,Gear,Gear,0.9916123,True,0.0030813192,0.0007146577,0.0022952126,0.9916123,0.002296439
test,Fuzzy,Fuzzy,1478197910.67465,1478197910.696362,2627968,26,0.40625,0,21.712064743041992,399,0x18F,test,2432,Fuzzy,Fuzzy,0.9873926,True,0.0037364298,0.0004422406,0.9873926,0.0020705487,0.0063581606
test,Normal,DoS,1478201031.769239,1478201031.801365,3338560,0,0.0,-1,,2,0x002,test,2433,Normal,Normal,0.93495697,True,0.93495697,0.008832507,0.000916725,0.026558915,0.028734945
test,Normal,DoS,1478201007.621378,1478201007.655369,3293824,0,0.0,-1,,304,0x130,test,2434,Normal,Normal,0.9774296,True,0.9774296,0.0031093159,0.003064813,0.0060746497,0.010321588
test,DoS,DoS,1478200382.978349,1478200383.022456,2347904,38,0.59375,0,44.10696029663086,0,0x000,test,2435,DoS,DoS,0.9829258,True,0.0059935898,0.9829258,0.0068926746,0.0018162263,0.0023717938
test,Fuzzy,Fuzzy,1478197820.966657,1478197821.272649,2547776,35,0.546875,0,305.9921264648437,704,0x2C0,test,2436,Fuzzy,Fuzzy,0.9918801,True,0.0022512178,0.0002722009,0.9918801,0.0027488498,0.002847606
test,RPM,RPM,1478192833.417411,1478192833.4392,3446400,20,0.3125,4,20.457983016967773,790,0x316,test,2437,RPM,RPM,0.9886325,True,0.0038865744,0.00042042986,0.00047746516,0.00658303,0.9886325
test,Normal,Gear,1478201129.495901,1478201129.530315,4296256,0,0.0,-1,,305,0x131,test,2438,Normal,Normal,0.96018916,True,0.96018916,0.004966463,0.001614116,0.015922196,0.017308014
test,RPM,RPM,1478192904.652771,1478192904.682132,3593088,21,0.328125,2,28.8999080657959,790,0x316,test,2439,RPM,RPM,0.9871104,True,0.003973596,0.00018695262,0.0029762501,0.005752788,0.9871104
test,DoS,DoS,1478200574.577879,1478200574.632351,2594304,36,0.5625,1,54.22496795654297,0,0x000,test,2440,DoS,DoS,0.98554254,True,0.0065540522,0.98554254,0.0044155223,0.0015618326,0.0019259804
test,RPM,RPM,1478192728.542447,1478192728.565376,3256064,19,0.296875,2,22.45712280273437,790,0x316,test,2441,RPM,RPM,0.9886833,True,0.0048339865,0.00022645864,0.0031110093,0.00314516,0.9886833
test,Gear,Gear,1478195085.86113,1478195085.919943,3467008,21,0.328125,5,57.38520622253418,1087,0x43F,test,2442,Gear,Gear,0.97976065,True,0.0041558677,0.0005900983,0.012293154,0.97976065,0.003200263
test,Gear,Gear,1478195052.470412,1478195052.492327,3405888,20,0.3125,0,21.914958953857425,1087,0x43F,test,2443,Gear,Gear,0.9926346,True,0.0025693178,0.00076819747,0.0008276882,0.9926346,0.0032001438
test,Fuzzy,Fuzzy,1478198150.528447,1478198150.558995,2886720,27,0.421875,0,30.548095703125,848,0x350,test,2444,Fuzzy,Fuzzy,0.9908862,True,0.0026674948,0.00025295396,0.9908862,0.0026468954,0.0035465
test,Gear,Gear,1478194846.006412,1478194846.029503,3022208,18,0.28125,0,23.09107780456543,1087,0x43F,test,2445,Gear,Gear,0.9882704,True,0.0033525983,0.0005498934,0.0023869066,0.9882704,0.0054401695
test,Normal,Gear,1478201122.865378,1478201122.897071,4283968,0,0.0,-1,,2,0x002,test,2446,Normal,Normal,0.965488,True,0.965488,0.0022851834,0.003040202,0.009951255,0.019235266
test,Fuzzy,Fuzzy,1478198135.930487,1478198135.992784,2861632,31,0.484375,0,62.29710578918457,790,0x316,test,2447,Fuzzy,Fuzzy,0.9907832,True,0.0027300029,0.0003332925,0.9907832,0.0023632413,0.0037902207
test,Normal,Gear,1478201176.204078,1478201176.236356,4382272,0,0.0,-1,,2,0x002,test,2448,Normal,Normal,0.96222174,True,0.96222174,0.0021829896,0.0034292894,0.004874154,0.027291836
test,Fuzzy,Fuzzy,1478198148.797066,1478198148.834645,2884160,21,0.328125,0,37.57905960083008,2,0x002,test,2449,Fuzzy,Fuzzy,0.99028414,True,0.0035558853,0.0002253417,0.99028414,0.0026212041,0.0033133372
test,Gear,Gear,1478195098.081962,1478195098.106483,3491328,21,0.328125,0,24.5208740234375,1087,0x43F,test,2450,Gear,Gear,0.9928744,True,0.002081022,0.0007254214,0.0014253764,0.9928744,0.0028937904
test,RPM,RPM,1478192938.270056,1478192938.300844,3649536,21,0.328125,2,29.979944229125977,790,0x316,test,2451,RPM,RPM,0.99066895,True,0.0035550047,0.00023436152,0.002614583,0.0029271871,0.99066895
test,Gear,Gear,1478195039.887254,1478195039.937036,3383936,20,0.3125,0,49.78203773498535,1087,0x43F,test,2452,Gear,Gear,0.9931035,True,0.0023092083,0.0007465592,0.0014239944,0.9931035,0.0024168054
test,RPM,RPM,1478192684.825195,1478192684.850586,3162432,22,0.34375,1,25.16388893127441,790,0x316,test,2453,RPM,RPM,0.99020886,True,0.004101484,0.00024458332,0.0020805984,0.003364402,0.99020886
test,Normal,DoS,1478201078.454899,1478201078.487439,3424320,0,0.0,-1,,399,0x18F,test,2454,Normal,Normal,0.9616692,True,0.9616692,0.0042915605,0.0051948386,0.024903636,0.003940708
test,Gear,Gear,1478195110.65676,1478195110.680272,3511232,19,0.296875,3,22.57013320922852,1087,0x43F,test,2455,Gear,Gear,0.9909869,True,0.0028649007,0.00055162166,0.001498406,0.9909869,0.0040982235
test,Fuzzy,Fuzzy,1478197745.809831,1478197745.952115,2476032,22,0.34375,0,142.28415489196777,2,0x002,test,2456,Fuzzy,Fuzzy,0.9914929,True,0.002913634,0.00027257798,0.9914929,0.0020826696,0.0032382174
test,Gear,Gear,1478194912.910848,1478194912.960719,3157312,24,0.375,0,49.871206283569336,1087,0x43F,test,2457,Gear,Gear,0.987346,True,0.0020292976,0.000621418,0.005175267,0.987346,0.0048280167
test,DoS,DoS,1478200519.775308,1478200519.937715,2536512,32,0.5,1,151.5491008758545,0,0x000,test,2458,DoS,DoS,0.9839798,True,0.006937071,0.9839798,0.0052407472,0.0017201096,0.0021223237
test,RPM,RPM,1478192917.740423,1478192917.775979,3614848,20,0.3125,0,35.55607795715332,790,0x316,test,2459,RPM,RPM,0.989528,True,0.003737787,0.00038285812,0.0004938838,0.0058573913,0.989528
test,RPM,RPM,1478192825.582789,1478192825.613464,3431680,20,0.3125,3,29.98208999633789,790,0x316,test,2460,RPM,RPM,0.9907608,True,0.0037509564,0.00025876303,0.0012596012,0.003969829,0.9907608
test,RPM,RPM,1478192723.727681,1478192723.762584,3246656,18,0.28125,1,34.67607498168945,790,0x316,test,2461,RPM,RPM,0.9863216,True,0.005160824,0.0003616864,0.00065862684,0.007497108,0.9863216
test,Fuzzy,Fuzzy,1478197993.30021,1478197993.320876,2708608,23,0.359375,7,19.01388168334961,2,0x002,test,2462,Fuzzy,Fuzzy,0.9894022,True,0.0033490232,0.00033678813,0.9894022,0.0024510424,0.004460914
test,Gear,Gear,1478195111.227348,1478195111.316713,3511744,24,0.375,1,83.67705345153809,1087,0x43F,test,2463,Gear,Gear,0.9901726,True,0.0016170768,0.0005910699,0.00085408415,0.9901726,0.0067651495
test,Gear,Gear,1478195060.913593,1478195060.947457,3422336,21,0.328125,1,33.63919258117676,1087,0x43F,test,2464,Gear,Gear,0.9921435,True,0.0021340845,0.00057362864,0.0016965288,0.9921435,0.0034522258
test,Gear,Gear,1478194930.173032,1478194930.203968,3187968,19,0.296875,0,30.93600273132324,1087,0x43F,test,2465,Gear,Gear,0.9908935,True,0.003291342,0.00069176726,0.002149304,0.9908935,0.002974142
test,Normal,DoS,1478201034.469363,1478201034.509125,3342976,0,0.0,-1,,2,0x002,test,2466,Normal,Normal,0.945971,True,0.945971,0.002906595,0.0034542782,0.012613229,0.035054877
test,RPM,RPM,1478192857.906774,1478192857.929069,3494848,20,0.3125,3,21.59714698791504,790,0x316,test,2467,RPM,RPM,0.9917502,True,0.0033587755,0.0002734557,0.0010119677,0.0036055334,0.9917502
test,Gear,Gear,1478194910.674165,1478194910.69685,3153472,17,0.265625,3,21.960973739624023,1087,0x43F,test,2468,Gear,Gear,0.9885125,True,0.0044203997,0.00087780453,0.0035774908,0.9885125,0.0026118553
test,Normal,Fuzzy,1478201193.819574,1478201193.851463,3810624,0,0.0,-1,,399,0x18F,test,2469,Normal,Normal,0.95660293,True,0.95660293,0.009987943,0.00079186884,0.01701487,0.015602455
test,RPM,RPM,1478192813.873737,1478192813.922581,3409856,21,0.328125,2,48.30288887023926,790,0x316,test,2470,RPM,RPM,0.993622,True,0.002570515,0.0003381897,0.000600798,0.0028686014,0.993622
test,Normal,Fuzzy,1478201046.170827,1478201046.203587,3537600,0,0.0,-1,,399,0x18F,test,2471,Normal,Normal,0.942967,True,0.942967,0.0054284395,0.0019649004,0.039143838,0.010495813
test,DoS,DoS,1478200550.72773,1478200550.880988,2568832,37,0.578125,1,147.83096313476562,0,0x000,test,2472,DoS,DoS,0.9865348,True,0.0061912443,0.9865348,0.0036760108,0.0015995693,0.001998379
test,Normal,DoS,1478201039.659475,1478201039.69196,3352448,0,0.0,-1,,304,0x130,test,2473,Normal,Normal,0.88977194,True,0.88977194,0.016688459,0.0015286014,0.07294143,0.019069582
test,Fuzzy,Fuzzy,1478197980.079351,1478197980.224695,2693952,23,0.359375,1,139.33992385864258,672,0x2A0,test,2474,Fuzzy,Fuzzy,0.989164,True,0.0031542573,0.00037231867,0.989164,0.0024438757,0.004865528
test,Gear,Gear,1478194926.125369,1478194926.18379,3180480,22,0.34375,1,57.869911193847656,1087,0x43F,test,2475,Gear,Gear,0.9907923,True,0.0031949687,0.0006508071,0.0030741396,0.9907923,0.002287887
test,Gear,Gear,1478195099.088917,1478195099.121921,3493504,16,0.25,3,27.033090591430664,1087,0x43F,test,2476,Gear,Gear,0.98668736,True,0.006030736,0.0006049573,0.0027041433,0.98668736,0.0039727585
test,Gear,Gear,1478194864.47818,1478194864.503012,3061760,22,0.34375,3,24.12104606628418,1087,0x43F,test,2477,Gear,Gear,0.99262697,True,0.0018632072,0.00060493604,0.0021066472,0.99262697,0.002798254
test,DoS,DoS,1478200488.581021,1478200488.631844,2497856,31,0.484375,1,50.57597160339356,0,0x000,test,2478,DoS,DoS,0.9850552,True,0.008857025,0.9850552,0.002777726,0.0016341544,0.001675942
test,Gear,Gear,1478194854.40417,1478194854.439565,3040576,20,0.3125,2,34.78288650512695,1087,0x43F,test,2479,Gear,Gear,0.99071044,True,0.0021142098,0.00072922226,0.0009673897,0.99071044,0.0054786783
test,DoS,DoS,1478200491.278876,1478200491.324799,2501376,34,0.53125,1,45.67408561706543,0,0x000,test,2480,DoS,DoS,0.9866829,True,0.007429205,0.9866829,0.002434414,0.0015927472,0.0018607895
test,Fuzzy,Fuzzy,1478198143.761724,1478198143.797819,2875008,21,0.328125,1,35.8738899230957,304,0x130,test,2481,Fuzzy,Fuzzy,0.9857723,True,0.0045315307,0.00037954288,0.9857723,0.0019644033,0.0073522055
test,Normal,Gear,1478201185.633158,1478201185.667878,4399744,0,0.0,-1,,304,0x130,test,2482,Normal,Normal,0.9543788,True,0.9543788,0.0061132684,0.0013345,0.016665835,0.02150756
test,Normal,DoS,1478201118.628577,1478201118.663376,3498752,0,0.0,-1,,304,0x130,test,2483,Normal,Normal,0.9721637,True,0.9721637,0.0066374526,0.0019748632,0.017048024,0.002175924
test,DoS,DoS,1478200593.935984,1478200593.951946,2618624,34,0.53125,1,15.71798324584961,0,0x000,test,2484,DoS,DoS,0.9848359,True,0.008833709,0.9848359,0.0030547369,0.0014982958,0.0017773521
test,Normal,Gear,1478201119.202979,1478201119.236216,4277184,0,0.0,-1,,2,0x002,test,2485,Normal,Normal,0.90933055,True,0.90933055,0.0016072978,0.014371612,0.025663484,0.04902703
test,DoS,DoS,1478200421.102052,1478200421.220942,2398720,33,0.515625,2,108.0620288848877,0,0x000,test,2486,DoS,DoS,0.9832229,True,0.0073874006,0.9832229,0.0057879346,0.0015525083,0.002049181
test,Fuzzy,Fuzzy,1478198125.356283,1478198125.426446,2844928,24,0.375,2,69.46587562561035,399,0x18F,test,2487,Fuzzy,Fuzzy,0.991159,True,0.002982963,0.0003089582,0.991159,0.002293222,0.0032559175
test,Normal,Gear,1478201124.832958,1478201124.866735,4287616,0,0.0,-1,,2,0x002,test,2488,Normal,Normal,0.94312465,True,0.94312465,0.0068788375,0.0025862362,0.032828286,0.014582082
test,Gear,Gear,1478194962.551978,1478194962.574317,3245120,17,0.265625,11,19.711971282958984,1087,0x43F,test,2489,Gear,Gear,0.98949033,True,0.0031371994,0.0007906178,0.001129668,0.98949033,0.005452106
test,Fuzzy,Fuzzy,1478198126.240682,1478198126.288093,2845888,24,0.375,0,47.41120338439941,2,0x002,test,2490,Fuzzy,Fuzzy,0.9904221,True,0.003080008,0.00030777688,0.9904221,0.0025105097,0.0036796432
test,Normal,Gear,1478201169.261131,1478201169.294213,4369408,0,0.0,-1,,2,0x002,test,2491,Normal,Normal,0.9219177,True,0.9219177,0.0072931494,0.0030641942,0.045541454,0.022183502
test,RPM,RPM,1478192847.064528,1478192847.094587,3472512,21,0.328125,4,29.13117408752441,790,0x316,test,2492,RPM,RPM,0.9884984,True,0.0037545043,0.0002296813,0.0015722658,0.005945065,0.9884984
test,Normal,Gear,1478201116.405759,1478201116.437173,4272000,0,0.0,-1,,2,0x002,test,2493,Normal,Normal,0.9295043,True,0.9295043,0.010892572,0.00078815763,0.040682107,0.018132858
test,Gear,Gear,1478195098.91011,1478195098.946909,3493120,22,0.34375,3,36.06200218200684,1087,0x43F,test,2494,Gear,Gear,0.9895437,True,0.0023459247,0.0006253899,0.0038225874,0.9895437,0.0036624393
test,Normal,DoS,1478201031.250009,1478201031.285589,3337600,0,0.0,-1,,2,0x002,test,2495,Normal,Normal,0.9048693,True,0.9048693,0.0024964127,0.004679741,0.018978024,0.06897653
test,Normal,Gear,1478201019.040296,1478201019.077093,4092352,0,0.0,-1,,304,0x130,test,2496,Normal,Normal,0.91678923,True,0.91678923,0.0065027014,0.0014653624,0.054784816,0.020457825
test,DoS,DoS,1478200359.399521,1478200359.609763,2319808,31,0.484375,1,204.6828269958496,0,0x000,test,2497,DoS,DoS,0.9833725,True,0.006778976,0.9833725,0.005978975,0.0016227448,0.0022467377
test,Gear,Gear,1478194948.990371,1478194949.052676,3221184,21,0.328125,0,62.30497360229492,1087,0x43F,test,2498,Gear,Gear,0.99423414,True,0.0017180076,0.0009851712,0.0010412292,0.99423414,0.0020214487
test,DoS,DoS,1478200380.487564,1478200380.54203,2344576,35,0.546875,1,48.93207550048828,0,0x000,test,2499,DoS,DoS,0.9863985,True,0.005887631,0.9863985,0.0036869633,0.0015225152,0.0025044
test,Fuzzy,Fuzzy,1478197848.128132,1478197848.261493,2569088,26,0.40625,8,131.24489784240723,2,0x002,test,2500,Fuzzy,Fuzzy,0.9877065,True,0.0035578276,0.00032610403,0.9877065,0.0020546305,0.0063548856
test,Gear,Gear,1478194911.194621,1478194911.228512,3154432,18,0.28125,11,21.12007141113281,1087,0x43F,test,2501,Gear,Gear,0.9888181,True,0.0035712689,0.0005018468,0.0020552145,0.9888181,0.005053583
test,Fuzzy,Fuzzy,1478197780.43455,1478197780.60465,2509760,27,0.421875,3,169.4200038909912,2,0x002,test,2502,Fuzzy,Fuzzy,0.98999023,True,0.0030971512,0.00039420888,0.98999023,0.002231173,0.0042871744
test,RPM,RPM,1478192768.27285,1478192768.313739,3336448,22,0.34375,0,40.88902473449707,790,0x316,test,2503,RPM,RPM,0.99411607,True,0.0022720143,0.00032901406,0.0007912386,0.0024915468,0.99411607
test,Normal,RPM,1478201170.951374,1478201170.985666,4551104,0,0.0,-1,,2,0x002,test,2504,Normal,Normal,0.9344332,True,0.9344332,0.0063960254,0.0015099134,0.020624094,0.037036795
test,Fuzzy,Fuzzy,1478197944.893218,1478197945.108276,2661056,19,0.296875,4,213.608980178833,704,0x2C0,test,2505,Fuzzy,Fuzzy,0.96809345,True,0.01150293,0.00022911871,0.96809345,0.015225637,0.004948835
test,Fuzzy,Fuzzy,1478197937.353451,1478197937.492085,2653312,28,0.4375,4,134.3979835510254,2,0x002,test,2506,Fuzzy,Fuzzy,0.9891962,True,0.0037216467,0.000477906,0.9891962,0.001499085,0.005105205
test,Gear,Gear,1478195033.032918,1478195033.055063,3372416,20,0.3125,0,22.14503288269043,1087,0x43F,test,2507,Gear,Gear,0.99075514,True,0.0024589042,0.00055547844,0.002518309,0.99075514,0.003712185
test,Gear,Gear,1478195008.044651,1478195008.068799,3328384,22,0.34375,0,24.147987365722656,1087,0x43F,test,2508,Gear,Gear,0.9920432,True,0.0023442535,0.0005743271,0.0021834995,0.9920432,0.0028547866
test,Fuzzy,Fuzzy,1478197819.862055,1478197820.199342,2547456,32,0.5,1,331.9051265716553,320,0x140,test,2509,Fuzzy,Fuzzy,0.9906855,True,0.0029876593,0.0003728311,0.9906855,0.001983058,0.003970936
test,DoS,DoS,1478200445.468967,1478200445.495245,2433984,35,0.546875,0,26.278018951416016,0,0x000,test,2510,DoS,DoS,0.9838802,True,0.006891312,0.9838802,0.005489784,0.0018359096,0.0019027342
test,Gear,Gear,1478194943.738904,1478194943.790375,3211776,20,0.3125,2,50.65798759460449,1087,0x43F,test,2511,Gear,Gear,0.9889219,True,0.0024602385,0.00040612466,0.0023668143,0.9889219,0.005844911
test,DoS,DoS,1478200390.260227,1478200390.298813,2359744,38,0.59375,1,38.340091705322266,0,0x000,test,2512,DoS,DoS,0.9845722,True,0.0064665764,0.9845722,0.0051688496,0.0016627939,0.0021296602
test,Gear,Gear,1478195033.529345,1478195033.574944,3373184,16,0.25,1,45.36700248718262,1087,0x43F,test,2513,Gear,Gear,0.98805815,True,0.0047934502,0.0007445188,0.0035988246,0.98805815,0.0028049697
test,DoS,DoS,1478200372.427264,1478200372.465698,2331840,36,0.5625,0,38.43402862548828,0,0x000,test,2514,DoS,DoS,0.98809916,True,0.0067596063,0.98809916,0.0015912246,0.0014091318,0.0021408582
test,Normal,Fuzzy,1478201044.754256,1478201044.78918,3534976,0,0.0,-1,,399,0x18F,test,2515,Normal,Normal,0.95160127,True,0.95160127,0.0071364376,0.0016751743,0.023952393,0.015634757
test,Normal,RPM,1478201122.759345,1478201122.795347,4462336,0,0.0,-1,,2,0x002,test,2516,Normal,Normal,0.96327335,True,0.96327335,0.0041749016,0.0026694403,0.016133238,0.01374902
test,Fuzzy,Fuzzy,1478198140.73649,1478198140.77488,2870144,23,0.359375,5,26.9160270690918,880,0x370,test,2517,Fuzzy,Fuzzy,0.9864792,True,0.0040555433,0.00042773003,0.9864792,0.0022445952,0.0067929323
test,DoS,DoS,1478200384.632171,1478200384.682199,2350272,14,0.21875,1,49.77893829345703,0,0x000,test,2518,DoS,DoS,0.97305095,True,0.010491135,0.97305095,0.0117471395,0.0017746618,0.0029361013
test,DoS,DoS,1478200596.651899,1478200596.72372,2620544,35,0.546875,0,71.82097434997559,0,0x000,test,2519,DoS,DoS,0.9846993,True,0.0065412354,0.9846993,0.004706924,0.0014757233,0.0025767942
test,RPM,RPM,1478192954.722942,1478192954.746139,3680768,20,0.3125,2,22.7200984954834,790,0x316,test,2520,RPM,RPM,0.9903771,True,0.004095057,0.00023668446,0.0019354124,0.0033557457,0.9903771
test,Fuzzy,Fuzzy,1478198108.667626,1478198108.717509,2819136,29,0.453125,0,49.883127212524414,305,0x131,test,2521,Fuzzy,Fuzzy,0.9898,True,0.003318687,0.00032378544,0.9898,0.002518331,0.0040392443
test,Fuzzy,Fuzzy,1478198164.515746,1478198164.54505,2911488,27,0.421875,8,27.408838272094727,880,0x370,test,2522,Fuzzy,Fuzzy,0.9894937,True,0.0029327096,0.00034516255,0.9894937,0.0025360065,0.0046924045
test,Gear,Gear,1478194925.377625,1478194925.435397,3179392,20,0.3125,1,57.54494667053223,1087,0x43F,test,2523,Gear,Gear,0.9910096,True,0.002442703,0.0007833757,0.0024585568,0.9910096,0.0033057902
test,Gear,Gear,1478194964.915022,1478194964.943392,3250112,20,0.3125,2,27.889013290405277,1087,0x43F,test,2524,Gear,Gear,0.9892457,True,0.0032938034,0.0006154859,0.0013150184,0.9892457,0.0055299886
test,Gear,Gear,1478195084.95235,1478195084.99256,3465472,21,0.328125,1,39.981842041015625,1087,0x43F,test,2525,Gear,Gear,0.9924596,True,0.0019294213,0.0007865626,0.00072599086,0.9924596,0.004098507
test,RPM,RPM,1478192802.308003,1478192802.355129,3391168,19,0.296875,4,45.3639030456543,790,0x316,test,2526,RPM,RPM,0.98748106,True,0.004121441,0.00050470646,0.0003639583,0.007528898,0.98748106
test,DoS,DoS,1478200427.118843,1478200427.154761,2407552,35,0.546875,0,35.91799736022949,0,0x000,test,2527,DoS,DoS,0.98498964,True,0.006875496,0.98498964,0.0043582483,0.0017653812,0.002011176
test,Fuzzy,Fuzzy,1478198141.063511,1478198141.099102,2870656,28,0.4375,1,35.37106513977051,399,0x18F,test,2528,Fuzzy,Fuzzy,0.9906908,True,0.003076865,0.00034247737,0.9906908,0.0023116341,0.0035781548
test,DoS,DoS,1478200337.963884,1478200338.206718,2303040,39,0.609375,1,232.0499420166016,0,0x000,test,2529,DoS,DoS,0.9847589,True,0.005788061,0.9847589,0.005554022,0.0018156986,0.00208324
test,Normal,Gear,1478201196.273492,1478201196.309181,4419456,0,0.0,-1,,320,0x140,test,2530,Normal,Normal,0.9791364,True,0.9791364,0.0021538555,0.007658218,0.005185732,0.0058657792
test,DoS,DoS,1478200613.245701,1478200613.418244,2636928,36,0.5625,0,172.54281044006348,0,0x000,test,2531,DoS,DoS,0.98439145,True,0.006528691,0.98439145,0.0051065926,0.0017623835,0.0022108648
test,DoS,DoS,1478200491.735285,1478200491.80244,2502016,35,0.546875,1,66.9088363647461,0,0x000,test,2532,DoS,DoS,0.98479986,True,0.0068978746,0.98479986,0.004685974,0.001667697,0.001948499
test,Fuzzy,Fuzzy,1478197971.681429,1478197971.9202,2686272,28,0.4375,2,227.94508934021,848,0x350,test,2533,Fuzzy,Fuzzy,0.9848999,True,0.0037007767,0.00052834325,0.9848999,0.0025197146,0.008351267
test,DoS,DoS,1478200435.550461,1478200435.600478,2421952,33,0.515625,1,49.7739315032959,0,0x000,test,2534,DoS,DoS,0.9856872,True,0.008824388,0.9856872,0.0024588162,0.0014398337,0.001589743
test,DoS,DoS,1478200344.930563,1478200345.209946,2308480,34,0.53125,0,279.38294410705566,0,0x000,test,2535,DoS,DoS,0.98603016,True,0.006553444,0.98603016,0.0039489567,0.0016867024,0.0017806558
test,Normal,Fuzzy,1478201093.15398,1478201093.18564,3624640,0,0.0,-1,,399,0x18F,test,2536,Normal,Normal,0.95800424,True,0.95800424,0.0023092248,0.009514926,0.0097074965,0.020464122
test,DoS,DoS,1478200472.678713,1478200472.793668,2475136,33,0.515625,1,114.70913887023926,0,0x000,test,2537,DoS,DoS,0.9873154,True,0.006900925,0.9873154,0.0021346705,0.0015491858,0.0020998055
test,Fuzzy,Fuzzy,1478198156.139044,1478198156.159544,2896640,26,0.40625,0,20.49994468688965,2,0x002,test,2538,Fuzzy,Fuzzy,0.9887466,True,0.0034965144,0.00042021982,0.9887466,0.0021454932,0.005191119
test,RPM,RPM,1478192955.103508,1478192955.126261,3681792,19,0.296875,2,22.15290069580078,790,0x316,test,2539,RPM,RPM,0.9878727,True,0.00442543,0.00021067602,0.0022418175,0.0052493745,0.9878727
test,Gear,Gear,1478194930.688865,1478194930.72886,3188736,20,0.3125,5,38.81692886352539,1087,0x43F,test,2540,Gear,Gear,0.9891885,True,0.0026930373,0.0005603198,0.0032933017,0.9891885,0.0042648255
test,Fuzzy,Fuzzy,1478198165.133569,1478198165.174721,2912384,26,0.40625,0,41.152000427246094,790,0x316,test,2541,Fuzzy,Fuzzy,0.9917754,True,0.002957636,0.00030204098,0.9917754,0.0022583338,0.0027066106
test,RPM,RPM,1478192838.006394,1478192838.0285,3455232,20,0.3125,4,21.15011215209961,790,0x316,test,2542,RPM,RPM,0.9909911,True,0.0034503047,0.00027593737,0.00091880496,0.004363826,0.9909911
test,DoS,DoS,1478200427.622235,1478200427.652473,2408640,34,0.53125,0,30.237913131713867,0,0x000,test,2543,DoS,DoS,0.98326945,True,0.008167262,0.98326945,0.0049946043,0.0016392418,0.0019294877
test,Normal,Gear,1478201154.683228,1478201154.724881,4342528,0,0.0,-1,,608,0x260,test,2544,Normal,Normal,0.9489429,True,0.9489429,0.0017405759,0.036608342,0.010195956,0.0025122515
test,Fuzzy,Fuzzy,1478197836.112175,1478197836.134449,2561408,27,0.421875,1,22.057056427001957,848,0x350,test,2545,Fuzzy,Fuzzy,0.9892641,True,0.0034841523,0.00041335303,0.9892641,0.0018981544,0.004940305
test,Fuzzy,Fuzzy,1478197877.380842,1478197877.413869,2599104,3,0.046875,58,2.772808074951172,399,0x18F,test,2546,Fuzzy,Normal,0.763773,False,0.763773,0.0008348442,0.1815373,0.008943917,0.04491093
test,Gear,Gear,1478194872.918808,1478194872.972675,3079360,24,0.375,1,53.63297462463379,1087,0x43F,test,2547,Gear,Gear,0.992912,True,0.0014746141,0.0006829932,0.0021316637,0.992912,0.0027987277
test,Normal,Gear,1478201063.37921,1478201063.410825,4173760,0,0.0,-1,,305,0x131,test,2548,Normal,Normal,0.97800964,True,0.97800964,0.005011713,0.0029807447,0.007888055,0.006109839
test,Fuzzy,Fuzzy,1478198143.170324,1478198143.197739,2874048,21,0.328125,1,26.80683135986328,399,0x18F,test,2549,Fuzzy,Fuzzy,0.9890349,True,0.003344831,0.00020722627,0.9890349,0.004228904,0.003184067
test,Fuzzy,Fuzzy,1478197794.649939,1478197794.67073,2522560,26,0.40625,0,20.791053771972656,304,0x130,test,2550,Fuzzy,Fuzzy,0.9895235,True,0.0033874293,0.00023977716,0.9895235,0.0028759462,0.003973373
test,Fuzzy,Fuzzy,1478197952.27334,1478197952.322,2668288,24,0.375,2,48.20513725280762,608,0x260,test,2551,Fuzzy,Fuzzy,0.9905938,True,0.0032897065,0.00021723103,0.9905938,0.0028799083,0.0030193285
test,Fuzzy,Fuzzy,1478197864.296034,1478197864.322329,2584128,27,0.421875,5,25.10809898376465,1088,0x440,test,2552,Fuzzy,Fuzzy,0.9887707,True,0.0034223376,0.000360171,0.9887707,0.0021816602,0.005265071
test,Gear,Gear,1478195015.658089,1478195015.748547,3342016,21,0.328125,7,88.79518508911133,1087,0x43F,test,2553,Gear,Gear,0.98550075,True,0.0035595624,0.00070215913,0.0080576725,0.98550075,0.0021798704
test,RPM,RPM,1478192916.360558,1478192916.402771,3612416,20,0.3125,2,40.64297676086426,790,0x316,test,2554,RPM,RPM,0.9803929,True,0.004586498,0.00017466277,0.006214995,0.008630951,0.9803929
test,Fuzzy,Fuzzy,1478198134.19667,1478198134.223432,2858752,24,0.375,3,26.060104370117188,399,0x18F,test,2555,Fuzzy,Fuzzy,0.9907884,True,0.0029844267,0.00032079077,0.9907884,0.0026544016,0.0032519617
test,Fuzzy,Fuzzy,1478197952.008844,1478197952.029604,2668032,26,0.40625,0,20.760059356689453,305,0x131,test,2556,Fuzzy,Fuzzy,0.98735666,True,0.0038055442,0.00046260082,0.98735666,0.002428538,0.005946685
test,DoS,DoS,1478200375.074495,1478200375.117845,2335424,40,0.625,0,43.3499813079834,0,0x000,test,2557,DoS,DoS,0.98480505,True,0.006087812,0.98480505,0.0052498467,0.0016876297,0.0021696396
test,Normal,RPM,1478201073.670513,1478201073.707143,4371392,0,0.0,-1,,608,0x260,test,2558,Normal,Normal,0.93667674,True,0.93667674,0.0033448692,0.009325899,0.04410187,0.0065506757
test,Fuzzy,Fuzzy,1478197756.629965,1478197756.731845,2486784,22,0.34375,1,101.66192054748537,809,0x329,test,2559,Fuzzy,Fuzzy,0.99038994,True,0.0035709655,0.0003477529,0.99038994,0.0024488694,0.0032425097
test,Gear,Gear,1478195020.351951,1478195020.380475,3350464,21,0.328125,0,28.52416038513184,1087,0x43F,test,2560,Gear,Gear,0.9790735,True,0.0036996158,0.000679624,0.013622633,0.9790735,0.0029245627
test,DoS,DoS,1478200391.478748,1478200391.517424,2361408,36,0.5625,0,38.67602348327637,0,0x000,test,2561,DoS,DoS,0.9883781,True,0.0058723516,0.9883781,0.002108036,0.0017195054,0.0019220079
test,Gear,Gear,1478194880.428918,1478194880.480668,3092672,20,0.3125,0,51.75018310546875,1087,0x43F,test,2562,Gear,Gear,0.9908302,True,0.002424162,0.00066087855,0.0006877855,0.9908302,0.0053970567
test,DoS,DoS,1478200389.6817,1478200389.726089,2358976,33,0.515625,0,44.38900947570801,0,0x000,test,2563,DoS,DoS,0.9837446,True,0.0076889656,0.9837446,0.0052243616,0.0015149252,0.001827123
test,Fuzzy,Fuzzy,1478198168.302873,1478198168.334264,2917184,24,0.375,8,29.525041580200195,608,0x260,test,2564,Fuzzy,Fuzzy,0.9904039,True,0.0033008282,0.00033359506,0.9904039,0.0021644365,0.0037972431
test,Fuzzy,Fuzzy,1478198144.04694,1478198144.07213,2875456,30,0.46875,0,25.189876556396484,704,0x2C0,test,2565,Fuzzy,Fuzzy,0.9903876,True,0.0032568462,0.0003517439,0.9903876,0.0021124056,0.0038913866
test,Fuzzy,Fuzzy,1478197936.304132,1478197936.332701,2652608,26,0.40625,14,25.3448486328125,304,0x130,test,2566,Fuzzy,Fuzzy,0.98970795,True,0.003106949,0.00039879253,0.98970795,0.00227709,0.00450931
test,RPM,RPM,1478192961.09349,1478192961.120012,3693120,23,0.359375,2,26.05295181274414,790,0x316,test,2567,RPM,RPM,0.9923441,True,0.0026478106,0.00027794688,0.0007660266,0.0039641648,0.9923441
test,Gear,Gear,1478195092.759628,1478195092.784052,3480768,24,0.375,1,24.18184280395508,1087,0x43F,test,2568,Gear,Gear,0.9929894,True,0.0017786797,0.000550236,0.002050775,0.9929894,0.0026309188
test,Normal,Gear,1478201076.399649,1478201076.435906,4197888,0,0.0,-1,,809,0x329,test,2569,Normal,Normal,0.94171935,True,0.94171935,0.0016710244,0.008991126,0.03164838,0.01597016
test,Normal,DoS,1478201013.669824,1478201013.701436,3305024,0,0.0,-1,,2,0x002,test,2570,Normal,Normal,0.79818386,True,0.79818386,0.0031828152,0.00658221,0.0045169485,0.18753412
test,Gear,Gear,1478195058.968446,1478195058.999075,3418944,20,0.3125,0,30.62891960144043,1087,0x43F,test,2571,Gear,Gear,0.987414,True,0.0021799153,0.00072192913,0.00071951863,0.987414,0.008964702
test,RPM,RPM,1478192730.813431,1478192730.835618,3260544,19,0.296875,0,22.186994552612305,790,0x316,test,2572,RPM,RPM,0.9922759,True,0.0034894764,0.00031968585,0.00084147765,0.0030733906,0.9922759
test,Gear,Gear,1478195079.00616,1478195079.036346,3455104,20,0.3125,4,29.01697158813477,1087,0x43F,test,2573,Gear,Gear,0.9915376,True,0.0026520283,0.0006164442,0.0018539841,0.9915376,0.0033399684
test,DoS,DoS,1478200586.395077,1478200586.410959,2609856,34,0.53125,0,15.882015228271484,0,0x000,test,2574,DoS,DoS,0.98362976,True,0.0073936726,0.98362976,0.0051895743,0.0016498403,0.002137139
test,RPM,RPM,1478192690.324698,1478192690.34875,3174528,20,0.3125,4,23.12612533569336,790,0x316,test,2575,RPM,RPM,0.98468035,True,0.005399301,0.00019123034,0.0028485088,0.0068806764,0.98468035
test,DoS,DoS,1478200542.791939,1478200542.967865,2561536,35,0.546875,0,175.92597007751465,0,0x000,test,2576,DoS,DoS,0.9867024,True,0.0063233464,0.9867024,0.0035035317,0.0015500973,0.0019206799
test,Fuzzy,Fuzzy,1478197896.921555,1478197897.153894,2614464,24,0.375,1,226.9730567932129,790,0x316,test,2577,Fuzzy,Fuzzy,0.9896269,True,0.0032262534,0.00033707995,0.9896269,0.0024363792,0.0043734
test,RPM,RPM,1478192749.558135,1478192749.587835,3300160,21,0.328125,0,29.700040817260746,790,0x316,test,2578,RPM,RPM,0.9898595,True,0.00427043,0.00023516973,0.002484885,0.0031499877,0.9898595
test,RPM,RPM,1478192807.430916,1478192807.477777,3400064,19,0.296875,0,46.86093330383301,790,0x316,test,2579,RPM,RPM,0.9849916,True,0.004193046,0.0003896943,0.0005340543,0.009891607,0.9849916
test,RPM,RPM,1478192898.904433,1478192898.928428,3580928,21,0.328125,0,23.994922637939453,790,0x316,test,2580,RPM,RPM,0.9923637,True,0.0029529284,0.00035339585,0.0006565828,0.003673381,0.9923637
test,RPM,RPM,1478192831.609983,1478192831.632949,3443136,21,0.328125,2,22.498130798339844,790,0x316,test,2581,RPM,RPM,0.9936872,True,0.0025739097,0.00030383375,0.000818645,0.002616386,0.9936872
test,Gear,Gear,1478194989.750415,1478194989.773278,3296512,19,0.296875,4,21.89302444458008,1087,0x43F,test,2582,Gear,Gear,0.9934093,True,0.0021825603,0.0007433571,0.0009803334,0.9934093,0.0026845513
test,RPM,RPM,1478192858.632337,1478192858.656337,3496576,20,0.3125,0,23.999929428100582,790,0x316,test,2583,RPM,RPM,0.99133575,True,0.003167629,0.00030051908,0.0008213897,0.004374608,0.99133575
test,DoS,DoS,1478200484.07501,1478200484.117399,2490112,33,0.515625,0,42.388916015625,0,0x000,test,2584,DoS,DoS,0.9860474,True,0.006754508,0.9860474,0.0034058462,0.0015550257,0.0022372275
test,Normal,DoS,1478201154.818933,1478201154.8645,3565376,0,0.0,-1,,399,0x18F,test,2585,Normal,Normal,0.9363868,True,0.9363868,0.0037044703,0.03011596,0.026291441,0.003501335
test,Normal,RPM,1478201128.457974,1478201128.495518,4472896,0,0.0,-1,,2,0x002,test,2586,Normal,Normal,0.9499762,True,0.9499762,0.003618971,0.0028527523,0.03044882,0.013103251
test,DoS,DoS,1478200330.711111,1478200330.866919,2297472,27,0.421875,0,155.8079719543457,0,0x000,test,2587,DoS,DoS,0.98048776,True,0.0073789055,0.98048776,0.007976228,0.0017128121,0.0024443048
test,Normal,DoS,1478201173.17867,1478201173.211893,3599296,0,0.0,-1,,704,0x2C0,test,2588,Normal,Normal,0.96470904,True,0.96470904,0.0032209232,0.0016988629,0.016240342,0.014130861
test,Gear,Gear,1478195065.316761,1478195065.338661,3430336,18,0.28125,10,19.54007148742676,1087,0x43F,test,2589,Gear,Gear,0.9894789,True,0.0025302118,0.0005342597,0.0034367,0.9894789,0.004019963
test,Fuzzy,Fuzzy,1478198164.196781,1478198164.216556,2910592,23,0.359375,5,18.57995986938477,790,0x316,test,2590,Fuzzy,Fuzzy,0.990355,True,0.0030082322,0.00023867929,0.990355,0.0027913963,0.0036066417
test,Normal,Fuzzy,1478201095.086551,1478201095.120907,3628224,0,0.0,-1,,2,0x002,test,2591,Normal,Normal,0.89079463,True,0.89079463,0.003519002,0.0044697234,0.019656967,0.08155971
test,Gear,Gear,1478195105.513733,1478195105.601846,3504128,20,0.3125,2,71.4259147644043,1087,0x43F,test,2592,Gear,Gear,0.99196553,True,0.0034231765,0.00068221893,0.0018037866,0.99196553,0.0021253824
test,Gear,Gear,1478194873.785445,1478194873.817114,3081024,19,0.296875,1,25.81715583801269,1087,0x43F,test,2593,Gear,Gear,0.98776746,True,0.004878094,0.00048809111,0.0017803701,0.98776746,0.005086024
test,RPM,RPM,1478192904.118114,1478192904.147766,3591936,18,0.28125,1,29.426097869873047,790,0x316,test,2594,RPM,RPM,0.982563,True,0.005550568,0.0002889392,0.0012113303,0.010386131,0.982563
test,Normal,Fuzzy,1478201111.769178,1478201111.806394,3659136,0,0.0,-1,,672,0x2A0,test,2595,Normal,Normal,0.9357773,True,0.9357773,0.0026464048,0.0070717423,0.043909397,0.010595174
test,Normal,RPM,1478201134.297248,1478201134.330228,4483712,0,0.0,-1,,399,0x18F,test,2596,Normal,Normal,0.9617836,True,0.9617836,0.0059821494,0.0016713531,0.0218234,0.008739626
test,DoS,DoS,1478200391.857557,1478200391.890535,2361984,35,0.546875,0,32.978057861328125,0,0x000,test,2597,DoS,DoS,0.98520446,True,0.0074483813,0.98520446,0.004152094,0.0014884479,0.001706592
test,RPM,RPM,1478192698.438584,1478192698.460885,3193216,20,0.3125,2,21.84009552001953,790,0x316,test,2598,RPM,RPM,0.9892153,True,0.003797009,0.00024926115,0.0010690608,0.0056693363,0.9892153
test,RPM,RPM,1478192698.537919,1478192698.560008,3193472,19,0.296875,4,21.158933639526367,790,0x316,test,2599,RPM,RPM,0.98938936,True,0.004292908,0.0002168401,0.0023191876,0.0037817603,0.98938936
test,RPM,RPM,1478192806.325053,1478192806.377428,3398400,20,0.3125,2,51.908016204833984,790,0x316,test,2600,RPM,RPM,0.9883923,True,0.004646062,0.00045031024,0.0003988057,0.0061124004,0.9883923
test,Gear,Gear,1478195003.867123,1478195003.908507,3320128,21,0.328125,0,41.384220123291016,1087,0x43F,test,2601,Gear,Gear,0.9918761,True,0.0024323722,0.00062809134,0.0016777911,0.9918761,0.0033856502
test,Fuzzy,Fuzzy,1478197778.896726,1478197779.075935,2509312,19,0.296875,3,163.15293312072754,672,0x2A0,test,2602,Fuzzy,Fuzzy,0.9853135,True,0.004839976,0.00053324696,0.9853135,0.002005328,0.0073079187
test,RPM,RPM,1478192806.579604,1478192806.629247,3398784,20,0.3125,1,49.41701889038086,790,0x316,test,2603,RPM,RPM,0.9908343,True,0.0030546966,0.00023614331,0.001250489,0.004624377,0.9908343
test,DoS,DoS,1478200589.515867,1478200589.598366,2611968,35,0.546875,0,82.49902725219727,0,0x000,test,2604,DoS,DoS,0.98228776,True,0.0068886806,0.98228776,0.006937162,0.0014997274,0.00238671
test,Gear,Gear,1478195087.198193,1478195087.236691,3469696,19,0.296875,3,32.48000144958496,1087,0x43F,test,2605,Gear,Gear,0.99117017,True,0.0025330638,0.0007701824,0.0010333313,0.99117017,0.004493287
test,Normal,DoS,1478201096.830925,1478201096.864881,3458368,0,0.0,-1,,399,0x18F,test,2606,Normal,Normal,0.90316164,True,0.90316164,0.0010051383,0.07050683,0.013065678,0.012260702
test,Gear,Gear,1478194945.012357,1478194945.04668,3213760,17,0.265625,3,31.7380428314209,1087,0x43F,test,2607,Gear,Gear,0.9908449,True,0.0041687773,0.00086519425,0.0015431045,0.9908449,0.0025779367
test,Gear,Gear,1478195079.076321,1478195079.105545,3455232,19,0.296875,9,26.95608139038086,1087,0x43F,test,2608,Gear,Gear,0.99143,True,0.0028839712,0.00069420965,0.0014966497,0.99143,0.0034951973
test,Fuzzy,Fuzzy,1478198150.302856,1478198150.336871,2886400,19,0.296875,2,33.557891845703125,2,0x002,test,2609,Fuzzy,Fuzzy,0.9807241,True,0.0060034213,0.00057819113,0.9807241,0.0020152563,0.010679051
test,Normal,Gear,1478201172.473483,1478201172.508259,4375360,0,0.0,-1,,304,0x130,test,2610,Normal,Normal,0.92167443,True,0.92167443,0.0073536937,0.0034664462,0.03905709,0.028448354
test,Fuzzy,Fuzzy,1478197880.234557,1478197880.590014,2600128,34,0.53125,3,338.8168811798096,1087,0x43F,test,2611,Fuzzy,Fuzzy,0.99171793,True,0.0024437916,0.0003088934,0.99171793,0.0024763977,0.003052969
test,Normal,DoS,1478201008.760626,1478201008.794395,3295936,0,0.0,-1,,304,0x130,test,2612,Normal,Normal,0.9286984,True,0.9286984,0.010214928,0.0011231407,0.050716702,0.009246764
test,RPM,RPM,1478192748.162403,1478192748.186907,3296896,20,0.3125,1,24.27816390991211,790,0x316,test,2613,RPM,RPM,0.99008,True,0.0035478685,0.00030054024,0.0007697169,0.005301861,0.99008
test,DoS,DoS,1478200396.728459,1478200396.78338,2370496,36,0.5625,0,54.92115020751953,0,0x000,test,2614,DoS,DoS,0.9858598,True,0.0060494407,0.9858598,0.004158071,0.0017594396,0.0021731989
test,Fuzzy,Fuzzy,1478198009.930481,1478198010.173727,2721984,22,0.34375,1,243.0260181427002,608,0x260,test,2615,Fuzzy,Fuzzy,0.9912574,True,0.003110916,0.0002767894,0.9912574,0.002347415,0.0030073714
test,Gear,Gear,1478195091.573286,1478195091.596382,3478336,19,0.296875,0,23.09584617614746,1087,0x43F,test,2616,Gear,Gear,0.98823035,True,0.0031039603,0.00055896095,0.003203219,0.98823035,0.0049034776
test,DoS,DoS,1478200398.721175,1478200398.769885,2373120,39,0.609375,0,48.71010780334473,0,0x000,test,2617,DoS,DoS,0.9846954,True,0.0062537906,0.9846954,0.0053014937,0.0018028041,0.0019465503
test,Normal,Fuzzy,1478201174.404149,1478201174.437599,3774656,0,0.0,-1,,2,0x002,test,2618,Normal,Normal,0.955794,True,0.955794,0.0028618304,0.0038306809,0.011394269,0.026119316
test,Normal,Fuzzy,1478201020.039718,1478201020.072489,3489920,0,0.0,-1,,2,0x002,test,2619,Normal,Normal,0.915747,True,0.915747,0.0031438286,0.0030204954,0.020764254,0.057324316
test,DoS,DoS,1478200434.269895,1478200434.33262,2419776,33,0.515625,0,62.72482872009277,0,0x000,test,2620,DoS,DoS,0.9855672,True,0.0076132366,0.9855672,0.0033682452,0.0016442725,0.0018070859
test,Fuzzy,Fuzzy,1478198152.408231,1478198152.445531,2889600,24,0.375,1,37.08887100219727,320,0x140,test,2621,Fuzzy,Fuzzy,0.9893076,True,0.0034946334,0.000339826,0.9893076,0.0022022864,0.004655725
test,RPM,RPM,1478192837.672367,1478192837.700822,3454336,10,0.15625,37,10.419130325317385,790,0x316,test,2622,RPM,RPM,0.84935945,True,0.09583224,0.000707617,0.023796773,0.030303948,0.84935945
test,Fuzzy,Fuzzy,1478197739.637927,1478197739.743158,2468608,21,0.328125,3,104.54607009887695,672,0x2A0,test,2623,Fuzzy,Fuzzy,0.9911078,True,0.0031821458,0.00029412776,0.9911078,0.0023488163,0.0030670147
test,Fuzzy,Fuzzy,1478198107.373858,1478198107.401402,2817152,32,0.5,2,27.07695960998535,320,0x140,test,2624,Fuzzy,Fuzzy,0.9892975,True,0.0030223115,0.00035639765,0.9892975,0.0025785128,0.004745271
test,Fuzzy,Fuzzy,1478197775.154671,1478197775.248607,2503360,3,0.046875,4,71.66790962219238,2,0x002,test,2625,Fuzzy,Normal,0.9297368,False,0.9297368,0.002366902,0.03302172,0.029450934,0.005423683
test,Fuzzy,Fuzzy,1478197782.993458,1478197783.299771,2510336,23,0.359375,2,295.0711250305176,304,0x130,test,2626,Fuzzy,Fuzzy,0.9893433,True,0.0028859663,0.0002948677,0.9893433,0.0029882202,0.0044876556
test,Normal,Gear,1478201151.696754,1478201151.727759,4337344,0,0.0,-1,,790,0x316,test,2627,Normal,Normal,0.95658135,True,0.95658135,0.0026418858,0.009958427,0.01974874,0.011069574
test,Gear,Gear,1478194948.804052,1478194948.826956,3220736,21,0.328125,4,21.96693420410156,1087,0x43F,test,2628,Gear,Gear,0.99177575,True,0.0024717227,0.0005745782,0.002500954,0.99177575,0.002676938
test,DoS,DoS,1478200389.880236,1478200389.913961,2359232,33,0.515625,1,33.47492218017578,0,0x000,test,2629,DoS,DoS,0.9826257,True,0.0069107614,0.9826257,0.0065112463,0.0016843642,0.002267923
test,Normal,DoS,1478201111.130599,1478201111.166867,3484864,0,0.0,-1,,2,0x002,test,2630,Normal,Normal,0.96507084,True,0.96507084,0.0019312111,0.0059982897,0.012939599,0.0140601555
test,Fuzzy,Fuzzy,1478198115.954599,1478198115.982531,2831296,30,0.46875,0,27.932167053222656,704,0x2C0,test,2631,Fuzzy,Fuzzy,0.9882261,True,0.0035223702,0.0004493509,0.9882261,0.0022574717,0.005544723
test,Fuzzy,Fuzzy,1478198164.487828,1478198164.515517,2911424,24,0.375,1,27.103900909423828,2,0x002,test,2632,Fuzzy,Fuzzy,0.99062073,True,0.0032778017,0.00027309323,0.99062073,0.0024260373,0.0034023519
test,DoS,DoS,1478200445.787896,1478200445.803821,2434368,34,0.53125,1,15.679121017456056,0,0x000,test,2633,DoS,DoS,0.9854553,True,0.008096769,0.9854553,0.0032673934,0.0015500423,0.0016304669
test,Normal,DoS,1478201038.59062,1478201038.621591,3350464,0,0.0,-1,,304,0x130,test,2634,Normal,Normal,0.954644,True,0.954644,0.0023086858,0.009932328,0.014050798,0.019064201
test,Normal,RPM,1478201136.716651,1478201136.748072,4488192,0,0.0,-1,,399,0x18F,test,2635,Normal,Normal,0.95359224,True,0.95359224,0.008957708,0.0017311256,0.026637444,0.009081525
test,Gear,Gear,1478194867.85662,1478194867.886106,3069632,19,0.296875,2,29.0069580078125,1087,0x43F,test,2636,Gear,Gear,0.9857114,True,0.0042361333,0.00056769495,0.0018723333,0.9857114,0.007612524
test,Fuzzy,Fuzzy,1478197929.014608,1478197929.081287,2644864,34,0.53125,0,66.67900085449219,339,0x153,test,2637,Fuzzy,Fuzzy,0.9914659,True,0.0024696854,0.00024370494,0.9914659,0.0030622287,0.0027583865
test,Fuzzy,Fuzzy,1478198156.076615,1478198156.09717,2896448,27,0.421875,1,20.33209800720215,848,0x350,test,2638,Fuzzy,Fuzzy,0.9914602,True,0.0028717183,0.00025149822,0.9914602,0.0023012448,0.0031154018
test,DoS,DoS,1478200434.616957,1478200434.632829,2420224,35,0.546875,0,15.87200164794922,0,0x000,test,2639,DoS,DoS,0.9848911,True,0.007234657,0.9848911,0.0043496247,0.0016303309,0.0018942992
test,Fuzzy,Fuzzy,1478197738.886647,1478197738.970131,2468096,27,0.421875,0,83.48393440246582,399,0x18F,test,2640,Fuzzy,Fuzzy,0.99176735,True,0.0032017722,0.0003568025,0.99176735,0.0020347189,0.0026393395
test,Fuzzy,Fuzzy,1478197894.042754,1478197894.062753,2613248,26,0.40625,0,19.999027252197266,672,0x2A0,test,2641,Fuzzy,Fuzzy,0.99005353,True,0.0030972697,0.0003173021,0.99005353,0.0024209928,0.0041109296
test,Fuzzy,Fuzzy,1478197877.616149,1478197877.974613,2599552,34,0.53125,1,352.8449535369873,848,0x350,test,2642,Fuzzy,Fuzzy,0.99192154,True,0.0023208132,0.00027158787,0.99192154,0.0029268297,0.002559224
test,Fuzzy,Fuzzy,1478197846.032863,1478197846.308365,2568640,34,0.53125,1,274.9640941619873,1088,0x440,test,2643,Fuzzy,Fuzzy,0.99154925,True,0.0025703774,0.00030031218,0.99154925,0.002312069,0.003267918
test,Gear,Gear,1478194970.011708,1478194970.057733,3259584,21,0.328125,3,45.30596733093262,1087,0x43F,test,2644,Gear,Gear,0.9917046,True,0.0016561764,0.0007731409,0.0005375136,0.9917046,0.0053285733
test,Fuzzy,Fuzzy,1478197756.732098,1478197756.849369,2486848,25,0.390625,3,116.5621280670166,305,0x131,test,2645,Fuzzy,Fuzzy,0.9895085,True,0.003430095,0.00041023453,0.9895085,0.0021121483,0.004538947
test,Fuzzy,Fuzzy,1478198136.193299,1478198136.226623,2861952,22,0.34375,0,33.32400321960449,339,0x153,test,2646,Fuzzy,Fuzzy,0.98804575,True,0.003998213,0.00041788653,0.98804575,0.0022614668,0.0052767578
test,DoS,DoS,1478200492.042341,1478200492.094549,2502336,37,0.578125,1,51.962852478027344,0,0x000,test,2647,DoS,DoS,0.9871743,True,0.0069011757,0.9871743,0.0023350473,0.0014301252,0.0021593443
test,Normal,Gear,1478201071.978946,1478201072.012307,4189696,0,0.0,-1,,304,0x130,test,2648,Normal,Normal,0.97152764,True,0.97152764,0.0049002143,0.002250259,0.013778601,0.0075432523
test,Gear,Gear,1478195026.569426,1478195026.59155,3362112,18,0.28125,10,19.756078720092773,1087,0x43F,test,2649,Gear,Gear,0.9908013,True,0.0027988853,0.00071808184,0.0012886892,0.9908013,0.0043930137
test,DoS,DoS,1478200374.516693,1478200374.545329,2334656,34,0.53125,0,28.63597869873047,0,0x000,test,2650,DoS,DoS,0.98544365,True,0.007193859,0.98544365,0.003842611,0.0014358283,0.0020839758
test,DoS,DoS,1478200572.901654,1478200572.950422,2593024,35,0.546875,1,48.52509498596192,0,0x000,test,2651,DoS,DoS,0.9861854,True,0.0072908015,0.9861854,0.0030103063,0.0016799647,0.0018335261
test,RPM,RPM,1478192967.427457,1478192967.45128,3704704,21,0.328125,0,23.823022842407227,790,0x316,test,2652,RPM,RPM,0.9911005,True,0.0030557448,0.00035512948,0.00056494924,0.0049235686,0.9911005
test,Normal,Gear,1478201097.64644,1478201097.678653,4237248,0,0.0,-1,,2,0x002,test,2653,Normal,Normal,0.94895667,True,0.94895667,0.016970903,0.001358976,0.02420855,0.008504904
test,Normal,RPM,1478201113.745227,1478201113.777326,4445632,0,0.0,-1,,2,0x002,test,2654,Normal,Normal,0.9405838,True,0.9405838,0.002466409,0.0037166195,0.007458262,0.045774866
test,RPM,RPM,1478192925.169845,1478192925.211713,3628416,20,0.3125,4,40.92597961425781,790,0x316,test,2655,RPM,RPM,0.9933908,True,0.0028278793,0.00029932588,0.00097599847,0.002506017,0.9933908
test,DoS,DoS,1478200484.267066,1478200484.328164,2490304,33,0.515625,1,60.85419654846192,0,0x000,test,2656,DoS,DoS,0.9833588,True,0.006663584,0.9833588,0.0059140925,0.0015466044,0.0025169647
test,Normal,Fuzzy,1478201202.384328,1478201202.420248,3826496,0,0.0,-1,,305,0x131,test,2657,Normal,Normal,0.93212247,True,0.93212247,0.0020615794,0.0107531445,0.0439043,0.011158465
test,RPM,RPM,1478192864.817861,1478192864.853944,3509376,19,0.296875,3,35.34197807312012,790,0x316,test,2658,RPM,RPM,0.9887538,True,0.0037119503,0.00031994248,0.0006594804,0.006554872,0.9887538
test,RPM,RPM,1478192685.178715,1478192685.201216,3163264,19,0.296875,6,21.091938018798828,790,0x316,test,2659,RPM,RPM,0.9878269,True,0.0048239413,0.00021575422,0.0022168143,0.004916621,0.9878269
test,RPM,RPM,1478192730.561574,1478192730.586526,3260032,17,0.265625,7,23.21696281433105,790,0x316,test,2660,RPM,RPM,0.98302805,True,0.007609738,0.00022806397,0.003660714,0.0054734573,0.98302805
test,DoS,DoS,1478200374.545571,1478200374.605274,2334720,36,0.5625,1,59.46087837219238,0,0x000,test,2661,DoS,DoS,0.9850332,True,0.006920036,0.9850332,0.0042320075,0.0015375233,0.0022771498
test,RPM,RPM,1478192825.707307,1478192825.732613,3431872,20,0.3125,3,24.59406852722168,790,0x316,test,2662,RPM,RPM,0.9919315,True,0.002955331,0.00030061766,0.00079537334,0.0040171463,0.9919315
test,Fuzzy,Fuzzy,1478198135.064193,1478198135.096358,2860352,21,0.328125,4,31.23712539672852,339,0x153,test,2663,Fuzzy,Fuzzy,0.9906893,True,0.00439483,0.0002033788,0.9906893,0.0024499027,0.0022625495
test,Gear,Gear,1478195022.811967,1478195022.834148,3355008,20,0.3125,0,22.18103408813477,1087,0x43F,test,2664,Gear,Gear,0.9888721,True,0.0029863,0.0006557432,0.004962323,0.9888721,0.0025235491
test,Fuzzy,Fuzzy,1478197837.706669,1478197837.977345,2562368,31,0.484375,1,265.3019428253174,304,0x130,test,2665,Fuzzy,Fuzzy,0.9908091,True,0.0026816763,0.00026783725,0.9908091,0.002622466,0.0036188255
test,Normal,DoS,1478201157.044893,1478201157.080862,3569408,0,0.0,-1,,2,0x002,test,2666,Normal,Normal,0.89509,True,0.89509,0.0039774,0.0023390735,0.009214441,0.08937921
test,DoS,DoS,1478200434.332868,1478200434.364158,2419840,33,0.515625,0,31.28981590270996,0,0x000,test,2667,DoS,DoS,0.98494023,True,0.010375602,0.98494023,0.0016254,0.0013221581,0.0017365159
test,Normal,RPM,1478201115.266023,1478201115.297705,4448448,0,0.0,-1,,2,0x002,test,2668,Normal,Normal,0.9256504,True,0.9256504,0.012661744,0.0010692367,0.021281611,0.039337005
test,Fuzzy,Fuzzy,1478198043.533598,1478198043.809114,2746112,28,0.4375,0,275.5160331726074,304,0x130,test,2669,Fuzzy,Fuzzy,0.9925074,True,0.0026637025,0.00032505777,0.9925074,0.0020630022,0.0024408298
test,Gear,Gear,1478195085.536654,1478195085.596554,3466496,23,0.359375,1,53.52497100830078,1087,0x43F,test,2670,Gear,Gear,0.99069023,True,0.0016696443,0.0005973221,0.0006902407,0.99069023,0.0063525336
test,Normal,Gear,1478201032.235643,1478201032.271582,4116800,0,0.0,-1,,2,0x002,test,2671,Normal,Normal,0.77309555,True,0.77309555,0.002356275,0.005253919,0.021212965,0.19808127
test,Normal,Gear,1478201070.459222,1478201070.493342,4186880,0,0.0,-1,,305,0x131,test,2672,Normal,Normal,0.9750786,True,0.9750786,0.005240949,0.0023274617,0.004426301,0.012926719
test,DoS,DoS,1478200410.808106,1478200410.824054,2388992,35,0.546875,0,15.948057174682615,0,0x000,test,2673,DoS,DoS,0.98430276,True,0.0069797616,0.98430276,0.005046653,0.0016579516,0.002012803
test,DoS,DoS,1478200519.312655,1478200519.44395,2536320,33,0.515625,1,131.04796409606934,0,0x000,test,2674,DoS,DoS,0.98460764,True,0.0064877993,0.98460764,0.005268614,0.0015895976,0.002046297
test,Gear,Gear,1478194987.791673,1478194987.81408,3292160,18,0.28125,9,20.15995979309082,1087,0x43F,test,2675,Gear,Gear,0.99066997,True,0.0025431302,0.0007215368,0.003041375,0.99066997,0.0030238992
test,DoS,DoS,1478200458.673272,1478200458.842176,2454208,32,0.5,3,146.30794525146484,0,0x000,test,2676,DoS,DoS,0.98393065,True,0.006760289,0.98393065,0.005380051,0.0015871121,0.0023418725
test,Gear,Gear,1478194958.108739,1478194958.154429,3236352,21,0.328125,0,45.690059661865234,1087,0x43F,test,2677,Gear,Gear,0.9902012,True,0.0025363727,0.0008455939,0.00074456306,0.9902012,0.0056722
test,RPM,RPM,1478192774.972511,1478192775.019577,3347584,24,0.375,0,47.06597328186035,790,0x316,test,2678,RPM,RPM,0.9924964,True,0.0023394427,0.0002516744,0.0010656307,0.0038469206,0.9924964
test,Fuzzy,Fuzzy,1478197927.630536,1478197927.694202,2643264,30,0.46875,2,63.01093101501465,399,0x18F,test,2679,Fuzzy,Fuzzy,0.9897239,True,0.003656015,0.0004557106,0.9897239,0.0016969942,0.0044672657
test,RPM,RPM,1478192960.971885,1478192961.001255,3692800,28,0.4375,1,29.135942459106445,790,0x316,test,2680,RPM,RPM,0.99195534,True,0.0023930094,0.0002266234,0.0026739622,0.0027510845,0.99195534
test,Gear,Gear,1478194989.693758,1478194989.723737,3296384,22,0.34375,5,28.528928756713867,1087,0x43F,test,2681,Gear,Gear,0.9936608,True,0.001592711,0.0006020593,0.001558286,0.9936608,0.0025860919
test,Normal,Fuzzy,1478201188.015181,1478201188.046311,3799872,0,0.0,-1,,399,0x18F,test,2682,Normal,Normal,0.90775174,True,0.90775174,0.009356732,0.0012461415,0.027884766,0.0537606
test,DoS,DoS,1478200473.482627,1478200473.524617,2475968,35,0.546875,0,41.990041732788086,0,0x000,test,2683,DoS,DoS,0.98747593,True,0.0063270093,0.98747593,0.0022310624,0.0016262885,0.0023398073
test,Fuzzy,Fuzzy,1478197795.263463,1478197795.386654,2523200,27,0.421875,1,122.79295921325684,399,0x18F,test,2684,Fuzzy,Fuzzy,0.9914136,True,0.0026812071,0.0002692768,0.9914136,0.002352662,0.003283303
test,DoS,DoS,1478200556.604043,1478200556.755849,2576768,27,0.421875,4,129.91976737976074,0,0x000,test,2685,DoS,DoS,0.9844281,True,0.007415611,0.9844281,0.0044179927,0.0014795649,0.00225877
test,Normal,RPM,1478201151.594363,1478201151.62647,4515712,0,0.0,-1,,304,0x130,test,2686,Normal,Normal,0.96806675,True,0.96806675,0.0057560606,0.0025833815,0.014897949,0.008695857
test,Gear,Gear,1478195060.347174,1478195060.38164,3421376,21,0.328125,0,34.46602821350098,1087,0x43F,test,2687,Gear,Gear,0.99239916,True,0.0022127836,0.0005941932,0.0012019388,0.99239916,0.0035918874
test,RPM,RPM,1478192754.811973,1478192754.838539,3311168,22,0.34375,4,25.5429744720459,790,0x316,test,2688,RPM,RPM,0.99304986,True,0.0026163738,0.00026889573,0.00096507184,0.0030999102,0.99304986
test,DoS,DoS,1478200320.786135,1478200320.874102,2289536,35,0.546875,0,87.9671573638916,0,0x000,test,2689,DoS,DoS,0.98226166,True,0.0062757037,0.98226166,0.00722151,0.0018002035,0.0024408675
test,Fuzzy,Fuzzy,1478197749.223741,1478197749.362807,2477824,25,0.390625,0,139.06598091125488,2,0x002,test,2690,Fuzzy,Fuzzy,0.98844945,True,0.0038583959,0.00045884715,0.98844945,0.002078954,0.005154332
test,Normal,RPM,1478201101.724655,1478201101.756252,4423360,0,0.0,-1,,2,0x002,test,2691,Normal,Normal,0.9612984,True,0.9612984,0.0048367456,0.0017908841,0.02760974,0.0044641597
test,Gear,Gear,1478195081.116704,1478195081.148989,3458368,21,0.328125,1,32.05084800720215,1087,0x43F,test,2692,Gear,Gear,0.9901714,True,0.0023687915,0.0005821158,0.001178099,0.9901714,0.005699635
test,DoS,DoS,1478200434.883099,1478200434.912758,2420672,34,0.53125,0,29.659032821655277,0,0x000,test,2693,DoS,DoS,0.9871405,True,0.008565499,0.9871405,0.0010599619,0.0013932618,0.001840806
test,Gear,Gear,1478195000.645494,1478195000.670631,3316416,22,0.34375,0,25.136947631835938,1087,0x43F,test,2694,Gear,Gear,0.9929213,True,0.0019380291,0.00079420133,0.0011486632,0.9929213,0.0031978472
test,Fuzzy,Fuzzy,1478198043.814804,1478198044.173035,2746176,38,0.59375,0,358.2308292388916,790,0x316,test,2695,Fuzzy,Fuzzy,0.9930854,True,0.0021577347,0.00025460834,0.9930854,0.0021894693,0.0023128383
test,Normal,DoS,1478201166.614529,1478201166.646702,3587136,0,0.0,-1,,305,0x131,test,2696,Normal,Normal,0.95394176,True,0.95394176,0.003224293,0.0053057396,0.027907988,0.009620175
test,Fuzzy,Fuzzy,1478198140.407825,1478198140.463729,2869568,24,0.375,0,55.90391159057617,2,0x002,test,2697,Fuzzy,Fuzzy,0.9878605,True,0.003569093,0.0005043739,0.9878605,0.0020558604,0.0060101557
test,DoS,DoS,1478200351.46515,1478200351.649336,2313728,39,0.609375,0,184.18598175048828,0,0x000,test,2698,DoS,DoS,0.9873834,True,0.0057532378,0.9873834,0.0031289554,0.0015909,0.0021434824
test,Fuzzy,Fuzzy,1478197943.688971,1478197943.709669,2660224,23,0.359375,5,19.54007148742676,399,0x18F,test,2699,Fuzzy,Fuzzy,0.9905883,True,0.0035895691,0.00027124095,0.9905883,0.0022306917,0.003320168
test,Gear,Gear,1478195092.229723,1478195092.256026,3479680,18,0.28125,2,25.815963745117188,1087,0x43F,test,2700,Gear,Gear,0.9881237,True,0.0040282905,0.00069876143,0.0024762081,0.9881237,0.0046730507
test,Gear,Gear,1478194865.778176,1478194865.815285,3064960,22,0.34375,0,37.1088981628418,1087,0x43F,test,2701,Gear,Gear,0.98463136,True,0.0036580192,0.0005034431,0.008138473,0.98463136,0.0030687146
test,Gear,Gear,1478194879.688469,1478194879.721355,3091392,20,0.3125,1,32.64498710632324,1087,0x43F,test,2702,Gear,Gear,0.98893577,True,0.0032172108,0.00049170613,0.002978288,0.98893577,0.0043769777
test,RPM,RPM,1478192936.501205,1478192936.547235,3646656,17,0.265625,2,45.567989349365234,790,0x316,test,2703,RPM,RPM,0.99033445,True,0.0048213797,0.0004764565,0.0005804362,0.0037872954,0.99033445
test,Normal,Gear,1478201120.895432,1478201120.927791,4280320,0,0.0,-1,,2,0x002,test,2704,Normal,Normal,0.9456779,True,0.9456779,0.0017341181,0.005770584,0.018555801,0.02826167
test,DoS,DoS,1478200529.125828,1478200529.278931,2545152,36,0.5625,1,152.85587310791016,0,0x000,test,2705,DoS,DoS,0.98790735,True,0.006237226,0.98790735,0.0025781167,0.0017165783,0.0015606981
test,Normal,DoS,1478201170.070052,1478201170.103368,3593536,0,0.0,-1,,399,0x18F,test,2706,Normal,Normal,0.94617665,True,0.94617665,0.0014572979,0.029336205,0.01848219,0.0045477217
test,DoS,DoS,1478200391.890781,1478200391.935227,2362048,41,0.640625,0,44.44599151611328,0,0x000,test,2707,DoS,DoS,0.98630166,True,0.0059180497,0.98630166,0.004024924,0.0016566261,0.0020987452
test,DoS,DoS,1478200451.829057,1478200451.85835,2444416,38,0.59375,1,29.04510498046875,0,0x000,test,2708,DoS,DoS,0.9868782,True,0.006848698,0.9868782,0.0028401404,0.0016857816,0.0017471709
test,Gear,Gear,1478194978.074593,1478194978.102145,3273920,18,0.28125,0,27.551889419555664,1087,0x43F,test,2709,Gear,Gear,0.98808753,True,0.0049668737,0.0008217185,0.002821759,0.98808753,0.003302148
test,Normal,DoS,1478201147.014574,1478201147.046616,3551296,0,0.0,-1,,304,0x130,test,2710,Normal,Normal,0.95871514,True,0.95871514,0.002602727,0.00642622,0.022157058,0.010098883
test,Normal,Gear,1478201005.087003,1478201005.119728,4066496,0,0.0,-1,,399,0x18F,test,2711,Normal,Normal,0.9480357,True,0.9480357,0.0065059406,0.0017250315,0.0382314,0.0055018635
test,Normal,Fuzzy,1478201173.368143,1478201173.401538,3772736,0,0.0,-1,,672,0x2A0,test,2712,Normal,Normal,0.9482009,True,0.9482009,0.0040505207,0.004020809,0.03341426,0.0103135165
test,Gear,Gear,1478194924.155711,1478194924.183311,3177664,21,0.328125,3,26.894092559814453,1087,0x43F,test,2713,Gear,Gear,0.99152595,True,0.0025692666,0.0006007085,0.0025999877,0.99152595,0.0027040658
test,Normal,RPM,1478201060.093254,1478201060.129991,4346240,0,0.0,-1,,2,0x002,test,2714,Normal,Normal,0.9088983,True,0.9088983,0.004007361,0.0029834658,0.07217794,0.011932889
test,DoS,DoS,1478200552.435412,1478200552.472059,2569920,37,0.578125,1,36.40294075012207,0,0x000,test,2715,DoS,DoS,0.98378235,True,0.0062312507,0.98378235,0.0060565392,0.0018133161,0.0021165358
test,Fuzzy,Fuzzy,1478197797.121372,1478197797.178414,2524480,22,0.34375,1,56.82706832885742,304,0x130,test,2716,Fuzzy,Fuzzy,0.9904805,True,0.003968925,0.00026275433,0.9904805,0.0024930579,0.0027946925
test,RPM,RPM,1478192852.860929,1478192852.888706,3484416,20,0.3125,3,27.065038681030277,790,0x316,test,2717,RPM,RPM,0.9918705,True,0.0030833606,0.00042033597,0.00043004137,0.00419571,0.9918705
test,Gear,Gear,1478194991.025363,1478194991.048738,3299328,20,0.3125,3,22.671937942504883,1087,0x43F,test,2718,Gear,Gear,0.9928559,True,0.0023754733,0.00062428275,0.0009645429,0.9928559,0.0031797665
test,DoS,DoS,1478200442.322014,1478200442.362365,2430016,32,0.5,0,40.35091400146485,0,0x000,test,2719,DoS,DoS,0.9870135,True,0.008664671,0.9870135,0.001121918,0.0016401521,0.0015597091
test,DoS,DoS,1478200533.486945,1478200533.502901,2551680,35,0.546875,0,15.95616340637207,0,0x000,test,2720,DoS,DoS,0.9827702,True,0.0068449765,0.9827702,0.006438517,0.0016702655,0.0022760506
test,Normal,RPM,1478201084.864026,1478201084.89782,4392128,0,0.0,-1,,2,0x002,test,2721,Normal,Normal,0.9634053,True,0.9634053,0.008459467,0.001424872,0.02223379,0.004476533
test,RPM,RPM,1478192702.405086,1478192702.429926,3201280,22,0.34375,3,24.14202690124512,790,0x316,test,2722,RPM,RPM,0.9914278,True,0.0028132338,0.00021836083,0.0015929659,0.003947738,0.9914278
test,Fuzzy,Fuzzy,1478197980.795833,1478197981.069451,2694592,28,0.4375,0,273.6179828643799,399,0x18F,test,2723,Fuzzy,Fuzzy,0.9923611,True,0.002971447,0.00030554456,0.9923611,0.0019947174,0.0023671663
test,Gear,Gear,1478194853.389715,1478194853.414345,3038272,21,0.328125,1,24.03903007507324,1087,0x43F,test,2724,Gear,Gear,0.98978686,True,0.0030450867,0.0005250197,0.002654452,0.98978686,0.003988497
test,DoS,DoS,1478200334.919185,1478200335.119813,2302208,34,0.53125,1,200.3798484802246,0,0x000,test,2725,DoS,DoS,0.9851966,True,0.0056873825,0.9851966,0.0051184567,0.0015747667,0.0024227893
test,RPM,RPM,1478192689.660568,1478192689.684251,3172736,20,0.3125,0,23.68307113647461,790,0x316,test,2726,RPM,RPM,0.9905585,True,0.0033928165,0.00034328358,0.00062259706,0.0050827544,0.9905585
test,Fuzzy,Fuzzy,1478198042.108877,1478198042.378697,2745792,29,0.453125,3,263.25488090515137,2,0x002,test,2727,Fuzzy,Fuzzy,0.9884558,True,0.0035564473,0.0004468734,0.9884558,0.0016021568,0.0059387824
test,Gear,Gear,1478194911.712443,1478194911.778863,3155264,23,0.359375,0,66.41983985900879,1087,0x43F,test,2728,Gear,Gear,0.9932949,True,0.001989185,0.00053289195,0.0014827393,0.9932949,0.0027003125
test,RPM,RPM,1478192814.332031,1478192814.368133,3410432,18,0.28125,4,35.18199920654297,790,0x316,test,2729,RPM,RPM,0.98799163,True,0.003761707,0.00022776256,0.0015907555,0.006428263,0.98799163
test,Fuzzy,Fuzzy,1478198095.261779,1478198095.304594,2796480,20,0.3125,2,42.350053787231445,399,0x18F,test,2730,Fuzzy,Fuzzy,0.98829144,True,0.0044389195,0.0004300855,0.98829144,0.0020517018,0.0047878744
test,Gear,Gear,1478194977.85086,1478194977.882945,3273536,20,0.3125,2,31.519174575805664,1087,0x43F,test,2731,Gear,Gear,0.9872092,True,0.0024736852,0.00040623057,0.002348838,0.9872092,0.0075620487
test,Normal,Gear,1478201011.891511,1478201011.922972,4079104,0,0.0,-1,,2,0x002,test,2732,Normal,Normal,0.96044135,True,0.96044135,0.0036197242,0.002708729,0.01349886,0.019731348
test,Normal,DoS,1478201064.531208,1478201064.568608,3398528,0,0.0,-1,,305,0x131,test,2733,Normal,Normal,0.936155,True,0.936155,0.0008269161,0.04120463,0.008451819,0.013361637
test,RPM,RPM,1478192890.960115,1478192890.989476,3564096,20,0.3125,1,29.13498878479004,790,0x316,test,2734,RPM,RPM,0.99104625,True,0.0031130868,0.0003180619,0.0007604621,0.004762132,0.99104625
test,Normal,DoS,1478201122.980327,1478201123.016563,3506816,0,0.0,-1,,2,0x002,test,2735,Normal,Normal,0.884746,True,0.884746,0.008896033,0.001026243,0.044465322,0.060866416
test,Normal,RPM,1478201038.952538,1478201038.9901,4307072,0,0.0,-1,,305,0x131,test,2736,Normal,Normal,0.9712667,True,0.9712667,0.0026239047,0.0037172085,0.014656839,0.007735316
test,Gear,Gear,1478195079.320951,1478195079.37077,3455680,20,0.3125,0,49.818992614746094,1087,0x43F,test,2737,Gear,Gear,0.9868016,True,0.0049575227,0.0008952859,0.004557403,0.9868016,0.002788144
test,Normal,Gear,1478201156.341619,1478201156.37442,4345472,0,0.0,-1,,2,0x002,test,2738,Normal,Normal,0.9607497,True,0.9607497,0.0034966578,0.0039279694,0.022802299,0.00902348
test,RPM,RPM,1478192924.793145,1478192924.839999,3627776,24,0.375,2,46.386003494262695,790,0x316,test,2739,RPM,RPM,0.98989034,True,0.00327643,0.00020260928,0.0028615561,0.003769104,0.98989034
test,Normal,DoS,1478201180.122589,1478201180.154609,3612160,0,0.0,-1,,2,0x002,test,2740,Normal,Normal,0.9331802,True,0.9331802,0.005294593,0.00263785,0.02172386,0.037163507
test,Fuzzy,Fuzzy,1478197887.922119,1478197888.180456,2607168,25,0.390625,0,258.33702087402344,339,0x153,test,2741,Fuzzy,Fuzzy,0.98797,True,0.003854772,0.0004505879,0.98797,0.0022343202,0.0054903915
test,Fuzzy,Fuzzy,1478197968.421937,1478197968.442909,2685312,23,0.359375,5,19.7908878326416,2,0x002,test,2742,Fuzzy,Fuzzy,0.9913318,True,0.0030680737,0.00031037684,0.9913318,0.0021070018,0.0031827267
test,Normal,Gear,1478201157.860531,1478201157.894347,4348288,0,0.0,-1,,2,0x002,test,2743,Normal,Normal,0.9737162,True,0.9737162,0.002670118,0.003970355,0.010760222,0.008883119
test,Fuzzy,Fuzzy,1478197852.549572,1478197852.56982,2575616,22,0.34375,1,20.02882957458496,880,0x370,test,2744,Fuzzy,Fuzzy,0.98985696,True,0.0032909135,0.00027251831,0.98985696,0.0025781149,0.0040015066
test,Fuzzy,Fuzzy,1478198142.412906,1478198142.442181,2872768,24,0.375,0,29.27517890930176,320,0x140,test,2745,Fuzzy,Fuzzy,0.9886656,True,0.0038712544,0.00051844376,0.9886656,0.0020423445,0.0049023894
test,RPM,RPM,1478192870.812727,1478192870.836144,3521792,20,0.3125,0,23.416996002197266,790,0x316,test,2746,RPM,RPM,0.992566,True,0.002962804,0.00030188102,0.00083661143,0.00333262,0.992566
test,Gear,Gear,1478194931.057804,1478194931.09395,3189248,17,0.265625,8,34.23309326171875,1087,0x43F,test,2747,Gear,Gear,0.99137324,True,0.0038835122,0.0011648091,0.0016459404,0.99137324,0.001932436
test,DoS,DoS,1478200564.476323,1478200564.578387,2582912,37,0.578125,0,102.06413269042967,0,0x000,test,2748,DoS,DoS,0.9874786,True,0.0068038744,0.9874786,0.0021065627,0.0015773234,0.0020336371
test,Normal,Fuzzy,1478201062.408675,1478201062.440411,3567680,0,0.0,-1,,2,0x002,test,2749,Normal,Normal,0.97060734,True,0.97060734,0.0027080623,0.004308428,0.014342676,0.0080335215
test,RPM,RPM,1478192937.458902,1478192937.490678,3648192,21,0.328125,0,31.77618980407715,790,0x316,test,2750,RPM,RPM,0.9918601,True,0.003431883,0.00027200158,0.0012759478,0.0031601083,0.9918601
test,Gear,Gear,1478194866.415046,1478194866.438187,3066368,19,0.296875,0,23.140907287597656,1087,0x43F,test,2751,Gear,Gear,0.98966366,True,0.003461007,0.0008148887,0.00091457716,0.98966366,0.005145888
test,DoS,DoS,1478200490.982665,1478200491.013139,2500992,36,0.5625,0,30.47394752502441,0,0x000,test,2752,DoS,DoS,0.98422974,True,0.006628144,0.98422974,0.005331194,0.0015958927,0.0022149489
test,Fuzzy,Fuzzy,1478197973.311764,1478197973.664493,2686656,29,0.453125,1,346.7741012573242,305,0x131,test,2753,Fuzzy,Fuzzy,0.9916215,True,0.0026451761,0.00030988865,0.9916215,0.0022950643,0.003128393
test,Fuzzy,Fuzzy,1478197904.720825,1478197904.897227,2621632,21,0.328125,0,176.40209197998047,305,0x131,test,2754,Fuzzy,Fuzzy,0.98933303,True,0.0035582357,0.0003768248,0.98933303,0.002461379,0.004270606
test,Gear,Gear,1478194987.909811,1478194987.931622,3292480,18,0.28125,0,21.81100845336914,1087,0x43F,test,2755,Gear,Gear,0.9906001,True,0.0032259463,0.00077417423,0.0020366288,0.9906001,0.0033631003
test,RPM,RPM,1478192690.980738,1478192691.00422,3176256,19,0.296875,1,22.96590805053711,790,0x316,test,2756,RPM,RPM,0.9913139,True,0.00389848,0.0002731543,0.0011574328,0.0033571809,0.9913139
test,DoS,DoS,1478200552.089215,1478200552.156678,2569472,35,0.546875,0,67.46292114257812,0,0x000,test,2757,DoS,DoS,0.983045,True,0.00678083,0.983045,0.006453628,0.001513238,0.002207308
test,Fuzzy,Fuzzy,1478197757.516826,1478197757.55988,2487296,26,0.40625,0,43.05410385131836,2,0x002,test,2758,Fuzzy,Fuzzy,0.98827785,True,0.003593588,0.00042992455,0.98827785,0.002254913,0.0054437425
test,Fuzzy,Fuzzy,1478198086.048059,1478198086.121924,2783168,22,0.34375,6,70.25599479675293,339,0x153,test,2759,Fuzzy,Fuzzy,0.98931795,True,0.003520662,0.00025019277,0.98931795,0.0033071414,0.0036041078
test,Fuzzy,Fuzzy,1478198027.756277,1478198028.12158,2735168,31,0.484375,0,365.30280113220215,399,0x18F,test,2760,Fuzzy,Fuzzy,0.99134046,True,0.0024153856,0.00026759962,0.99134046,0.0027265162,0.0032499623
test,Normal,Fuzzy,1478201133.810565,1478201133.845373,3699968,0,0.0,-1,,608,0x260,test,2761,Normal,Normal,0.9645929,True,0.9645929,0.0035982314,0.0031315533,0.01660687,0.012070446
test,DoS,DoS,1478200498.376172,1478200498.477948,2510720,38,0.59375,1,101.531982421875,0,0x000,test,2762,DoS,DoS,0.9870432,True,0.005695392,0.9870432,0.003582405,0.0015891679,0.0020897875
test,RPM,RPM,1478192753.893798,1478192753.916475,3308672,21,0.328125,1,22.45116233825684,790,0x316,test,2763,RPM,RPM,0.99095434,True,0.003204108,0.00023651478,0.0013042269,0.0043007196,0.99095434
test,Normal,RPM,1478201109.426437,1478201109.460237,4437632,0,0.0,-1,,2,0x002,test,2764,Normal,Normal,0.9568717,True,0.9568717,0.0034803061,0.004913557,0.0065162494,0.02821814
test,Normal,RPM,1478201074.777649,1478201074.810057,4373440,0,0.0,-1,,304,0x130,test,2765,Normal,Normal,0.93437976,True,0.93437976,0.0018043758,0.00972762,0.00941024,0.044678055
test,Fuzzy,Fuzzy,1478198094.965331,1478198095.016133,2796032,25,0.390625,1,45.42207717895508,2,0x002,test,2766,Fuzzy,Fuzzy,0.99123317,True,0.0027910888,0.00022542819,0.99123317,0.0033319213,0.0024184317
test,Gear,Gear,1478195000.833293,1478195000.887588,3316928,26,0.40625,1,54.06403541564941,1087,0x43F,test,2767,Gear,Gear,0.990635,True,0.0015765615,0.0005137663,0.0023474642,0.990635,0.004927206
test,RPM,RPM,1478192879.610499,1478192879.635178,3540032,21,0.328125,0,24.679183959960938,790,0x316,test,2768,RPM,RPM,0.9905434,True,0.003119281,0.00030804187,0.00079279556,0.005236472,0.9905434
test,Gear,Gear,1478194865.625408,1478194865.657157,3064576,19,0.296875,0,31.74901008605957,1087,0x43F,test,2769,Gear,Gear,0.99212193,True,0.0032113187,0.0010757088,0.0008900683,0.99212193,0.0027010015
test,Gear,Gear,1478194944.443053,1478194944.467241,3212928,21,0.328125,3,23.28014373779297,1087,0x43F,test,2770,Gear,Gear,0.9918311,True,0.0020928073,0.0006181535,0.0019549283,0.9918311,0.0035030332
test,Gear,Gear,1478195086.820244,1478195086.851072,3468864,18,0.28125,1,30.59601783752441,1087,0x43F,test,2771,Gear,Gear,0.99117094,True,0.004143027,0.0008992629,0.0016475753,0.99117094,0.002139132
test,Fuzzy,Fuzzy,1478198168.560388,1478198168.600532,2917568,25,0.390625,1,39.79802131652832,339,0x153,test,2772,Fuzzy,Fuzzy,0.9878675,True,0.004170961,0.00042742933,0.9878675,0.0021301135,0.005404012
test,DoS,DoS,1478200624.171678,1478200624.187637,2650176,35,0.546875,1,15.712976455688477,0,0x000,test,2773,DoS,DoS,0.9858102,True,0.008097531,0.9858102,0.0029352524,0.0015419804,0.0016150948
test,RPM,RPM,1478192749.19675,1478192749.221535,3299328,21,0.328125,0,24.78504180908203,790,0x316,test,2774,RPM,RPM,0.99079716,True,0.003810018,0.00026229848,0.0012064705,0.0039240094,0.99079716
test,Normal,Gear,1478201016.59012,1478201016.621557,4087808,0,0.0,-1,,2,0x002,test,2775,Normal,Normal,0.8609924,True,0.8609924,0.0077988147,0.0012728099,0.011877717,0.11805823
test,DoS,DoS,1478200490.711665,1478200490.78038,2500608,33,0.515625,0,68.71509552001953,0,0x000,test,2776,DoS,DoS,0.98414826,True,0.0070201885,0.98414826,0.0052257525,0.0016306767,0.0019752255
test,DoS,DoS,1478200387.653446,1478200387.670106,2355840,36,0.5625,0,16.659975051879883,0,0x000,test,2777,DoS,DoS,0.9821914,True,0.00652864,0.9821914,0.0070110825,0.001681293,0.0025875876
test,Gear,Gear,1478194945.157953,1478194945.235831,3214016,17,0.265625,0,77.87799835205078,1087,0x43F,test,2778,Gear,Gear,0.99019426,True,0.002629823,0.0006967973,0.0008277115,0.99019426,0.005651429
test,Normal,DoS,1478201179.465145,1478201179.499095,3610944,0,0.0,-1,,304,0x130,test,2779,Normal,Normal,0.9463517,True,0.9463517,0.0049236813,0.0029363108,0.039931323,0.005856972
test,RPM,RPM,1478192851.645352,1478192851.671835,3481408,18,0.28125,5,25.276899337768555,790,0x316,test,2780,RPM,RPM,0.98842865,True,0.0044837655,0.00031202956,0.000986985,0.005788664,0.98842865
test,Fuzzy,Fuzzy,1478198144.183967,1478198144.243824,2875776,28,0.4375,7,58.16507339477539,399,0x18F,test,2781,Fuzzy,Fuzzy,0.9893189,True,0.003446875,0.00040140538,0.9893189,0.0021797896,0.0046530617
test,RPM,RPM,1478192691.754666,1478192691.784171,3178304,21,0.328125,2,28.97500991821289,790,0x316,test,2782,RPM,RPM,0.9940584,True,0.0022642082,0.00029988142,0.00070575124,0.0026717782,0.9940584
test,Gear,Gear,1478194893.616954,1478194893.640046,3118336,19,0.296875,2,22.62282371520996,1087,0x43F,test,2783,Gear,Gear,0.9878705,True,0.0039514345,0.00048289783,0.0027843856,0.9878705,0.0049107107
test,DoS,DoS,1478200383.920221,1478200383.953387,2349248,34,0.53125,1,32.913923263549805,0,0x000,test,2784,DoS,DoS,0.98755425,True,0.007504029,0.98755425,0.0016566187,0.0015127169,0.0017722562
test,Fuzzy,Fuzzy,1478198175.604056,1478198175.653302,2929344,25,0.390625,0,49.24607276916504,399,0x18F,test,2785,Fuzzy,Fuzzy,0.9898296,True,0.0032618882,0.00033734582,0.9898296,0.002706575,0.0038645146
test,RPM,RPM,1478192896.135537,1478192896.160864,3574400,23,0.359375,0,25.327205657958984,790,0x316,test,2786,RPM,RPM,0.99213964,True,0.0029555538,0.00026150513,0.0010164863,0.003626876,0.99213964
test,Normal,DoS,1478201204.339873,1478201204.372275,3657024,0,0.0,-1,,2,0x002,test,2787,Normal,Normal,0.9110701,True,0.9110701,0.024808332,0.000566321,0.04230006,0.021255292
test,Fuzzy,Fuzzy,1478197861.759093,1478197861.956182,2583424,28,0.4375,0,197.0889568328857,2,0x002,test,2788,Fuzzy,Fuzzy,0.9915268,True,0.0026756644,0.00029584247,0.9915268,0.0020010336,0.0035007382
test,DoS,DoS,1478200427.800649,1478200427.847671,2409024,32,0.5,1,46.7839241027832,0,0x000,test,2789,DoS,DoS,0.9840552,True,0.0073340978,0.9840552,0.005104617,0.0016698006,0.0018363517
test,Normal,RPM,1478201052.737975,1478201052.770222,4332608,0,0.0,-1,,2,0x002,test,2790,Normal,Normal,0.9638532,True,0.9638532,0.0043643117,0.002017477,0.0184146,0.011350399
test,Fuzzy,Fuzzy,1478197745.3399,1478197745.390638,2475776,26,0.40625,2,50.27222633361816,305,0x131,test,2791,Fuzzy,Fuzzy,0.98567617,True,0.0046691597,0.0006656423,0.98567617,0.001863305,0.00712566
test,Normal,RPM,1478201056.675189,1478201056.708896,4339904,0,0.0,-1,,339,0x153,test,2792,Normal,Normal,0.9491796,True,0.9491796,0.002724499,0.0059657916,0.02193625,0.020193927
test,RPM,RPM,1478192762.085607,1478192762.126841,3325824,21,0.328125,2,40.76814651489258,790,0x316,test,2793,RPM,RPM,0.9906,True,0.002477719,0.00042002182,0.0003621104,0.006140202,0.9906
test,DoS,DoS,1478200451.02922,1478200451.110427,2443392,35,0.546875,0,81.2067985534668,0,0x000,test,2794,DoS,DoS,0.9860525,True,0.009018726,0.9860525,0.0018758343,0.0012768178,0.0017761058
test,DoS,DoS,1478200429.929539,1478200429.949001,2412160,34,0.53125,0,19.462108612060547,0,0x000,test,2795,DoS,DoS,0.98601806,True,0.006958697,0.98601806,0.0035860278,0.0015544493,0.0018827036
test,DoS,DoS,1478200366.461941,1478200366.678292,2325760,35,0.546875,1,216.1049842834473,0,0x000,test,2796,DoS,DoS,0.9849657,True,0.0066640927,0.9849657,0.0046979124,0.0016114459,0.002060878
test,DoS,DoS,1478200388.416192,1478200388.449434,2357184,36,0.5625,0,33.241987228393555,0,0x000,test,2797,DoS,DoS,0.9860271,True,0.006043377,0.9860271,0.0040691076,0.001837932,0.002022487
test,DoS,DoS,1478200484.216152,1478200484.266816,2490240,35,0.546875,0,50.66394805908203,0,0x000,test,2798,DoS,DoS,0.985649,True,0.006160411,0.985649,0.0042341864,0.0015853998,0.0023710039
test,Gear,Gear,1478195066.136623,1478195066.171979,3431744,20,0.3125,4,32.23395347595215,1087,0x43F,test,2799,Gear,Gear,0.98921865,True,0.0027049223,0.0006225438,0.004658986,0.98921865,0.0027948811
test,Normal,Gear,1478201204.360114,1478201204.392301,4434432,0,0.0,-1,,2,0x002,test,2800,Normal,Normal,0.9019416,True,0.9019416,0.04651922,0.00052724173,0.042646736,0.00836516
test,RPM,RPM,1478192716.835897,1478192716.875353,3233344,18,0.28125,1,39.0009880065918,790,0x316,test,2801,RPM,RPM,0.98118985,True,0.006531715,0.00045238112,0.0005299913,0.011296183,0.98118985
test,RPM,RPM,1478192774.265208,1478192774.295451,3346688,18,0.28125,4,29.3118953704834,790,0x316,test,2802,RPM,RPM,0.98992294,True,0.00435553,0.0005713342,0.00035412688,0.0047959653,0.98992294
test,Normal,Fuzzy,1478201098.367713,1478201098.400717,3634304,0,0.0,-1,,304,0x130,test,2803,Normal,Normal,0.96309596,True,0.96309596,0.0015578588,0.011186736,0.007818949,0.016340543
test,DoS,DoS,1478200634.067038,1478200634.166119,2658944,35,0.546875,0,99.08103942871094,0,0x000,test,2804,DoS,DoS,0.98454547,True,0.006301126,0.98454547,0.005238991,0.0018021361,0.0021122287
test,Gear,Gear,1478195060.497028,1478195060.521077,3421632,21,0.328125,2,23.581981658935547,1087,0x43F,test,2805,Gear,Gear,0.9897344,True,0.002480771,0.0005079843,0.0015725713,0.9897344,0.0057043317
test,Normal,Fuzzy,1478201018.138769,1478201018.172241,3486400,0,0.0,-1,,2,0x002,test,2806,Normal,Normal,0.94487417,True,0.94487417,0.0051121907,0.0019850386,0.033131063,0.0148975905
test,RPM,RPM,1478192708.610217,1478192708.632188,3215232,20,0.3125,1,21.744966506958008,790,0x316,test,2807,RPM,RPM,0.98740864,True,0.004225134,0.0002139109,0.005104192,0.0030481562,0.98740864
test,DoS,DoS,1478200505.103908,1478200505.353409,2520832,37,0.578125,0,249.50098991394043,0,0x000,test,2808,DoS,DoS,0.98633367,True,0.006067482,0.98633367,0.0038362476,0.0019358697,0.0018267953
test,DoS,DoS,1478200631.804339,1478200631.820424,2657728,35,0.546875,0,16.085147857666016,0,0x000,test,2809,DoS,DoS,0.98282975,True,0.006785768,0.98282975,0.0064046443,0.0016261531,0.0023537846
test,Normal,RPM,1478201191.922388,1478201191.954172,4589952,0,0.0,-1,,2,0x002,test,2810,Normal,Normal,0.9177772,True,0.9177772,0.020834869,0.0007986148,0.04317561,0.017413713
test,Gear,Gear,1478194880.769301,1478194880.817208,3093312,19,0.296875,0,47.90711402893066,1087,0x43F,test,2811,Gear,Gear,0.9906337,True,0.002809496,0.0010215739,0.0006143354,0.9906337,0.0049208463
test,RPM,RPM,1478192756.280978,1478192756.307953,3314688,20,0.3125,4,25.88677406311035,790,0x316,test,2812,RPM,RPM,0.9860005,True,0.004640267,0.0001854518,0.004375801,0.004797998,0.9860005
test,DoS,DoS,1478200612.564171,1478200612.715935,2636608,34,0.53125,1,151.5181064605713,0,0x000,test,2813,DoS,DoS,0.98486024,True,0.0062472783,0.98486024,0.005207491,0.0016499495,0.0020349852
test,DoS,DoS,1478200392.123086,1478200392.150853,2362368,38,0.59375,0,27.766942977905277,0,0x000,test,2814,DoS,DoS,0.9867509,True,0.007174925,0.9867509,0.0028627221,0.0014925055,0.0017189843
test,Normal,DoS,1478201191.419216,1478201191.453017,3633088,0,0.0,-1,,2,0x002,test,2815,Normal,Normal,0.90923387,True,0.90923387,0.008675515,0.0010552373,0.03959783,0.04143747
test,Gear,Gear,1478194974.715424,1478194974.739753,3268032,22,0.34375,1,24.090051651000977,1087,0x43F,test,2816,Gear,Gear,0.9916033,True,0.0022040808,0.0006277342,0.0009804358,0.9916033,0.004584491
test,Fuzzy,Fuzzy,1478197873.955342,1478197873.987241,2593408,22,0.34375,1,31.67605400085449,304,0x130,test,2817,Fuzzy,Fuzzy,0.98767626,True,0.0034518258,0.0003980464,0.98767626,0.0027756903,0.0056982804
test,Gear,Gear,1478194964.208272,1478194964.239896,3248704,20,0.3125,0,31.62407875061035,1087,0x43F,test,2818,Gear,Gear,0.99161315,True,0.0025437337,0.0005761731,0.0014314118,0.99161315,0.0038355405
test,DoS,DoS,1478200565.017141,1478200565.087588,2583296,34,0.53125,0,70.44696807861328,0,0x000,test,2819,DoS,DoS,0.9836782,True,0.0066933725,0.9836782,0.0058473353,0.0016069716,0.0021740936
test,RPM,RPM,1478192840.761071,1478192840.795404,3460288,20,0.3125,2,33.86497497558594,790,0x316,test,2820,RPM,RPM,0.98980266,True,0.0037684967,0.00041337337,0.0004858936,0.005529609,0.98980266
test,Fuzzy,Fuzzy,1478198119.822888,1478198119.863858,2836096,21,0.328125,13,37.89401054382324,304,0x130,test,2821,Fuzzy,Fuzzy,0.9887462,True,0.00392782,0.0003486376,0.9887462,0.0018814628,0.00509589
test,DoS,DoS,1478200605.819373,1478200606.043053,2629120,35,0.546875,1,212.66889572143555,0,0x000,test,2822,DoS,DoS,0.98472714,True,0.0065139523,0.98472714,0.0047925743,0.00168857,0.002277818
test,Fuzzy,Fuzzy,1478198092.665061,1478198092.740157,2792768,27,0.421875,3,70.7387924194336,790,0x316,test,2823,Fuzzy,Fuzzy,0.9874441,True,0.004067652,0.00052803004,0.9874441,0.00189086,0.006069408
test,Gear,Gear,1478194853.773265,1478194853.812996,3039168,22,0.34375,2,39.263010025024414,1087,0x43F,test,2824,Gear,Gear,0.99169767,True,0.0019563895,0.00062476547,0.002575406,0.99169767,0.0031457816
test,Fuzzy,Fuzzy,1478197919.565127,1478197919.659468,2635904,29,0.453125,1,88.52195739746094,704,0x2C0,test,2825,Fuzzy,Fuzzy,0.9909142,True,0.0025902868,0.0002669802,0.9909142,0.002849264,0.0033791685
test,Fuzzy,Fuzzy,1478198125.208846,1478198125.25696,2844672,28,0.4375,3,47.518014907836914,809,0x329,test,2826,Fuzzy,Fuzzy,0.9913952,True,0.0026679158,0.00028269217,0.9913952,0.0023160572,0.0033381165
test,Normal,Gear,1478201165.114991,1478201165.146899,4361728,0,0.0,-1,,399,0x18F,test,2827,Normal,Normal,0.9588126,True,0.9588126,0.0023145184,0.0077429335,0.020960068,0.0101699
test,Gear,Gear,1478194943.467375,1478194943.497588,3211328,22,0.34375,1,29.915809631347656,1087,0x43F,test,2828,Gear,Gear,0.99001175,True,0.0019410191,0.00067914854,0.0005904933,0.99001175,0.00677751
test,RPM,RPM,1478192904.0074,1478192904.040676,3591680,20,0.3125,4,32.340049743652344,790,0x316,test,2829,RPM,RPM,0.96417946,True,0.007075735,0.00017566222,0.020177621,0.008391588,0.96417946
test,Normal,RPM,1478201184.459761,1478201184.493193,4576128,0,0.0,-1,,2,0x002,test,2830,Normal,Normal,0.8991121,True,0.8991121,0.0065877438,0.0035699394,0.078056745,0.012673455
test,Fuzzy,Fuzzy,1478198005.806987,1478198006.134586,2716992,27,0.421875,3,326.9040584564209,339,0x153,test,2831,Fuzzy,Fuzzy,0.9927505,True,0.0023586592,0.000266389,0.9927505,0.0024940197,0.002130367
test,Gear,Gear,1478195008.7616,1478195008.790632,3329984,20,0.3125,0,29.031991958618164,1087,0x43F,test,2832,Gear,Gear,0.98825586,True,0.0032479814,0.0007036522,0.0020048607,0.98825586,0.0057876795
test,RPM,RPM,1478192684.142131,1478192684.166433,3160704,21,0.328125,1,23.61702919006348,790,0x316,test,2833,RPM,RPM,0.9912015,True,0.0029837869,0.00029192015,0.0007721583,0.0047505945,0.9912015
test,DoS,DoS,1478200349.771105,1478200349.907474,2313152,36,0.5625,0,136.368989944458,0,0x000,test,2834,DoS,DoS,0.9856808,True,0.0058334465,0.9856808,0.0043494976,0.00193704,0.0021991557
test,Gear,Gear,1478195020.105562,1478195020.129491,3349824,21,0.328125,0,23.929119110107425,1087,0x43F,test,2835,Gear,Gear,0.9924259,True,0.0020764184,0.0006656731,0.0013241963,0.9924259,0.003507809
test,Fuzzy,Fuzzy,1478197737.113168,1478197737.185325,2467072,17,0.265625,2,60.884952545166016,1087,0x43F,test,2836,Fuzzy,Fuzzy,0.9872477,True,0.0055811126,0.00023367224,0.9872477,0.0028135,0.004123976
test,DoS,DoS,1478200443.201977,1478200443.237606,2431168,31,0.484375,1,35.382986068725586,0,0x000,test,2837,DoS,DoS,0.9848011,True,0.010177829,0.9848011,0.002074741,0.0012935062,0.0016528048
test,DoS,DoS,1478200520.53607,1478200520.751654,2536896,32,0.5,2,214.85280990600583,0,0x000,test,2838,DoS,DoS,0.98388654,True,0.0067522996,0.98388654,0.00560146,0.0017983591,0.001961242
test,DoS,DoS,1478200473.652664,1478200473.715551,2476160,35,0.546875,1,62.63899803161621,0,0x000,test,2839,DoS,DoS,0.9849213,True,0.00721369,0.9849213,0.004243515,0.0015461957,0.002075276
test,Normal,Fuzzy,1478201147.16735,1478201147.204352,3724672,0,0.0,-1,,399,0x18F,test,2840,Normal,Normal,0.90394855,True,0.90394855,0.0028041084,0.01422485,0.07133021,0.0076922895
test,Gear,Gear,1478194923.053601,1478194923.076439,3175744,19,0.296875,4,21.872997283935547,1087,0x43F,test,2841,Gear,Gear,0.9910841,True,0.003023137,0.00065964507,0.0010885438,0.9910841,0.0041446257
test,DoS,DoS,1478200550.256304,1478200550.419956,2568640,32,0.5,1,158.2958698272705,0,0x000,test,2842,DoS,DoS,0.98442996,True,0.0070610223,0.98442996,0.0048156884,0.0015636666,0.002129702
test,RPM,RPM,1478192852.888996,1478192852.916797,3484480,20,0.3125,1,27.206897735595703,790,0x316,test,2843,RPM,RPM,0.99158466,True,0.0033563324,0.00024689897,0.0016651676,0.0031469502,0.99158466
test,DoS,DoS,1478200581.39213,1478200581.544319,2603200,38,0.59375,1,151.94296836853027,0,0x000,test,2844,DoS,DoS,0.9846865,True,0.0061657843,0.9846865,0.005283681,0.0018770787,0.0019869653
test,Normal,Gear,1478201084.45016,1478201084.482659,4212800,0,0.0,-1,,399,0x18F,test,2845,Normal,Normal,0.9631428,True,0.9631428,0.0017010128,0.016574357,0.008616307,0.009965539
test,Gear,Gear,1478194867.43175,1478194867.455078,3068608,20,0.3125,3,22.623777389526367,1087,0x43F,test,2846,Gear,Gear,0.99156195,True,0.002281113,0.00057101867,0.0015290087,0.99156195,0.0040569366
test,RPM,RPM,1478192950.020371,1478192950.051498,3671488,21,0.328125,3,29.65784072875977,790,0x316,test,2847,RPM,RPM,0.99194205,True,0.003089672,0.00027334513,0.0008925477,0.0038023337,0.99194205
test,DoS,DoS,1478200398.477101,1478200398.526652,2372736,32,0.5,4,42.92917251586914,0,0x000,test,2848,DoS,DoS,0.98281384,True,0.009677114,0.98281384,0.004248712,0.0013568152,0.0019034942
test,DoS,DoS,1478200449.142708,1478200449.158755,2440512,35,0.546875,0,16.047000885009766,0,0x000,test,2849,DoS,DoS,0.98513734,True,0.0063888086,0.98513734,0.00450177,0.0016194785,0.0023526493
test,Fuzzy,Fuzzy,1478197919.021099,1478197919.159345,2635712,29,0.453125,0,138.2458209991455,399,0x18F,test,2850,Fuzzy,Fuzzy,0.98955196,True,0.0029510348,0.000347698,0.98955196,0.0028350595,0.0043142186
test,DoS,DoS,1478200513.211692,1478200513.392151,2529344,33,0.515625,0,180.45902252197263,0,0x000,test,2851,DoS,DoS,0.9849569,True,0.0067653847,0.9849569,0.0046110405,0.0017099342,0.0019567022
test,Gear,Gear,1478194930.81649,1478194930.879129,3188928,21,0.328125,0,62.63899803161621,1087,0x43F,test,2852,Gear,Gear,0.9923118,True,0.0025017785,0.0007264277,0.0017682126,0.9923118,0.0026918307
test,DoS,DoS,1478200541.398885,1478200541.533117,2560896,40,0.625,0,134.2320442199707,0,0x000,test,2853,DoS,DoS,0.98396873,True,0.0057218545,0.98396873,0.0062329127,0.0016869494,0.0023894846
test,Normal,Gear,1478201189.33002,1478201189.365415,4406592,0,0.0,-1,,2,0x002,test,2854,Normal,Normal,0.8640818,True,0.8640818,0.030671982,0.0007357317,0.03967566,0.064834766
test,Fuzzy,Fuzzy,1478197749.583689,1478197749.644106,2478016,28,0.4375,0,60.41693687438965,399,0x18F,test,2855,Fuzzy,Fuzzy,0.9897378,True,0.0029744606,0.00031471113,0.9897378,0.0028368677,0.0041362173
test,Normal,RPM,1478201089.564053,1478201089.597007,4400832,0,0.0,-1,,2,0x002,test,2856,Normal,Normal,0.8866619,True,0.8866619,0.013513959,0.0011979003,0.084595576,0.014030692
test,DoS,DoS,1478200491.802687,1478200491.885744,2502080,35,0.546875,0,83.05716514587402,0,0x000,test,2857,DoS,DoS,0.9845463,True,0.007244232,0.9845463,0.004556789,0.0015720576,0.002080669
test,RPM,RPM,1478192831.897369,1478192831.950004,3443712,25,0.390625,1,52.15716361999512,790,0x316,test,2858,RPM,RPM,0.99425644,True,0.0018912634,0.00025894106,0.0013600141,0.0022332293,0.99425644
test,RPM,RPM,1478192931.340256,1478192931.40704,3637376,18,0.28125,1,65.85001945495605,790,0x316,test,2859,RPM,RPM,0.9904178,True,0.004925411,0.0003562946,0.0008629873,0.0034375638,0.9904178
test,Gear,Gear,1478194964.424358,1478194964.46756,3249152,17,0.265625,0,43.20216178894043,1087,0x43F,test,2860,Gear,Gear,0.9807202,True,0.007875811,0.0005576963,0.0031368546,0.9807202,0.0077094166
test,Gear,Gear,1478195033.009166,1478195033.031798,3372352,21,0.328125,2,22.154808044433597,1087,0x43F,test,2861,Gear,Gear,0.9909958,True,0.0018770935,0.00058008236,0.0017420138,0.9909958,0.0048050727
test,Fuzzy,Fuzzy,1478198123.876858,1478198123.920274,2843136,27,0.421875,0,43.41602325439453,790,0x316,test,2862,Fuzzy,Fuzzy,0.9911981,True,0.0028367226,0.00024911968,0.9911981,0.0024537349,0.0032622449
test,RPM,RPM,1478192847.036486,1478192847.063845,3472448,21,0.328125,4,26.408910751342773,790,0x316,test,2863,RPM,RPM,0.9893618,True,0.0036849612,0.00023185823,0.0012317158,0.0054897508,0.9893618
test,Fuzzy,Fuzzy,1478198093.819108,1478198093.847028,2794368,23,0.359375,0,27.92000770568848,304,0x130,test,2864,Fuzzy,Fuzzy,0.9900427,True,0.0031658756,0.00025149412,0.9900427,0.002789456,0.0037504314
test,Normal,DoS,1478201124.94892,1478201124.98597,3510464,0,0.0,-1,,339,0x153,test,2865,Normal,Normal,0.894793,True,0.894793,0.0050777756,0.0077215456,0.081798844,0.010608837
test,RPM,RPM,1478192871.415222,1478192871.446915,3523072,22,0.34375,5,30.508995056152344,790,0x316,test,2866,RPM,RPM,0.99179757,True,0.0026645185,0.00022816552,0.0018818057,0.0034279854,0.99179757
test,Fuzzy,Fuzzy,1478197961.914497,1478197961.943855,2678272,31,0.484375,6,27.924060821533203,2,0x002,test,2867,Fuzzy,Fuzzy,0.9898656,True,0.0027829988,0.00029382747,0.9898656,0.0031001475,0.0039575086
test,RPM,RPM,1478192741.539392,1478192741.573939,3282560,20,0.3125,0,34.54709053039551,790,0x316,test,2868,RPM,RPM,0.98786575,True,0.0041034063,0.000465867,0.000455951,0.0071090246,0.98786575
test,Gear,Gear,1478195119.443586,1478195119.567996,3520768,25,0.390625,0,124.40991401672365,1087,0x43F,test,2869,Gear,Gear,0.9930148,True,0.0016460422,0.0007884135,0.0026803894,0.9930148,0.0018703562
test,Normal,RPM,1478201088.318751,1478201088.353941,4398528,0,0.0,-1,,608,0x260,test,2870,Normal,Normal,0.8791076,True,0.8791076,0.0072999494,0.0036590865,0.099712506,0.010220779
test,DoS,DoS,1478200411.607318,1478200411.7279,2389504,33,0.515625,1,120.33700942993164,0,0x000,test,2871,DoS,DoS,0.98479617,True,0.0062170373,0.98479617,0.0050913575,0.001620198,0.0022752888
test,Gear,Gear,1478195072.343231,1478195072.376872,3443008,21,0.328125,1,33.408164978027344,1087,0x43F,test,2872,Gear,Gear,0.9912941,True,0.0027180878,0.00056086096,0.0012722241,0.9912941,0.0041547692
test,DoS,DoS,1478200441.737893,1478200441.793259,2429568,37,0.578125,0,55.365800857543945,0,0x000,test,2873,DoS,DoS,0.98592794,True,0.0076134996,0.98592794,0.0029856933,0.0014916441,0.001981274
test,DoS,DoS,1478200481.508376,1478200481.554138,2488128,32,0.5,0,45.76206207275391,0,0x000,test,2874,DoS,DoS,0.9854923,True,0.007921175,0.9854923,0.0033200579,0.0015029778,0.0017635612
test,Gear,Gear,1478194892.861795,1478194892.894946,3116544,21,0.328125,1,32.91916847229004,1087,0x43F,test,2875,Gear,Gear,0.99057674,True,0.002556733,0.0006684018,0.00074596907,0.99057674,0.0054521975
test,Fuzzy,Fuzzy,1478198009.229021,1478198009.299983,2721728,15,0.234375,21,59.773921966552734,2,0x002,test,2876,Fuzzy,Fuzzy,0.98363024,True,0.0062390454,0.00047666806,0.98363024,0.0021285806,0.007525531
test,Gear,Gear,1478194918.655568,1478194918.693785,3167936,20,0.3125,2,37.74690628051758,1087,0x43F,test,2877,Gear,Gear,0.9906793,True,0.0030036978,0.00056210643,0.002015899,0.9906793,0.0037389626
test,DoS,DoS,1478200512.419052,1478200512.518715,2528896,38,0.59375,0,99.66301918029784,0,0x000,test,2878,DoS,DoS,0.9867697,True,0.005784498,0.9867697,0.0038242936,0.0015730856,0.0020484878
test,Gear,Gear,1478194930.135562,1478194930.172805,3187904,19,0.296875,2,36.56005859375,1087,0x43F,test,2879,Gear,Gear,0.98880565,True,0.0036423423,0.0005828884,0.0027506533,0.98880565,0.004218469
test,DoS,DoS,1478200468.227722,1478200468.290278,2468160,33,0.515625,0,62.55602836608887,0,0x000,test,2880,DoS,DoS,0.9851419,True,0.007249008,0.9851419,0.0039010998,0.0015569668,0.002151025
test,Normal,RPM,1478201204.114581,1478201204.15178,4612544,0,0.0,-1,,704,0x2C0,test,2881,Normal,Normal,0.90559727,True,0.90559727,0.0040174956,0.0029886346,0.025936581,0.061459996
test,Fuzzy,Fuzzy,1478198141.623248,1478198141.673984,2871488,20,0.3125,2,50.27914047241211,339,0x153,test,2882,Fuzzy,Fuzzy,0.9871776,True,0.004143418,0.00041973172,0.9871776,0.0022592528,0.005999984
test,DoS,DoS,1478200419.085202,1478200419.235783,2397760,30,0.46875,0,150.58112144470215,0,0x000,test,2883,DoS,DoS,0.98074806,True,0.007098823,0.98074806,0.008146762,0.0017271094,0.0022793335
test,Gear,Gear,1478194958.352016,1478194958.379835,3236736,16,0.25,7,26.132822036743164,1087,0x43F,test,2884,Gear,Gear,0.9841865,True,0.0068443366,0.0006132053,0.002464316,0.9841865,0.005891632
test,Fuzzy,Fuzzy,1478197912.123702,1478197912.220345,2629440,31,0.484375,3,95.93796730041504,2,0x002,test,2885,Fuzzy,Fuzzy,0.99063724,True,0.0031404942,0.00042529742,0.99063724,0.0019618198,0.0038351747
test,RPM,RPM,1478192892.856598,1478192892.896809,3568256,20,0.3125,5,38.37418556213379,790,0x316,test,2886,RPM,RPM,0.99090815,True,0.0026944769,0.00027262332,0.0007141617,0.0054106824,0.99090815
test,Gear,Gear,1478195007.272711,1478195007.295649,3326592,21,0.328125,0,22.938013076782227,1087,0x43F,test,2887,Gear,Gear,0.9844483,True,0.0032645604,0.0004632965,0.0051389243,0.9844483,0.0066848537
test,RPM,RPM,1478192684.704729,1478192684.728559,3162112,20,0.3125,3,22.89104461669922,790,0x316,test,2888,RPM,RPM,0.9890562,True,0.0038522661,0.00033932645,0.000664215,0.006087981,0.9890562
test,Normal,Fuzzy,1478201091.18431,1478201091.216597,3620992,0,0.0,-1,,399,0x18F,test,2889,Normal,Normal,0.97760415,True,0.97760415,0.0025818176,0.0033269743,0.012699598,0.0037875883
test,Gear,Gear,1478194872.51638,1478194872.546807,3078592,20,0.3125,11,27.807950973510746,1087,0x43F,test,2890,Gear,Gear,0.9935416,True,0.0014632095,0.0009496234,0.00061063765,0.9935416,0.0034349337
test,Gear,Gear,1478195015.91082,1478195015.999253,3342208,18,0.28125,1,82.60798454284668,1087,0x43F,test,2891,Gear,Gear,0.9889542,True,0.0035750999,0.00085372897,0.0023844375,0.9889542,0.004232537
test,Normal,RPM,1478201055.605719,1478201055.636704,4337920,0,0.0,-1,,672,0x2A0,test,2892,Normal,Normal,0.7266169,True,0.7266169,0.024176188,0.001036895,0.21257341,0.035596576
test,Gear,Gear,1478194969.972751,1478194970.011461,3259520,18,0.28125,2,37.7659797668457,1087,0x43F,test,2893,Gear,Gear,0.991634,True,0.0037833105,0.0010150342,0.0007705267,0.991634,0.002797048
test,DoS,DoS,1478200322.009495,1478200322.138533,2290112,33,0.515625,0,129.03809547424316,0,0x000,test,2894,DoS,DoS,0.9864739,True,0.0063107745,0.9864739,0.0035565945,0.0017246102,0.0019342385
test,Normal,RPM,1478201129.220577,1478201129.254605,4474304,0,0.0,-1,,399,0x18F,test,2895,Normal,Normal,0.98312193,True,0.98312193,0.0027580475,0.0029842984,0.0045761163,0.0065595326
test,Normal,DoS,1478201117.075218,1478201117.107349,3495872,0,0.0,-1,,2,0x002,test,2896,Normal,Normal,0.88839364,True,0.88839364,0.008210626,0.0013641379,0.06448551,0.037546095
test,DoS,DoS,1478200322.471141,1478200322.543038,2290304,33,0.515625,1,71.65384292602539,0,0x000,test,2897,DoS,DoS,0.9819903,True,0.007213679,0.9819903,0.0065482715,0.0017098184,0.0025379357
test,Gear,Gear,1478194916.662136,1478194916.685069,3164608,21,0.328125,1,22.704124450683597,1087,0x43F,test,2898,Gear,Gear,0.99051523,True,0.0027372246,0.00059027405,0.0018888626,0.99051523,0.0042684264
test,DoS,DoS,1478200399.477365,1478200399.525943,2374208,35,0.546875,1,48.33006858825684,0,0x000,test,2899,DoS,DoS,0.9861531,True,0.006717083,0.9861531,0.0033755845,0.001302205,0.002452036
test,RPM,RPM,1478192866.815401,1478192866.838911,3513664,19,0.296875,4,22.55415916442871,790,0x316,test,2900,RPM,RPM,0.9905952,True,0.0037088825,0.00024390574,0.0015247257,0.003927245,0.9905952
test,Normal,Fuzzy,1478201135.639491,1478201135.676014,3703360,0,0.0,-1,,2,0x002,test,2901,Normal,Normal,0.9297838,True,0.9297838,0.011199856,0.0018538923,0.047984492,0.009177971
test,DoS,DoS,1478200510.898478,1478200510.915112,2527616,36,0.5625,0,16.633987426757812,0,0x000,test,2902,DoS,DoS,0.98528916,True,0.0065110964,0.98528916,0.004402283,0.0015683364,0.002229112
test,Fuzzy,Fuzzy,1478197770.870507,1478197771.013304,2501888,28,0.4375,0,142.79699325561523,339,0x153,test,2903,Fuzzy,Fuzzy,0.98809344,True,0.0033887622,0.0004280383,0.98809344,0.002373338,0.005716383
test,RPM,RPM,1478192961.071802,1478192961.093241,3693056,20,0.3125,2,20.72906494140625,790,0x316,test,2904,RPM,RPM,0.98931956,True,0.0036739823,0.00042221692,0.0004903924,0.006093852,0.98931956
test,Normal,Fuzzy,1478201055.395232,1478201055.428472,3554688,0,0.0,-1,,399,0x18F,test,2905,Normal,Normal,0.70119685,True,0.70119685,0.01879663,0.0029762408,0.25411746,0.022912784
test,Gear,Gear,1478194996.699478,1478194996.73355,3309440,20,0.3125,0,34.072160720825195,1087,0x43F,test,2906,Gear,Gear,0.99210477,True,0.0023394597,0.00074617914,0.0018712055,0.99210477,0.002938451
test,Normal,RPM,1478201075.950235,1478201075.987342,4375616,0,0.0,-1,,790,0x316,test,2907,Normal,Normal,0.91981715,True,0.91981715,0.002423608,0.012973498,0.06101768,0.00376803
test,Gear,Gear,1478194861.217047,1478194861.240277,3055552,18,0.28125,2,22.771120071411133,1087,0x43F,test,2908,Gear,Gear,0.99177414,True,0.0031359398,0.0010378306,0.0008193419,0.99177414,0.0032327308
test,Fuzzy,Fuzzy,1478198116.345499,1478198116.372746,2831872,27,0.421875,5,26.0770320892334,880,0x370,test,2909,Fuzzy,Fuzzy,0.98800695,True,0.003779975,0.00043517683,0.98800695,0.002312071,0.005465823
test,Normal,Gear,1478201153.229773,1478201153.26599,4340160,0,0.0,-1,,339,0x153,test,2910,Normal,Normal,0.9683459,True,0.9683459,0.006720367,0.0023899195,0.017159248,0.005384596
test,Normal,Gear,1478201183.978503,1478201184.009695,4396672,0,0.0,-1,,399,0x18F,test,2911,Normal,Normal,0.94029695,True,0.94029695,0.021714382,0.0009185697,0.028865768,0.008204372
test,DoS,DoS,1478200626.662828,1478200626.763812,2651328,41,0.640625,0,100.9840965270996,0,0x000,test,2912,DoS,DoS,0.9860153,True,0.005975895,0.9860153,0.0044195084,0.0016278122,0.0019613996
test,Fuzzy,Fuzzy,1478198174.428205,1478198174.466502,2927808,26,0.40625,1,36.473989486694336,399,0x18F,test,2913,Fuzzy,Fuzzy,0.99082863,True,0.0028454757,0.0003029909,0.99082863,0.0025550332,0.003467878
test,DoS,DoS,1478200389.149998,1478200389.221052,2358208,35,0.546875,0,71.05398178100586,0,0x000,test,2914,DoS,DoS,0.98396885,True,0.006697336,0.98396885,0.0056397817,0.0015220667,0.0021719865
test,Fuzzy,Fuzzy,1478197939.212713,1478197939.442013,2654080,28,0.4375,4,223.07491302490237,399,0x18F,test,2915,Fuzzy,Fuzzy,0.98849726,True,0.003798916,0.000468784,0.98849726,0.0018099019,0.005425182
test,Normal,DoS,1478201077.139284,1478201077.175505,3421888,0,0.0,-1,,809,0x329,test,2916,Normal,Normal,0.8879582,True,0.8879582,0.0057834373,0.004249157,0.08828303,0.013726177
test,DoS,DoS,1478200449.883447,1478200449.923678,2441856,33,0.515625,1,39.981842041015625,0,0x000,test,2917,DoS,DoS,0.9846778,True,0.00854134,0.9846778,0.00322442,0.0014860784,0.0020703783
test,RPM,RPM,1478192705.084373,1478192705.112999,3208320,20,0.3125,3,27.781009674072266,790,0x316,test,2918,RPM,RPM,0.98932695,True,0.003833283,0.00022251617,0.0037760637,0.0028411904,0.98932695
test,Fuzzy,Fuzzy,1478197782.128828,1478197782.452941,2510144,21,0.328125,6,280.4949283599853,704,0x2C0,test,2919,Fuzzy,Fuzzy,0.98694813,True,0.004783261,0.00020245992,0.98694813,0.006332396,0.0017338236
test,RPM,RPM,1478192723.378177,1478192723.420073,3246016,21,0.328125,0,41.89610481262207,790,0x316,test,2920,RPM,RPM,0.98856366,True,0.004241626,0.0002204367,0.001855397,0.0051189205,0.98856366
test,Fuzzy,Fuzzy,1478197896.463098,1478197896.705074,2614336,28,0.4375,0,241.9760227203369,305,0x131,test,2921,Fuzzy,Fuzzy,0.9903993,True,0.0029442855,0.00036033138,0.9903993,0.0024102658,0.0038857437
test,Fuzzy,Fuzzy,1478197770.092222,1478197770.115626,2501376,17,0.265625,10,16.877174377441406,399,0x18F,test,2922,Fuzzy,Fuzzy,0.98275214,True,0.007548795,0.00016552457,0.98275214,0.0036973828,0.005836148
test,RPM,RPM,1478192961.142379,1478192961.164476,3693248,19,0.296875,7,20.416975021362305,790,0x316,test,2923,RPM,RPM,0.992814,True,0.003197049,0.00034944617,0.00074532913,0.0028941273,0.992814
test,DoS,DoS,1478200530.166103,1478200530.264858,2545856,42,0.65625,1,98.5109806060791,0,0x000,test,2924,DoS,DoS,0.98725533,True,0.005507376,0.98725533,0.0036090193,0.0015786551,0.0020496175
test,RPM,RPM,1478192898.833102,1478192898.856948,3580736,21,0.328125,0,23.845911026000977,790,0x316,test,2925,RPM,RPM,0.99189293,True,0.0035425832,0.00027324166,0.0010214945,0.0032698207,0.99189293
test,RPM,RPM,1478192891.658085,1478192891.685332,3565632,20,0.3125,2,26.781082153320312,790,0x316,test,2926,RPM,RPM,0.9849193,True,0.004615262,0.00019588483,0.0024381203,0.007831411,0.9849193
test,Gear,Gear,1478195048.72501,1478195048.777114,3398912,22,0.34375,0,52.10399627685547,1087,0x43F,test,2927,Gear,Gear,0.9934214,True,0.0019017818,0.00065326825,0.0006016092,0.9934214,0.0034220042
test,RPM,RPM,1478192902.984968,1478192903.009126,3589248,20,0.3125,3,23.45800399780273,790,0x316,test,2928,RPM,RPM,0.9916293,True,0.0036142268,0.00026623713,0.0013190986,0.0031710626,0.9916293
test,Normal,DoS,1478201092.204384,1478201092.235819,3449792,0,0.0,-1,,399,0x18F,test,2929,Normal,Normal,0.96468276,True,0.96468276,0.0014328079,0.0076417443,0.014031018,0.0122117475
test,Gear,Gear,1478195060.841005,1478195060.875127,3422208,21,0.328125,1,28.501033782958984,1087,0x43F,test,2930,Gear,Gear,0.98988616,True,0.0029271862,0.0005209862,0.0015841047,0.98988616,0.005081625
test,Gear,Gear,1478195060.471181,1478195060.49678,3421568,20,0.3125,0,25.59900283813477,1087,0x43F,test,2931,Gear,Gear,0.99080163,True,0.002847453,0.0005217133,0.0022941455,0.99080163,0.0035350295
test,DoS,DoS,1478200349.404119,1478200349.556002,2313024,40,0.625,0,151.88288688659668,0,0x000,test,2932,DoS,DoS,0.9850894,True,0.005943765,0.9850894,0.005207533,0.0016229455,0.0021363471
test,Normal,DoS,1478201099.456832,1478201099.489046,3463232,0,0.0,-1,,304,0x130,test,2933,Normal,Normal,0.95179564,True,0.95179564,0.0053074188,0.00263234,0.012165405,0.028099246
test,Fuzzy,Fuzzy,1478197746.090748,1478197746.263393,2476160,28,0.4375,2,170.25089263916016,880,0x370,test,2934,Fuzzy,Fuzzy,0.9899268,True,0.0031788144,0.00033073008,0.9899268,0.002179259,0.0043843985
test,RPM,RPM,1478192923.701406,1478192923.734768,3625920,16,0.25,2,32.90295600891113,790,0x316,test,2935,RPM,RPM,0.9887162,True,0.0057695084,0.0003588124,0.0007931154,0.0043624802,0.9887162
test,Gear,Gear,1478195074.797244,1478195074.846794,3447232,21,0.328125,0,49.54981803894043,1087,0x43F,test,2936,Gear,Gear,0.9903888,True,0.0026585944,0.00056093506,0.0025394373,0.9903888,0.0038522987
test,RPM,RPM,1478192685.439424,1478192685.462135,3163968,20,0.3125,1,22.411108016967773,790,0x316,test,2937,RPM,RPM,0.98913187,True,0.0038005505,0.00021543476,0.0018940333,0.0049579777,0.98913187
test,Gear,Gear,1478195045.952091,1478195045.975151,3394304,20,0.3125,0,23.060083389282227,1087,0x43F,test,2938,Gear,Gear,0.9911611,True,0.0027435205,0.00065536954,0.0028316758,0.9911611,0.0026082443
test,Fuzzy,Fuzzy,1478198094.621834,1478198094.658924,2795584,19,0.296875,2,36.6201400756836,672,0x2A0,test,2939,Fuzzy,Fuzzy,0.9883245,True,0.0040296265,0.00030556088,0.9883245,0.0021573612,0.0051828967
test,Fuzzy,Fuzzy,1478197952.211907,1478197952.273108,2668224,30,0.46875,1,55.45306205749512,339,0x153,test,2940,Fuzzy,Fuzzy,0.9912924,True,0.002869469,0.0003082713,0.9912924,0.0023157597,0.003214122
test,RPM,RPM,1478192857.620042,1478192857.645692,3494080,22,0.34375,0,25.6500244140625,790,0x316,test,2941,RPM,RPM,0.99228853,True,0.002855557,0.00030450325,0.0007512782,0.0038001682,0.99228853
test,Normal,Fuzzy,1478201149.20708,1478201149.238491,3728448,0,0.0,-1,,399,0x18F,test,2942,Normal,Normal,0.96308047,True,0.96308047,0.0018879581,0.010413898,0.018934097,0.0056836326
test,Fuzzy,Fuzzy,1478197811.902687,1478197812.090695,2540096,24,0.375,0,188.00783157348636,608,0x260,test,2943,Fuzzy,Fuzzy,0.9923098,True,0.002715736,0.00021391372,0.9923098,0.002664972,0.0020955782
test,Gear,Gear,1478195098.152751,1478195098.177458,3491520,21,0.328125,0,24.70707893371582,1087,0x43F,test,2944,Gear,Gear,0.9859502,True,0.002775517,0.00044276394,0.002306864,0.9859502,0.008524659
test,Fuzzy,Fuzzy,1478197930.86065,1478197931.16663,2646016,28,0.4375,0,305.9799671173096,2,0x002,test,2945,Fuzzy,Fuzzy,0.99194044,True,0.0026991544,0.0002291149,0.99194044,0.0026867692,0.002444546
test,Gear,Gear,1478194963.740141,1478194963.766791,3247680,22,0.34375,1,26.417016983032227,1087,0x43F,test,2946,Gear,Gear,0.99321556,True,0.0018458044,0.0006169824,0.0011318547,0.99321556,0.003189842
test,Fuzzy,Fuzzy,1478197930.355882,1478197930.518448,2645824,28,0.4375,0,162.5661849975586,704,0x2C0,test,2947,Fuzzy,Fuzzy,0.9908098,True,0.0026069046,0.00031377433,0.9908098,0.0026419603,0.003627622
test,Normal,RPM,1478201054.670509,1478201054.706517,4336192,0,0.0,-1,,320,0x140,test,2948,Normal,Normal,0.87528306,True,0.87528306,0.005034087,0.006104889,0.10775903,0.005818816
test,Fuzzy,Fuzzy,1478197820.655826,1478197820.961157,2547712,32,0.5,0,305.3309917449951,790,0x316,test,2949,Fuzzy,Fuzzy,0.99242204,True,0.00257907,0.00031269022,0.99242204,0.0021647636,0.0025214553
test,Fuzzy,Fuzzy,1478198069.799662,1478198070.044078,2767040,24,0.375,0,244.4159984588623,790,0x316,test,2950,Fuzzy,Fuzzy,0.9917497,True,0.00275721,0.00031762628,0.9917497,0.0023960606,0.0027794433
test,DoS,DoS,1478200495.469669,1478200495.485219,2508608,33,0.515625,0,15.549898147583008,0,0x000,test,2951,DoS,DoS,0.9854451,True,0.007584416,0.9854451,0.003602982,0.0015149676,0.0018526437
test,Normal,DoS,1478201032.90968,1478201032.941619,3340672,0,0.0,-1,,2,0x002,test,2952,Normal,Normal,0.9712308,True,0.9712308,0.0046785856,0.0015568023,0.007128056,0.015405731
test,Fuzzy,Fuzzy,1478198144.347664,1478198144.394139,2876032,17,0.265625,0,46.47493362426758,608,0x260,test,2953,Fuzzy,Fuzzy,0.9840731,True,0.007891974,0.00019909005,0.9840731,0.0030644122,0.004771461
test,Gear,Gear,1478195059.791458,1478195059.815589,3420416,20,0.3125,5,22.955894470214844,1087,0x43F,test,2954,Gear,Gear,0.992121,True,0.0026789156,0.000624228,0.0021296414,0.992121,0.0024462459
test,Gear,Gear,1478194858.497232,1478194858.519936,3048960,20,0.3125,0,22.704124450683597,1087,0x43F,test,2955,Gear,Gear,0.9887418,True,0.0030067305,0.00058576564,0.003678264,0.9887418,0.0039874213
test,Fuzzy,Fuzzy,1478197812.357282,1478197812.483192,2540224,32,0.5,2,109.70306396484376,704,0x2C0,test,2956,Fuzzy,Fuzzy,0.9922008,True,0.0024965343,0.00027552826,0.9922008,0.0021511486,0.0028760387
test,Fuzzy,Fuzzy,1478198092.793805,1478198092.878834,2792896,26,0.40625,0,85.02912521362305,399,0x18F,test,2957,Fuzzy,Fuzzy,0.9919042,True,0.0029049078,0.00032210595,0.9919042,0.0020843185,0.0027845248
test,Fuzzy,Fuzzy,1478197923.39289,1478197923.729426,2636864,39,0.609375,1,330.46698570251465,2,0x002,test,2958,Fuzzy,Fuzzy,0.99269307,True,0.002281182,0.00029004642,0.99269307,0.00197075,0.0027648497
test,Gear,Gear,1478194936.239378,1478194936.263701,3198528,21,0.328125,0,24.322986602783203,1087,0x43F,test,2959,Gear,Gear,0.9896465,True,0.0021191903,0.0006197826,0.0015092018,0.9896465,0.00610521
test,RPM,RPM,1478192703.49286,1478192703.515081,3204160,18,0.28125,1,21.994829177856445,790,0x316,test,2960,RPM,RPM,0.9909559,True,0.003999568,0.00025553952,0.0021354519,0.0026535569,0.9909559
test,RPM,RPM,1478192754.884253,1478192754.915178,3311360,23,0.359375,2,30.483007431030277,790,0x316,test,2961,RPM,RPM,0.9927436,True,0.0023305337,0.00032800974,0.0005476564,0.004050187,0.9927436
test,DoS,DoS,1478200395.96299,1478200396.027694,2369472,39,0.609375,1,64.45193290710449,0,0x000,test,2962,DoS,DoS,0.9856345,True,0.005681208,0.9856345,0.0049384264,0.0016535663,0.002092337
test,Fuzzy,Fuzzy,1478197929.591135,1478197929.680835,2645376,23,0.359375,1,89.47992324829102,399,0x18F,test,2963,Fuzzy,Fuzzy,0.9882621,True,0.0040999767,0.0004268337,0.9882621,0.0023355403,0.0048755566
test,Gear,Gear,1478194877.631284,1478194877.65471,3087680,21,0.328125,0,23.426055908203125,1087,0x43F,test,2964,Gear,Gear,0.99051696,True,0.0029610398,0.0005220272,0.0011851905,0.99051696,0.0048147268
test,RPM,RPM,1478192864.366439,1478192864.397558,3508480,21,0.328125,3,25.091886520385746,790,0x316,test,2965,RPM,RPM,0.9920948,True,0.002546863,0.00030738013,0.00065665913,0.004394361,0.9920948
test,Fuzzy,Fuzzy,1478197927.282372,1478197927.302725,2642880,24,0.375,3,19.659996032714844,399,0x18F,test,2966,Fuzzy,Fuzzy,0.987022,True,0.0041525997,0.00052490144,0.987022,0.0021523545,0.006148172
test,Fuzzy,Fuzzy,1478198159.529779,1478198159.573152,2901952,23,0.359375,2,42.922019958496094,304,0x130,test,2967,Fuzzy,Fuzzy,0.98906016,True,0.0035014548,0.00024145457,0.98906016,0.0033590638,0.003837909
test,Gear,Gear,1478195080.868323,1478195080.907543,3457984,23,0.359375,1,38.63787651062012,1087,0x43F,test,2968,Gear,Gear,0.98957074,True,0.0023906834,0.00065384764,0.003972335,0.98957074,0.0034123391
test,Gear,Gear,1478195097.547264,1478195097.570692,3489920,21,0.328125,3,22.716045379638672,1087,0x43F,test,2969,Gear,Gear,0.99203765,True,0.0025826874,0.0006359236,0.002469556,0.99203765,0.0022742643
test,Gear,Gear,1478194951.933658,1478194951.971988,3225344,20,0.3125,0,38.330078125,1087,0x43F,test,2970,Gear,Gear,0.9795985,True,0.004327879,0.0006008172,0.012754946,0.9795985,0.0027178146
test,Gear,Gear,1478194906.169851,1478194906.198387,3144640,22,0.34375,4,27.565956115722656,1087,0x43F,test,2971,Gear,Gear,0.9923039,True,0.0021763698,0.0004907058,0.0017598429,0.9923039,0.003269228
test,Fuzzy,Fuzzy,1478198134.806385,1478198134.833427,2859904,27,0.421875,0,27.041912078857425,399,0x18F,test,2972,Fuzzy,Fuzzy,0.9896786,True,0.0036239624,0.00041057958,0.9896786,0.0019444932,0.0043422817
test,Normal,RPM,1478201203.424314,1478201203.461929,4611264,0,0.0,-1,,305,0x131,test,2973,Normal,Normal,0.89631957,True,0.89631957,0.0092916405,0.0011147921,0.028512336,0.06476174
test,DoS,DoS,1478200383.697486,1478200383.742355,2348928,36,0.5625,1,44.634103775024414,0,0x000,test,2974,DoS,DoS,0.9859205,True,0.0065288558,0.9859205,0.0038225113,0.0015944876,0.0021336183
test,DoS,DoS,1478200527.588306,1478200527.775497,2544512,41,0.640625,0,187.1910095214844,0,0x000,test,2975,DoS,DoS,0.985196,True,0.0056471257,0.985196,0.005257957,0.0014901253,0.002408785
test,Normal,RPM,1478201027.508615,1478201027.53928,4286592,0,0.0,-1,,399,0x18F,test,2976,Normal,Normal,0.9715717,True,0.9715717,0.006488649,0.001294405,0.015450363,0.00519484
test,Fuzzy,Fuzzy,1478198132.922355,1478198132.943649,2856384,24,0.375,1,21.075963973999023,809,0x329,test,2977,Fuzzy,Fuzzy,0.98984736,True,0.0032131732,0.00036541576,0.98984736,0.0020580748,0.0045160474
test,Fuzzy,Fuzzy,1478198003.20393,1478198003.507091,2716416,28,0.4375,3,291.7709350585937,790,0x316,test,2978,Fuzzy,Fuzzy,0.9901239,True,0.0031857344,0.00040403768,0.9901239,0.00211459,0.0041717244
test,DoS,DoS,1478200430.561027,1478200430.585358,2412864,34,0.53125,1,24.084806442260746,0,0x000,test,2979,DoS,DoS,0.98659027,True,0.008078636,0.98659027,0.0022078687,0.0016163813,0.00150696
test,Gear,Gear,1478194867.45531,1478194867.478428,3068672,19,0.296875,0,23.117780685424805,1087,0x43F,test,2980,Gear,Gear,0.99066937,True,0.0026413426,0.00073632196,0.001333907,0.99066937,0.004619004
test,DoS,DoS,1478200489.55866,1478200489.600335,2499136,32,0.5,0,41.67485237121582,0,0x000,test,2981,DoS,DoS,0.9838987,True,0.0078090336,0.9838987,0.004867016,0.0015876608,0.0018375879
test,RPM,RPM,1478192826.189589,1478192826.215889,3432768,23,0.359375,1,26.072978973388672,790,0x316,test,2982,RPM,RPM,0.99109846,True,0.002664899,0.00028770097,0.0007596606,0.0051892023,0.99109846
test,Gear,Gear,1478194852.26353,1478194852.285974,3035584,20,0.3125,0,22.44400978088379,1087,0x43F,test,2983,Gear,Gear,0.9899607,True,0.0031533076,0.00051221397,0.0023204891,0.9899607,0.0040533952
test,RPM,RPM,1478192729.754623,1478192729.793439,3258560,21,0.328125,1,38.5899543762207,790,0x316,test,2984,RPM,RPM,0.9926843,True,0.0033832553,0.00028835042,0.0014110508,0.0022330985,0.9926843
test,DoS,DoS,1478200464.649298,1478200464.665435,2463488,35,0.546875,1,15.894174575805664,0,0x000,test,2985,DoS,DoS,0.98586965,True,0.007318382,0.98586965,0.0033014605,0.001517408,0.001993149
test,Normal,Fuzzy,1478201058.294343,1478201058.33001,3560064,0,0.0,-1,,2,0x002,test,2986,Normal,Normal,0.8581642,True,0.8581642,0.0025307103,0.008655458,0.069894,0.060755607
test,RPM,RPM,1478192911.84979,1478192911.892774,3603904,16,0.25,7,40.856122970581055,790,0x316,test,2987,RPM,RPM,0.98888224,True,0.0050369618,0.00030420523,0.0010730812,0.0047034924,0.98888224
test,RPM,RPM,1478192698.151421,1478192698.187185,3192512,21,0.328125,1,35.42113304138184,790,0x316,test,2988,RPM,RPM,0.99142784,True,0.0035781986,0.00025872572,0.0012253188,0.0035098486,0.99142784
test,DoS,DoS,1478200474.183001,1478200474.230192,2476800,35,0.546875,1,46.94390296936035,0,0x000,test,2989,DoS,DoS,0.98525953,True,0.0074447645,0.98525953,0.003451212,0.0012860179,0.0025584544
test,Normal,RPM,1478201181.972857,1478201182.004598,4571520,0,0.0,-1,,2,0x002,test,2990,Normal,Normal,0.9541556,True,0.9541556,0.010355374,0.0016295727,0.026848013,0.0070114024
test,Fuzzy,Fuzzy,1478197989.620091,1478197989.676062,2702016,25,0.390625,0,55.97114562988281,304,0x130,test,2991,Fuzzy,Fuzzy,0.9876171,True,0.0036331327,0.00046810668,0.9876171,0.002113008,0.0061687874
test,Normal,DoS,1478201168.721855,1478201168.754447,3591040,0,0.0,-1,,2,0x002,test,2992,Normal,Normal,0.9271196,True,0.9271196,0.002272895,0.004879059,0.009946512,0.055781823
test,DoS,DoS,1478200491.959521,1478200492.042033,2502272,38,0.59375,0,82.51190185546875,0,0x000,test,2993,DoS,DoS,0.9866904,True,0.006254643,0.9866904,0.0036001634,0.0016740407,0.0017808356
test,DoS,DoS,1478200376.801544,1478200376.867043,2337728,31,0.484375,1,65.25492668151855,0,0x000,test,2994,DoS,DoS,0.98782164,True,0.007143459,0.98782164,0.001652482,0.0013323299,0.002050128
test,DoS,DoS,1478200404.924949,1478200405.094314,2382656,38,0.59375,1,169.11602020263672,0,0x000,test,2995,DoS,DoS,0.9861065,True,0.006148873,0.9861065,0.003935776,0.001858186,0.0019507254
test,Gear,Gear,1478194970.197119,1478194970.224202,3259904,21,0.328125,1,26.852846145629883,1087,0x43F,test,2996,Gear,Gear,0.99019885,True,0.0019087774,0.0005388052,0.0019542403,0.99019885,0.005399255
test,Gear,Gear,1478194964.050581,1478194964.073007,3248384,19,0.296875,1,22.166013717651367,1087,0x43F,test,2997,Gear,Gear,0.9904821,True,0.0031890108,0.00064483035,0.0019520386,0.9904821,0.0037319793
test,RPM,RPM,1478192697.120228,1478192697.143052,3189888,20,0.3125,4,21.865129470825195,790,0x316,test,2998,RPM,RPM,0.99002856,True,0.0038115964,0.00022052496,0.0016981231,0.004241277,0.99002856
test,Normal,RPM,1478201097.818204,1478201097.850932,4416128,0,0.0,-1,,320,0x140,test,2999,Normal,Normal,0.9773597,True,0.9773597,0.0017487684,0.005792614,0.010002011,0.0050968197
test,DoS,DoS,1478200476.537428,1478200476.578336,2479552,34,0.53125,1,35.90893745422363,0,0x000,test,3000,DoS,DoS,0.98580116,True,0.0077975476,0.98580116,0.0029754124,0.0014356289,0.0019902776
test,RPM,RPM,1478192703.234076,1478192703.256346,3203456,19,0.296875,7,20.61700820922852,790,0x316,test,3001,RPM,RPM,0.99130064,True,0.0036608092,0.000279208,0.0010991867,0.0036600153,0.99130064
test,Fuzzy,Fuzzy,1478197854.076406,1478197854.328769,2576448,33,0.515625,3,251.65891647338867,320,0x140,test,3002,Fuzzy,Fuzzy,0.99013513,True,0.0027558508,0.00032863353,0.99013513,0.0024130128,0.0043673953
test,RPM,RPM,1478192871.858954,1478192871.888726,3523968,18,0.28125,1,24.667978286743164,790,0x316,test,3003,RPM,RPM,0.9908693,True,0.0043196813,0.0004767425,0.0004329751,0.0039013368,0.9908693
test,Gear,Gear,1478194893.371468,1478194893.404669,3117760,21,0.328125,0,33.200979232788086,1087,0x43F,test,3004,Gear,Gear,0.99171066,True,0.0026934347,0.00067984086,0.0011296722,0.99171066,0.0037862814
test,Gear,Gear,1478194990.572221,1478194990.593898,3298240,19,0.296875,5,20.46513557434082,1087,0x43F,test,3005,Gear,Gear,0.9912697,True,0.002493647,0.00064594223,0.001011872,0.9912697,0.004578833
test,Normal,DoS,1478201105.396902,1478201105.433954,3474240,0,0.0,-1,,305,0x131,test,3006,Normal,Normal,0.9488911,True,0.9488911,0.011586784,0.0014551271,0.02905979,0.009007219
test,Gear,Gear,1478194866.355056,1478194866.379465,3066240,20,0.3125,0,24.409055709838867,1087,0x43F,test,3007,Gear,Gear,0.9865108,True,0.0034479697,0.00052856,0.0025878435,0.9865108,0.006924788
test,Fuzzy,Fuzzy,1478198176.578233,1478198176.72696,2929920,17,0.265625,0,148.7269401550293,304,0x130,test,3008,Fuzzy,Fuzzy,0.9795203,True,0.009775149,0.00023071264,0.9795203,0.00805726,0.0024165604
test,Gear,Gear,1478195008.634185,1478195008.670957,3329728,19,0.296875,4,35.835981369018555,1087,0x43F,test,3009,Gear,Gear,0.99031633,True,0.0035601796,0.0008489086,0.0027776344,0.99031633,0.0024969534
test,DoS,DoS,1478200326.433825,1478200326.638949,2296256,44,0.6875,0,205.1239013671875,0,0x000,test,3010,DoS,DoS,0.98400164,True,0.005889009,0.98400164,0.0061294725,0.001753057,0.0022267913
test,RPM,RPM,1478192721.592222,1478192721.614861,3242368,20,0.3125,4,21.68107032775879,790,0x316,test,3011,RPM,RPM,0.9936253,True,0.0027198237,0.0003527612,0.0006991721,0.0026029146,0.9936253
test,DoS,DoS,1478200395.757561,1478200395.796291,2369152,37,0.578125,1,38.48099708557129,0,0x000,test,3012,DoS,DoS,0.98562497,True,0.0069205165,0.98562497,0.0038968485,0.0017318006,0.0018258424
test,RPM,RPM,1478192886.276116,1478192886.303159,3554432,22,0.34375,1,26.80802345275879,790,0x316,test,3013,RPM,RPM,0.98598874,True,0.004845652,0.00021912364,0.0022111896,0.0067352923,0.98598874
test,Normal,RPM,1478201144.351567,1478201144.384928,4502336,0,0.0,-1,,399,0x18F,test,3014,Normal,Normal,0.9320384,True,0.9320384,0.0029876286,0.008866604,0.047460448,0.008646895
test,Fuzzy,Fuzzy,1478197794.877142,1478197794.949152,2522944,21,0.328125,3,71.30599021911621,704,0x2C0,test,3015,Fuzzy,Fuzzy,0.98950887,True,0.003634301,0.00032355872,0.98950887,0.002711373,0.003821853
test,Normal,Gear,1478201208.743331,1478201208.779007,4442560,0,0.0,-1,,304,0x130,test,3016,Normal,Normal,0.9492001,True,0.9492001,0.0015893342,0.014385467,0.0037514172,0.031073809
test,Fuzzy,Fuzzy,1478198070.346597,1478198070.618525,2767168,24,0.375,1,266.430139541626,304,0x130,test,3017,Fuzzy,Fuzzy,0.988347,True,0.0031380332,0.00024869677,0.988347,0.003376216,0.0048900624
test,DoS,DoS,1478200410.759541,1478200410.775398,2388800,35,0.546875,0,15.85698127746582,0,0x000,test,3018,DoS,DoS,0.98511064,True,0.0076246117,0.98511064,0.0037971826,0.0015236425,0.0019440275
test,RPM,RPM,1478192883.147805,1478192883.170725,3546880,23,0.359375,0,22.92013168334961,790,0x316,test,3019,RPM,RPM,0.99170434,True,0.0032032211,0.00027688383,0.00093778083,0.0038778891,0.99170434
test,Gear,Gear,1478195110.680508,1478195110.723863,3511296,24,0.375,1,43.1218147277832,1087,0x43F,test,3020,Gear,Gear,0.99194264,True,0.0016802975,0.0005075107,0.0010203209,0.99194264,0.0048491643
test,Normal,Gear,1478201163.423896,1478201163.456107,4358592,0,0.0,-1,,2,0x002,test,3021,Normal,Normal,0.95837253,True,0.95837253,0.008712793,0.00096601533,0.012839054,0.019109495
test,DoS,DoS,1478200594.940622,1478200595.05075,2619520,32,0.5,1,109.88211631774902,0,0x000,test,3022,DoS,DoS,0.9828824,True,0.006909646,0.9828824,0.006299226,0.0017090867,0.0021996305
test,DoS,DoS,1478200571.268674,1478200571.288579,2591360,29,0.453125,14,13.210058212280272,0,0x000,test,3023,DoS,DoS,0.98566353,True,0.008433231,0.98566353,0.002195466,0.0013928314,0.0023149091
test,Fuzzy,Fuzzy,1478198116.878803,1478198116.914048,2832704,23,0.359375,0,35.24494171142578,399,0x18F,test,3024,Fuzzy,Fuzzy,0.98987985,True,0.0036428827,0.0002692777,0.98987985,0.0022129898,0.003995008
test,Gear,Gear,1478194878.717635,1478194878.757995,3089600,19,0.296875,4,39.3979549407959,1087,0x43F,test,3025,Gear,Gear,0.9922857,True,0.0027597381,0.0008861048,0.0008139838,0.9922857,0.0032544143
test,RPM,RPM,1478192756.824088,1478192756.849434,3316032,22,0.34375,3,24.53398704528809,790,0x316,test,3026,RPM,RPM,0.9914153,True,0.0032086642,0.00029321737,0.00075974764,0.004323105,0.9914153
test,Normal,DoS,1478201182.710724,1478201182.744511,3616960,0,0.0,-1,,2,0x002,test,3027,Normal,Normal,0.8875148,True,0.8875148,0.0037905395,0.003043242,0.03249089,0.07316045
test,RPM,RPM,1478192962.422742,1478192962.449286,3695616,20,0.3125,1,26.319026947021484,790,0x316,test,3028,RPM,RPM,0.9898112,True,0.0039892867,0.000237974,0.0015383195,0.004423312,0.9898112
test,Normal,DoS,1478201101.148444,1478201101.184822,3466368,0,0.0,-1,,399,0x18F,test,3029,Normal,Normal,0.9160978,True,0.9160978,0.0030152102,0.021448731,0.052326694,0.007111463
test,RPM,RPM,1478192885.123073,1478192885.148378,3551744,20,0.3125,3,24.60193634033203,790,0x316,test,3030,RPM,RPM,0.9882626,True,0.0048498283,0.00021969977,0.0024544823,0.004213435,0.9882626
test,Gear,Gear,1478194944.926805,1478194944.949644,3213568,19,0.296875,5,21.661043167114254,1087,0x43F,test,3031,Gear,Gear,0.9879995,True,0.0035162473,0.00046223807,0.0023820917,0.9879995,0.0056399005
test,DoS,DoS,1478200399.610278,1478200399.659151,2374400,34,0.53125,0,48.8731861114502,0,0x000,test,3032,DoS,DoS,0.982734,True,0.0070546153,0.982734,0.0063113747,0.0017321291,0.0021679313
test,Fuzzy,Fuzzy,1478198110.937954,1478198110.997461,2822656,26,0.40625,0,59.507131576538086,704,0x2C0,test,3033,Fuzzy,Fuzzy,0.98950815,True,0.0031531847,0.00034637816,0.98950815,0.0024349408,0.004557258
test,Gear,Gear,1478194847.458907,1478194847.496472,3025664,21,0.328125,4,36.62896156311035,1087,0x43F,test,3034,Gear,Gear,0.99330294,True,0.0017299826,0.00070987915,0.0016634264,0.99330294,0.0025938582
test,DoS,DoS,1478200480.755935,1478200480.815696,2487232,33,0.515625,1,59.51499938964844,0,0x000,test,3035,DoS,DoS,0.98735166,True,0.0066574165,0.98735166,0.0026193568,0.0015729239,0.0017986189
test,Gear,Gear,1478195075.01629,1478195075.041255,3447552,19,0.296875,2,24.49488639831543,1087,0x43F,test,3036,Gear,Gear,0.98762417,True,0.0035914476,0.000468386,0.0019164097,0.98762417,0.0063996394
test,Fuzzy,Fuzzy,1478198109.261874,1478198109.302693,2820160,26,0.40625,2,40.36188125610352,809,0x329,test,3037,Fuzzy,Fuzzy,0.99095154,True,0.003002767,0.00032108172,0.99095154,0.0023855628,0.003339039
test,Normal,DoS,1478201193.143329,1478201193.180079,3636288,0,0.0,-1,,2,0x002,test,3038,Normal,Normal,0.9676816,True,0.9676816,0.0032393017,0.0018670416,0.013039486,0.014172639
test,RPM,RPM,1478192883.314817,1478192883.336392,3547328,20,0.3125,0,21.574974060058597,790,0x316,test,3039,RPM,RPM,0.99153465,True,0.0035576448,0.00029547318,0.00091500895,0.0036973304,0.99153465
test,Normal,RPM,1478201019.040296,1478201019.077093,4270912,0,0.0,-1,,304,0x130,test,3040,Normal,Normal,0.91678923,True,0.91678923,0.0065027014,0.0014653624,0.054784816,0.020457825
test,Gear,Gear,1478194950.38314,1478194950.428657,3223104,24,0.375,5,44.33417320251465,1087,0x43F,test,3041,Gear,Gear,0.9941527,True,0.0011042759,0.00068120856,0.00047483854,0.9941527,0.0035869093
test,Fuzzy,Fuzzy,1478198134.686398,1478198134.722895,2859648,26,0.40625,0,36.496877670288086,320,0x140,test,3042,Fuzzy,Fuzzy,0.98875695,True,0.0035696141,0.00038067694,0.98875695,0.0024023904,0.0048902947
test,Fuzzy,Fuzzy,1478197993.797496,1478197993.832688,2709696,22,0.34375,5,34.03615951538086,2,0x002,test,3043,Fuzzy,Fuzzy,0.98907787,True,0.0042940974,0.00035868175,0.98907787,0.0017348696,0.0045344345
test,Gear,Gear,1478194854.853352,1478194854.876925,3041664,21,0.328125,0,23.572921752929688,1087,0x43F,test,3044,Gear,Gear,0.9912845,True,0.002449882,0.00064836495,0.001071108,0.9912845,0.004546159
test,Normal,RPM,1478201176.996673,1478201177.033051,4562304,0,0.0,-1,,2,0x002,test,3045,Normal,Normal,0.9533819,True,0.9533819,0.0038418355,0.0013677255,0.016874867,0.024533711
test,DoS,DoS,1478200444.777393,1478200444.806369,2433152,33,0.515625,1,28.733015060424805,0,0x000,test,3046,DoS,DoS,0.9867725,True,0.0069662593,0.9867725,0.0024901,0.0013607268,0.0024104004
test,Gear,Gear,1478195034.919929,1478195034.960229,3375232,22,0.34375,0,40.29989242553711,1087,0x43F,test,3047,Gear,Gear,0.9871422,True,0.0024629543,0.0005144754,0.0010144036,0.9871422,0.008865951
test,Gear,Gear,1478194911.347867,1478194911.38969,3154688,16,0.25,0,41.82291030883789,1087,0x43F,test,3048,Gear,Gear,0.9743162,True,0.011021706,0.0014498949,0.00085776334,0.9743162,0.012354509
test,Gear,Gear,1478194957.465011,1478194957.48976,3235264,21,0.328125,1,23.972034454345703,1087,0x43F,test,3049,Gear,Gear,0.9927378,True,0.0021185616,0.0006597761,0.0009997485,0.9927378,0.0034840496
test,Gear,Gear,1478194910.965136,1478194911.014127,3154048,17,0.265625,5,47.82509803771973,1087,0x43F,test,3050,Gear,Gear,0.9903188,True,0.0039060642,0.0012105079,0.0026488604,0.9903188,0.0019157482
test,DoS,DoS,1478200451.573517,1478200451.620336,2444032,34,0.53125,0,46.81897163391113,0,0x000,test,3051,DoS,DoS,0.98673975,True,0.007584942,0.98673975,0.0022860253,0.0013225479,0.0020667848
test,Normal,RPM,1478201095.054539,1478201095.087748,4411008,0,0.0,-1,,2,0x002,test,3052,Normal,Normal,0.94814706,True,0.94814706,0.008749859,0.0015896967,0.015690912,0.025822362
test,DoS,DoS,1478200443.10289,1478200443.201725,2431104,35,0.546875,0,98.83499145507812,0,0x000,test,3053,DoS,DoS,0.9874641,True,0.005951633,0.9874641,0.002968842,0.0015901593,0.0020251893
test,Gear,Gear,1478194892.697152,1478194892.720555,3116160,20,0.3125,1,23.170948028564453,1087,0x43F,test,3054,Gear,Gear,0.9895611,True,0.004041704,0.00063473353,0.0030716478,0.9895611,0.002690851
test,DoS,DoS,1478200380.604146,1478200380.64287,2344768,38,0.59375,0,38.72394561767578,0,0x000,test,3055,DoS,DoS,0.9856236,True,0.0063096266,0.9856236,0.004385174,0.0016929222,0.0019887597
test,Normal,Fuzzy,1478201201.693792,1478201201.726493,3825216,0,0.0,-1,,399,0x18F,test,3056,Normal,Normal,0.9242527,True,0.9242527,0.006608609,0.0037142346,0.06060048,0.0048240437
test,Normal,RPM,1478201135.196343,1478201135.228997,4485376,0,0.0,-1,,790,0x316,test,3057,Normal,Normal,0.9160744,True,0.9160744,0.0012921775,0.030643687,0.01699659,0.03499311
test,Gear,Gear,1478194916.768972,1478194916.816989,3164800,21,0.328125,0,48.01702499389648,1087,0x43F,test,3058,Gear,Gear,0.986524,True,0.0025430063,0.00051843695,0.0012867728,0.986524,0.009127858
test,DoS,DoS,1478200573.498024,1478200573.58937,2593536,39,0.609375,0,91.34602546691896,0,0x000,test,3059,DoS,DoS,0.9851874,True,0.0055888915,0.9851874,0.00530414,0.0018908221,0.0020287435
test,Fuzzy,Fuzzy,1478197846.641517,1478197846.933538,2568768,30,0.46875,0,292.0210361480713,339,0x153,test,3060,Fuzzy,Fuzzy,0.9915174,True,0.0025894274,0.0002427322,0.9915174,0.0030865488,0.0025639392
test,RPM,RPM,1478192782.298482,1478192782.361093,3358592,22,0.34375,2,57.2819709777832,790,0x316,test,3061,RPM,RPM,0.9916795,True,0.0026622699,0.00025193224,0.0029138797,0.002492448,0.9916795
test,Gear,Gear,1478194957.291571,1478194957.341805,3234944,17,0.265625,4,43.87998580932617,1087,0x43F,test,3062,Gear,Gear,0.96581304,True,0.009033633,0.0007178151,0.020939015,0.96581304,0.0034964504
test,Gear,Gear,1478195098.369718,1478195098.397208,3491968,20,0.3125,6,26.07893943786621,1087,0x43F,test,3063,Gear,Gear,0.9874321,True,0.0032193898,0.0005708753,0.001964542,0.9874321,0.0068131117
test,Gear,Gear,1478195042.299861,1478195042.328774,3387392,19,0.296875,0,28.913021087646484,1087,0x43F,test,3064,Gear,Gear,0.9763007,True,0.0057308977,0.0005844016,0.013042797,0.9763007,0.0043411897
test,DoS,DoS,1478200391.385671,1478200391.44537,2361280,37,0.578125,1,59.45587158203125,0,0x000,test,3065,DoS,DoS,0.9857055,True,0.0064281058,0.9857055,0.004127648,0.0017484748,0.0019902578
test,Normal,DoS,1478201030.387679,1478201030.419542,3336000,0,0.0,-1,,2,0x002,test,3066,Normal,Normal,0.90770066,True,0.90770066,0.019705279,0.00059797446,0.054181706,0.017814461
test,Normal,Fuzzy,1478201008.364266,1478201008.398054,3468288,0,0.0,-1,,399,0x18F,test,3067,Normal,Normal,0.93037397,True,0.93037397,0.0065754172,0.002345056,0.038327068,0.022378497
test,Gear,Gear,1478194925.155399,1478194925.187081,3179072,16,0.25,12,21.4841365814209,1087,0x43F,test,3068,Gear,Gear,0.98900044,True,0.005333629,0.0012337989,0.00070938026,0.98900044,0.0037227347
test,Gear,Gear,1478194955.369935,1478194955.413033,3231872,19,0.296875,1,42.86503791809082,1087,0x43F,test,3069,Gear,Gear,0.98774916,True,0.0050012195,0.00065034337,0.0032982982,0.98774916,0.003301041
test,DoS,DoS,1478200564.583839,1478200564.612045,2582976,36,0.5625,2,27.471065521240234,0,0x000,test,3070,DoS,DoS,0.98471814,True,0.0061166766,0.98471814,0.0053657494,0.0017222016,0.0020772833
test,DoS,DoS,1478200450.781813,1478200450.828663,2443072,33,0.515625,0,46.85020446777344,0,0x000,test,3071,DoS,DoS,0.9859195,True,0.007145758,0.9859195,0.0034545118,0.001582887,0.0018973652
test,Gear,Gear,1478195085.466068,1478195085.505827,3466368,23,0.359375,2,33.48398208618164,1087,0x43F,test,3072,Gear,Gear,0.990825,True,0.0017930019,0.0004863096,0.0012653474,0.990825,0.00563038
test,Gear,Gear,1478194990.621096,1478194990.642771,3298368,20,0.3125,2,21.192073822021484,1087,0x43F,test,3073,Gear,Gear,0.9925504,True,0.0022457559,0.000619544,0.0016215283,0.9925504,0.0029628277
test,Fuzzy,Fuzzy,1478198020.821598,1478198021.122227,2728832,28,0.4375,0,300.6289005279541,1087,0x43F,test,3074,Fuzzy,Fuzzy,0.9918031,True,0.0025030798,0.00027830343,0.9918031,0.002937545,0.0024779972
test,Gear,Gear,1478195084.887513,1478195084.921187,3465344,18,0.28125,9,27.24289894104004,1087,0x43F,test,3075,Gear,Gear,0.97843254,True,0.0030828435,0.0004990593,0.0007087099,0.97843254,0.017276833
test,Gear,Gear,1478195087.143649,1478195087.170869,3469568,20,0.3125,0,27.22001075744629,1087,0x43F,test,3076,Gear,Gear,0.9922013,True,0.0024811884,0.0005942637,0.0011675484,0.9922013,0.0035556466
test,Normal,Fuzzy,1478201189.363481,1478201189.394874,3802368,0,0.0,-1,,2,0x002,test,3077,Normal,Normal,0.9471954,True,0.9471954,0.010391567,0.0011321529,0.01003215,0.031248627
test,DoS,DoS,1478200609.136102,1478200609.191039,2634944,35,0.546875,0,54.937124252319336,0,0x000,test,3078,DoS,DoS,0.98578334,True,0.0063807885,0.98578334,0.0042097904,0.0016723549,0.0019537373
test,Normal,RPM,1478201058.023235,1478201058.054841,4342400,0,0.0,-1,,399,0x18F,test,3079,Normal,Normal,0.97641546,True,0.97641546,0.0034016215,0.002022441,0.01070915,0.007451335
test,RPM,RPM,1478192951.264029,1478192951.288897,3674048,21,0.328125,0,24.86801147460937,790,0x316,test,3080,RPM,RPM,0.99085957,True,0.0037966669,0.00026116928,0.0013997933,0.0036827326,0.99085957
test,Gear,Gear,1478194969.046724,1478194969.078206,3257984,19,0.296875,4,27.590036392211918,1087,0x43F,test,3081,Gear,Gear,0.9908387,True,0.0030199194,0.0006193291,0.0019105391,0.9908387,0.0036115847
test,Gear,Gear,1478194970.932184,1478194970.955716,3261120,20,0.3125,1,23.295879364013672,1087,0x43F,test,3082,Gear,Gear,0.9904756,True,0.0027757718,0.0006734844,0.0024284779,0.9904756,0.003646655
test,Fuzzy,Fuzzy,1478197911.362594,1478197911.454891,2628864,28,0.4375,1,92.07606315612792,2,0x002,test,3083,Fuzzy,Fuzzy,0.9912176,True,0.003181979,0.00033273787,0.9912176,0.002219625,0.0030480807
test,RPM,RPM,1478192904.58042,1478192904.609511,3592960,21,0.328125,3,28.293848037719727,790,0x316,test,3084,RPM,RPM,0.9929589,True,0.00327919,0.00028573102,0.0010490902,0.0024270439,0.9929589
test,Fuzzy,Fuzzy,1478197979.325024,1478197979.476074,2693568,25,0.390625,2,150.33197402954102,320,0x140,test,3085,Fuzzy,Fuzzy,0.99023134,True,0.0031923214,0.00037320078,0.99023134,0.0021045965,0.0040985667
test,DoS,DoS,1478200649.189886,1478200649.475776,2675008,39,0.609375,0,285.8898639678955,0,0x000,test,3086,DoS,DoS,0.9852684,True,0.005259342,0.9852684,0.005309187,0.0018529054,0.002310051
test,Normal,DoS,1478201006.412391,1478201006.446574,3291584,0,0.0,-1,,304,0x130,test,3087,Normal,Normal,0.9488895,True,0.9488895,0.0072050723,0.0018176045,0.014658291,0.027429635
test,RPM,RPM,1478192831.469772,1478192831.491255,3442752,19,0.296875,3,20.771026611328125,790,0x316,test,3088,RPM,RPM,0.99067396,True,0.003553577,0.00030788832,0.0008101784,0.0046544694,0.99067396
test,Gear,Gear,1478195003.938785,1478195003.98171,3320256,17,0.265625,1,42.6938533782959,1087,0x43F,test,3089,Gear,Gear,0.98275155,True,0.006440283,0.00059448695,0.0053150505,0.98275155,0.0048986305
test,Normal,Gear,1478201199.486114,1478201199.519878,4425408,0,0.0,-1,,608,0x260,test,3090,Normal,Normal,0.9111558,True,0.9111558,0.0018300597,0.01741854,0.04575909,0.023836458
test,RPM,RPM,1478192827.187614,1478192827.238833,3434624,17,0.265625,4,50.2629280090332,790,0x316,test,3091,RPM,RPM,0.9902422,True,0.005186979,0.0006030679,0.0004411775,0.0035266373,0.9902422
test,Gear,Gear,1478195053.372778,1478195053.396706,3408064,21,0.328125,0,23.928165435791016,1087,0x43F,test,3092,Gear,Gear,0.99048704,True,0.0030701184,0.00056150666,0.0026181468,0.99048704,0.0032632856
test,RPM,RPM,1478192948.270895,1478192948.308473,3668288,21,0.328125,7,35.839080810546875,790,0x316,test,3093,RPM,RPM,0.9900384,True,0.003357397,0.00037668447,0.00045191683,0.005775729,0.9900384
test,Fuzzy,Fuzzy,1478198172.351693,1478198172.386056,2924928,24,0.375,0,34.3630313873291,2,0x002,test,3094,Fuzzy,Fuzzy,0.9867105,True,0.0043288106,0.00044104713,0.9867105,0.0022500707,0.0062695807
test,Fuzzy,Fuzzy,1478198026.189501,1478198026.412327,2734784,32,0.5,1,217.2181606292725,704,0x2C0,test,3095,Fuzzy,Fuzzy,0.99108934,True,0.0028494892,0.00036092728,0.99108934,0.0020494496,0.0036509007
test,Fuzzy,Fuzzy,1478197847.255395,1478197847.546248,2568896,33,0.515625,2,274.8720645904541,305,0x131,test,3096,Fuzzy,Fuzzy,0.990886,True,0.0024376789,0.0003167655,0.990886,0.0023657493,0.003993737
test,Fuzzy,Fuzzy,1478197796.813798,1478197796.859372,2523968,22,0.34375,0,45.57394981384277,305,0x131,test,3097,Fuzzy,Fuzzy,0.98815966,True,0.0040076682,0.00023181249,0.98815966,0.0021997932,0.0054011117
test,DoS,DoS,1478200410.775689,1478200410.791503,2388864,33,0.515625,1,15.570878982543944,0,0x000,test,3098,DoS,DoS,0.98370695,True,0.006977768,0.98370695,0.005433343,0.0016708326,0.0022111642
test,Fuzzy,Fuzzy,1478198106.87724,1478198106.912995,2816064,2,0.03125,58,1.435995101928711,304,0x130,test,3099,Fuzzy,Normal,0.87843806,False,0.87843806,0.0009461705,0.068109624,0.028646633,0.023859523
test,DoS,DoS,1478200527.775738,1478200527.887161,2544576,31,0.484375,2,110.6870174407959,0,0x000,test,3100,DoS,DoS,0.98509717,True,0.00785054,0.98509717,0.0036752548,0.0016944014,0.0016825901
test,DoS,DoS,1478200382.813364,1478200382.873073,2347648,36,0.5625,0,59.70907211303711,0,0x000,test,3101,DoS,DoS,0.9862752,True,0.0060509974,0.9862752,0.0037173158,0.0016817153,0.0022746588
test,Gear,Gear,1478195117.864345,1478195118.013063,3520000,21,0.328125,3,147.9969024658203,1087,0x43F,test,3102,Gear,Gear,0.9930108,True,0.001905659,0.00075600814,0.0012258064,0.9930108,0.0031016942
test,DoS,DoS,1478200549.017312,1478200549.249291,2568128,33,0.515625,1,226.301908493042,0,0x000,test,3103,DoS,DoS,0.985677,True,0.006031223,0.985677,0.004308145,0.0015362636,0.002447366
test,Normal,RPM,1478201163.354254,1478201163.386439,4537024,0,0.0,-1,,304,0x130,test,3104,Normal,Normal,0.94010264,True,0.94010264,0.0012901452,0.017817076,0.008572455,0.03221774
test,DoS,DoS,1478200473.763024,1478200473.794222,2476288,32,0.5,0,31.19802474975586,0,0x000,test,3105,DoS,DoS,0.9858132,True,0.009100429,0.9858132,0.0016722119,0.0015590141,0.0018551219
test,Normal,Gear,1478201068.14512,1478201068.178937,4182592,0,0.0,-1,,2,0x002,test,3106,Normal,Normal,0.9292682,True,0.9292682,0.010587384,0.0013446601,0.036895398,0.021904403
test,RPM,RPM,1478192704.754955,1478192704.777653,3207552,21,0.328125,2,22.21989631652832,790,0x316,test,3107,RPM,RPM,0.9918405,True,0.0034570892,0.00027201098,0.0009760728,0.0034543374,0.9918405
test,Gear,Gear,1478195029.141669,1478195029.206203,3365440,24,0.375,2,64.0709400177002,1087,0x43F,test,3108,Gear,Gear,0.9924505,True,0.0014560423,0.0006264325,0.00070402154,0.9924505,0.0047629867
test,Gear,Gear,1478194899.8075,1478194899.834398,3130880,23,0.359375,0,26.89814567565918,1087,0x43F,test,3109,Gear,Gear,0.98990345,True,0.0022771598,0.00046559016,0.0014497973,0.98990345,0.0059040645
test,Gear,Gear,1478195023.138842,1478195023.188289,3355712,18,0.28125,9,36.38982772827149,1087,0x43F,test,3110,Gear,Gear,0.98826027,True,0.004394934,0.0005838834,0.002880434,0.98826027,0.00388054
test,Gear,Gear,1478194897.75426,1478194897.776631,3126784,18,0.28125,5,21.155118942260746,1087,0x43F,test,3111,Gear,Gear,0.99003136,True,0.0028790513,0.0006439084,0.0030037332,0.99003136,0.0034419699
test,RPM,RPM,1478192766.674837,1478192766.70067,3333888,22,0.34375,2,25.248050689697266,790,0x316,test,3112,RPM,RPM,0.99356115,True,0.0023696367,0.00023773905,0.0013619532,0.0024694453,0.99356115
test,DoS,DoS,1478200453.685759,1478200453.731607,2447232,33,0.515625,0,45.84789276123047,0,0x000,test,3113,DoS,DoS,0.9836459,True,0.007479137,0.9836459,0.005328667,0.0016584562,0.0018878849
test,Normal,Fuzzy,1478201177.06449,1478201177.096737,3779584,0,0.0,-1,,304,0x130,test,3114,Normal,Normal,0.9492127,True,0.9492127,0.0009857301,0.032995,0.0056999377,0.011106752
test,Normal,DoS,1478201198.672418,1478201198.706492,3646528,0,0.0,-1,,304,0x130,test,3115,Normal,Normal,0.91943914,True,0.91943914,0.016361859,0.0013985407,0.04767509,0.015125335
test,DoS,DoS,1478200387.986998,1478200388.030492,2356608,34,0.53125,1,43.25103759765625,0,0x000,test,3116,DoS,DoS,0.984287,True,0.006057188,0.984287,0.0056320713,0.0015072507,0.0025164185
test,Gear,Gear,1478194877.465137,1478194877.487334,3087232,20,0.3125,8,18.76997947692871,1087,0x43F,test,3117,Gear,Gear,0.9917562,True,0.002110138,0.0006212543,0.0009518575,0.9917562,0.004560586
test,Normal,RPM,1478201140.756967,1478201140.794477,4495680,0,0.0,-1,,704,0x2C0,test,3118,Normal,Normal,0.91840243,True,0.91840243,0.0047922404,0.002822057,0.06396821,0.010015052
test,Normal,Fuzzy,1478201088.31732,1478201088.349125,3615680,0,0.0,-1,,304,0x130,test,3119,Normal,Normal,0.9413822,True,0.9413822,0.005668575,0.003280272,0.043457728,0.0062112827
test,Fuzzy,Fuzzy,1478198158.720897,1478198158.752752,2900608,24,0.375,2,31.391143798828125,790,0x316,test,3120,Fuzzy,Fuzzy,0.9876666,True,0.00393577,0.00040734463,0.9876666,0.0022323425,0.0057579265
test,Fuzzy,Fuzzy,1478197993.217272,1478197993.237407,2708352,25,0.390625,0,20.13492584228516,790,0x316,test,3121,Fuzzy,Fuzzy,0.98955697,True,0.003335653,0.00036570383,0.98955697,0.0021884637,0.004553188
test,DoS,DoS,1478200484.578185,1478200484.681891,2490688,35,0.546875,1,103.46198081970216,0,0x000,test,3122,DoS,DoS,0.9848667,True,0.0071661333,0.9848667,0.0044715353,0.0013610076,0.0021346554
test,Fuzzy,Fuzzy,1478198127.352481,1478198127.461713,2846912,28,0.4375,0,109.23218727111816,304,0x130,test,3123,Fuzzy,Fuzzy,0.98892605,True,0.0027883328,0.00029425242,0.98892605,0.0032481295,0.0047432897
test,Fuzzy,Fuzzy,1478198100.909295,1478198100.951572,2806400,28,0.4375,1,42.05989837646485,848,0x350,test,3124,Fuzzy,Fuzzy,0.98938715,True,0.0032503542,0.0003628289,0.98938715,0.002305943,0.0046937633
test,Fuzzy,Fuzzy,1478198012.152729,1478198012.481418,2722560,18,0.28125,2,306.55598640441895,304,0x130,test,3125,Fuzzy,Fuzzy,0.9762492,True,0.004731434,0.00042250508,0.9762492,0.002959657,0.01563717
test,RPM,RPM,1478192795.537602,1478192795.577756,3379968,17,0.265625,6,38.71488571166992,790,0x316,test,3126,RPM,RPM,0.9884647,True,0.005259937,0.00024458434,0.0033191429,0.0027116768,0.9884647
test,Fuzzy,Fuzzy,1478197749.853417,1478197750.002584,2478208,23,0.359375,1,143.56708526611328,320,0x140,test,3127,Fuzzy,Fuzzy,0.9913128,True,0.0028799297,0.00025273729,0.9913128,0.002856382,0.0026980669
test,Fuzzy,Fuzzy,1478198091.374021,1478198091.466372,2791104,26,0.40625,0,92.35095977783205,880,0x370,test,3128,Fuzzy,Fuzzy,0.98872745,True,0.003441117,0.00034004252,0.98872745,0.0028021208,0.0046892203
test,Gear,Gear,1478194996.295351,1478194996.332004,3308864,18,0.28125,1,36.42010688781738,1087,0x43F,test,3129,Gear,Gear,0.9872177,True,0.003534644,0.00091595866,0.0010443004,0.9872177,0.0072874026
test,RPM,RPM,1478192690.016724,1478192690.039486,3173696,20,0.3125,1,22.5369930267334,790,0x316,test,3130,RPM,RPM,0.98603004,True,0.0042854236,0.00023666714,0.001307194,0.008140662,0.98603004
test,Fuzzy,Fuzzy,1478198090.386135,1478198090.406884,2790016,25,0.390625,5,19.56105232238769,304,0x130,test,3131,Fuzzy,Fuzzy,0.9880008,True,0.0037503175,0.0004985757,0.9880008,0.0018589237,0.0058914493
test,Fuzzy,Fuzzy,1478197922.702654,1478197922.893803,2636672,23,0.359375,15,187.17598915100095,704,0x2C0,test,3132,Fuzzy,Fuzzy,0.98269904,True,0.0049889963,0.00064100616,0.98269904,0.002181597,0.009489294
test,Fuzzy,Fuzzy,1478197739.504036,1478197739.637594,2468544,30,0.46875,1,133.1479549407959,704,0x2C0,test,3133,Fuzzy,Fuzzy,0.9907223,True,0.0028935808,0.00032190385,0.9907223,0.0020919333,0.0039703446
test,Normal,Fuzzy,1478201034.910317,1478201034.942168,3516736,0,0.0,-1,,2,0x002,test,3134,Normal,Normal,0.9270049,True,0.9270049,0.0039289305,0.0026469734,0.036801808,0.02961733
test,Gear,Gear,1478194910.419243,1478194910.446073,3153024,23,0.359375,1,26.59916877746582,1087,0x43F,test,3135,Gear,Gear,0.99178606,True,0.001713927,0.00047427634,0.0012087976,0.99178606,0.00481696
test,Normal,DoS,1478201051.198648,1478201051.231067,3373824,0,0.0,-1,,304,0x130,test,3136,Normal,Normal,0.92445743,True,0.92445743,0.0057913996,0.0021605296,0.027167259,0.040423293
test,Gear,Gear,1478195016.660196,1478195016.683352,3343168,21,0.328125,3,22.4459171295166,1087,0x43F,test,3137,Gear,Gear,0.98826724,True,0.0027880033,0.00047939955,0.001924126,0.98826724,0.0065412703
test,Fuzzy,Fuzzy,1478198054.457192,1478198054.640857,2754112,23,0.359375,6,166.27192497253418,672,0x2A0,test,3138,Fuzzy,Fuzzy,0.9891038,True,0.004062949,0.000503442,0.9891038,0.0018140548,0.004515688
test,Fuzzy,Fuzzy,1478198013.843342,1478198014.08303,2722880,20,0.3125,4,217.1630859375,2,0x002,test,3139,Fuzzy,Fuzzy,0.98965794,True,0.0035544757,0.0003664688,0.98965794,0.002067943,0.0043530934
test,RPM,RPM,1478192955.056386,1478192955.080882,3681664,21,0.328125,1,24.271011352539062,790,0x316,test,3140,RPM,RPM,0.99053335,True,0.003102631,0.00034294827,0.0006020891,0.0054190503,0.99053335
test,Gear,Gear,1478195079.888393,1478195079.932232,3456448,19,0.296875,2,43.35379600524902,1087,0x43F,test,3141,Gear,Gear,0.99134,True,0.00301859,0.00087220146,0.0007225858,0.99134,0.0040466674
test,Normal,Gear,1478201174.95889,1478201174.99417,4379968,0,0.0,-1,,2,0x002,test,3142,Normal,Normal,0.9346221,True,0.9346221,0.016537122,0.00073413947,0.031975042,0.01613168
test,Normal,Gear,1478201037.364323,1478201037.400892,4125568,0,0.0,-1,,2,0x002,test,3143,Normal,Normal,0.9465144,True,0.9465144,0.008872663,0.0012658498,0.015769284,0.027577797
test,Normal,Fuzzy,1478201131.356697,1478201131.392832,3695424,0,0.0,-1,,399,0x18F,test,3144,Normal,Normal,0.9589831,True,0.9589831,0.001236619,0.013218862,0.017387593,0.009173774
test,RPM,RPM,1478192760.316076,1478192760.338825,3322880,20,0.3125,0,22.748947143554688,790,0x316,test,3145,RPM,RPM,0.9901484,True,0.0038699368,0.00024038828,0.0014753584,0.004265943,0.9901484
test,DoS,DoS,1478200398.004299,1478200398.053672,2372160,37,0.578125,1,49.12710189819336,0,0x000,test,3146,DoS,DoS,0.98289305,True,0.0076320646,0.98289305,0.0059388266,0.0016813953,0.0018546741
test,Gear,Gear,1478194866.877332,1478194866.906572,3067456,19,0.296875,0,29.240131378173828,1087,0x43F,test,3147,Gear,Gear,0.9844428,True,0.0036346447,0.0006113829,0.00511848,0.9844428,0.0061926553
test,DoS,DoS,1478200399.389148,1478200399.432669,2374080,38,0.59375,1,43.26987266540527,0,0x000,test,3148,DoS,DoS,0.9849701,True,0.00721872,0.9849701,0.0043395944,0.0016346833,0.0018369128
test,Gear,Gear,1478194975.501243,1478194975.532629,3269632,21,0.328125,0,31.38589859008789,1087,0x43F,test,3149,Gear,Gear,0.98915464,True,0.0035490394,0.0005381562,0.0043974333,0.98915464,0.002360742
test,Fuzzy,Fuzzy,1478197943.754465,1478197943.775801,2660416,24,0.375,1,21.10886573791504,1088,0x440,test,3150,Fuzzy,Fuzzy,0.98821926,True,0.0037392636,0.00035576316,0.98821926,0.0023386474,0.005347079
test,Fuzzy,Fuzzy,1478198127.897394,1478198127.970984,2847360,25,0.390625,1,73.37307929992676,1088,0x440,test,3151,Fuzzy,Fuzzy,0.99125797,True,0.002907625,0.00028087926,0.99125797,0.0026229238,0.002930543
test,RPM,RPM,1478192761.361694,1478192761.396781,3324800,20,0.3125,1,34.69085693359375,790,0x316,test,3152,RPM,RPM,0.98730993,True,0.0047845882,0.00021064558,0.0028377746,0.0048570614,0.98730993
test,DoS,DoS,1478200384.019002,1478200384.062917,2349376,36,0.5625,3,37.74595260620117,0,0x000,test,3153,DoS,DoS,0.98547286,True,0.0070853624,0.98547286,0.0038632413,0.0015632273,0.0020153113
test,Normal,DoS,1478201022.302961,1478201022.334036,3321024,0,0.0,-1,,399,0x18F,test,3154,Normal,Normal,0.94920576,True,0.94920576,0.0039680293,0.0028705082,0.0063332696,0.037622385
test,RPM,RPM,1478192820.988943,1478192821.017721,3422976,21,0.328125,3,28.069019317626957,790,0x316,test,3155,RPM,RPM,0.99247414,True,0.0026292012,0.0002786615,0.0010648215,0.003553146,0.99247414
test,Normal,RPM,1478201118.165952,1478201118.197631,4453824,0,0.0,-1,,2,0x002,test,3156,Normal,Normal,0.94875884,True,0.94875884,0.0077355313,0.0010448562,0.015250371,0.02721038
test,RPM,RPM,1478192950.478242,1478192950.510542,3672320,20,0.3125,0,32.29999542236328,790,0x316,test,3157,RPM,RPM,0.99206746,True,0.0036524204,0.00038085377,0.00064043375,0.003258785,0.99206746
test,DoS,DoS,1478200453.218713,1478200453.281525,2446656,35,0.546875,0,62.81185150146485,0,0x000,test,3158,DoS,DoS,0.9866866,True,0.007615036,0.9866866,0.0024626793,0.0017365824,0.0014990806
test,Fuzzy,Fuzzy,1478197921.345217,1478197921.596053,2636352,34,0.53125,1,244.92478370666504,1087,0x43F,test,3159,Fuzzy,Fuzzy,0.9924305,True,0.0024256774,0.00026793167,0.9924305,0.0023962928,0.0024795127
test,Fuzzy,Fuzzy,1478197945.59266,1478197945.789547,2661312,28,0.4375,1,196.66290283203125,880,0x370,test,3160,Fuzzy,Fuzzy,0.98827934,True,0.0035216128,0.00039811284,0.98827934,0.0022277972,0.005573082
test,Gear,Gear,1478194879.405265,1478194879.448475,3090880,18,0.28125,1,42.72890090942383,1087,0x43F,test,3161,Gear,Gear,0.9912076,True,0.002470189,0.0008499259,0.0006641386,0.9912076,0.0048081493
test,RPM,RPM,1478192964.304794,1478192964.341801,3698944,24,0.375,0,37.00685501098633,790,0x316,test,3162,RPM,RPM,0.9913316,True,0.0026137242,0.00034408466,0.0005975792,0.0051130187,0.9913316
test,DoS,DoS,1478200474.109079,1478200474.135417,2476672,33,0.515625,1,20.956993103027344,0,0x000,test,3163,DoS,DoS,0.9840715,True,0.0061965184,0.9840715,0.00562872,0.0018233078,0.0022799699
test,Gear,Gear,1478194996.450558,1478194996.497815,3309056,20,0.3125,3,46.52285575866699,1087,0x43F,test,3164,Gear,Gear,0.98952043,True,0.0022022782,0.00061619014,0.00078063883,0.98952043,0.0068804794
test,Normal,RPM,1478201094.673922,1478201094.707776,4410304,0,0.0,-1,,2,0x002,test,3165,Normal,Normal,0.89354295,True,0.89354295,0.00475936,0.0027579775,0.05205759,0.046882115
test,DoS,DoS,1478200360.425561,1478200360.63101,2320128,34,0.53125,1,205.2030563354492,0,0x000,test,3166,DoS,DoS,0.9867243,True,0.006378251,0.9867243,0.0033818132,0.0015939462,0.0019217056
test,Normal,DoS,1478201092.787608,1478201092.824851,3450880,0,0.0,-1,,2,0x002,test,3167,Normal,Normal,0.97455466,True,0.97455466,0.0022370038,0.0058224867,0.010292966,0.0070929066
test,Gear,Gear,1478195023.258586,1478195023.290306,3355840,22,0.34375,5,30.485153198242188,1087,0x43F,test,3168,Gear,Gear,0.991689,True,0.00187723,0.00068778876,0.0010900596,0.991689,0.0046559623
test,Gear,Gear,1478194918.362673,1478194918.389405,3167360,20,0.3125,0,26.73196792602539,1087,0x43F,test,3169,Gear,Gear,0.9857239,True,0.0027999994,0.00049567316,0.0018937569,0.9857239,0.009086644
test,Fuzzy,Fuzzy,1478197865.227591,1478197865.250202,2585536,20,0.3125,6,19.59085464477539,305,0x131,test,3170,Fuzzy,Fuzzy,0.9851034,True,0.0044843936,0.0004154003,0.9851034,0.0020653359,0.007931411
test,Fuzzy,Fuzzy,1478198111.205028,1478198111.255565,2822976,23,0.359375,0,50.5368709564209,2,0x002,test,3171,Fuzzy,Fuzzy,0.98990506,True,0.0032735134,0.0003366911,0.98990506,0.002479945,0.004004694
test,Gear,Gear,1478194865.815672,1478194865.838653,3065024,19,0.296875,1,22.750139236450195,1087,0x43F,test,3172,Gear,Gear,0.9902097,True,0.0035897011,0.00073257386,0.0024500585,0.9902097,0.003017926
test,Gear,Gear,1478195106.22611,1478195106.364823,3504640,18,0.28125,1,138.48114013671875,1087,0x43F,test,3173,Gear,Gear,0.98280966,True,0.0045151524,0.00043423433,0.0069935387,0.98280966,0.0052474383
test,Normal,DoS,1478201073.237898,1478201073.270833,3414656,0,0.0,-1,,304,0x130,test,3174,Normal,Normal,0.93721724,True,0.93721724,0.0110953245,0.0015944069,0.036807884,0.013285072
test,RPM,RPM,1478192889.636323,1478192889.661774,3560832,23,0.359375,0,25.45094490051269,790,0x316,test,3175,RPM,RPM,0.9895579,True,0.0030285984,0.00026867792,0.0009807663,0.006164009,0.9895579
test,Gear,Gear,1478194847.186491,1478194847.212646,3024960,19,0.296875,2,25.68602561950684,1087,0x43F,test,3176,Gear,Gear,0.9906013,True,0.0028033794,0.0006649881,0.0031252163,0.9906013,0.002805186
test,Fuzzy,Fuzzy,1478198107.555133,1478198107.604256,2817472,29,0.453125,4,48.175811767578125,2,0x002,test,3177,Fuzzy,Fuzzy,0.98752195,True,0.0031687855,0.00039266318,0.98752195,0.0023445815,0.006572021
test,DoS,DoS,1478200518.494886,1478200518.614835,2535872,34,0.53125,1,119.7030544281006,0,0x000,test,3178,DoS,DoS,0.9852754,True,0.005751177,0.9852754,0.0050420766,0.0016284764,0.0023029184
test,Gear,Gear,1478195058.777942,1478195058.802904,3418432,21,0.328125,2,24.487972259521484,1087,0x43F,test,3179,Gear,Gear,0.99003613,True,0.00210675,0.0005478937,0.0019432672,0.99003613,0.0053659705
test,RPM,RPM,1478192844.106144,1478192844.135634,3466496,26,0.40625,0,29.489994049072266,790,0x316,test,3180,RPM,RPM,0.99576914,True,0.0016819926,0.0003943379,0.00061434554,0.0015401652,0.99576914
test,DoS,DoS,1478200449.499642,1478200449.525941,2441280,34,0.53125,1,26.054859161376957,0,0x000,test,3181,DoS,DoS,0.98637855,True,0.0073500224,0.98637855,0.0027423908,0.0015973084,0.001931715
test,DoS,DoS,1478200632.413958,1478200632.558133,2658112,32,0.5,0,144.17481422424316,0,0x000,test,3182,DoS,DoS,0.98093134,True,0.0071061403,0.98093134,0.0078695025,0.0018017276,0.002291249
test,RPM,RPM,1478192812.878322,1478192812.920543,3408512,21,0.328125,2,41.571855545043945,790,0x316,test,3183,RPM,RPM,0.98890764,True,0.0027548845,0.00034688524,0.0005045543,0.007485978,0.98890764
test,RPM,RPM,1478192737.640921,1478192737.670402,3274752,18,0.28125,2,29.02007102966309,790,0x316,test,3184,RPM,RPM,0.9908325,True,0.003964662,0.00039572036,0.0005302787,0.004276903,0.9908325
test,RPM,RPM,1478192928.587379,1478192928.610563,3634816,21,0.328125,3,22.483110427856445,790,0x316,test,3185,RPM,RPM,0.99207836,True,0.0032679846,0.00025697067,0.0011782047,0.0032185083,0.99207836
test,Gear,Gear,1478195067.285507,1478195067.315467,3433536,20,0.3125,9,26.31497383117676,1087,0x43F,test,3186,Gear,Gear,0.99262106,True,0.002413033,0.0007107296,0.0017510628,0.99262106,0.0025041937
test,Normal,DoS,1478201040.902002,1478201040.937713,3354752,0,0.0,-1,,399,0x18F,test,3187,Normal,Normal,0.9732572,True,0.9732572,0.005914723,0.0010969868,0.009614172,0.010116982
test,Fuzzy,Fuzzy,1478197978.158676,1478197978.384872,2693120,29,0.453125,0,226.1960506439209,672,0x2A0,test,3188,Fuzzy,Fuzzy,0.9920121,True,0.002408947,0.00026379485,0.9920121,0.0028182485,0.002496964
test,DoS,DoS,1478200582.224843,1478200582.320189,2603648,38,0.59375,0,95.34597396850586,0,0x000,test,3189,DoS,DoS,0.98730624,True,0.006696126,0.98730624,0.0024476799,0.0015508832,0.0019990471
test,RPM,RPM,1478192866.060329,1478192866.094868,3512000,22,0.34375,2,33.91098976135254,790,0x316,test,3190,RPM,RPM,0.9935207,True,0.002224952,0.0004717135,0.00034801612,0.003434686,0.9935207
test,DoS,DoS,1478200434.943846,1478200434.988309,2420800,37,0.578125,0,44.46291923522949,0,0x000,test,3191,DoS,DoS,0.98557615,True,0.00645831,0.98557615,0.0040182555,0.0014538495,0.0024935335
test,Normal,DoS,1478201158.529957,1478201158.564814,3572160,0,0.0,-1,,2,0x002,test,3192,Normal,Normal,0.9612179,True,0.9612179,0.0022982575,0.010776115,0.019768272,0.0059394077
test,RPM,RPM,1478192722.751437,1478192722.788833,3244800,17,0.265625,7,35.684823989868164,790,0x316,test,3193,RPM,RPM,0.98475873,True,0.005295162,0.0007970405,0.00027066804,0.00887827,0.98475873
test,Normal,Gear,1478201103.688926,1478201103.725906,4248448,0,0.0,-1,,305,0x131,test,3194,Normal,Normal,0.95357686,True,0.95357686,0.0022913688,0.0077329706,0.026979726,0.009418967
test,RPM,RPM,1478192938.344321,1478192938.39156,3649664,15,0.234375,0,47.239065170288086,790,0x316,test,3195,RPM,RPM,0.9844965,True,0.0069835987,0.00033172235,0.001124393,0.0070638172,0.9844965
test,Normal,Gear,1478201029.407463,1478201029.438226,4111552,0,0.0,-1,,608,0x260,test,3196,Normal,Normal,0.975493,True,0.975493,0.0023857541,0.0037053777,0.012950319,0.0054654824
test,DoS,DoS,1478200321.879952,1478200322.009248,2290048,40,0.625,0,129.29606437683103,0,0x000,test,3197,DoS,DoS,0.9842076,True,0.006484029,0.9842076,0.005519559,0.0017778197,0.0020109613
test,Normal,DoS,1478201023.71982,1478201023.752234,3323648,0,0.0,-1,,304,0x130,test,3198,Normal,Normal,0.87860703,True,0.87860703,0.011290686,0.0014297647,0.07705869,0.0316138
test,Fuzzy,Fuzzy,1478197928.933626,1478197928.965003,2644736,23,0.359375,6,29.64997291564941,304,0x130,test,3199,Fuzzy,Fuzzy,0.9881606,True,0.0034423075,0.00033591717,0.9881606,0.0027568191,0.0053043
test,Fuzzy,Fuzzy,1478198165.839098,1478198165.886571,2913408,31,0.484375,0,47.47295379638672,704,0x2C0,test,3200,Fuzzy,Fuzzy,0.9918677,True,0.0024990626,0.0002475148,0.9918677,0.0025710557,0.0028146245
test,DoS,DoS,1478200464.584839,1478200464.60061,2463232,33,0.515625,1,15.523910522460938,0,0x000,test,3201,DoS,DoS,0.98353565,True,0.006789454,0.98353565,0.0058608656,0.0016417971,0.0021722522
test,DoS,DoS,1478200525.972082,1478200525.987753,2543616,34,0.53125,0,15.671014785766602,0,0x000,test,3202,DoS,DoS,0.9831544,True,0.00697118,0.9831544,0.0059193713,0.001631236,0.002323763
test,Fuzzy,Fuzzy,1478198133.330089,1478198133.357647,2857152,23,0.359375,0,27.557849884033203,608,0x260,test,3203,Fuzzy,Fuzzy,0.9907569,True,0.0033380885,0.00033943309,0.9907569,0.001989585,0.0035760517
test,Fuzzy,Fuzzy,1478197964.216969,1478197964.55399,2679552,27,0.421875,0,337.0208740234375,704,0x2C0,test,3204,Fuzzy,Fuzzy,0.98870414,True,0.003749592,0.00044907676,0.98870414,0.0021261908,0.004970938
test,Normal,Gear,1478201090.287701,1478201090.324289,4223616,0,0.0,-1,,2,0x002,test,3205,Normal,Normal,0.9351514,True,0.9351514,0.0032431772,0.0029405951,0.024001686,0.03466317
test,DoS,DoS,1478200467.260622,1478200467.285694,2467008,34,0.53125,0,25.07185935974121,0,0x000,test,3206,DoS,DoS,0.984925,True,0.0069864783,0.984925,0.004394786,0.0015681799,0.0021255973
test,Normal,DoS,1478201115.036997,1478201115.068897,3492096,0,0.0,-1,,305,0x131,test,3207,Normal,Normal,0.95027924,True,0.95027924,0.0028083127,0.018538984,0.026527645,0.0018457877
test,RPM,RPM,1478192858.607173,1478192858.629863,3496512,18,0.28125,4,21.74997329711914,790,0x316,test,3208,RPM,RPM,0.9902553,True,0.0046442016,0.0003205784,0.0009367362,0.0038431787,0.9902553
test,RPM,RPM,1478192826.306137,1478192826.340569,3432960,22,0.34375,1,34.20710563659668,790,0x316,test,3209,RPM,RPM,0.9932609,True,0.002543999,0.00026557015,0.001035668,0.0028938416,0.9932609
test,Gear,Gear,1478194988.670853,1478194988.69897,3294272,21,0.328125,11,25.463104248046875,1087,0x43F,test,3210,Gear,Gear,0.9873072,True,0.002034613,0.00064803084,0.00058533315,0.9873072,0.009424904
test,Fuzzy,Fuzzy,1478198166.150038,1478198166.181639,2913920,27,0.421875,1,31.041860580444336,704,0x2C0,test,3211,Fuzzy,Fuzzy,0.9888887,True,0.0035244375,0.0004561555,0.9888887,0.0022524768,0.0048783105
test,Normal,RPM,1478201108.90694,1478201108.94139,4436672,0,0.0,-1,,2,0x002,test,3212,Normal,Normal,0.95930344,True,0.95930344,0.0075954003,0.0019505292,0.025969237,0.0051814835
test,DoS,DoS,1478200446.003835,1478200446.034746,2434688,32,0.5,0,30.910968780517575,0,0x000,test,3213,DoS,DoS,0.985933,True,0.007623121,0.985933,0.0031178303,0.0014714004,0.0018546
test,RPM,RPM,1478192695.681659,1478192695.704062,3186048,19,0.296875,2,21.924972534179688,790,0x316,test,3214,RPM,RPM,0.990382,True,0.004036011,0.0002642956,0.0012413249,0.0040763747,0.990382
test,RPM,RPM,1478192769.261655,1478192769.309983,3338048,23,0.359375,1,48.10190200805664,790,0x316,test,3215,RPM,RPM,0.9904963,True,0.0028194177,0.00025116533,0.0011342847,0.0052989135,0.9904963
test,RPM,RPM,1478192892.204092,1478192892.235312,3566912,20,0.3125,2,30.744075775146484,790,0x316,test,3216,RPM,RPM,0.990324,True,0.0032567226,0.00023769008,0.0015165942,0.0046650483,0.990324
test,Fuzzy,Fuzzy,1478197807.617021,1478197807.727465,2534336,21,0.328125,1,110.22782325744627,339,0x153,test,3217,Fuzzy,Fuzzy,0.98870045,True,0.0038861523,0.00022481252,0.98870045,0.0026250146,0.0045635733
test,Fuzzy,Fuzzy,1478198132.299977,1478198132.336142,2855232,23,0.359375,1,35.81404685974121,399,0x18F,test,3218,Fuzzy,Fuzzy,0.98927385,True,0.003826233,0.0002864918,0.98927385,0.0022379647,0.004375431
test,Normal,DoS,1478201083.289071,1478201083.323649,3433280,0,0.0,-1,,305,0x131,test,3219,Normal,Normal,0.9701985,True,0.9701985,0.0048323637,0.003268299,0.019439086,0.0022616715
test,DoS,DoS,1478200449.606812,1478200449.690019,2441472,34,0.53125,0,83.2068920135498,0,0x000,test,3220,DoS,DoS,0.98524076,True,0.0072669685,0.98524076,0.004100801,0.0016119161,0.0017795527
test,RPM,RPM,1478192692.449103,1478192692.48388,3179968,20,0.3125,2,34.30604934692383,790,0x316,test,3221,RPM,RPM,0.99134946,True,0.0032241174,0.00042639804,0.0004417789,0.004558229,0.99134946
test,RPM,RPM,1478192837.793983,1478192837.817447,3454656,21,0.328125,0,23.463964462280277,790,0x316,test,3222,RPM,RPM,0.99214584,True,0.003338854,0.00026417008,0.001337347,0.002913877,0.99214584
test,RPM,RPM,1478192788.970874,1478192789.012402,3369152,21,0.328125,1,41.30315780639648,790,0x316,test,3223,RPM,RPM,0.98898405,True,0.0041853776,0.00031381263,0.0010471556,0.0054695457,0.98898405
test,Gear,Gear,1478194905.356073,1478194905.38386,3142720,21,0.328125,1,27.55904197692871,1087,0x43F,test,3224,Gear,Gear,0.9886869,True,0.0029950107,0.0005389988,0.0025101774,0.9886869,0.0052688722
test,Fuzzy,Fuzzy,1478197957.061267,1478197957.163642,2670336,17,0.265625,11,98.79589080810548,304,0x130,test,3225,Fuzzy,Fuzzy,0.98579234,True,0.0047176885,0.00037804706,0.98579234,0.0025752962,0.006536692
test,Normal,Fuzzy,1478201049.761301,1478201049.798474,3544256,0,0.0,-1,,2,0x002,test,3226,Normal,Normal,0.91280824,True,0.91280824,0.008760058,0.0009911194,0.052819137,0.024621557
test,Fuzzy,Fuzzy,1478197913.041042,1478197913.133613,2630080,18,0.28125,0,92.57102012634276,704,0x2C0,test,3227,Fuzzy,Fuzzy,0.9616396,True,0.017555363,0.0002545918,0.9616396,0.016333558,0.0042169318
test,RPM,RPM,1478192852.592316,1478192852.617352,3483776,22,0.34375,0,25.036096572875977,790,0x316,test,3228,RPM,RPM,0.9926051,True,0.0027506598,0.00027787714,0.0009473472,0.0034190246,0.9926051
test,Gear,Gear,1478194864.433425,1478194864.455461,3061632,20,0.3125,0,22.036075592041016,1087,0x43F,test,3229,Gear,Gear,0.99306655,True,0.0023145617,0.0006423142,0.0015909987,0.99306655,0.00238558
test,Gear,Gear,1478195008.790871,1478195008.824975,3330048,18,0.28125,1,33.872127532958984,1087,0x43F,test,3230,Gear,Gear,0.9892713,True,0.0028453646,0.0006132466,0.0007384197,0.9892713,0.0065317466
test,RPM,RPM,1478192937.619242,1478192937.644049,3648448,16,0.25,0,24.80697631835937,790,0x316,test,3231,RPM,RPM,0.9859908,True,0.005672059,0.00059878605,0.0004228955,0.0073153283,0.9859908
test,DoS,DoS,1478200379.940496,1478200379.956456,2343424,34,0.53125,1,15.710830688476562,0,0x000,test,3232,DoS,DoS,0.9861989,True,0.0070645693,0.9861989,0.0032456908,0.0015559515,0.0019348819
test,Fuzzy,Fuzzy,1478198066.031157,1478198066.051727,2765824,27,0.421875,0,20.570039749145508,2,0x002,test,3233,Fuzzy,Fuzzy,0.9896796,True,0.0033655826,0.00031980683,0.9896796,0.002312866,0.0043221754
test,Normal,DoS,1478201040.419554,1478201040.452112,3353856,0,0.0,-1,,304,0x130,test,3234,Normal,Normal,0.9135976,True,0.9135976,0.009703507,0.0007294724,0.03980466,0.036164716
test,Normal,Gear,1478201140.896104,1478201140.928069,4317376,0,0.0,-1,,320,0x140,test,3235,Normal,Normal,0.9546939,True,0.9546939,0.003363695,0.005753169,0.02976964,0.006419593
test,Normal,DoS,1478201076.485823,1478201076.518997,3420672,0,0.0,-1,,2,0x002,test,3236,Normal,Normal,0.954135,True,0.954135,0.0028859172,0.004481016,0.0076666786,0.030831378
test,RPM,RPM,1478192735.834779,1478192735.859197,3270720,21,0.328125,0,24.417877197265625,790,0x316,test,3237,RPM,RPM,0.98592377,True,0.0039468966,0.00022120686,0.0016207619,0.008287375,0.98592377
test,Normal,DoS,1478201069.853017,1478201069.884676,3408384,0,0.0,-1,,399,0x18F,test,3238,Normal,Normal,0.964886,True,0.964886,0.002434561,0.0045066644,0.008762982,0.019409902
test,Gear,Gear,1478194904.611542,1478194904.636451,3140800,19,0.296875,0,24.909019470214844,1087,0x43F,test,3239,Gear,Gear,0.983082,True,0.0032156995,0.0008986322,0.00057782175,0.983082,0.012225922
test,Normal,Gear,1478201031.375184,1478201031.409516,4115200,0,0.0,-1,,399,0x18F,test,3240,Normal,Normal,0.9096962,True,0.9096962,0.0117424615,0.0017474311,0.06061493,0.016199017
test,RPM,RPM,1478192747.457934,1478192747.481028,3294976,21,0.328125,1,22.86815643310547,790,0x316,test,3241,RPM,RPM,0.9904005,True,0.0032117309,0.00025522514,0.0009902167,0.005142343,0.9904005
test,RPM,RPM,1478192705.259813,1478192705.283302,3208768,21,0.328125,2,22.845983505249023,790,0x316,test,3242,RPM,RPM,0.99305093,True,0.0028135336,0.0002555482,0.0011714386,0.0027084236,0.99305093
test,RPM,RPM,1478192749.062707,1478192749.091132,3299008,23,0.359375,0,28.424978256225582,790,0x316,test,3243,RPM,RPM,0.989771,True,0.0027666877,0.00027175504,0.0009097481,0.0062808488,0.989771
test,Normal,RPM,1478201033.783171,1478201033.814913,4297856,0,0.0,-1,,399,0x18F,test,3244,Normal,Normal,0.96072346,True,0.96072346,0.0064666523,0.0016105954,0.011046529,0.020152748
test,Normal,Gear,1478201013.031254,1478201013.062896,4081216,0,0.0,-1,,2,0x002,test,3245,Normal,Normal,0.84933084,True,0.84933084,0.0033941607,0.0034022431,0.012537957,0.13133483
test,Fuzzy,Fuzzy,1478197873.849139,1478197873.955127,2593344,29,0.453125,0,105.9880256652832,1349,0x545,test,3246,Fuzzy,Fuzzy,0.98961055,True,0.0035233998,0.00040742537,0.98961055,0.0019327234,0.004525867
test,Fuzzy,Fuzzy,1478197730.641485,1478197730.918832,2460160,34,0.53125,3,260.9879970550537,2,0x002,test,3247,Fuzzy,Fuzzy,0.9913298,True,0.0023870915,0.00030317882,0.9913298,0.002499418,0.0034805003
test,RPM,RPM,1478192702.005642,1478192702.032703,3200256,21,0.328125,6,22.85385131835937,790,0x316,test,3248,RPM,RPM,0.99058306,True,0.003171456,0.00024701492,0.0011327317,0.0048658103,0.99058306
test,Normal,Gear,1478201091.566144,1478201091.597803,4225984,0,0.0,-1,,2,0x002,test,3249,Normal,Normal,0.73581934,True,0.73581934,0.005055505,0.0025997956,0.019956,0.23656936
test,Gear,Gear,1478195027.899866,1478195027.981127,3363840,21,0.328125,2,80.79195022583008,1087,0x43F,test,3250,Gear,Gear,0.983732,True,0.003407387,0.0008231817,0.009542662,0.983732,0.002494723
test,RPM,RPM,1478192923.735007,1478192923.783586,3625984,20,0.3125,3,47.85990715026856,790,0x316,test,3251,RPM,RPM,0.9850211,True,0.004029672,0.00018249429,0.004162108,0.0066046827,0.9850211
test,DoS,DoS,1478200418.506979,1478200418.586933,2397376,31,0.484375,1,79.70595359802246,0,0x000,test,3252,DoS,DoS,0.98790467,True,0.007430379,0.98790467,0.0014185286,0.0014605694,0.0017858838
test,RPM,RPM,1478192754.201318,1478192754.223497,3309504,20,0.3125,1,21.956920623779297,790,0x316,test,3253,RPM,RPM,0.9916672,True,0.0032316812,0.00024853804,0.001546155,0.0033064287,0.9916672
test,Normal,RPM,1478201067.83317,1478201067.867948,4360576,0,0.0,-1,,399,0x18F,test,3254,Normal,Normal,0.96282303,True,0.96282303,0.0034903742,0.0038160523,0.019506445,0.010364158
test,Normal,RPM,1478201120.617138,1478201120.651445,4458368,0,0.0,-1,,320,0x140,test,3255,Normal,Normal,0.95275646,True,0.95275646,0.013892282,0.0013046744,0.019931061,0.012115509
test,DoS,DoS,1478200436.558462,1478200436.718604,2422656,38,0.59375,0,160.142183303833,0,0x000,test,3256,DoS,DoS,0.98364484,True,0.0059997304,0.98364484,0.006441553,0.0016017335,0.0023120835
test,Gear,Gear,1478195091.28845,1478195091.310925,3477568,21,0.328125,0,22.475004196166992,1087,0x43F,test,3257,Gear,Gear,0.989938,True,0.002685856,0.00058403134,0.0030330834,0.989938,0.0037590042
test,RPM,RPM,1478192749.948348,1478192749.97927,3300992,20,0.3125,0,30.92193603515625,790,0x316,test,3258,RPM,RPM,0.991916,True,0.003528974,0.00038894048,0.00058495894,0.0035811625,0.991916
test,Gear,Gear,1478194983.593502,1478194983.625299,3284032,19,0.296875,0,31.796932220458984,1087,0x43F,test,3259,Gear,Gear,0.98766965,True,0.003416343,0.00078235596,0.005454255,0.98766965,0.0026774297
test,DoS,DoS,1478200595.679771,1478200595.857725,2620032,35,0.546875,1,177.71482467651367,0,0x000,test,3260,DoS,DoS,0.98120683,True,0.008029518,0.98120683,0.0071595423,0.0015588452,0.0020452973
test,DoS,DoS,1478200500.023514,1478200500.084025,2512448,24,0.375,1,60.26291847229004,0,0x000,test,3261,DoS,DoS,0.9792868,True,0.009659924,0.9792868,0.0071378327,0.0015995399,0.0023158658
test,Fuzzy,Fuzzy,1478198127.787563,1478198127.853087,2847232,25,0.390625,1,65.3078556060791,809,0x329,test,3262,Fuzzy,Fuzzy,0.98627883,True,0.0038876634,0.000455735,0.98627883,0.0025227491,0.006855033
test,Gear,Gear,1478194942.308403,1478194942.330542,3209216,19,0.296875,9,19.989013671875,1087,0x43F,test,3263,Gear,Gear,0.99129933,True,0.00272962,0.0005574315,0.002437917,0.99129933,0.0029757589
test,RPM,RPM,1478192969.664876,1478192969.700603,3708800,19,0.296875,3,32.959938049316406,790,0x316,test,3264,RPM,RPM,0.9866139,True,0.0033740308,0.00042064762,0.0004325513,0.009158801,0.9866139
test,RPM,RPM,1478192961.234553,1478192961.260309,3693504,23,0.359375,0,25.755882263183597,790,0x316,test,3265,RPM,RPM,0.9918704,True,0.0032279764,0.0002610662,0.0012048644,0.003435721,0.9918704
test,Gear,Gear,1478195072.74136,1478195072.814722,3443712,23,0.359375,2,72.89505004882812,1087,0x43F,test,3266,Gear,Gear,0.993346,True,0.0018556445,0.00062055734,0.0009797901,0.993346,0.003198056
test,Normal,Fuzzy,1478201182.693277,1478201182.729022,3790016,0,0.0,-1,,304,0x130,test,3267,Normal,Normal,0.9359319,True,0.9359319,0.0029331686,0.005914456,0.029210443,0.026010025
test,Normal,DoS,1478201201.124707,1478201201.159946,3651072,0,0.0,-1,,399,0x18F,test,3268,Normal,Normal,0.87280387,True,0.87280387,0.007829921,0.002534503,0.099604584,0.017227165
test,Fuzzy,Fuzzy,1478197906.746499,1478197907.021437,2622208,30,0.46875,0,274.93786811828613,2,0x002,test,3269,Fuzzy,Fuzzy,0.99244153,True,0.0023091587,0.00025005382,0.99244153,0.0023894801,0.0026097998
test,DoS,DoS,1478200380.176507,1478200380.204298,2344064,32,0.5,1,27.545928955078125,0,0x000,test,3270,DoS,DoS,0.98634154,True,0.0065755406,0.98634154,0.0035415813,0.0017107531,0.0018305788
test,Gear,Gear,1478194938.213541,1478194938.248262,3201856,23,0.359375,1,34.48987007141113,1087,0x43F,test,3271,Gear,Gear,0.9933913,True,0.001711408,0.0005949795,0.0014879347,0.9933913,0.0028144338
test,RPM,RPM,1478192683.431371,1478192683.454612,3158784,20,0.3125,0,23.241043090820312,790,0x316,test,3272,RPM,RPM,0.9904811,True,0.0035651925,0.0002730344,0.0010659728,0.004614736,0.9904811
test,Gear,Gear,1478194944.753084,1478194944.857132,3213376,19,0.296875,2,103.56402397155762,1087,0x43F,test,3273,Gear,Gear,0.9869219,True,0.003173885,0.0006241495,0.0010911291,0.9869219,0.008189009
test,Gear,Gear,1478194955.413666,1478194955.449853,3231936,20,0.3125,4,35.240888595581055,1087,0x43F,test,3274,Gear,Gear,0.9925357,True,0.0021941273,0.0006045269,0.0012816474,0.9925357,0.0033840865
test,RPM,RPM,1478192766.723209,1478192766.745702,3334016,20,0.3125,4,21.522998809814453,790,0x316,test,3275,RPM,RPM,0.9909594,True,0.0041250796,0.0002708645,0.0011232006,0.003521474,0.9909594
test,Fuzzy,Fuzzy,1478197993.382039,1478197993.402898,2708864,27,0.421875,0,20.8590030670166,704,0x2C0,test,3276,Fuzzy,Fuzzy,0.99112767,True,0.0029328077,0.00026209035,0.99112767,0.002432184,0.0032452217
test,DoS,DoS,1478200428.262357,1478200428.296847,2409920,33,0.515625,0,34.490108489990234,0,0x000,test,3277,DoS,DoS,0.9851774,True,0.0093673235,0.9851774,0.0023040723,0.0013936361,0.0017575695
test,Fuzzy,Fuzzy,1478197976.877363,1478197976.967899,2692672,21,0.328125,7,84.4120979309082,304,0x130,test,3278,Fuzzy,Fuzzy,0.9862434,True,0.0039827223,0.00043844598,0.9862434,0.0021357394,0.0071996115
test,Normal,RPM,1478201179.10471,1478201179.138827,4566208,0,0.0,-1,,2,0x002,test,3279,Normal,Normal,0.9199362,True,0.9199362,0.00426599,0.002119924,0.03408053,0.039597347
test,Gear,Gear,1478194910.754123,1478194910.777031,3153664,15,0.234375,4,21.93689346313477,1087,0x43F,test,3280,Gear,Gear,0.9840534,True,0.005399379,0.0010136085,0.00064061634,0.9840534,0.008893021
test,Normal,DoS,1478201009.45237,1478201009.486425,3297216,0,0.0,-1,,304,0x130,test,3281,Normal,Normal,0.9366099,True,0.9366099,0.002594646,0.0041637723,0.00969241,0.046939306
test,RPM,RPM,1478192724.316943,1478192724.352997,3247744,19,0.296875,2,35.59112548828125,790,0x316,test,3282,RPM,RPM,0.99034625,True,0.003636787,0.0002801928,0.0009789651,0.0047578616,0.99034625
test,Fuzzy,Fuzzy,1478198093.254301,1478198093.27919,2793472,18,0.28125,7,23.262977600097656,2,0x002,test,3283,Fuzzy,Fuzzy,0.9869654,True,0.005006639,0.00032455768,0.9869654,0.0018055856,0.0058977967
test,Gear,Gear,1478194846.079695,1478194846.120156,3022400,21,0.328125,2,39.988040924072266,1087,0x43F,test,3284,Gear,Gear,0.988841,True,0.0020958823,0.00071092736,0.0007530687,0.988841,0.007599188
test,Normal,Gear,1478201168.052117,1478201168.084154,4367168,0,0.0,-1,,339,0x153,test,3285,Normal,Normal,0.91248494,True,0.91248494,0.0072302925,0.0029615501,0.07244371,0.004879524
test,Gear,Gear,1478195087.086959,1478195087.109328,3469440,19,0.296875,5,21.14295959472656,1087,0x43F,test,3286,Gear,Gear,0.98984283,True,0.0031382916,0.00053296465,0.0028733301,0.98984283,0.0036125423
test,Normal,Gear,1478201152.247458,1478201152.285068,4338368,0,0.0,-1,,2,0x002,test,3287,Normal,Normal,0.8441551,True,0.8441551,0.01482891,0.0014464023,0.12968853,0.009881039
test,Normal,DoS,1478201011.66207,1478201011.696449,3301312,0,0.0,-1,,399,0x18F,test,3288,Normal,Normal,0.92038924,True,0.92038924,0.010995654,0.0012503434,0.022048058,0.04531666
test,Normal,RPM,1478201060.922779,1478201060.959223,4347776,0,0.0,-1,,2,0x002,test,3289,Normal,Normal,0.9763889,True,0.9763889,0.0029055595,0.002148587,0.011472817,0.007084133
test,DoS,DoS,1478200636.163402,1478200636.314543,2660352,38,0.59375,1,150.8960723876953,0,0x000,test,3290,DoS,DoS,0.9858187,True,0.0054420508,0.9858187,0.004709518,0.001602338,0.002427396
test,Normal,Gear,1478201150.07445,1478201150.107538,4334336,0,0.0,-1,,304,0x130,test,3291,Normal,Normal,0.94798625,True,0.94798625,0.005733045,0.0028238713,0.033290412,0.010166411
test,Fuzzy,Fuzzy,1478198110.73229,1478198110.777503,2822400,21,0.328125,3,44.50511932373047,2,0x002,test,3292,Fuzzy,Fuzzy,0.98871756,True,0.0038699943,0.0003055839,0.98871756,0.0026125128,0.0044943783
test,DoS,DoS,1478200364.993381,1478200365.027118,2325184,32,0.5,1,33.49494934082031,0,0x000,test,3293,DoS,DoS,0.98628145,True,0.0065190215,0.98628145,0.0032692784,0.0015665105,0.0023636397
test,DoS,DoS,1478200399.736705,1478200399.801594,2374592,36,0.5625,0,64.88895416259766,0,0x000,test,3294,DoS,DoS,0.9835044,True,0.0064767734,0.9835044,0.0061123953,0.0016094589,0.0022969525
test,Fuzzy,Fuzzy,1478198124.433782,1478198124.480493,2843776,25,0.390625,0,46.710968017578125,880,0x370,test,3295,Fuzzy,Fuzzy,0.98978907,True,0.0031616301,0.00029008405,0.98978907,0.002653022,0.0041062096
test,DoS,DoS,1478200414.98409,1478200415.045607,2391104,36,0.5625,1,61.27214431762695,0,0x000,test,3296,DoS,DoS,0.988789,True,0.005951065,0.988789,0.0018118136,0.0016533685,0.0017947624
test,Gear,Gear,1478194845.78701,1478194845.829693,3021760,19,0.296875,0,42.68312454223633,1087,0x43F,test,3297,Gear,Gear,0.9898906,True,0.0036178227,0.0006300476,0.0027977917,0.9898906,0.0030637577
test,Gear,Gear,1478195021.665599,1478195021.748204,3352960,23,0.359375,0,82.60488510131836,1087,0x43F,test,3298,Gear,Gear,0.99203205,True,0.0017719541,0.0011653553,0.00038043124,0.99203205,0.0046502366
test,Fuzzy,Fuzzy,1478198111.776771,1478198111.819663,2823872,25,0.390625,1,42.66810417175293,320,0x140,test,3299,Fuzzy,Fuzzy,0.9882212,True,0.0037762308,0.00041853715,0.9882212,0.002013697,0.005570337
test,Gear,Gear,1478194866.495333,1478194866.518197,3066560,19,0.296875,3,22.1250057220459,1087,0x43F,test,3300,Gear,Gear,0.99052167,True,0.0031437236,0.0006406413,0.0014263891,0.99052167,0.0042675976
test,Fuzzy,Fuzzy,1478197886.86431,1478197887.092336,2606848,30,0.46875,1,222.8379249572754,304,0x130,test,3301,Fuzzy,Fuzzy,0.98892385,True,0.0034046737,0.00039485598,0.98892385,0.0022734122,0.0050031934
test,RPM,RPM,1478192748.579575,1478192748.602315,3297920,20,0.3125,0,22.739887237548828,790,0x316,test,3302,RPM,RPM,0.9910808,True,0.0032171845,0.00032254838,0.0006974557,0.0046819737,0.9910808
test,RPM,RPM,1478192821.835533,1478192821.888327,3424512,8,0.125,3,52.095890045166016,790,0x316,test,3303,RPM,RPM,0.7584225,True,0.18191686,0.0008005772,0.021914573,0.03694547,0.7584225
test,DoS,DoS,1478200589.369908,1478200589.463609,2611840,36,0.5625,0,93.70088577270508,0,0x000,test,3304,DoS,DoS,0.9851055,True,0.0070368918,0.9851055,0.0042622252,0.0016927425,0.0019026779
test,DoS,DoS,1478200368.200224,1478200368.462684,2326272,36,0.5625,0,262.4599933624268,0,0x000,test,3305,DoS,DoS,0.98518836,True,0.006311696,0.98518836,0.0049271374,0.0016398648,0.001932985
test,Normal,DoS,1478201183.403511,1478201183.43907,3618240,0,0.0,-1,,2,0x002,test,3306,Normal,Normal,0.767082,True,0.767082,0.00950481,0.0015831743,0.08133864,0.14049143
test,Fuzzy,Fuzzy,1478198149.924323,1478198149.98487,2885888,24,0.375,2,60.083866119384766,305,0x131,test,3307,Fuzzy,Fuzzy,0.986522,True,0.0037873555,0.00044741947,0.986522,0.0020322215,0.007211006
test,RPM,RPM,1478192696.174575,1478192696.197979,3187392,21,0.328125,3,22.701025009155277,790,0x316,test,3308,RPM,RPM,0.9916152,True,0.003340773,0.0002513836,0.0013335758,0.0034592208,0.9916152
test,DoS,DoS,1478200496.324209,1478200496.379832,2509376,34,0.53125,0,55.62305450439453,0,0x000,test,3309,DoS,DoS,0.9857481,True,0.0076118424,0.9857481,0.0032824315,0.0016186243,0.0017390562
test,Gear,Gear,1478195078.87471,1478195078.925782,3454912,18,0.28125,0,51.071882247924805,1087,0x43F,test,3310,Gear,Gear,0.99060947,True,0.0045033908,0.0010926855,0.00083217554,0.99060947,0.002962215
test,Fuzzy,Fuzzy,1478198101.22139,1478198101.27186,2806784,23,0.359375,0,50.46987533569336,2,0x002,test,3311,Fuzzy,Fuzzy,0.98875004,True,0.0035261137,0.00037688625,0.98875004,0.0023904818,0.0049565057
test,Gear,Gear,1478194982.578366,1478194982.622313,3282304,20,0.3125,0,43.94698143005371,1087,0x43F,test,3312,Gear,Gear,0.99084026,True,0.0020375655,0.00058430387,0.001122935,0.99084026,0.0054149497
test,DoS,DoS,1478200533.551545,1478200533.567457,2551936,34,0.53125,1,15.668869018554688,0,0x000,test,3313,DoS,DoS,0.98627234,True,0.00721714,0.98627234,0.002895185,0.0014987863,0.0021165118
test,DoS,DoS,1478200453.557936,1478200453.608621,2447040,32,0.5,1,50.44293403625488,0,0x000,test,3314,DoS,DoS,0.9839542,True,0.0069887573,0.9839542,0.0052163107,0.0016186676,0.0022220563
test,RPM,RPM,1478192768.043713,1478192768.073248,3336064,24,0.375,1,29.3118953704834,790,0x316,test,3315,RPM,RPM,0.99425864,True,0.0021351434,0.00030731407,0.0008590287,0.002439893,0.99425864
test,Normal,Gear,1478201041.167238,1478201041.199078,4132608,0,0.0,-1,,2,0x002,test,3316,Normal,Normal,0.96257895,True,0.96257895,0.0037390443,0.0026186812,0.015719028,0.01534432
test,DoS,DoS,1478200442.973915,1478200443.018188,2430848,32,0.5,1,44.03090476989746,0,0x000,test,3317,DoS,DoS,0.98561674,True,0.0062501403,0.98561674,0.004494347,0.00167631,0.0019624943
test,Fuzzy,Fuzzy,1478198090.343519,1478198090.36302,2789888,24,0.375,1,19.12689208984375,2,0x002,test,3318,Fuzzy,Fuzzy,0.98492754,True,0.004927741,0.00057484367,0.98492754,0.0021941205,0.007375767
test,Fuzzy,Fuzzy,1478198011.124493,1478198011.363138,2722304,28,0.4375,0,238.64507675170896,608,0x260,test,3319,Fuzzy,Fuzzy,0.9919127,True,0.0029499645,0.00033584447,0.9919127,0.0018742676,0.0029271515
test,DoS,DoS,1478200490.901172,1478200490.94192,2500864,34,0.53125,1,40.502071380615234,0,0x000,test,3320,DoS,DoS,0.98404443,True,0.006770982,0.98404443,0.005089,0.0014222437,0.002673271
test,Normal,Fuzzy,1478201130.943467,1478201130.976452,3694656,0,0.0,-1,,2,0x002,test,3321,Normal,Normal,0.9134743,True,0.9134743,0.01107308,0.0011654306,0.064995006,0.009292226
test,Normal,Fuzzy,1478201080.577157,1478201080.60934,3601344,0,0.0,-1,,2,0x002,test,3322,Normal,Normal,0.90979934,True,0.90979934,0.0094449995,0.0017115176,0.07086449,0.008179721
test,DoS,DoS,1478200459.985961,1478200460.032427,2455360,36,0.5625,1,41.08119010925293,0,0x000,test,3323,DoS,DoS,0.98421323,True,0.006549349,0.98421323,0.005500445,0.0017206866,0.0020162845
test,Normal,DoS,1478201154.273619,1478201154.306316,3564416,0,0.0,-1,,2,0x002,test,3324,Normal,Normal,0.9442808,True,0.9442808,0.005544714,0.0020492047,0.040433228,0.007692136
test,DoS,DoS,1478200459.653961,1478200459.748685,2454976,39,0.609375,1,94.47884559631348,0,0x000,test,3325,DoS,DoS,0.9873403,True,0.0056355027,0.9873403,0.0032418112,0.0016340291,0.0021483866
test,RPM,RPM,1478192877.134353,1478192877.157286,3534592,20,0.3125,1,22.575855255126957,790,0x316,test,3326,RPM,RPM,0.99070483,True,0.003660436,0.00025505488,0.0012530497,0.004126581,0.99070483
test,RPM,RPM,1478192825.211191,1478192825.234116,3431040,21,0.328125,0,22.925138473510746,790,0x316,test,3327,RPM,RPM,0.9906765,True,0.0035433834,0.00024401999,0.0014158795,0.0041201315,0.9906765
test,RPM,RPM,1478192704.294059,1478192704.316323,3206336,20,0.3125,0,22.26400375366211,790,0x316,test,3328,RPM,RPM,0.99341875,True,0.0030356876,0.0003016708,0.0012389221,0.0020049466,0.99341875
test,Normal,Gear,1478201194.029826,1478201194.062547,4415296,0,0.0,-1,,399,0x18F,test,3329,Normal,Normal,0.9579711,True,0.9579711,0.00158819,0.009614128,0.012694227,0.018132463
test,RPM,RPM,1478192806.990368,1478192807.027181,3399488,19,0.296875,2,36.09895706176758,790,0x316,test,3330,RPM,RPM,0.98906577,True,0.00538288,0.00025233466,0.0016465127,0.0036524169,0.98906577
test,Gear,Gear,1478194879.560987,1478194879.595481,3091136,19,0.296875,5,31.029939651489254,1087,0x43F,test,3331,Gear,Gear,0.9920901,True,0.0028843451,0.00089742173,0.0013010039,0.9920901,0.0028270897
test,Normal,RPM,1478201116.60907,1478201116.645355,4450944,0,0.0,-1,,320,0x140,test,3332,Normal,Normal,0.97978926,True,0.97978926,0.0026412804,0.005327733,0.009769463,0.0024723
test,DoS,DoS,1478200376.867291,1478200376.916665,2337792,30,0.46875,0,49.37410354614258,0,0x000,test,3333,DoS,DoS,0.98596,True,0.0069741616,0.98596,0.0029632004,0.0013850909,0.0027176302
test,DoS,DoS,1478200572.149863,1478200572.198694,2592448,36,0.5625,0,48.83098602294922,0,0x000,test,3334,DoS,DoS,0.9859163,True,0.006586966,0.9859163,0.0037959127,0.0016353817,0.0020653978
test,Normal,Gear,1478201050.838422,1478201050.871087,4150528,0,0.0,-1,,2,0x002,test,3335,Normal,Normal,0.96458167,True,0.96458167,0.0052756486,0.0014969525,0.013911186,0.014734585
test,Normal,DoS,1478201178.047863,1478201178.084248,3608320,0,0.0,-1,,2,0x002,test,3336,Normal,Normal,0.9320708,True,0.9320708,0.0027601414,0.00768991,0.047335576,0.010143539
test,DoS,DoS,1478200396.25857,1478200396.324398,2369856,34,0.53125,1,65.58513641357422,0,0x000,test,3337,DoS,DoS,0.9865501,True,0.0069713355,0.9865501,0.0030718269,0.0015429471,0.0018637782
test,Normal,RPM,1478201139.617407,1478201139.648717,4493568,0,0.0,-1,,880,0x370,test,3338,Normal,Normal,0.9750318,True,0.9750318,0.0013674415,0.006218572,0.01060184,0.006780378
test,Gear,Gear,1478195040.238382,1478195040.279517,3384384,17,0.265625,7,39.48092460632324,1087,0x43F,test,3339,Gear,Gear,0.98571026,True,0.004002434,0.00060035306,0.0024255083,0.98571026,0.007261478
test,Gear,Gear,1478194906.109903,1478194906.144801,3144512,21,0.328125,1,34.665822982788086,1087,0x43F,test,3340,Gear,Gear,0.98809505,True,0.0029061507,0.00048109016,0.003948091,0.98809505,0.0045696283
test,DoS,DoS,1478200609.410643,1478200609.577688,2635136,36,0.5625,2,166.29695892333984,0,0x000,test,3341,DoS,DoS,0.9866455,True,0.005838975,0.9866455,0.0038382018,0.0016421679,0.0020351377
test,DoS,DoS,1478200428.359287,1478200428.394845,2410112,35,0.546875,0,35.55798530578613,0,0x000,test,3342,DoS,DoS,0.98706436,True,0.0073969383,0.98706436,0.0021548027,0.0013227672,0.0020610744
test,RPM,RPM,1478192768.832035,1478192768.874796,3337344,17,0.265625,6,41.32294654846192,790,0x316,test,3343,RPM,RPM,0.9912178,True,0.0044685015,0.00038876088,0.00063774193,0.0032870953,0.9912178
test,RPM,RPM,1478192892.898002,1478192892.933858,3568320,19,0.296875,1,35.47382354736328,790,0x316,test,3344,RPM,RPM,0.9872115,True,0.004747748,0.00020782537,0.0024001116,0.0054328386,0.9872115
test,Normal,DoS,1478201038.970299,1478201039.001771,3351168,0,0.0,-1,,2,0x002,test,3345,Normal,Normal,0.9069894,True,0.9069894,0.013930712,0.00077116553,0.06960996,0.008698776
test,Gear,Gear,1478195059.143369,1478195059.170702,3419264,19,0.296875,1,26.985883712768555,1087,0x43F,test,3346,Gear,Gear,0.9902164,True,0.0034379512,0.00061955606,0.002446576,0.9902164,0.0032794632
test,Normal,RPM,1478201019.594902,1478201019.628614,4271936,0,0.0,-1,,399,0x18F,test,3347,Normal,Normal,0.9428293,True,0.9428293,0.00718769,0.0027966814,0.04182182,0.0053645023
test,Gear,Gear,1478194865.972759,1478194866.001224,3065344,21,0.328125,4,27.52399444580078,1087,0x43F,test,3348,Gear,Gear,0.99380326,True,0.0023185476,0.0007696992,0.0012667293,0.99380326,0.001841772
test,DoS,DoS,1478200389.642135,1478200389.681452,2358912,38,0.59375,1,39.06607627868652,0,0x000,test,3349,DoS,DoS,0.9863202,True,0.006700085,0.9863202,0.00347345,0.0015305072,0.0019757627
test,Fuzzy,Fuzzy,1478197745.952348,1478197746.090519,2476096,26,0.40625,2,137.71390914916992,2,0x002,test,3350,Fuzzy,Fuzzy,0.9886335,True,0.0035174685,0.0004669513,0.9886335,0.0020897419,0.00529224
test,Fuzzy,Fuzzy,1478198144.072374,1478198144.104225,2875520,22,0.34375,10,25.050878524780277,2,0x002,test,3351,Fuzzy,Fuzzy,0.9867972,True,0.0046407916,0.0004973295,0.9867972,0.0019909474,0.006073764
test,RPM,RPM,1478192885.803353,1478192885.825294,3553280,19,0.296875,1,21.713972091674805,790,0x316,test,3352,RPM,RPM,0.99169296,True,0.0031856403,0.00034066453,0.0006898704,0.0040907767,0.99169296
test,Gear,Gear,1478195094.472632,1478195094.497743,3484224,17,0.265625,6,21.571874618530277,1087,0x43F,test,3353,Gear,Gear,0.9847452,True,0.0047278,0.0005973273,0.0025375446,0.9847452,0.0073922127
test,Gear,Gear,1478194955.886531,1478194955.937622,3232768,18,0.28125,1,50.187110900878906,1087,0x43F,test,3354,Gear,Gear,0.9881483,True,0.005400575,0.0009302805,0.0035845381,0.9881483,0.0019363383
test,Gear,Gear,1478195099.146935,1478195099.169546,3493632,19,0.296875,0,22.610902786254883,1087,0x43F,test,3355,Gear,Gear,0.98750335,True,0.003193032,0.00046632052,0.0044664554,0.98750335,0.0043708356
test,Normal,Fuzzy,1478201132.635478,1478201132.669252,3697792,0,0.0,-1,,304,0x130,test,3356,Normal,Normal,0.9381564,True,0.9381564,0.0018635993,0.006260098,0.020949684,0.032770272
test,DoS,DoS,1478200567.590099,1478200567.70779,2585344,36,0.5625,0,117.6908016204834,0,0x000,test,3357,DoS,DoS,0.9852565,True,0.006518923,0.9852565,0.0046692947,0.0017281278,0.00182712
test,RPM,RPM,1478192911.430352,1478192911.493329,3603584,21,0.328125,2,62.50405311584473,790,0x316,test,3358,RPM,RPM,0.9762555,True,0.0035764708,0.00030487694,0.0008651218,0.018998021,0.9762555
test,RPM,RPM,1478192941.462168,1478192941.484342,3655488,20,0.3125,0,22.17411994934082,790,0x316,test,3359,RPM,RPM,0.9859407,True,0.0036845,0.00033631874,0.0006398556,0.009398576,0.9859407
test,Normal,Fuzzy,1478201084.308826,1478201084.342073,3608256,0,0.0,-1,,304,0x130,test,3360,Normal,Normal,0.95776373,True,0.95776373,0.0012845141,0.021222599,0.009279498,0.010449705
test,RPM,RPM,1478192947.931651,1478192947.961061,3667392,26,0.40625,4,26.727914810180664,790,0x316,test,3361,RPM,RPM,0.9949104,True,0.0018470833,0.00029566765,0.00094036135,0.0020063997,0.9949104
test,Normal,DoS,1478201075.550505,1478201075.587606,3418944,0,0.0,-1,,809,0x329,test,3362,Normal,Normal,0.9030442,True,0.9030442,0.0020764032,0.017314889,0.0597078,0.017856793
test,Normal,DoS,1478201021.231402,1478201021.264748,3319040,0,0.0,-1,,304,0x130,test,3363,Normal,Normal,0.97657573,True,0.97657573,0.001775797,0.003975706,0.010644676,0.0070279557
test,Gear,Gear,1478195000.622528,1478195000.644444,3316352,22,0.34375,0,21.915912628173828,1087,0x43F,test,3364,Gear,Gear,0.99224323,True,0.0021536835,0.0005158932,0.0020868685,0.99224323,0.0030003781
test,Fuzzy,Fuzzy,1478198075.410081,1478198075.578954,2773376,32,0.5,3,168.1690216064453,1072,0x430,test,3365,Fuzzy,Fuzzy,0.991228,True,0.0024780144,0.00030850212,0.991228,0.0025331632,0.0034522833
test,RPM,RPM,1478192715.007916,1478192715.032204,3229952,21,0.328125,1,23.82493019104004,790,0x316,test,3366,RPM,RPM,0.99040645,True,0.0034630266,0.0002282524,0.0016610855,0.0042412817,0.99040645
test,Gear,Gear,1478195029.307285,1478195029.33869,3365632,21,0.328125,2,26.2601375579834,1087,0x43F,test,3367,Gear,Gear,0.9897648,True,0.0028909515,0.00051340705,0.0031390754,0.9897648,0.0036918363
test,Normal,Fuzzy,1478201054.079658,1478201054.116777,3552256,0,0.0,-1,,399,0x18F,test,3368,Normal,Normal,0.94762105,True,0.94762105,0.0036065716,0.0053310446,0.038749795,0.0046915254
test,DoS,DoS,1478200361.109794,1478200361.273628,2320320,35,0.546875,0,163.8340950012207,0,0x000,test,3369,DoS,DoS,0.98571104,True,0.0065668137,0.98571104,0.0041502574,0.0016833383,0.0018885093
test,Gear,Gear,1478195055.59893,1478195055.639033,3412480,24,0.375,0,40.10319709777832,1087,0x43F,test,3370,Gear,Gear,0.98110676,True,0.002796562,0.0008278633,0.012985634,0.98110676,0.0022831776
test,Fuzzy,Fuzzy,1478198157.614093,1478198157.660103,2898752,30,0.46875,0,46.01001739501953,304,0x130,test,3371,Fuzzy,Fuzzy,0.9902181,True,0.003028832,0.0003507987,0.9902181,0.0020762295,0.0043259426
test,Gear,Gear,1478194858.165135,1478194858.188798,3048064,21,0.328125,0,23.66304397583008,1087,0x43F,test,3372,Gear,Gear,0.9896107,True,0.0028645545,0.00052856066,0.0023920878,0.9896107,0.004604235
test,DoS,DoS,1478200521.465882,1478200521.692933,2537344,35,0.546875,0,227.0510196685791,0,0x000,test,3373,DoS,DoS,0.9861688,True,0.006739812,0.9861688,0.0035353194,0.0016603171,0.0018957909
test,RPM,RPM,1478192883.924275,1478192883.953756,3548864,21,0.328125,5,28.293132781982425,790,0x316,test,3374,RPM,RPM,0.9907832,True,0.0039772703,0.00034952344,0.00054977013,0.0043402105,0.9907832
test,Normal,Gear,1478201137.305513,1478201137.336943,4310720,0,0.0,-1,,2,0x002,test,3375,Normal,Normal,0.93737173,True,0.93737173,0.0050922693,0.0022240758,0.017874341,0.037437566
test,Gear,Gear,1478194890.616362,1478194890.639574,3111488,21,0.328125,1,22.97806739807129,1087,0x43F,test,3376,Gear,Gear,0.98829085,True,0.0027578636,0.00043782196,0.003247948,0.98829085,0.0052654957
test,DoS,DoS,1478200496.577658,1478200496.602437,2509696,36,0.5625,1,24.53303337097168,0,0x000,test,3377,DoS,DoS,0.9855753,True,0.008052935,0.9855753,0.0031537714,0.0014771981,0.0017407871
test,RPM,RPM,1478192928.517464,1478192928.540886,3634624,21,0.328125,2,22.958993911743164,790,0x316,test,3378,RPM,RPM,0.99042284,True,0.0032158552,0.00023738666,0.0013633934,0.0047605033,0.99042284
test,Normal,Gear,1478201160.485757,1478201160.51903,4353152,0,0.0,-1,,320,0x140,test,3379,Normal,Normal,0.96664256,True,0.96664256,0.0019780719,0.013742173,0.013063428,0.004573795
test,DoS,DoS,1478200441.491045,1478200441.507109,2429184,35,0.546875,1,15.815019607543944,0,0x000,test,3380,DoS,DoS,0.9837992,True,0.0068712155,0.9837992,0.0054415227,0.001633526,0.0022544903
test,DoS,DoS,1478200375.151761,1478200375.191066,2335552,32,0.5,1,39.05606269836426,0,0x000,test,3381,DoS,DoS,0.98338944,True,0.007833548,0.98338944,0.0051657706,0.0013583598,0.0022529108
test,DoS,DoS,1478200472.999505,1478200473.06239,2475456,33,0.515625,1,62.63613700866699,0,0x000,test,3382,DoS,DoS,0.9842514,True,0.0069541824,0.9842514,0.005204964,0.0016180512,0.001971529
test,DoS,DoS,1478200611.477984,1478200611.613951,2636096,34,0.53125,1,130.3579807281494,0,0x000,test,3383,DoS,DoS,0.9870756,True,0.007241544,0.9870756,0.0023093221,0.0015030386,0.0018705314
test,Normal,Gear,1478201193.200866,1478201193.232418,4413760,0,0.0,-1,,2,0x002,test,3384,Normal,Normal,0.9388155,True,0.9388155,0.009772629,0.0011031014,0.016217308,0.03409145
test,RPM,RPM,1478192832.511271,1478192832.5402,3444736,22,0.34375,2,27.586936950683597,790,0x316,test,3385,RPM,RPM,0.9923585,True,0.0028954826,0.00025746744,0.0025139109,0.0019746416,0.9923585
test,DoS,DoS,1478200429.994671,1478200430.082536,2412288,36,0.5625,0,87.86487579345703,0,0x000,test,3386,DoS,DoS,0.9834224,True,0.0070361197,0.9834224,0.00593021,0.0017601213,0.0018511682
test,Fuzzy,Fuzzy,1478198158.36298,1478198158.388139,2900032,28,0.4375,3,24.466991424560547,304,0x130,test,3387,Fuzzy,Fuzzy,0.99048585,True,0.0028210853,0.0002479266,0.99048585,0.0031876394,0.0032575885
test,RPM,RPM,1478192870.317428,1478192870.341089,3520448,21,0.328125,3,22.64595031738281,790,0x316,test,3388,RPM,RPM,0.9901822,True,0.003432841,0.00020814504,0.002243912,0.003932907,0.9901822
test,Gear,Gear,1478195029.206792,1478195029.269045,3365504,20,0.3125,2,60.33921241760254,1087,0x43F,test,3389,Gear,Gear,0.9912901,True,0.0024241668,0.00059030525,0.0031094744,0.9912901,0.002586037
test,Normal,Fuzzy,1478201025.323042,1478201025.360546,3499712,0,0.0,-1,,2,0x002,test,3390,Normal,Normal,0.81704175,True,0.81704175,0.0052475403,0.0025644198,0.0125170145,0.16262919
test,Gear,Gear,1478195053.850701,1478195053.875,3409152,22,0.34375,0,24.298906326293945,1087,0x43F,test,3391,Gear,Gear,0.9870184,True,0.00322933,0.00049178675,0.0047441665,0.9870184,0.004516288
test,RPM,RPM,1478192702.724549,1478192702.750085,3202112,22,0.34375,4,24.596214294433597,790,0x316,test,3392,RPM,RPM,0.99191064,True,0.0029345031,0.00022242726,0.0022668007,0.0026657437,0.99191064
test,Gear,Gear,1478194971.592196,1478194971.642832,3262272,16,0.25,0,50.63605308532715,1087,0x43F,test,3393,Gear,Gear,0.98354524,True,0.0068784617,0.00080194767,0.004329813,0.98354524,0.004444539
test,RPM,RPM,1478192736.278485,1478192736.307884,3271744,21,0.328125,1,29.1750431060791,790,0x316,test,3394,RPM,RPM,0.98988813,True,0.0041223117,0.00022936921,0.002876183,0.0028839286,0.98988813
test,Fuzzy,Fuzzy,1478197951.946269,1478197951.966745,2667840,26,0.40625,1,20.25794982910156,2,0x002,test,3395,Fuzzy,Fuzzy,0.98909163,True,0.0035833525,0.0002924431,0.98909163,0.0020943175,0.004938226
test,RPM,RPM,1478192711.687178,1478192711.710038,3223552,21,0.328125,3,22.169828414916992,790,0x316,test,3396,RPM,RPM,0.98851264,True,0.0032921315,0.00021626068,0.005351945,0.0026270414,0.98851264
test,DoS,DoS,1478200443.861761,1478200443.90195,2432064,35,0.546875,1,39.94393348693848,0,0x000,test,3397,DoS,DoS,0.98456025,True,0.006987469,0.98456025,0.004796181,0.0015467843,0.0021093327
test,Gear,Gear,1478195003.525152,1478195003.58093,3319680,23,0.359375,0,55.77802658081055,1087,0x43F,test,3398,Gear,Gear,0.98941374,True,0.0022458213,0.0005533763,0.0038759229,0.98941374,0.003911138
test,DoS,DoS,1478200511.803745,1478200511.865478,2528448,35,0.546875,0,61.73300743103027,0,0x000,test,3399,DoS,DoS,0.98620725,True,0.0055843485,0.98620725,0.0040918537,0.0017420828,0.0023744483
test,DoS,DoS,1478200383.438595,1478200383.47769,2348608,35,0.546875,2,38.34700584411621,0,0x000,test,3400,DoS,DoS,0.9855816,True,0.007615148,0.9855816,0.0033309073,0.0013800119,0.0020923193
test,Fuzzy,Fuzzy,1478198123.96397,1478198124.010787,2843264,25,0.390625,0,46.81706428527832,304,0x130,test,3401,Fuzzy,Fuzzy,0.9852497,True,0.004214471,0.0004709952,0.9852497,0.0020509383,0.008013924
test,Fuzzy,Fuzzy,1478198108.811748,1478198108.834218,2819392,24,0.375,8,20.587921142578125,399,0x18F,test,3402,Fuzzy,Fuzzy,0.989971,True,0.0034365728,0.00031489812,0.989971,0.0023193606,0.0039581526
test,RPM,RPM,1478192865.420131,1478192865.446103,3510592,22,0.34375,1,25.742053985595703,790,0x316,test,3403,RPM,RPM,0.9884851,True,0.0027541302,0.0005071873,0.00030558696,0.007948047,0.9884851
test,Gear,Gear,1478195065.710603,1478195065.739849,3431040,19,0.296875,1,28.998136520385746,1087,0x43F,test,3404,Gear,Gear,0.9908817,True,0.0027137215,0.0005590892,0.0022347758,0.9908817,0.0036107767
test,Normal,DoS,1478201160.429268,1478201160.4655,3575680,0,0.0,-1,,2,0x002,test,3405,Normal,Normal,0.95423716,True,0.95423716,0.001652376,0.006885856,0.016512671,0.020711958
test,RPM,RPM,1478192860.474561,1478192860.49672,3500864,20,0.3125,0,22.159099578857425,790,0x316,test,3406,RPM,RPM,0.9918886,True,0.0033007925,0.00026364732,0.0011369655,0.003410004,0.9918886
test,RPM,RPM,1478192695.89355,1478192695.915478,3186624,20,0.3125,3,21.213054656982425,790,0x316,test,3407,RPM,RPM,0.99081755,True,0.0036274323,0.0003398419,0.0006826678,0.0045325155,0.99081755
test,DoS,DoS,1478200472.332844,1478200472.348797,2474496,34,0.53125,1,15.709161758422852,0,0x000,test,3408,DoS,DoS,0.98658866,True,0.007263158,0.98658866,0.002681378,0.0015224151,0.0019443901
test,Normal,Fuzzy,1478201119.406713,1478201119.439133,3673280,0,0.0,-1,,2,0x002,test,3409,Normal,Normal,0.9534519,True,0.9534519,0.003421258,0.0021489093,0.012839676,0.028138295
test,RPM,RPM,1478192757.074456,1478192757.099687,3316672,22,0.34375,1,25.010108947753903,790,0x316,test,3410,RPM,RPM,0.9899304,True,0.0035175441,0.00024888365,0.0011497008,0.0051535377,0.9899304
test,Normal,Fuzzy,1478201155.36857,1478201155.40447,3739392,0,0.0,-1,,399,0x18F,test,3411,Normal,Normal,0.92910206,True,0.92910206,0.0011009767,0.041357942,0.019795982,0.008642922
test,Fuzzy,Fuzzy,1478197802.845546,1478197802.868108,2531904,15,0.234375,16,18.746137619018555,399,0x18F,test,3412,Fuzzy,Fuzzy,0.9844328,True,0.0054564374,0.00043605876,0.9844328,0.0021221377,0.0075526023
test,Gear,Gear,1478194893.086118,1478194893.109696,3117056,21,0.328125,2,23.00286293029785,1087,0x43F,test,3413,Gear,Gear,0.9920289,True,0.002310911,0.0005949829,0.00091727846,0.9920289,0.0041480367
test,DoS,DoS,1478200426.918845,1478200426.948555,2407168,34,0.53125,0,29.710054397583008,0,0x000,test,3414,DoS,DoS,0.9826482,True,0.006816998,0.9826482,0.0066679795,0.0016960197,0.0021708768
test,RPM,RPM,1478192916.578385,1478192916.612418,3612800,21,0.328125,1,33.483028411865234,790,0x316,test,3415,RPM,RPM,0.99156207,True,0.0032975809,0.0003149654,0.00070122164,0.0041241175,0.99156207
test,Normal,DoS,1478201103.465519,1478201103.497125,3470656,0,0.0,-1,,2,0x002,test,3416,Normal,Normal,0.972808,True,0.972808,0.0024779045,0.0032909748,0.013760512,0.0076626805
test,Normal,DoS,1478201049.471025,1478201049.502213,3370624,0,0.0,-1,,608,0x260,test,3417,Normal,Normal,0.9520617,True,0.9520617,0.003907833,0.003539729,0.028095933,0.0123947095
test,RPM,RPM,1478192826.389158,1478192826.442676,3433088,21,0.328125,1,48.08497428894043,790,0x316,test,3418,RPM,RPM,0.9930708,True,0.0028593878,0.00039448973,0.00044429707,0.0032310002,0.9930708
test,RPM,RPM,1478192690.254555,1478192690.276755,3174336,19,0.296875,0,22.20010757446289,790,0x316,test,3419,RPM,RPM,0.9878027,True,0.004109826,0.00027883772,0.0010759319,0.0067327344,0.9878027
test,DoS,DoS,1478200383.64222,1478200383.697235,2348864,32,0.5,0,55.01508712768555,0,0x000,test,3420,DoS,DoS,0.9830573,True,0.006657483,0.9830573,0.006310579,0.0015836866,0.0023908643
test,DoS,DoS,1478200604.979393,1478200605.155637,2628800,37,0.578125,0,176.24402046203613,0,0x000,test,3421,DoS,DoS,0.98483837,True,0.006412579,0.98483837,0.005011491,0.0014792798,0.0022582915
test,Gear,Gear,1478194892.674704,1478194892.696909,3116096,19,0.296875,4,21.237850189208984,1087,0x43F,test,3422,Gear,Gear,0.99250084,True,0.0027819225,0.00069372915,0.0010926675,0.99250084,0.0029309364
test,DoS,DoS,1478200578.892024,1478200578.908065,2601152,34,0.53125,1,15.793085098266602,0,0x000,test,3423,DoS,DoS,0.98611975,True,0.007136121,0.98611975,0.0033640922,0.001592309,0.0017878053
test,Normal,Gear,1478201100.514947,1478201100.547715,4242560,0,0.0,-1,,2,0x002,test,3424,Normal,Normal,0.8474029,True,0.8474029,0.004015036,0.0037529008,0.03735707,0.10747201
test,Gear,Gear,1478194852.913616,1478194852.936024,3037184,20,0.3125,4,21.359920501708984,1087,0x43F,test,3425,Gear,Gear,0.9916049,True,0.0028468282,0.0005234965,0.0022458965,0.9916049,0.0027788295
test,RPM,RPM,1478192889.809696,1478192889.83208,3561280,20,0.3125,2,21.686792373657227,790,0x316,test,3426,RPM,RPM,0.98806435,True,0.0041215997,0.0001989045,0.0022069297,0.0054082572,0.98806435
test,Fuzzy,Fuzzy,1478197729.632103,1478197729.783417,2459776,29,0.453125,1,151.0910987854004,608,0x260,test,3427,Fuzzy,Fuzzy,0.9908689,True,0.0029120937,0.00034962155,0.9908689,0.0023810216,0.0034883954
test,DoS,DoS,1478200373.436645,1478200373.476128,2333248,40,0.625,0,39.48307037353516,0,0x000,test,3428,DoS,DoS,0.9817639,True,0.00678798,0.9817639,0.007424083,0.0017720242,0.0022520348
test,Normal,Fuzzy,1478201100.647659,1478201100.678891,3638528,0,0.0,-1,,304,0x130,test,3429,Normal,Normal,0.9568087,True,0.9568087,0.0011495206,0.02539673,0.0058309427,0.010814088
test,Normal,Gear,1478201130.395,1478201130.427219,4297920,0,0.0,-1,,2,0x002,test,3430,Normal,Normal,0.93050927,True,0.93050927,0.0044446103,0.0023336902,0.025380392,0.03733202
test,Gear,Gear,1478194984.591205,1478194984.615627,3286080,18,0.28125,6,22.233963012695312,1087,0x43F,test,3431,Gear,Gear,0.9791494,True,0.003625656,0.00052284857,0.0012552949,0.9791494,0.015446865
test,Normal,DoS,1478201167.272774,1478201167.304466,3588352,0,0.0,-1,,339,0x153,test,3432,Normal,Normal,0.93648046,True,0.93648046,0.0133797685,0.0015128709,0.032896403,0.015730407
test,Normal,DoS,1478201141.876675,1478201141.914321,3541824,0,0.0,-1,,399,0x18F,test,3433,Normal,Normal,0.9567346,True,0.9567346,0.0046008187,0.0025506704,0.029667834,0.006446126
test,Fuzzy,Fuzzy,1478198167.380877,1478198167.433819,2915776,25,0.390625,1,52.73199081420898,2,0x002,test,3434,Fuzzy,Fuzzy,0.9890541,True,0.0038580652,0.0004131991,0.9890541,0.0020862115,0.004588372
test,Normal,DoS,1478201062.010523,1478201062.042852,3393856,0,0.0,-1,,320,0x140,test,3435,Normal,Normal,0.97360194,True,0.97360194,0.0021116326,0.0038082285,0.015164969,0.0053132325
test,Normal,Gear,1478201190.539438,1478201190.573663,4408832,0,0.0,-1,,2,0x002,test,3436,Normal,Normal,0.86554575,True,0.86554575,0.0025761055,0.0063277883,0.0055592563,0.11999115
test,Normal,DoS,1478201181.641303,1478201181.674224,3614976,0,0.0,-1,,2,0x002,test,3437,Normal,Normal,0.9306757,True,0.9306757,0.008971837,0.0011934753,0.016496697,0.042662315
test,DoS,DoS,1478200476.141995,1478200476.200767,2479104,32,0.5,1,58.52699279785156,0,0x000,test,3438,DoS,DoS,0.98552793,True,0.0077929967,0.98552793,0.002995543,0.0014034753,0.0022800628
test,DoS,DoS,1478200427.909505,1478200427.960726,2409216,31,0.484375,0,51.22113227844238,0,0x000,test,3439,DoS,DoS,0.9825178,True,0.013734004,0.9825178,0.00072685233,0.0013928633,0.0016285224
test,RPM,RPM,1478192851.9997,1478192852.022469,3482240,20,0.3125,0,22.76897430419922,790,0x316,test,3440,RPM,RPM,0.98928994,True,0.004149831,0.00024191177,0.0013888321,0.0049294964,0.98928994
test,Fuzzy,Fuzzy,1478197960.204562,1478197960.236005,2675904,5,0.078125,52,3.734111785888672,399,0x18F,test,3441,Fuzzy,Fuzzy,0.7575653,True,0.1901364,0.00051570765,0.7575653,0.0046614553,0.047121104
test,RPM,RPM,1478192724.640323,1478192724.668081,3248384,20,0.3125,0,27.75812149047852,790,0x316,test,3442,RPM,RPM,0.99174374,True,0.0035027196,0.00025663347,0.002332986,0.0021639012,0.99174374
test,Gear,Gear,1478194950.902457,1478194950.939715,3223808,17,0.265625,4,30.267000198364254,1087,0x43F,test,3443,Gear,Gear,0.98684686,True,0.005316914,0.0008037999,0.00069528335,0.98684686,0.006337108
test,Gear,Gear,1478194898.959274,1478194898.986625,3128896,19,0.296875,1,27.118921279907227,1087,0x43F,test,3444,Gear,Gear,0.98953015,True,0.0028854434,0.00083509006,0.0010672299,0.98953015,0.005682198
test,Gear,Gear,1478194904.684926,1478194904.712039,3140992,19,0.296875,2,26.443958282470703,1087,0x43F,test,3445,Gear,Gear,0.99038213,True,0.004461819,0.00059732405,0.0021182138,0.99038213,0.002440529
test,Normal,DoS,1478201184.958492,1478201184.989619,3621120,0,0.0,-1,,672,0x2A0,test,3446,Normal,Normal,0.79550695,True,0.79550695,0.004084425,0.01311049,0.18203878,0.0052593686
test,Gear,Gear,1478195045.763479,1478195045.785301,3393792,19,0.296875,5,20.64204216003418,1087,0x43F,test,3447,Gear,Gear,0.9926924,True,0.0027298597,0.0007427803,0.0022570433,0.9926924,0.001577922
test,Fuzzy,Fuzzy,1478197935.513033,1478197935.533864,2651904,22,0.34375,0,20.83110809326172,304,0x130,test,3448,Fuzzy,Fuzzy,0.9863304,True,0.004140965,0.00047473566,0.9863304,0.0025644738,0.0064894212
test,Normal,DoS,1478201123.637257,1478201123.669506,3508032,0,0.0,-1,,320,0x140,test,3449,Normal,Normal,0.9528235,True,0.9528235,0.0022254232,0.010109007,0.031077325,0.0037646734
test,DoS,DoS,1478200583.300392,1478200583.367094,2604096,31,0.484375,1,66.45798683166504,0,0x000,test,3450,DoS,DoS,0.98179525,True,0.0071271574,0.98179525,0.0070838802,0.0017562443,0.0022374438
test,Normal,DoS,1478201128.437762,1478201128.475556,3516928,0,0.0,-1,,2,0x002,test,3451,Normal,Normal,0.95101213,True,0.95101213,0.0047671814,0.0028305529,0.029685251,0.011704863
test,Gear,Gear,1478194936.26395,1478194936.304383,3198592,20,0.3125,1,40.19999504089356,1087,0x43F,test,3452,Gear,Gear,0.9900879,True,0.0025852392,0.00064042246,0.0022899562,0.9900879,0.0043965247
test,Fuzzy,Fuzzy,1478197786.609334,1478197786.630469,2516032,25,0.390625,11,18.53299140930176,399,0x18F,test,3453,Fuzzy,Fuzzy,0.99104273,True,0.0030855818,0.00033295818,0.99104273,0.002263308,0.0032754305
test,DoS,DoS,1478200566.288045,1478200566.321998,2584384,36,0.5625,1,33.70499610900879,0,0x000,test,3454,DoS,DoS,0.9863448,True,0.006209489,0.9863448,0.0036966964,0.001651997,0.002097046
test,DoS,DoS,1478200489.468976,1478200489.531975,2499008,31,0.484375,1,62.75701522827149,0,0x000,test,3455,DoS,DoS,0.9844642,True,0.008210259,0.9844642,0.0035872273,0.0015384902,0.002199862
test,RPM,RPM,1478192858.385283,1478192858.407648,3496000,18,0.28125,8,20.44606208801269,790,0x316,test,3456,RPM,RPM,0.98924553,True,0.0043337177,0.00031303408,0.00086302863,0.005244807,0.98924553
test,RPM,RPM,1478192857.809911,1478192857.835736,3494592,21,0.328125,1,25.60210227966309,790,0x316,test,3457,RPM,RPM,0.990897,True,0.0032865736,0.0002438914,0.001055972,0.004516488,0.990897
test,Normal,Gear,1478201162.144433,1478201162.177883,4356224,0,0.0,-1,,2,0x002,test,3458,Normal,Normal,0.9587821,True,0.9587821,0.008703434,0.0012557548,0.018303175,0.012955501
test,Gear,Gear,1478194937.855996,1478194937.878781,3201216,22,0.34375,0,22.785186767578125,1087,0x43F,test,3459,Gear,Gear,0.9914739,True,0.0022207494,0.0006942249,0.0031411194,0.9914739,0.0024700044
test,Normal,RPM,1478201041.371554,1478201041.407517,4311552,0,0.0,-1,,399,0x18F,test,3460,Normal,Normal,0.93521214,True,0.93521214,0.004238342,0.0032099804,0.048504986,0.008834513
test,DoS,DoS,1478200390.774101,1478200390.829431,2360448,31,0.484375,0,55.33003807067871,0,0x000,test,3461,DoS,DoS,0.983294,True,0.012551335,0.983294,0.0006037467,0.0017030367,0.0018479098
test,Gear,Gear,1478194873.366134,1478194873.399501,3080256,20,0.3125,7,31.71706199645996,1087,0x43F,test,3462,Gear,Gear,0.99297804,True,0.0020873214,0.0008386694,0.0020451061,0.99297804,0.0020508582
test,Normal,DoS,1478201063.669344,1478201063.700442,3396928,0,0.0,-1,,304,0x130,test,3463,Normal,Normal,0.9646006,True,0.9646006,0.006903686,0.003322972,0.019791394,0.0053812875
test,DoS,DoS,1478200383.809742,1478200383.870506,2349120,39,0.609375,0,60.76407432556152,0,0x000,test,3464,DoS,DoS,0.98483086,True,0.005931054,0.98483086,0.005323356,0.0017144178,0.002200337
test,Normal,Gear,1478201046.382043,1478201046.413628,4142272,0,0.0,-1,,399,0x18F,test,3465,Normal,Normal,0.97101724,True,0.97101724,0.010065101,0.0008745207,0.013261547,0.004781575
test,Gear,Gear,1478195120.004287,1478195120.112684,3521024,21,0.328125,5,107.17105865478516,1087,0x43F,test,3466,Gear,Gear,0.99156344,True,0.0030061149,0.00064624636,0.0026726078,0.99156344,0.0021116084
test,Gear,Gear,1478195072.436874,1478195072.47597,3443200,21,0.328125,0,39.09611701965332,1087,0x43F,test,3467,Gear,Gear,0.993693,True,0.0021108957,0.00072658784,0.00111109,0.993693,0.002358461
test,Gear,Gear,1478194976.362662,1478194976.390989,3271104,20,0.3125,2,27.85801887512207,1087,0x43F,test,3468,Gear,Gear,0.9917955,True,0.0027588916,0.0006933188,0.0017897884,0.9917955,0.00296256
test,DoS,DoS,1478200390.38698,1478200390.436985,2359936,36,0.5625,0,50.00495910644531,0,0x000,test,3469,DoS,DoS,0.98854524,True,0.006757149,0.98854524,0.0012713372,0.0016388232,0.0017873739
test,Gear,Gear,1478194846.206531,1478194846.23106,3022656,19,0.296875,2,23.96202087402344,1087,0x43F,test,3470,Gear,Gear,0.99052376,True,0.0033159363,0.00061357167,0.00094925775,0.99052376,0.004597487
test,Normal,Gear,1478201106.213793,1478201106.246571,4253120,0,0.0,-1,,672,0x2A0,test,3471,Normal,Normal,0.8666082,True,0.8666082,0.006111141,0.0050748126,0.11297449,0.00923142
test,Gear,Gear,1478194955.25164,1478194955.273955,3231552,19,0.296875,5,21.099090576171875,1087,0x43F,test,3472,Gear,Gear,0.99262273,True,0.0025643753,0.00074608997,0.0011921421,0.99262273,0.0028746426
test,Fuzzy,Fuzzy,1478198139.992979,1478198140.046024,2868800,19,0.296875,1,52.8261661529541,304,0x130,test,3473,Fuzzy,Fuzzy,0.983709,True,0.005009827,0.00049763423,0.983709,0.0023334029,0.0084501505
test,RPM,RPM,1478192834.457134,1478192834.479013,3448320,20,0.3125,2,21.409034729003903,790,0x316,test,3474,RPM,RPM,0.9905352,True,0.0032867542,0.0002866736,0.00083668996,0.005054623,0.9905352
test,Fuzzy,Fuzzy,1478198158.561144,1478198158.597043,2900352,24,0.375,2,35.43806076049805,809,0x329,test,3475,Fuzzy,Fuzzy,0.9913169,True,0.0032455258,0.00023798534,0.9913169,0.0028557004,0.0023438702
test,DoS,DoS,1478200376.35398,1478200376.408861,2337216,35,0.546875,0,54.88085746765137,0,0x000,test,3476,DoS,DoS,0.98491585,True,0.0073800096,0.98491585,0.004139351,0.0015712581,0.0019935148
test,RPM,RPM,1478192801.120518,1478192801.143893,3389376,20,0.3125,1,22.85599708557129,790,0x316,test,3477,RPM,RPM,0.98812693,True,0.00441022,0.00024386086,0.0014724416,0.0057465197,0.98812693
test,Gear,Gear,1478194923.665229,1478194923.687209,3176896,20,0.3125,5,20.78390121459961,1087,0x43F,test,3478,Gear,Gear,0.987755,True,0.0031098656,0.0006241565,0.005861481,0.987755,0.0026494628
test,DoS,DoS,1478200472.862686,1478200472.883515,2475264,32,0.5,0,20.828962326049805,0,0x000,test,3479,DoS,DoS,0.98638004,True,0.009221672,0.98638004,0.0011863841,0.0013155157,0.0018963635
test,RPM,RPM,1478192721.758599,1478192721.780169,3242816,19,0.296875,4,20.641088485717773,790,0x316,test,3480,RPM,RPM,0.99051124,True,0.0039965636,0.00022915928,0.0020867677,0.0031761657,0.99051124
test,Fuzzy,Fuzzy,1478198110.702735,1478198110.732032,2822336,25,0.390625,2,28.83315086364746,2,0x002,test,3481,Fuzzy,Fuzzy,0.9880067,True,0.0037152967,0.00042194224,0.9880067,0.002037452,0.005818587
test,Gear,Gear,1478194891.882918,1478194891.91193,3114240,18,0.28125,0,29.01220321655273,1087,0x43F,test,3482,Gear,Gear,0.99244314,True,0.0029022708,0.0006538984,0.0011219272,0.99244314,0.0028787681
test,Normal,Gear,1478201036.779016,1478201036.81163,4124480,0,0.0,-1,,2,0x002,test,3483,Normal,Normal,0.96107876,True,0.96107876,0.007511952,0.0011085937,0.009444022,0.020856645
test,Normal,Gear,1478201141.314033,1478201141.345304,4318144,0,0.0,-1,,399,0x18F,test,3484,Normal,Normal,0.96765244,True,0.96765244,0.001763527,0.010743392,0.00967692,0.010163654
test,DoS,DoS,1478200582.599569,1478200582.804993,2603840,31,0.484375,0,205.4238319396973,0,0x000,test,3485,DoS,DoS,0.98527086,True,0.0071847313,0.98527086,0.003971279,0.001576292,0.0019968322
test,Fuzzy,Fuzzy,1478197798.861381,1478197798.980915,2525824,20,0.3125,0,119.53401565551758,809,0x329,test,3486,Fuzzy,Fuzzy,0.987039,True,0.0041446555,0.00039721187,0.987039,0.0025613406,0.005857747
test,DoS,DoS,1478200456.951545,1478200457.097494,2453376,37,0.578125,0,145.9488868713379,0,0x000,test,3487,DoS,DoS,0.9826298,True,0.00617192,0.9826298,0.0071990993,0.0018051664,0.002194022
test,RPM,RPM,1478192793.701542,1478192793.758181,3377408,26,0.40625,1,56.41412734985352,790,0x316,test,3488,RPM,RPM,0.9897865,True,0.0020512813,0.00023884527,0.00093358214,0.006989787,0.9897865
test,Gear,Gear,1478195093.985951,1478195094.037027,3483264,21,0.328125,4,44.10696029663086,1087,0x43F,test,3489,Gear,Gear,0.9887398,True,0.0017079745,0.0007660201,0.00056567165,0.9887398,0.008220505
test,DoS,DoS,1478200406.687136,1478200406.908114,2383168,34,0.53125,1,220.7338809967041,0,0x000,test,3490,DoS,DoS,0.984495,True,0.006178018,0.984495,0.0055553797,0.0016433696,0.0021282386
test,Fuzzy,Fuzzy,1478198165.886887,1478198165.925771,2913472,25,0.390625,0,38.88392448425293,304,0x130,test,3491,Fuzzy,Fuzzy,0.9911669,True,0.0030503895,0.00027861126,0.9911669,0.002352514,0.0031515846
test,RPM,RPM,1478192698.462006,1478192698.49071,3193280,20,0.3125,1,28.47909927368164,790,0x316,test,3492,RPM,RPM,0.99187124,True,0.003179089,0.00038976164,0.0005050519,0.004054918,0.99187124
test,Gear,Gear,1478195041.428586,1478195041.458388,3386048,19,0.296875,3,29.076099395751957,1087,0x43F,test,3493,Gear,Gear,0.9907588,True,0.0029274947,0.00050037476,0.002476429,0.9907588,0.0033368408
test,RPM,RPM,1478192724.725788,1478192724.758982,3248576,21,0.328125,0,33.19382667541504,790,0x316,test,3494,RPM,RPM,0.9915427,True,0.003362128,0.00023387332,0.0018118034,0.003049546,0.9915427
test,Gear,Gear,1478194897.030017,1478194897.056164,3124864,23,0.359375,0,26.147127151489254,1087,0x43F,test,3495,Gear,Gear,0.9930227,True,0.001852427,0.0007464977,0.0009277844,0.9930227,0.003450591
test,DoS,DoS,1478200594.893895,1478200594.940368,2619456,35,0.546875,0,46.473026275634766,0,0x000,test,3496,DoS,DoS,0.9849358,True,0.0065334043,0.9849358,0.004484662,0.0013731004,0.0026729333
test,Normal,Gear,1478201080.614966,1478201080.647914,4205696,0,0.0,-1,,339,0x153,test,3497,Normal,Normal,0.89460593,True,0.89460593,0.0078272475,0.0027274676,0.08458865,0.010250703
test,RPM,RPM,1478192763.519673,1478192763.549861,3328000,21,0.328125,2,29.38985824584961,790,0x316,test,3498,RPM,RPM,0.98863786,True,0.0035501278,0.00032119348,0.0006315029,0.00685931,0.98863786
test,Gear,Gear,1478194919.13581,1478194919.215015,3168640,26,0.40625,1,78.97496223449707,1087,0x43F,test,3499,Gear,Gear,0.9910431,True,0.0013985006,0.0007665651,0.00043850517,0.9910431,0.0063532176
test,RPM,RPM,1478192704.732566,1478192704.754718,3207488,19,0.296875,4,21.229028701782227,790,0x316,test,3500,RPM,RPM,0.9895573,True,0.004806781,0.00025561097,0.0017263338,0.0036540001,0.9895573
test,RPM,RPM,1478192711.357783,1478192711.380107,3222720,20,0.3125,3,21.629810333251957,790,0x316,test,3501,RPM,RPM,0.9914813,True,0.0029061104,0.00021217785,0.0023390334,0.0030612668,0.9914813
test,RPM,RPM,1478192838.537686,1478192838.562629,3456128,22,0.34375,0,24.942874908447266,790,0x316,test,3502,RPM,RPM,0.9880199,True,0.0039301165,0.00030825264,0.00081389915,0.0069278777,0.9880199
test,DoS,DoS,1478200518.443822,1478200518.459823,2535744,34,0.53125,1,15.756845474243164,0,0x000,test,3503,DoS,DoS,0.9861362,True,0.007422009,0.9861362,0.0031343496,0.0016521359,0.0016553248
test,DoS,DoS,1478200573.448485,1478200573.497779,2593472,32,0.5,1,49.043893814086914,0,0x000,test,3504,DoS,DoS,0.9869818,True,0.008699332,0.9869818,0.0010825199,0.0015867475,0.0016496385
test,Gear,Gear,1478194848.169513,1478194848.194257,3027200,22,0.34375,0,24.74403381347656,1087,0x43F,test,3505,Gear,Gear,0.9896847,True,0.0026334366,0.00046610564,0.0030280435,0.9896847,0.0041876403
test,RPM,RPM,1478192943.240546,1478192943.271595,3658880,18,0.28125,1,30.824899673461918,790,0x316,test,3506,RPM,RPM,0.99050796,True,0.0035084803,0.00060132507,0.00029384997,0.0050884197,0.99050796
test,Gear,Gear,1478195026.473562,1478195026.497268,3361856,22,0.34375,0,23.70595932006836,1087,0x43F,test,3507,Gear,Gear,0.99330175,True,0.0020024506,0.00062732806,0.001504298,0.99330175,0.0025641958
test,Normal,RPM,1478201130.736703,1478201130.773783,4477120,0,0.0,-1,,399,0x18F,test,3508,Normal,Normal,0.95988274,True,0.95988274,0.0014613874,0.013959133,0.018088795,0.0066079693
test,RPM,RPM,1478192904.716806,1478192904.739999,3593216,19,0.296875,4,21.635055541992188,790,0x316,test,3509,RPM,RPM,0.9882705,True,0.0041617244,0.00021546218,0.002150871,0.005201533,0.9882705
test,RPM,RPM,1478192911.760289,1478192911.840951,3603840,20,0.3125,1,80.43694496154785,790,0x316,test,3510,RPM,RPM,0.9786703,True,0.0045458516,0.00034059407,0.000790647,0.015652647,0.9786703
test,RPM,RPM,1478192872.513648,1478192872.536354,3525248,19,0.296875,5,21.522045135498047,790,0x316,test,3511,RPM,RPM,0.9917074,True,0.0036135996,0.0002651305,0.001218697,0.0031950301,0.9917074
test,Gear,Gear,1478195055.368352,1478195055.404378,3412096,20,0.3125,1,35.79282760620117,1087,0x43F,test,3512,Gear,Gear,0.98841316,True,0.0029190225,0.00051608984,0.005597448,0.98841316,0.002554277
test,Gear,Gear,1478194950.34836,1478194950.382899,3223040,16,0.25,0,34.538984298706055,1087,0x43F,test,3513,Gear,Gear,0.99077356,True,0.00491146,0.0010786396,0.0012098845,0.99077356,0.0020264313
test,Normal,Gear,1478201075.120496,1478201075.157851,4195520,0,0.0,-1,,2,0x002,test,3514,Normal,Normal,0.94618434,True,0.94618434,0.0039122133,0.0014275713,0.022883024,0.025592968
test,Fuzzy,Fuzzy,1478198109.201777,1478198109.230174,2820032,21,0.328125,2,27.95100212097168,305,0x131,test,3515,Fuzzy,Fuzzy,0.9885169,True,0.0038640741,0.00047076188,0.9885169,0.0021714421,0.00497677
test,Normal,DoS,1478201018.9864,1478201019.02053,3314880,0,0.0,-1,,2,0x002,test,3516,Normal,Normal,0.9157545,True,0.9157545,0.0052976506,0.0013144795,0.01106756,0.066565745
test,RPM,RPM,1478192915.871069,1478192915.893655,3611456,20,0.3125,0,22.58610725402832,790,0x316,test,3517,RPM,RPM,0.9875143,True,0.003718433,0.0003814177,0.00052198116,0.0078638485,0.9875143
test,Fuzzy,Fuzzy,1478198093.196239,1478198093.253885,2793408,25,0.390625,0,57.64603614807129,304,0x130,test,3518,Fuzzy,Fuzzy,0.9856758,True,0.0040404378,0.00048058323,0.9856758,0.0023054404,0.0074977963
test,DoS,DoS,1478200335.125408,1478200335.338579,2302272,36,0.5625,1,207.48090744018555,0,0x000,test,3519,DoS,DoS,0.9821024,True,0.007022388,0.9821024,0.007185765,0.0017386295,0.0019508901
test,Fuzzy,Fuzzy,1478198120.093512,1478198120.132271,2836416,20,0.3125,3,33.04910659790039,399,0x18F,test,3520,Fuzzy,Fuzzy,0.98883224,True,0.0040670587,0.00036325882,0.98883224,0.0022728925,0.004464599
test,Normal,Fuzzy,1478201190.329444,1478201190.363927,3804160,0,0.0,-1,,2,0x002,test,3521,Normal,Normal,0.9319555,True,0.9319555,0.009394468,0.001002757,0.024241725,0.033405527
test,RPM,RPM,1478192734.781044,1478192734.812866,3268416,25,0.390625,2,31.35991096496582,790,0x316,test,3522,RPM,RPM,0.994632,True,0.0021610693,0.0003166171,0.0007964902,0.0020937386,0.994632
test,Fuzzy,Fuzzy,1478198090.774824,1478198090.846398,2790592,24,0.375,0,71.57421112060547,2,0x002,test,3523,Fuzzy,Fuzzy,0.98841196,True,0.0035538063,0.00043254314,0.98841196,0.002151935,0.005449775
test,Normal,Fuzzy,1478201166.424743,1478201166.458094,3759872,0,0.0,-1,,2,0x002,test,3524,Normal,Normal,0.9334161,True,0.9334161,0.0034384795,0.0016928783,0.009750626,0.051701903
test,RPM,RPM,1478192902.865813,1478192902.8896,3588928,21,0.328125,0,23.78702163696289,790,0x316,test,3525,RPM,RPM,0.9888769,True,0.003729335,0.00026947475,0.0010859335,0.006038332,0.9888769
test,Fuzzy,Fuzzy,1478197864.664785,1478197864.796263,2584448,28,0.4375,5,123.11697006225586,608,0x260,test,3526,Fuzzy,Fuzzy,0.98939157,True,0.0030216258,0.0003595184,0.98939157,0.002458653,0.004768614
test,Gear,Gear,1478194942.237498,1478194942.25991,3209024,19,0.296875,0,22.41206169128418,1087,0x43F,test,3527,Gear,Gear,0.99108523,True,0.002667967,0.0005713116,0.0018756684,0.99108523,0.0037997884
test,DoS,DoS,1478200574.215837,1478200574.26991,2594048,35,0.546875,0,54.07309532165527,0,0x000,test,3528,DoS,DoS,0.9834636,True,0.0071545835,0.9834636,0.005393668,0.0014976797,0.0024904676
test,Fuzzy,Fuzzy,1478197772.547427,1478197772.859133,2502784,27,0.421875,0,311.7060661315918,339,0x153,test,3529,Fuzzy,Fuzzy,0.9890037,True,0.0035946502,0.0004818523,0.9890037,0.002043088,0.0048767123
test,RPM,RPM,1478192865.257924,1478192865.282174,3510272,21,0.328125,2,23.77915382385254,790,0x316,test,3530,RPM,RPM,0.9874905,True,0.00456279,0.00019432131,0.0027445059,0.0050079334,0.9874905
test,Gear,Gear,1478194981.294182,1478194981.317911,3279936,20,0.3125,2,23.236989974975582,1087,0x43F,test,3531,Gear,Gear,0.9896526,True,0.0033663926,0.0005302098,0.002844364,0.9896526,0.0036065094
test,Fuzzy,Fuzzy,1478198134.655392,1478198134.686079,2859584,27,0.421875,1,30.46703338623047,320,0x140,test,3532,Fuzzy,Fuzzy,0.9898089,True,0.0032252362,0.0003359515,0.9898089,0.002592728,0.0040371553
test,DoS,DoS,1478200467.11644,1478200467.157048,2466816,31,0.484375,1,35.06803512573242,0,0x000,test,3533,DoS,DoS,0.9863201,True,0.0082463855,0.9863201,0.0022500127,0.0016012127,0.0015823301
test,Fuzzy,Fuzzy,1478198131.523941,1478198131.544675,2853760,24,0.375,10,18.336057662963867,304,0x130,test,3534,Fuzzy,Fuzzy,0.9902678,True,0.0031674108,0.00033112307,0.9902678,0.0023713007,0.0038624094
test,Fuzzy,Fuzzy,1478198085.780892,1478198085.842676,2782912,23,0.359375,3,49.50404167175293,399,0x18F,test,3535,Fuzzy,Fuzzy,0.99097776,True,0.0031413175,0.00030318045,0.99097776,0.0022837494,0.0032939992
test,Gear,Gear,1478194997.48349,1478194997.534288,3310720,18,0.28125,4,47.358036041259766,1087,0x43F,test,3536,Gear,Gear,0.99009436,True,0.004520497,0.0007045701,0.0020134351,0.99009436,0.002667247
test,Gear,Gear,1478194987.673092,1478194987.695615,3291840,22,0.34375,3,21.69108390808105,1087,0x43F,test,3537,Gear,Gear,0.99232215,True,0.0022271061,0.00055192,0.0021620763,0.99232215,0.0027367892
test,Gear,Gear,1478195061.243478,1478195061.285136,3422912,19,0.296875,1,41.05997085571289,1087,0x43F,test,3538,Gear,Gear,0.99261427,True,0.002730167,0.00081528444,0.0007722772,0.99261427,0.0030679777
test,DoS,DoS,1478200391.287625,1478200391.33085,2361152,37,0.578125,0,43.22481155395508,0,0x000,test,3539,DoS,DoS,0.98600626,True,0.006981979,0.98600626,0.00365381,0.0014339596,0.0019239458
test,Normal,RPM,1478201054.188523,1478201054.222215,4335296,0,0.0,-1,,2,0x002,test,3540,Normal,Normal,0.9557064,True,0.9557064,0.0018563408,0.00794683,0.0042334637,0.03025699
test,Gear,Gear,1478194971.395633,1478194971.425064,3261888,20,0.3125,2,28.96404266357422,1087,0x43F,test,3541,Gear,Gear,0.97934395,True,0.0034630147,0.0005643017,0.0022756262,0.97934395,0.014352996
test,Fuzzy,Fuzzy,1478198124.109154,1478198124.16251,2843456,24,0.375,4,37.94384002685547,672,0x2A0,test,3542,Fuzzy,Fuzzy,0.99014586,True,0.0036706391,0.00037777517,0.99014586,0.0019017607,0.003903969
test,Normal,Fuzzy,1478201169.188078,1478201169.221655,3764992,0,0.0,-1,,399,0x18F,test,3543,Normal,Normal,0.96783376,True,0.96783376,0.0017832059,0.007847412,0.011046906,0.01148868
test,Fuzzy,Fuzzy,1478197787.485773,1478197787.723604,2516352,31,0.484375,1,226.3810634613037,704,0x2C0,test,3544,Fuzzy,Fuzzy,0.98998404,True,0.0029746364,0.0003500812,0.98998404,0.002511045,0.0041801096
test,Gear,Gear,1478194865.425294,1478194865.453309,3064128,18,0.28125,7,26.196956634521484,1087,0x43F,test,3545,Gear,Gear,0.98769265,True,0.003355403,0.00064617285,0.0010604351,0.98769265,0.0072453897
test,Fuzzy,Fuzzy,1478198159.925462,1478198159.947169,2902784,25,0.390625,2,21.23808860778809,704,0x2C0,test,3546,Fuzzy,Fuzzy,0.9900997,True,0.0034073081,0.00033081564,0.9900997,0.002074675,0.004087543
test,DoS,DoS,1478200389.770188,1478200389.845572,2359104,33,0.515625,0,75.38390159606934,0,0x000,test,3547,DoS,DoS,0.98103553,True,0.00728348,0.98103553,0.0078014345,0.0017951026,0.002084382
test,Fuzzy,Fuzzy,1478198124.829836,1478198124.893654,2844224,29,0.453125,0,63.81821632385254,848,0x350,test,3548,Fuzzy,Fuzzy,0.9879224,True,0.003345917,0.00037783015,0.9879224,0.002458595,0.0058951885
test,Gear,Gear,1478194860.316916,1478194860.345244,3053376,20,0.3125,9,26.196956634521484,1087,0x43F,test,3549,Gear,Gear,0.9929223,True,0.002165441,0.00067588093,0.0018256567,0.9929223,0.002410739
test,DoS,DoS,1478200391.161323,1478200391.210757,2361024,38,0.59375,0,49.43394660949707,0,0x000,test,3550,DoS,DoS,0.98800373,True,0.006670653,0.98800373,0.0018315095,0.0013370563,0.0021571217
test,RPM,RPM,1478192754.412506,1478192754.434635,3310080,20,0.3125,2,21.669864654541016,790,0x316,test,3551,RPM,RPM,0.9906172,True,0.0034916343,0.0002769963,0.0008914338,0.004722746,0.9906172
test,DoS,DoS,1478200464.600872,1478200464.616986,2463296,35,0.546875,1,15.883922576904297,0,0x000,test,3552,DoS,DoS,0.98652816,True,0.0069959085,0.98652816,0.0030052264,0.0015901098,0.00188055
test,RPM,RPM,1478192767.601517,1478192767.644381,3335360,20,0.3125,2,42.407989501953125,790,0x316,test,3553,RPM,RPM,0.98582274,True,0.0042520654,0.00022793998,0.0014567917,0.008240495,0.98582274
test,Fuzzy,Fuzzy,1478197755.635617,1478197755.721679,2485888,19,0.296875,3,85.28804779052734,2,0x002,test,3554,Fuzzy,Fuzzy,0.98983324,True,0.0035562054,0.00019044666,0.98983324,0.0032787148,0.0031414262
test,RPM,RPM,1478192755.021732,1478192755.044857,3311680,20,0.3125,3,22.35698699951172,790,0x316,test,3555,RPM,RPM,0.99118,True,0.003442815,0.0002474654,0.0013664174,0.0037634023,0.99118
test,RPM,RPM,1478192820.18786,1478192820.210203,3421504,19,0.296875,5,21.057844161987305,790,0x316,test,3556,RPM,RPM,0.9873329,True,0.004929981,0.00029907678,0.0009235731,0.006514542,0.9873329
test,RPM,RPM,1478192916.050826,1478192916.080948,3611840,22,0.34375,1,29.89721298217773,790,0x316,test,3557,RPM,RPM,0.9919435,True,0.002698549,0.00023518482,0.0028138869,0.0023089827,0.9919435
test,DoS,DoS,1478200488.017538,1478200488.048373,2497024,35,0.546875,1,30.592918395996094,0,0x000,test,3558,DoS,DoS,0.9867763,True,0.0071569756,0.9867763,0.002618652,0.0014751244,0.0019729869
test,Normal,Fuzzy,1478201018.726372,1478201018.760292,3487488,0,0.0,-1,,2,0x002,test,3559,Normal,Normal,0.8791806,True,0.8791806,0.0045560184,0.0023338683,0.013283647,0.10064586
test,Normal,Fuzzy,1478201031.475425,1478201031.509731,3511104,0,0.0,-1,,399,0x18F,test,3560,Normal,Normal,0.93015033,True,0.93015033,0.0105822645,0.0016190564,0.047157858,0.010490535
test,Normal,RPM,1478201152.4564,1478201152.490129,4517312,0,0.0,-1,,704,0x2C0,test,3561,Normal,Normal,0.931818,True,0.931818,0.0012362071,0.017444469,0.021914084,0.027587285
test,RPM,RPM,1478192936.384067,1478192936.40938,3646400,21,0.328125,5,24.116992950439453,790,0x316,test,3562,RPM,RPM,0.99362516,True,0.002599015,0.0003010991,0.00093836413,0.0025363574,0.99362516
test,DoS,DoS,1478200414.685143,1478200414.82133,2390976,32,0.5,1,135.94317436218262,0,0x000,test,3563,DoS,DoS,0.9823307,True,0.007813653,0.9823307,0.0058187866,0.001309987,0.002726801
test,Normal,RPM,1478201199.315772,1478201199.347024,4603648,0,0.0,-1,,399,0x18F,test,3564,Normal,Normal,0.9264585,True,0.9264585,0.003249591,0.0046672616,0.022690317,0.04293424
test,Fuzzy,Fuzzy,1478197796.999694,1478197797.060503,2524288,23,0.359375,0,60.80889701843262,399,0x18F,test,3565,Fuzzy,Fuzzy,0.9909354,True,0.0030218477,0.00021266108,0.9909354,0.002712321,0.0031177239
test,Fuzzy,Fuzzy,1478198001.808201,1478198002.000731,2716032,24,0.375,0,192.5299167633057,2,0x002,test,3566,Fuzzy,Fuzzy,0.98787105,True,0.0029534625,0.00022784207,0.98787105,0.0056607467,0.0032868166
test,DoS,DoS,1478200373.476456,1478200373.541824,2333312,35,0.546875,0,65.3681755065918,0,0x000,test,3567,DoS,DoS,0.9837151,True,0.0066170916,0.9837151,0.0056472984,0.0016615896,0.0023589346
test,RPM,RPM,1478192679.243801,1478192679.266364,3150080,19,0.296875,8,20.61605453491211,790,0x316,test,3568,RPM,RPM,0.9898795,True,0.0045040324,0.00027422013,0.0010624337,0.004279833,0.9898795
test,Gear,Gear,1478195097.854564,1478195097.877699,3490752,20,0.3125,0,23.13494682312012,1087,0x43F,test,3569,Gear,Gear,0.99086857,True,0.002416285,0.0005828713,0.0012286721,0.99086857,0.0049035135
test,Normal,Gear,1478201045.552034,1478201045.588652,4140736,0,0.0,-1,,399,0x18F,test,3570,Normal,Normal,0.9655686,True,0.9655686,0.0041764085,0.0021729157,0.023967236,0.004114749
test,RPM,RPM,1478192779.513656,1478192779.542946,3354688,19,0.296875,14,18.3260440826416,790,0x316,test,3571,RPM,RPM,0.9927746,True,0.0039013363,0.00034123813,0.0011340809,0.0018486853,0.9927746
test,Normal,Fuzzy,1478201090.318543,1478201090.354581,3619392,0,0.0,-1,,809,0x329,test,3572,Normal,Normal,0.9160142,True,0.9160142,0.0051487875,0.0023053149,0.05557295,0.020958826
test,Normal,DoS,1478201010.660959,1478201010.693788,3299456,0,0.0,-1,,304,0x130,test,3573,Normal,Normal,0.9356942,True,0.9356942,0.0074891443,0.0015291242,0.01831824,0.036969293
test,Fuzzy,Fuzzy,1478198058.364718,1478198058.508315,2759680,29,0.453125,0,143.59712600708008,809,0x329,test,3574,Fuzzy,Fuzzy,0.99165934,True,0.0026577753,0.00023367877,0.99165934,0.0029948042,0.002454448
test,Gear,Gear,1478194853.992898,1478194854.017908,3039616,19,0.296875,2,22.260189056396484,1087,0x43F,test,3575,Gear,Gear,0.99203295,True,0.0027334085,0.0008203753,0.0017011124,0.99203295,0.0027121485
test,Gear,Gear,1478194859.797354,1478194859.829408,3052096,19,0.296875,0,32.05394744873047,1087,0x43F,test,3576,Gear,Gear,0.97911227,True,0.004370366,0.00048827988,0.0018301482,0.97911227,0.014199002
test,RPM,RPM,1478192716.903936,1478192716.942509,3233472,19,0.296875,2,38.110971450805664,790,0x316,test,3577,RPM,RPM,0.99151236,True,0.0038736216,0.00029629926,0.00076916977,0.0035486668,0.99151236
test,Gear,Gear,1478194997.577684,1478194997.620729,3310848,11,0.171875,0,43.0450439453125,1087,0x43F,test,3578,Gear,Gear,0.9436656,True,0.03264053,0.0008186188,0.011600745,0.9436656,0.011274473
test,DoS,DoS,1478200422.648858,1478200422.727465,2399488,36,0.5625,0,78.60684394836426,0,0x000,test,3579,DoS,DoS,0.98476505,True,0.007719292,0.98476505,0.004145774,0.0016607484,0.0017090633
test,Normal,DoS,1478201043.00974,1478201043.045496,3358656,0,0.0,-1,,2,0x002,test,3580,Normal,Normal,0.92401123,True,0.92401123,0.0018824182,0.004842652,0.016123172,0.05314061
test,DoS,DoS,1478200399.867768,1478200399.911627,2374720,36,0.5625,1,43.6100959777832,0,0x000,test,3581,DoS,DoS,0.9834446,True,0.0070363954,0.9834446,0.005566324,0.0016236036,0.0023291165
test,Normal,Fuzzy,1478201041.369311,1478201041.402413,3528704,0,0.0,-1,,2,0x002,test,3582,Normal,Normal,0.9146482,True,0.9146482,0.008590633,0.0010481029,0.035731222,0.03998173
test,Fuzzy,Fuzzy,1478197943.932017,1478197944.040452,2660672,21,0.328125,5,106.76288604736328,305,0x131,test,3583,Fuzzy,Fuzzy,0.98169154,True,0.006438118,0.00023475845,0.98169154,0.002103374,0.009532308
test,RPM,RPM,1478192957.808515,1478192957.873225,3687040,22,0.34375,0,64.70990180969238,790,0x316,test,3584,RPM,RPM,0.9943362,True,0.0022649153,0.000301931,0.00092677766,0.0021700875,0.9943362
test,RPM,RPM,1478192909.177987,1478192909.202791,3601472,22,0.34375,1,24.307966232299805,790,0x316,test,3585,RPM,RPM,0.9920345,True,0.002971974,0.0002446665,0.001421082,0.0033276877,0.9920345
test,Fuzzy,Fuzzy,1478198133.17651,1478198133.216969,2856896,20,0.3125,1,40.2379035949707,399,0x18F,test,3586,Fuzzy,Fuzzy,0.9906731,True,0.003821695,0.00019127654,0.9906731,0.0032148662,0.0020989648
test,Gear,Gear,1478195091.644612,1478195091.668134,3478528,17,0.265625,10,20.848989486694336,1087,0x43F,test,3587,Gear,Gear,0.9927695,True,0.0029230919,0.00093449105,0.0008668685,0.9927695,0.0025061723
test,DoS,DoS,1478200373.343313,1478200373.387405,2333120,34,0.53125,0,44.09193992614746,0,0x000,test,3588,DoS,DoS,0.9848839,True,0.006864345,0.9848839,0.004718495,0.0016952328,0.0018379979
test,Normal,Gear,1478201077.057925,1478201077.089696,4199104,0,0.0,-1,,399,0x18F,test,3589,Normal,Normal,0.9436837,True,0.9436837,0.0071716453,0.0052720904,0.0404137,0.0034589146
test,Fuzzy,Fuzzy,1478197955.649359,1478197955.827567,2669696,20,0.3125,5,146.73209190368652,790,0x316,test,3590,Fuzzy,Fuzzy,0.9899468,True,0.0035354842,0.0003645457,0.9899468,0.0018797294,0.004273379
test,RPM,RPM,1478192749.245977,1478192749.268248,3299456,19,0.296875,4,21.340131759643555,790,0x316,test,3591,RPM,RPM,0.9871062,True,0.00523861,0.00022698946,0.0029522302,0.004475926,0.9871062
test,Normal,Fuzzy,1478201033.279415,1478201033.323958,3514304,0,0.0,-1,,304,0x130,test,3592,Normal,Normal,0.94221723,True,0.94221723,0.010977426,0.0009790396,0.020687573,0.025138848
test,Gear,Gear,1478194997.119784,1478194997.153658,3310144,19,0.296875,9,31.714916229248047,1087,0x43F,test,3593,Gear,Gear,0.9918886,True,0.002621489,0.00068458583,0.0013261022,0.9918886,0.0034792256
test,DoS,DoS,1478200452.547598,1478200452.614255,2445632,37,0.578125,1,66.41101837158203,0,0x000,test,3594,DoS,DoS,0.98642665,True,0.0076542525,0.98642665,0.002867175,0.0013925706,0.0016593217
test,Gear,Gear,1478194891.222127,1478194891.251282,3112832,23,0.359375,3,28.4419059753418,1087,0x43F,test,3595,Gear,Gear,0.99347174,True,0.0015714156,0.00070297526,0.0005811217,0.99347174,0.0036727125
test,Normal,RPM,1478201098.164721,1478201098.197352,4416768,0,0.0,-1,,2,0x002,test,3596,Normal,Normal,0.91721,True,0.91721,0.0032355988,0.0029898512,0.0077271704,0.068837374
test,Normal,Fuzzy,1478201023.803132,1478201023.839798,3496896,0,0.0,-1,,2,0x002,test,3597,Normal,Normal,0.92841715,True,0.92841715,0.005910474,0.0013608942,0.006068974,0.058242537
test,DoS,DoS,1478200552.405127,1478200552.435169,2569856,34,0.53125,1,29.79588508605957,0,0x000,test,3598,DoS,DoS,0.9856156,True,0.00671194,0.9856156,0.0039964183,0.0016813624,0.0019946557
test,Normal,Fuzzy,1478201010.540479,1478201010.573558,3472320,0,0.0,-1,,304,0x130,test,3599,Normal,Normal,0.96405035,True,0.96405035,0.004391897,0.0017237769,0.0140358815,0.015798096
test,DoS,DoS,1478200556.761199,1478200556.943407,2576832,35,0.546875,0,182.2080612182617,0,0x000,test,3600,DoS,DoS,0.9830168,True,0.005930382,0.9830168,0.0068986,0.0018004898,0.0023536826
test,Gear,Gear,1478194892.616914,1478194892.650395,3115968,22,0.34375,2,33.00786018371582,1087,0x43F,test,3601,Gear,Gear,0.989851,True,0.002648564,0.00055041007,0.0014027742,0.989851,0.0055472255
test,Fuzzy,Fuzzy,1478198144.503651,1478198144.543706,2876224,25,0.390625,0,40.055036544799805,1087,0x43F,test,3602,Fuzzy,Fuzzy,0.98999256,True,0.0034087251,0.00028853607,0.98999256,0.002335499,0.003974642
test,DoS,DoS,1478200458.223249,1478200458.322348,2454016,37,0.578125,0,99.09915924072266,0,0x000,test,3603,DoS,DoS,0.9861016,True,0.0058979676,0.9861016,0.0040559536,0.0016165496,0.002327799
test,Normal,Fuzzy,1478201102.167636,1478201102.204456,3641344,0,0.0,-1,,2,0x002,test,3604,Normal,Normal,0.78434205,True,0.78434205,0.008787705,0.0010965549,0.011679113,0.19409461
test,Fuzzy,Fuzzy,1478198131.629684,1478198131.651228,2854080,26,0.40625,0,21.54397964477539,704,0x2C0,test,3605,Fuzzy,Fuzzy,0.9877194,True,0.0039978703,0.00047479253,0.9877194,0.0020092272,0.005798691
test,DoS,DoS,1478200490.47585,1478200490.506494,2500288,34,0.53125,1,30.3950309753418,0,0x000,test,3606,DoS,DoS,0.9826554,True,0.0066045662,0.9826554,0.006746964,0.0016507119,0.0023422614
test,DoS,DoS,1478200368.462932,1478200368.667904,2326336,37,0.578125,0,204.9717903137207,0,0x000,test,3607,DoS,DoS,0.9852851,True,0.0059414483,0.9852851,0.004818796,0.0016055509,0.002349187
test,Gear,Gear,1478195009.070945,1478195009.094455,3330624,17,0.265625,0,23.509979248046875,1087,0x43F,test,3608,Gear,Gear,0.9823997,True,0.006313019,0.00047283815,0.0042841067,0.9823997,0.006530271
test,DoS,DoS,1478200438.31669,1478200438.450882,2423488,25,0.390625,1,133.94784927368164,0,0x000,test,3609,DoS,DoS,0.97999257,True,0.007314286,0.97999257,0.008292516,0.0017322617,0.0026683542
test,DoS,DoS,1478200519.081931,1478200519.249317,2536192,34,0.53125,0,167.38581657409668,0,0x000,test,3610,DoS,DoS,0.9846864,True,0.008606403,0.9846864,0.0032790166,0.0018164524,0.0016117834
test,Normal,Fuzzy,1478201080.267175,1478201080.298389,3600768,0,0.0,-1,,2,0x002,test,3611,Normal,Normal,0.9614694,True,0.9614694,0.0090651065,0.0011912966,0.023525037,0.0047491062
test,RPM,RPM,1478192695.916094,1478192695.940033,3186688,21,0.328125,2,23.421049118041992,790,0x316,test,3612,RPM,RPM,0.9890547,True,0.003285853,0.00028941355,0.00077893754,0.006591066,0.9890547
test,Fuzzy,Fuzzy,1478198119.959975,1478198119.992791,2836288,37,0.578125,0,32.81593322753906,399,0x18F,test,3613,Fuzzy,Fuzzy,0.991867,True,0.0024391268,0.00029552373,0.991867,0.002469682,0.0029287
test,Fuzzy,Fuzzy,1478197736.96053,1478197736.981492,2466688,24,0.375,10,18.57209205627441,2,0x002,test,3614,Fuzzy,Fuzzy,0.98676234,True,0.0040838616,0.0004897545,0.98676234,0.0020681256,0.0065959045
test,DoS,DoS,1478200578.843245,1478200578.859459,2600960,36,0.5625,0,16.21389389038086,0,0x000,test,3615,DoS,DoS,0.9865052,True,0.006635834,0.9865052,0.0033349143,0.0015605637,0.0019634215
test,Fuzzy,Fuzzy,1478198095.372101,1478198095.394151,2796608,22,0.34375,1,21.82888984680176,399,0x18F,test,3616,Fuzzy,Fuzzy,0.9880127,True,0.0038204005,0.00038807813,0.9880127,0.0023032227,0.005475616
test,Normal,DoS,1478201198.153481,1478201198.187614,3645568,0,0.0,-1,,320,0x140,test,3617,Normal,Normal,0.97328544,True,0.97328544,0.0063186497,0.001703539,0.011641133,0.007051128
test,DoS,DoS,1478200390.724817,1478200390.773604,2360384,34,0.53125,0,48.78687858581543,0,0x000,test,3618,DoS,DoS,0.9831828,True,0.00783667,0.9831828,0.0052875453,0.0014959056,0.002197167
test,Fuzzy,Fuzzy,1478198111.745717,1478198111.776527,2823808,23,0.359375,1,30.59601783752441,672,0x2A0,test,3619,Fuzzy,Fuzzy,0.99036694,True,0.0032026528,0.00026987153,0.99036694,0.002883328,0.0032772636
test,RPM,RPM,1478192846.346594,1478192846.37871,3471104,16,0.25,5,30.90500831604004,790,0x316,test,3620,RPM,RPM,0.9852925,True,0.008077314,0.0002713077,0.0029535259,0.0034053556,0.9852925
test,Normal,RPM,1478201206.53252,1478201206.568074,4617024,0,0.0,-1,,304,0x130,test,3621,Normal,Normal,0.9227774,True,0.9227774,0.0018217239,0.010920018,0.016609805,0.047870927
test,Fuzzy,Fuzzy,1478197939.706285,1478197939.890065,2654208,24,0.375,1,178.40003967285156,672,0x2A0,test,3622,Fuzzy,Fuzzy,0.9910815,True,0.0034412553,0.000431174,0.9910815,0.0018349858,0.00321107
test,RPM,RPM,1478192755.238358,1478192755.261239,3312192,20,0.3125,0,22.881031036376957,790,0x316,test,3623,RPM,RPM,0.99067795,True,0.0035745497,0.00029054814,0.00085544784,0.004601376,0.99067795
test,Fuzzy,Fuzzy,1478198141.916082,1478198141.938551,2871936,23,0.359375,6,21.03590965270996,790,0x316,test,3624,Fuzzy,Fuzzy,0.9906628,True,0.003149862,0.0002541692,0.9906628,0.0022993074,0.0036338232
test,Fuzzy,Fuzzy,1478198151.191316,1478198151.256548,2887744,15,0.234375,0,65.2320384979248,2,0x002,test,3625,Fuzzy,Fuzzy,0.9324343,True,0.035253927,0.00025557604,0.9324343,0.0041289125,0.027927235
test,Fuzzy,Fuzzy,1478198172.885262,1478198172.919093,2925696,23,0.359375,0,33.830881118774414,790,0x316,test,3626,Fuzzy,Fuzzy,0.9897446,True,0.0041462244,0.00038678732,0.9897446,0.0018161159,0.0039062514
test,Normal,RPM,1478201056.295293,1478201056.329193,4339200,0,0.0,-1,,2,0x002,test,3627,Normal,Normal,0.9172936,True,0.9172936,0.0076008714,0.0026345644,0.05998637,0.012484613
test,Gear,Gear,1478194963.103489,1478194963.129573,3246336,24,0.375,1,25.85315704345703,1087,0x43F,test,3628,Gear,Gear,0.99151623,True,0.0020237009,0.00051558996,0.0025909832,0.99151623,0.0033535683
test,Fuzzy,Fuzzy,1478197986.930177,1478197987.095939,2701184,20,0.3125,1,165.09294509887695,1072,0x430,test,3629,Fuzzy,Fuzzy,0.9888487,True,0.005152688,0.00018067937,0.9888487,0.0025052081,0.0033127193
test,RPM,RPM,1478192853.709576,1478192853.737624,3486272,19,0.296875,3,27.357816696166992,790,0x316,test,3630,RPM,RPM,0.99238294,True,0.0028898185,0.00032982376,0.0006163676,0.003781053,0.99238294
test,Normal,Gear,1478201023.392957,1478201023.429822,4100416,0,0.0,-1,,704,0x2C0,test,3631,Normal,Normal,0.90471256,True,0.90471256,0.005663266,0.0026731978,0.05578693,0.031164084
test,DoS,DoS,1478200398.560353,1478200398.599023,2372864,35,0.546875,1,38.42306137084961,0,0x000,test,3632,DoS,DoS,0.98782015,True,0.005424701,0.98782015,0.0027352562,0.0015637113,0.0024562452
test,RPM,RPM,1478192898.590143,1478192898.62344,3580224,21,0.328125,0,33.297061920166016,790,0x316,test,3633,RPM,RPM,0.99120784,True,0.003405664,0.00025097834,0.0015442277,0.0035912436,0.99120784
test,Gear,Gear,1478195066.969071,1478195067.017617,3432960,21,0.328125,0,48.54607582092285,1087,0x43F,test,3634,Gear,Gear,0.9890953,True,0.0025130843,0.0006743779,0.0050529223,0.9890953,0.002664355
test,RPM,RPM,1478192806.699595,1478192806.739548,3398976,17,0.265625,0,39.952993392944336,790,0x316,test,3635,RPM,RPM,0.9832639,True,0.005215301,0.00039774325,0.00062483695,0.010498189,0.9832639
test,Gear,Gear,1478194880.580409,1478194880.616964,3092928,21,0.328125,4,35.616159439086914,1087,0x43F,test,3636,Gear,Gear,0.99268943,True,0.0015175731,0.0007491033,0.00093673734,0.99268943,0.0041072145
test,DoS,DoS,1478200634.412676,1478200634.532922,2659200,34,0.53125,0,120.24593353271484,0,0x000,test,3637,DoS,DoS,0.984934,True,0.0073759034,0.984934,0.0041845716,0.0014782262,0.0020272413
test,Normal,Fuzzy,1478201172.08945,1478201172.123493,3770368,0,0.0,-1,,704,0x2C0,test,3638,Normal,Normal,0.95027417,True,0.95027417,0.0034163732,0.0034907162,0.01904562,0.023773013
test,DoS,DoS,1478200467.63328,1478200467.682658,2467520,36,0.5625,0,49.3779182434082,0,0x000,test,3639,DoS,DoS,0.9828467,True,0.006712948,0.9828467,0.006627091,0.0016740235,0.0021392268
test,Fuzzy,Fuzzy,1478197985.240457,1478197985.441895,2700672,18,0.28125,6,199.9979019165039,2,0x002,test,3640,Fuzzy,Fuzzy,0.98492116,True,0.00556208,0.0005884018,0.98492116,0.0016834763,0.0072448305
test,Fuzzy,Fuzzy,1478198128.365654,1478198128.387246,2847936,21,0.328125,1,21.371841430664062,320,0x140,test,3641,Fuzzy,Fuzzy,0.99041146,True,0.0031243272,0.00033444416,0.99041146,0.0023037605,0.0038259581
test,RPM,RPM,1478192763.088734,1478192763.112198,3327424,20,0.3125,0,23.46420288085937,790,0x316,test,3642,RPM,RPM,0.99244577,True,0.0030261849,0.00036761924,0.0005961123,0.0035642725,0.99244577
test,RPM,RPM,1478192705.033271,1478192705.058589,3208192,19,0.296875,7,20.899057388305664,790,0x316,test,3643,RPM,RPM,0.9881423,True,0.004559562,0.00028531282,0.0009901406,0.0060226675,0.9881423
test,Normal,DoS,1478201101.703907,1478201101.73647,3467392,0,0.0,-1,,2,0x002,test,3644,Normal,Normal,0.95059174,True,0.95059174,0.0050305985,0.0013934354,0.028858753,0.014125418
test,DoS,DoS,1478200373.146105,1478200373.184778,2332864,38,0.59375,0,38.67292404174805,0,0x000,test,3645,DoS,DoS,0.9853432,True,0.0067371377,0.9853432,0.0041145943,0.0014745112,0.0023305505
test,Gear,Gear,1478194968.179855,1478194968.202243,3256256,19,0.296875,2,21.906137466430664,1087,0x43F,test,3646,Gear,Gear,0.98960567,True,0.0029572565,0.0005235173,0.00239635,0.98960567,0.0045172316
test,Normal,Fuzzy,1478201099.544736,1478201099.577052,3636480,0,0.0,-1,,2,0x002,test,3647,Normal,Normal,0.97148985,True,0.97148985,0.0027173122,0.0042214887,0.006839813,0.014731451
test,DoS,DoS,1478200399.207184,1478200399.256471,2373824,36,0.5625,0,49.286842346191406,0,0x000,test,3648,DoS,DoS,0.988889,True,0.005712118,0.988889,0.0017250106,0.0017163759,0.0019575155
test,Normal,Gear,1478201024.709775,1478201024.740729,4102848,0,0.0,-1,,2,0x002,test,3649,Normal,Normal,0.86261815,True,0.86261815,0.008569285,0.0020511497,0.0074353004,0.1193261
test,Normal,Fuzzy,1478201031.74996,1478201031.785078,3511616,0,0.0,-1,,2,0x002,test,3650,Normal,Normal,0.93907726,True,0.93907726,0.002166574,0.0047378866,0.016551688,0.037466563
test,Fuzzy,Fuzzy,1478198100.069684,1478198100.097302,2805120,24,0.375,0,27.6179313659668,339,0x153,test,3651,Fuzzy,Fuzzy,0.98952115,True,0.0033237517,0.0003688035,0.98952115,0.002445348,0.0043408866
test,DoS,DoS,1478200579.051744,1478200579.117019,2601408,31,0.484375,0,65.27495384216309,0,0x000,test,3652,DoS,DoS,0.986379,True,0.00841901,0.986379,0.0019963183,0.0017043985,0.0015012346
test,Fuzzy,Fuzzy,1478198158.680695,1478198158.720664,2900544,26,0.40625,2,39.518117904663086,399,0x18F,test,3653,Fuzzy,Fuzzy,0.99017227,True,0.0030992413,0.00031210104,0.99017227,0.0025665509,0.0038497236
test,Fuzzy,Fuzzy,1478197861.43617,1478197861.748347,2583360,29,0.453125,1,306.535005569458,672,0x2A0,test,3654,Fuzzy,Fuzzy,0.9894019,True,0.0029868714,0.00039187763,0.9894019,0.002371525,0.0048479657
test,Normal,Gear,1478201191.023673,1478201191.056447,4409728,0,0.0,-1,,2,0x002,test,3655,Normal,Normal,0.9393617,True,0.9393617,0.0035153173,0.004076241,0.007858719,0.045188155
test,DoS,DoS,1478200491.522529,1478200491.566706,2501760,33,0.515625,1,43.93100738525391,0,0x000,test,3656,DoS,DoS,0.9856699,True,0.0065216864,0.9856699,0.0040197135,0.0013920609,0.002396624
test,Fuzzy,Fuzzy,1478198136.089138,1478198136.156397,2861824,21,0.328125,10,60.73808670043945,304,0x130,test,3657,Fuzzy,Fuzzy,0.9867439,True,0.0036833335,0.00035587014,0.9867439,0.0025313986,0.006685378
test,Fuzzy,Fuzzy,1478197865.058889,1478197865.084223,2585152,21,0.328125,0,25.33411979675293,399,0x18F,test,3658,Fuzzy,Fuzzy,0.98635834,True,0.004641354,0.0005610404,0.98635834,0.0020315857,0.0064077144
test,Gear,Gear,1478195073.556488,1478195073.600193,3445120,18,0.28125,4,42.75202751159668,1087,0x43F,test,3659,Gear,Gear,0.9784494,True,0.0054363147,0.0006478226,0.001407371,0.9784494,0.014059027
test,RPM,RPM,1478192853.848725,1478192853.879085,3486528,21,0.328125,1,30.135154724121094,790,0x316,test,3660,RPM,RPM,0.99007416,True,0.0030323754,0.0002788123,0.0009341474,0.0056805257,0.99007416
test,RPM,RPM,1478192846.703393,1478192846.736067,3471808,18,0.28125,1,31.954050064086918,790,0x316,test,3661,RPM,RPM,0.98256403,True,0.0061675482,0.00057914987,0.00043916353,0.010250173,0.98256403
test,RPM,RPM,1478192884.513515,1478192884.536202,3550272,19,0.296875,9,20.541906356811523,790,0x316,test,3662,RPM,RPM,0.99192965,True,0.0036177682,0.00027364056,0.0012856368,0.0028933578,0.99192965
test,Fuzzy,Fuzzy,1478197880.919893,1478197881.212703,2600256,33,0.515625,0,292.8099632263184,339,0x153,test,3663,Fuzzy,Fuzzy,0.9926484,True,0.0024686172,0.00026514457,0.9926484,0.0024037585,0.0022140383
test,RPM,RPM,1478192756.951139,1478192756.973198,3316352,19,0.296875,1,21.83985710144043,790,0x316,test,3664,RPM,RPM,0.99043393,True,0.0033925676,0.0004460875,0.0004367872,0.0052906,0.99043393
test,Gear,Gear,1478195119.182409,1478195119.31951,3520640,20,0.3125,6,132.4450969696045,1087,0x43F,test,3665,Gear,Gear,0.98591655,True,0.003397651,0.0009026194,0.00801791,0.98591655,0.0017652647
test,DoS,DoS,1478200433.786835,1478200433.802969,2418816,36,0.5625,0,16.134023666381836,0,0x000,test,3666,DoS,DoS,0.9838568,True,0.0067858147,0.9838568,0.0054132766,0.0015941063,0.002349952
test,Fuzzy,Fuzzy,1478198166.858049,1478198166.894104,2915008,27,0.421875,1,35.83502769470215,304,0x130,test,3667,Fuzzy,Fuzzy,0.98989606,True,0.0033272062,0.00038717093,0.98989606,0.0020125431,0.004376972
test,Normal,RPM,1478201175.027361,1478201175.063863,4558656,0,0.0,-1,,339,0x153,test,3668,Normal,Normal,0.9048357,True,0.9048357,0.0017408452,0.012779787,0.04694938,0.033694282
test,DoS,DoS,1478200482.566203,1478200482.712952,2489024,35,0.546875,1,146.5048789978027,0,0x000,test,3669,DoS,DoS,0.98452944,True,0.00600364,0.98452944,0.0055853315,0.0015696159,0.0023119568
test,Fuzzy,Fuzzy,1478197930.519018,1478197930.662385,2645888,29,0.453125,0,143.36705207824707,790,0x316,test,3670,Fuzzy,Fuzzy,0.98896664,True,0.0034518375,0.00038767068,0.98896664,0.0018362666,0.005357524
test,RPM,RPM,1478192690.444644,1478192690.466751,3174848,19,0.296875,5,20.93219757080078,790,0x316,test,3671,RPM,RPM,0.9876938,True,0.0043177693,0.0003016129,0.0009518026,0.00673504,0.9876938
test,Normal,RPM,1478201068.938104,1478201068.973824,4362624,0,0.0,-1,,304,0x130,test,3672,Normal,Normal,0.92814183,True,0.92814183,0.0019871814,0.0053838966,0.019084826,0.045402344
test,Gear,Gear,1478195028.790976,1478195028.848746,3364864,21,0.328125,0,57.7700138092041,1087,0x43F,test,3673,Gear,Gear,0.986019,True,0.004310172,0.00064141286,0.0068977256,0.986019,0.0021316318
test,Gear,Gear,1478194891.013531,1478194891.043412,3112384,20,0.3125,0,29.881000518798828,1087,0x43F,test,3674,Gear,Gear,0.99079365,True,0.0031936758,0.0005422325,0.002192643,0.99079365,0.0032777223
test,DoS,DoS,1478200464.665687,1478200464.690063,2463552,33,0.515625,1,24.13201332092285,0,0x000,test,3675,DoS,DoS,0.9841852,True,0.008087823,0.9841852,0.004368386,0.0015652627,0.001793437
test,RPM,RPM,1478192903.757296,1478192903.786297,3591104,19,0.296875,5,27.69017219543457,790,0x316,test,3676,RPM,RPM,0.9902506,True,0.0034337319,0.0003183984,0.00074554776,0.005251628,0.9902506
test,Normal,Fuzzy,1478201065.966957,1478201065.998098,3574272,0,0.0,-1,,2,0x002,test,3677,Normal,Normal,0.9572389,True,0.9572389,0.00799358,0.0021790292,0.0240589,0.008529507
test,Normal,Fuzzy,1478201175.543827,1478201175.576902,3776768,0,0.0,-1,,2,0x002,test,3678,Normal,Normal,0.93733305,True,0.93733305,0.004220731,0.003209819,0.007992105,0.0472443
test,Normal,Gear,1478201038.990333,1478201039.021277,4128576,0,0.0,-1,,2,0x002,test,3679,Normal,Normal,0.96067035,True,0.96067035,0.0092652375,0.0008978011,0.025398329,0.0037683481
test,Fuzzy,Fuzzy,1478198126.288336,1478198126.31471,2845952,27,0.421875,1,26.1538028717041,339,0x153,test,3680,Fuzzy,Fuzzy,0.99023986,True,0.0028933322,0.00032099008,0.99023986,0.0025850702,0.003960761
test,DoS,DoS,1478200491.161662,1478200491.186988,2501184,32,0.5,0,25.32601356506348,0,0x000,test,3681,DoS,DoS,0.98344964,True,0.007331766,0.98344964,0.0054068174,0.0016620627,0.002149742
test,Gear,Gear,1478194911.036542,1478194911.065429,3154176,18,0.28125,4,27.93598175048828,1087,0x43F,test,3682,Gear,Gear,0.9865649,True,0.003582074,0.0005831703,0.004391407,0.9865649,0.0048785014
test,DoS,DoS,1478200556.051474,1478200556.082718,2576128,4,0.0625,57,1.4688968658447266,0,0x000,test,3683,DoS,Normal,0.92742556,False,0.92742556,0.012056907,0.0010147358,0.040601842,0.018900918
test,RPM,RPM,1478192728.353184,1478192728.379677,3255680,19,0.296875,6,25.005102157592773,790,0x316,test,3684,RPM,RPM,0.990171,True,0.004740377,0.0002706704,0.0012687774,0.0035491541,0.990171
test,Normal,Fuzzy,1478201082.477304,1478201082.513061,3604864,0,0.0,-1,,304,0x130,test,3685,Normal,Normal,0.93883014,True,0.93883014,0.0029110073,0.0039207465,0.012111408,0.042226654
test,RPM,RPM,1478192917.211605,1478192917.238187,3613888,20,0.3125,2,26.09705924987793,790,0x316,test,3686,RPM,RPM,0.98779863,True,0.004111608,0.00031444186,0.0007933684,0.006981985,0.98779863
test,Normal,Fuzzy,1478201060.058284,1478201060.09157,3563328,0,0.0,-1,,304,0x130,test,3687,Normal,Normal,0.9506669,True,0.9506669,0.0016160482,0.010475897,0.007878904,0.029362237
test,Normal,RPM,1478201057.50455,1478201057.538371,4341440,0,0.0,-1,,2,0x002,test,3688,Normal,Normal,0.93100095,True,0.93100095,0.002594097,0.0035715827,0.025137026,0.037696425
test,DoS,DoS,1478200633.794249,1478200633.830368,2658752,34,0.53125,0,36.11898422241211,0,0x000,test,3689,DoS,DoS,0.98599386,True,0.005871232,0.98599386,0.0043633427,0.0016937488,0.0020778473
test,Fuzzy,Fuzzy,1478197895.025138,1478197895.184608,2613888,29,0.453125,2,159.013032913208,790,0x316,test,3690,Fuzzy,Fuzzy,0.9880212,True,0.00394769,0.00042027354,0.9880212,0.002126352,0.005484425
test,DoS,DoS,1478200535.239908,1478200535.368308,2552960,34,0.53125,0,128.40008735656738,0,0x000,test,3691,DoS,DoS,0.98702127,True,0.006530005,0.98702127,0.002843615,0.00174383,0.0018612485
test,Gear,Gear,1478195013.739252,1478195013.761398,3339648,18,0.28125,1,21.91615104675293,1087,0x43F,test,3692,Gear,Gear,0.9867069,True,0.0037086753,0.00050675217,0.0023723852,0.9867069,0.006705381
test,Gear,Gear,1478194949.863663,1478194949.930424,3222400,21,0.328125,3,50.18305778503418,1087,0x43F,test,3693,Gear,Gear,0.99239314,True,0.0022021264,0.0006216174,0.0008521801,0.99239314,0.0039309277
test,RPM,RPM,1478192820.332987,1478192820.366515,3421760,23,0.359375,1,33.12802314758301,790,0x316,test,3694,RPM,RPM,0.9914049,True,0.002963053,0.00024816397,0.000996608,0.0043873284,0.9914049
test,DoS,DoS,1478200476.749779,1478200476.807159,2479808,36,0.5625,0,57.379961013793945,0,0x000,test,3695,DoS,DoS,0.98318243,True,0.0064964336,0.98318243,0.006359767,0.0016528757,0.0023085107
test,Gear,Gear,1478194905.333074,1478194905.355827,3142656,19,0.296875,0,22.75300025939941,1087,0x43F,test,3696,Gear,Gear,0.98779315,True,0.0027951433,0.0005637975,0.0009345069,0.98779315,0.007913442
test,Normal,DoS,1478201087.399582,1478201087.434418,3440896,0,0.0,-1,,672,0x2A0,test,3697,Normal,Normal,0.8838651,True,0.8838651,0.0035004527,0.006484079,0.03805126,0.06809915
test,Fuzzy,Fuzzy,1478198124.162937,1478198124.256797,2843520,25,0.390625,2,93.38903427124023,304,0x130,test,3698,Fuzzy,Fuzzy,0.99042505,True,0.0030650352,0.00030944217,0.99042505,0.0022780425,0.0039224885
test,DoS,DoS,1478200449.441861,1478200449.499405,2441216,34,0.53125,0,57.54399299621582,0,0x000,test,3699,DoS,DoS,0.98559165,True,0.008123923,0.98559165,0.002851897,0.0013318195,0.0021007233
test,Gear,Gear,1478194982.23242,1478194982.254073,3281664,19,0.296875,7,19.960880279541016,1087,0x43F,test,3700,Gear,Gear,0.98871905,True,0.0039860713,0.00063687604,0.0033499312,0.98871905,0.0033080801
test,DoS,DoS,1478200449.337215,1478200449.378787,2441088,32,0.5,0,41.57209396362305,0,0x000,test,3701,DoS,DoS,0.9850916,True,0.007945819,0.9850916,0.0036237661,0.0015417759,0.0017970459
test,RPM,RPM,1478192941.881674,1478192941.916621,3656448,15,0.234375,9,32.29808807373047,790,0x316,test,3702,RPM,RPM,0.990458,True,0.005782196,0.00041727046,0.0008096428,0.0025328714,0.990458
test,Normal,DoS,1478201095.034279,1478201095.067755,3455040,0,0.0,-1,,2,0x002,test,3703,Normal,Normal,0.9281333,True,0.9281333,0.004983893,0.0029880838,0.022667048,0.041227665
test,Fuzzy,Fuzzy,1478197940.129886,1478197940.370208,2654528,24,0.375,0,240.32211303710935,305,0x131,test,3704,Fuzzy,Fuzzy,0.99188167,True,0.0029960042,0.0002306319,0.99188167,0.0027864925,0.0021051418
test,Gear,Gear,1478194867.528162,1478194867.552715,3068864,20,0.3125,2,24.08099174499512,1087,0x43F,test,3705,Gear,Gear,0.9919328,True,0.0024427644,0.000692376,0.00230539,0.9919328,0.002626656
test,Fuzzy,Fuzzy,1478198164.672841,1478198164.693704,2911744,25,0.390625,3,20.15900611877441,2,0x002,test,3706,Fuzzy,Fuzzy,0.9897461,True,0.003408845,0.00039145738,0.9897461,0.0019598363,0.0044938475
test,Fuzzy,Fuzzy,1478197802.892398,1478197802.917205,2532032,19,0.296875,1,24.02806282043457,608,0x260,test,3707,Fuzzy,Fuzzy,0.98703426,True,0.004802415,0.00032642204,0.98703426,0.0020584522,0.005778381
test,Gear,Gear,1478194983.373064,1478194983.411596,3283648,19,0.296875,2,38.06209564208984,1087,0x43F,test,3708,Gear,Gear,0.99208695,True,0.0022289068,0.00075393275,0.0015021911,0.99208695,0.003428003
test,DoS,DoS,1478200491.406411,1478200491.436407,2501568,35,0.546875,1,29.75010871887207,0,0x000,test,3709,DoS,DoS,0.98383176,True,0.0066162073,0.98383176,0.0057310266,0.0016830133,0.0021379713
test,Normal,Gear,1478201034.842451,1478201034.877752,4120896,0,0.0,-1,,399,0x18F,test,3710,Normal,Normal,0.97595066,True,0.97595066,0.002516484,0.0032945478,0.009791426,0.0084469495
test,DoS,DoS,1478200529.728897,1478200529.785651,2545536,28,0.4375,1,47.371864318847656,0,0x000,test,3711,DoS,DoS,0.9851415,True,0.008078116,0.9851415,0.003209651,0.001599583,0.0019710977
test,RPM,RPM,1478192865.523582,1478192865.547388,3510848,19,0.296875,1,23.427963256835938,790,0x316,test,3712,RPM,RPM,0.9920282,True,0.0034210414,0.00032455768,0.00083723495,0.003388975,0.9920282
test,Gear,Gear,1478194858.710842,1478194858.734729,3049536,21,0.328125,1,23.68903160095215,1087,0x43F,test,3713,Gear,Gear,0.98970234,True,0.0027045293,0.00047334377,0.0021343934,0.98970234,0.00498544
test,Normal,RPM,1478201173.370151,1478201173.405184,4555584,0,0.0,-1,,2,0x002,test,3714,Normal,Normal,0.934517,True,0.934517,0.015453559,0.0010375562,0.020590745,0.028401159
test,RPM,RPM,1478192683.597256,1478192683.620452,3159232,20,0.3125,1,22.97091484069824,790,0x316,test,3715,RPM,RPM,0.98777264,True,0.004518895,0.0002242694,0.001705004,0.005779126,0.98777264
test,Gear,Gear,1478194847.682207,1478194847.708367,3026112,21,0.328125,1,25.23016929626465,1087,0x43F,test,3716,Gear,Gear,0.9912717,True,0.0018963793,0.0005050174,0.002020225,0.9912717,0.0043066884
test,Gear,Gear,1478194989.201651,1478194989.237124,3295360,22,0.34375,5,33.792972564697266,1087,0x43F,test,3717,Gear,Gear,0.99057966,True,0.0021647373,0.00048541368,0.0022584233,0.99057966,0.0045117578
test,Gear,Gear,1478195052.517989,1478195052.540122,3406016,19,0.296875,7,20.49112319946289,1087,0x43F,test,3718,Gear,Gear,0.9908954,True,0.0029818001,0.0006488817,0.002920476,0.9908954,0.0025534732
test,Normal,Gear,1478201110.946384,1478201110.979493,4261888,0,0.0,-1,,2,0x002,test,3719,Normal,Normal,0.9542344,True,0.9542344,0.006563494,0.001108305,0.0064613144,0.03163251
test,DoS,DoS,1478200434.697293,1478200434.727455,2420352,33,0.515625,0,30.16185760498047,0,0x000,test,3720,DoS,DoS,0.98145723,True,0.0073441034,0.98145723,0.007120505,0.0016862113,0.00239205
test,Fuzzy,Fuzzy,1478198061.559971,1478198061.841702,2760448,35,0.546875,1,275.99596977233887,2,0x002,test,3721,Fuzzy,Fuzzy,0.9908654,True,0.002893392,0.00037286428,0.9908654,0.0020936418,0.0037747363
test,Fuzzy,Fuzzy,1478197912.865116,1478197912.940394,2629952,18,0.28125,3,72.4029541015625,1087,0x43F,test,3722,Fuzzy,Fuzzy,0.9813339,True,0.004982567,0.0006162705,0.9813339,0.0026826856,0.010384532
test,Fuzzy,Fuzzy,1478198050.529371,1478198050.677226,2752640,27,0.421875,0,147.85504341125488,880,0x370,test,3723,Fuzzy,Fuzzy,0.9844641,True,0.0052750325,0.00056628656,0.9844641,0.0020876373,0.00760687
test,RPM,RPM,1478192857.976911,1478192857.999384,3495040,20,0.3125,1,22.16792106628418,790,0x316,test,3724,RPM,RPM,0.98762345,True,0.0037902282,0.00022264163,0.0015376754,0.0068260194,0.98762345
test,Normal,DoS,1478201131.306719,1478201131.342135,3522240,0,0.0,-1,,304,0x130,test,3725,Normal,Normal,0.964413,True,0.964413,0.004036073,0.0023883213,0.012095548,0.017067106
test,Fuzzy,Fuzzy,1478197803.885659,1478197803.961624,2532992,26,0.40625,0,75.96492767333984,304,0x130,test,3726,Fuzzy,Fuzzy,0.9897922,True,0.0031899456,0.0003260235,0.9897922,0.0023609102,0.0043308563
test,RPM,RPM,1478192793.250593,1478192793.301455,3376768,20,0.3125,4,49.83592033386231,790,0x316,test,3727,RPM,RPM,0.9908343,True,0.0041281967,0.0003938713,0.0006263134,0.0040173894,0.9908343
test,DoS,DoS,1478200601.468816,1478200601.504001,2627264,6,0.09375,52,2.7229785919189453,0,0x000,test,3728,DoS,Normal,0.9031479,False,0.9031479,0.014438002,0.00088781427,0.05622011,0.025306234
test,RPM,RPM,1478192961.024221,1478192961.046992,3692928,21,0.328125,1,22.58014678955078,790,0x316,test,3729,RPM,RPM,0.9896499,True,0.0034462085,0.00022972771,0.0012854718,0.0053887414,0.9896499
test,Normal,DoS,1478201187.169028,1478201187.203352,3625216,0,0.0,-1,,339,0x153,test,3730,Normal,Normal,0.90151423,True,0.90151423,0.017745199,0.0010750671,0.07058489,0.009080565
test,RPM,RPM,1478192936.644226,1478192936.70174,3646848,24,0.375,0,57.51395225524902,790,0x316,test,3731,RPM,RPM,0.9920333,True,0.0031771276,0.0002791475,0.0010685715,0.0034417459,0.9920333
test,Fuzzy,Fuzzy,1478198164.624115,1478198164.67259,2911680,25,0.390625,0,48.475027084350586,399,0x18F,test,3732,Fuzzy,Fuzzy,0.9895893,True,0.0033187433,0.00036897018,0.9895893,0.0023847201,0.0043382514
test,Gear,Gear,1478194848.096383,1478194848.123028,3027008,19,0.296875,0,26.64494514465332,1087,0x43F,test,3733,Gear,Gear,0.9923362,True,0.0030210044,0.0011615893,0.000552141,0.9923362,0.0029290756
test,DoS,DoS,1478200418.366277,1478200418.393392,2396864,19,0.296875,34,8.03518295288086,0,0x000,test,3734,DoS,DoS,0.8587731,True,0.12482034,0.8587731,0.00018105391,0.012406908,0.003818695
test,Normal,RPM,1478201104.79586,1478201104.828213,4429056,0,0.0,-1,,2,0x002,test,3735,Normal,Normal,0.9406261,True,0.9406261,0.0019293429,0.0068080653,0.03846073,0.012175827
test,Normal,DoS,1478201171.279282,1478201171.31126,3595776,0,0.0,-1,,399,0x18F,test,3736,Normal,Normal,0.97575027,True,0.97575027,0.003855821,0.0023246359,0.008123618,0.009945673
test,Normal,DoS,1478201188.863014,1478201188.894642,3628352,0,0.0,-1,,2,0x002,test,3737,Normal,Normal,0.96723145,True,0.96723145,0.005844104,0.0013142766,0.014731979,0.010878314
test,Fuzzy,Fuzzy,1478198117.653106,1478198117.727875,2833920,31,0.484375,2,74.30100440979004,809,0x329,test,3738,Fuzzy,Fuzzy,0.991282,True,0.0028930216,0.00031880816,0.991282,0.0023814475,0.0031246347
test,DoS,DoS,1478200511.865965,1478200511.959421,2528512,33,0.515625,2,87.64481544494629,0,0x000,test,3739,DoS,DoS,0.98740226,True,0.0058088107,0.98740226,0.0028820091,0.0017282807,0.00217868
test,DoS,DoS,1478200557.700717,1478200557.95373,2577216,37,0.578125,0,253.01313400268555,0,0x000,test,3740,DoS,DoS,0.98606724,True,0.0058437143,0.98606724,0.0042654625,0.0017503361,0.0020732442
test,Normal,Fuzzy,1478201160.447868,1478201160.483752,3748800,0,0.0,-1,,399,0x18F,test,3741,Normal,Normal,0.95071435,True,0.95071435,0.0009608551,0.032561965,0.009765753,0.005997106
test,DoS,DoS,1478200500.004176,1478200500.023265,2512384,35,0.546875,1,18.845796585083008,0,0x000,test,3742,DoS,DoS,0.98547584,True,0.0069071893,0.98547584,0.0039358293,0.0016583389,0.002022793
test,Gear,Gear,1478194847.029119,1478194847.052603,3024576,21,0.328125,1,23.25296401977539,1087,0x43F,test,3743,Gear,Gear,0.991339,True,0.0024734056,0.00065124553,0.0025860635,0.991339,0.0029502495
test,Normal,DoS,1478201159.395017,1478201159.428056,3573760,0,0.0,-1,,704,0x2C0,test,3744,Normal,Normal,0.9552572,True,0.9552572,0.0025636135,0.0051413905,0.014294353,0.022743436
test,Fuzzy,Fuzzy,1478197815.007026,1478197815.28124,2541248,31,0.484375,0,274.2140293121338,608,0x260,test,3745,Fuzzy,Fuzzy,0.9915017,True,0.0027258315,0.00030160998,0.9915017,0.0023362457,0.0031346043
test,DoS,DoS,1478200434.633087,1478200434.697052,2420288,31,0.484375,1,63.71808052062988,0,0x000,test,3746,DoS,DoS,0.9839812,True,0.010710427,0.9839812,0.0024041622,0.0015142458,0.0013900404
test,Fuzzy,Fuzzy,1478197872.72949,1478197872.926151,2592320,29,0.453125,1,196.4449882507324,339,0x153,test,3747,Fuzzy,Fuzzy,0.9897752,True,0.0034433529,0.00042932614,0.9897752,0.0020380926,0.0043140803
test,Gear,Gear,1478194905.770065,1478194905.79412,3143744,20,0.3125,3,23.35810661315918,1087,0x43F,test,3748,Gear,Gear,0.990293,True,0.002813869,0.0006797262,0.0008055153,0.990293,0.005407796
test,Gear,Gear,1478194897.197866,1478194897.219768,3125312,20,0.3125,4,20.93696594238281,1087,0x43F,test,3749,Gear,Gear,0.9913646,True,0.0031938148,0.00069544604,0.0020567994,0.9913646,0.0026892768
test,Normal,Fuzzy,1478201062.028434,1478201062.06061,3566976,0,0.0,-1,,2,0x002,test,3750,Normal,Normal,0.97817457,True,0.97817457,0.0025318258,0.0032784513,0.004708966,0.011306311
test,DoS,DoS,1478200627.585996,1478200627.77692,2651712,35,0.546875,0,190.92416763305664,0,0x000,test,3751,DoS,DoS,0.9882935,True,0.0063363686,0.9882935,0.0019111305,0.0017202422,0.0017387273
test,Fuzzy,Fuzzy,1478197885.787933,1478197885.808729,2606208,23,0.359375,4,19.862890243530277,704,0x2C0,test,3752,Fuzzy,Fuzzy,0.9914362,True,0.0025486858,0.00023083543,0.9914362,0.0032447078,0.00253957
test,Normal,DoS,1478201206.619863,1478201206.651504,3661248,0,0.0,-1,,399,0x18F,test,3753,Normal,Normal,0.94564056,True,0.94564056,0.008843125,0.0010197968,0.0180635,0.02643302
test,DoS,DoS,1478200429.623649,1478200429.67924,2411840,32,0.5,0,55.59110641479492,0,0x000,test,3754,DoS,DoS,0.9858052,True,0.006409614,0.9858052,0.0039917435,0.0016413133,0.002152022
test,RPM,RPM,1478192839.193936,1478192839.227531,3457408,20,0.3125,0,33.59484672546387,790,0x316,test,3755,RPM,RPM,0.9916386,True,0.0030693,0.00049070845,0.00034812858,0.0044533354,0.9916386
test,DoS,DoS,1478200472.568332,1478200472.604736,2474944,35,0.546875,0,36.40413284301758,0,0x000,test,3756,DoS,DoS,0.98387444,True,0.0069886874,0.98387444,0.005397898,0.001810814,0.0019282136
test,Normal,RPM,1478201158.793828,1478201158.825599,4528576,0,0.0,-1,,2,0x002,test,3757,Normal,Normal,0.9412999,True,0.9412999,0.009226024,0.0016175568,0.04324099,0.004615439
test,DoS,DoS,1478200499.784026,1478200499.856098,2512064,36,0.5625,1,71.82502746582031,0,0x000,test,3758,DoS,DoS,0.98684967,True,0.006586562,0.98684967,0.0029706426,0.0016054311,0.0019877104
test,RPM,RPM,1478192685.510386,1478192685.534244,3164160,20,0.3125,0,23.85807037353516,790,0x316,test,3759,RPM,RPM,0.990917,True,0.0036050752,0.00032676492,0.0006870322,0.0044641383,0.990917
test,DoS,DoS,1478200473.883619,1478200473.94661,2476416,31,0.484375,1,62.74294853210449,0,0x000,test,3760,DoS,DoS,0.9857085,True,0.0098499805,0.9857085,0.0007964469,0.0015383367,0.0021067385
test,Gear,Gear,1478195104.187897,1478195104.210063,3503232,20,0.3125,1,21.925926208496094,1087,0x43F,test,3761,Gear,Gear,0.99187183,True,0.002204581,0.00060553284,0.0023245974,0.99187183,0.0029934626
test,DoS,DoS,1478200536.990385,1478200537.117713,2553920,34,0.53125,3,120.97907066345216,0,0x000,test,3762,DoS,DoS,0.98624486,True,0.006702666,0.98624486,0.0036678489,0.0014698978,0.0019148258
test,DoS,DoS,1478200421.647373,1478200421.736425,2398976,36,0.5625,0,89.05196189880371,0,0x000,test,3763,DoS,DoS,0.9852105,True,0.0069781174,0.9852105,0.004409572,0.0016037383,0.0017981713
test,Normal,DoS,1478201105.016953,1478201105.052317,3473536,0,0.0,-1,,305,0x131,test,3764,Normal,Normal,0.94850796,True,0.94850796,0.009346045,0.0014357619,0.033420116,0.0072901896
test,Normal,Gear,1478201012.170072,1478201012.201522,4079616,0,0.0,-1,,2,0x002,test,3765,Normal,Normal,0.88637406,True,0.88637406,0.014093355,0.00077128544,0.039858535,0.05890282
test,DoS,DoS,1478200582.958166,1478200583.094556,2603968,43,0.671875,0,136.39020919799805,0,0x000,test,3766,DoS,DoS,0.9847238,True,0.0053413226,0.9847238,0.0058119902,0.0017391968,0.0023836975
test,RPM,RPM,1478192820.957306,1478192820.988694,3422912,23,0.359375,1,31.16297721862793,790,0x316,test,3767,RPM,RPM,0.99378765,True,0.002310157,0.00030742373,0.00076032395,0.0028344737,0.99378765
test,Fuzzy,Fuzzy,1478198085.600951,1478198085.676659,2782720,22,0.34375,8,69.2281723022461,880,0x370,test,3768,Fuzzy,Fuzzy,0.9882448,True,0.0041165655,0.00044680547,0.9882448,0.0016413863,0.005550494
test,Fuzzy,Fuzzy,1478198010.676348,1478198010.941685,2722176,27,0.421875,0,265.3369903564453,848,0x350,test,3769,Fuzzy,Fuzzy,0.9886755,True,0.0030436188,0.00042325104,0.9886755,0.002516923,0.005340721
test,Gear,Gear,1478195124.856093,1478195125.014745,3527936,22,0.34375,1,153.47695350646973,1087,0x43F,test,3770,Gear,Gear,0.9898962,True,0.0025263967,0.0007646542,0.0010273578,0.9898962,0.005785434
test,DoS,DoS,1478200397.943171,1478200398.004055,2372096,35,0.546875,0,60.88399887084961,0,0x000,test,3771,DoS,DoS,0.9843072,True,0.006616189,0.9843072,0.0052572084,0.0016831355,0.0021362496
test,DoS,DoS,1478200457.097992,1478200457.153507,2453440,34,0.53125,8,40.93098640441895,0,0x000,test,3772,DoS,DoS,0.9866725,True,0.0068041417,0.9866725,0.0030143263,0.0015857557,0.0019232825
test,DoS,DoS,1478200335.781353,1478200335.957698,2302464,37,0.578125,0,176.3451099395752,0,0x000,test,3773,DoS,DoS,0.98587924,True,0.00622962,0.98587924,0.004170824,0.0017609356,0.0019594333
test,Normal,Fuzzy,1478201157.647929,1478201157.684129,3743616,0,0.0,-1,,399,0x18F,test,3774,Normal,Normal,0.96197397,True,0.96197397,0.0066484236,0.0014730725,0.016895756,0.01300883
test,Normal,Gear,1478201008.64185,1478201008.675206,4073088,0,0.0,-1,,320,0x140,test,3775,Normal,Normal,0.95335186,True,0.95335186,0.0065611047,0.0012856793,0.020690007,0.018111385
test,RPM,RPM,1478192709.405948,1478192709.4301,3217408,22,0.34375,0,24.152040481567383,790,0x316,test,3776,RPM,RPM,0.98949313,True,0.0037017276,0.00021714988,0.002421236,0.004166829,0.98949313
test,RPM,RPM,1478192899.49327,1478192899.519111,3582400,22,0.34375,1,25.21991729736328,790,0x316,test,3777,RPM,RPM,0.99203366,True,0.0029399963,0.0002857066,0.0008003237,0.0039402195,0.99203366
test,Fuzzy,Fuzzy,1478198124.0114,1478198124.059875,2843328,23,0.359375,0,48.475027084350586,848,0x350,test,3778,Fuzzy,Fuzzy,0.9905324,True,0.003826664,0.00029063955,0.9905324,0.0021867969,0.00316352
test,DoS,DoS,1478200466.119215,1478200466.155692,2465472,36,0.5625,1,36.23008728027344,0,0x000,test,3779,DoS,DoS,0.9866766,True,0.007146411,0.9866766,0.0027221364,0.0015860936,0.0018687947
test,Gear,Gear,1478194962.932522,1478194962.962492,3245952,17,0.265625,8,28.07903289794922,1087,0x43F,test,3780,Gear,Gear,0.9871022,True,0.004395291,0.00069547124,0.0017700855,0.9871022,0.0060369843
test,Gear,Gear,1478195034.374727,1478195034.413518,3374336,22,0.34375,0,38.79094123840332,1087,0x43F,test,3781,Gear,Gear,0.9917218,True,0.002423373,0.0006303632,0.0014254403,0.9917218,0.003798985
test,Normal,RPM,1478201036.741813,1478201036.778755,4302976,0,0.0,-1,,704,0x2C0,test,3782,Normal,Normal,0.93507946,True,0.93507946,0.004328205,0.0013084051,0.02517022,0.03411366
test,Normal,Fuzzy,1478201120.096435,1478201120.13165,3674560,0,0.0,-1,,304,0x130,test,3783,Normal,Normal,0.9488222,True,0.9488222,0.0023118907,0.008183041,0.022845356,0.017837567
test,Normal,Fuzzy,1478201011.820084,1478201011.852051,3474688,0,0.0,-1,,2,0x002,test,3784,Normal,Normal,0.9563182,True,0.9563182,0.008600038,0.0008750283,0.020074723,0.014131868
test,RPM,RPM,1478192736.037661,1478192736.073361,3271232,22,0.34375,0,35.69984436035156,790,0x316,test,3785,RPM,RPM,0.99148107,True,0.00318049,0.00028971935,0.0008125895,0.004236195,0.99148107
test,RPM,RPM,1478192883.384298,1478192883.406762,3547520,19,0.296875,9,20.251989364624023,790,0x316,test,3786,RPM,RPM,0.9925363,True,0.0032026614,0.00030559325,0.0009883269,0.0029671274,0.9925363
test,RPM,RPM,1478192857.716251,1478192857.738445,3494336,20,0.3125,2,21.739959716796875,790,0x316,test,3787,RPM,RPM,0.9906184,True,0.0031379047,0.00025465223,0.0011476551,0.004841467,0.9906184
test,Gear,Gear,1478195078.338683,1478195078.360324,3453888,22,0.34375,0,21.641016006469727,1087,0x43F,test,3788,Gear,Gear,0.99293435,True,0.0021453537,0.0006152878,0.0015464751,0.99293435,0.0027586347
test,Fuzzy,Fuzzy,1478198160.962658,1478198160.993913,2904576,25,0.390625,4,30.319929122924805,304,0x130,test,3789,Fuzzy,Fuzzy,0.9899901,True,0.0030667451,0.00032450867,0.9899901,0.0023177348,0.004300852
test,Fuzzy,Fuzzy,1478197873.580148,1478197873.619369,2592896,28,0.4375,3,38.50913047790527,848,0x350,test,3790,Fuzzy,Fuzzy,0.9883264,True,0.0032582174,0.00038405097,0.9883264,0.0026581245,0.005373214
test,Gear,Gear,1478194865.755306,1478194865.777866,3064896,18,0.28125,7,20.697832107543945,1087,0x43F,test,3791,Gear,Gear,0.98805237,True,0.0033669712,0.00056720374,0.0023860661,0.98805237,0.0056273234
test,RPM,RPM,1478192801.195127,1478192801.242793,3389504,24,0.375,1,47.00899124145508,790,0x316,test,3792,RPM,RPM,0.9869305,True,0.003400798,0.00018167357,0.0042989007,0.0051881406,0.9869305
test,Normal,DoS,1478201183.818872,1478201183.850529,3619008,0,0.0,-1,,399,0x18F,test,3793,Normal,Normal,0.9496921,True,0.9496921,0.0025981502,0.004118328,0.025398908,0.018192595
test,Normal,Gear,1478201048.072916,1478201048.109281,4145408,0,0.0,-1,,339,0x153,test,3794,Normal,Normal,0.9288094,True,0.9288094,0.001979266,0.006029077,0.041314956,0.021867275
test,Normal,RPM,1478201062.549786,1478201062.582555,4350784,0,0.0,-1,,304,0x130,test,3795,Normal,Normal,0.9593367,True,0.9593367,0.0028100864,0.007628582,0.02522922,0.004995337
test,DoS,DoS,1478200578.859709,1478200578.875665,2601024,34,0.53125,1,15.70892333984375,0,0x000,test,3796,DoS,DoS,0.98490727,True,0.009130668,0.98490727,0.0029100506,0.0014003075,0.0016516901
test,DoS,DoS,1478200597.17856,1478200597.215587,2620992,39,0.609375,0,37.02688217163086,0,0x000,test,3797,DoS,DoS,0.98334265,True,0.0060692113,0.98334265,0.0064585623,0.0017538631,0.0023756688
test,Gear,Gear,1478195046.641838,1478195046.693774,3395456,20,0.3125,0,51.93591117858887,1087,0x43F,test,3798,Gear,Gear,0.990315,True,0.0036762815,0.0007492433,0.0018675904,0.990315,0.0033918384
test,DoS,DoS,1478200420.396934,1478200420.458656,2398400,34,0.53125,0,61.7220401763916,0,0x000,test,3799,DoS,DoS,0.9853623,True,0.0068335687,0.9853623,0.0040993616,0.0015702771,0.0021344977
test,Normal,RPM,1478201037.5027,1478201037.538978,4304384,0,0.0,-1,,2,0x002,test,3800,Normal,Normal,0.9473537,True,0.9473537,0.0037403817,0.003940282,0.036710214,0.008255412
test,Gear,Gear,1478194944.6879,1478194944.715565,3213248,20,0.3125,2,27.19688415527344,1087,0x43F,test,3801,Gear,Gear,0.9888676,True,0.0027961866,0.00061368715,0.0014729903,0.9888676,0.0062495396
test,Normal,Fuzzy,1478201043.89036,1478201043.924967,3533376,0,0.0,-1,,305,0x131,test,3802,Normal,Normal,0.9496474,True,0.9496474,0.002227608,0.007468269,0.026836539,0.01382022
test,DoS,DoS,1478200390.155775,1478200390.210276,2359616,38,0.59375,0,54.50081825256348,0,0x000,test,3803,DoS,DoS,0.98563725,True,0.006120112,0.98563725,0.0043610744,0.0016931159,0.0021884444
test,Gear,Gear,1478195098.301064,1478195098.326959,3491840,21,0.328125,2,24.49584007263184,1087,0x43F,test,3804,Gear,Gear,0.99166507,True,0.0019927425,0.0006719492,0.0016993345,0.99166507,0.0039708796
test,Fuzzy,Fuzzy,1478197729.155036,1478197729.311734,2459584,28,0.4375,0,156.69798851013184,2,0x002,test,3805,Fuzzy,Fuzzy,0.9911718,True,0.0027735617,0.00029872364,0.9911718,0.0025161374,0.0032397876
test,Fuzzy,Fuzzy,1478197770.570637,1478197770.66051,2501760,22,0.34375,1,89.65206146240234,305,0x131,test,3806,Fuzzy,Fuzzy,0.9911049,True,0.002980642,0.00033360667,0.9911049,0.001991084,0.003589703
test,Normal,Fuzzy,1478201061.023049,1478201061.059472,3565120,0,0.0,-1,,2,0x002,test,3807,Normal,Normal,0.9459145,True,0.9459145,0.002899768,0.0046128905,0.012639091,0.033933766
test,Fuzzy,Fuzzy,1478198160.20012,1478198160.225021,2903360,24,0.375,0,24.90091323852539,2,0x002,test,3808,Fuzzy,Fuzzy,0.98933405,True,0.0035995904,0.00035899828,0.98933405,0.002143868,0.0045635295
test,DoS,DoS,1478200372.615559,1478200372.669884,2332096,36,0.5625,0,54.32486534118652,0,0x000,test,3809,DoS,DoS,0.98422676,True,0.006138334,0.98422676,0.0055284803,0.001710633,0.0023957684
test,Fuzzy,Fuzzy,1478198136.290418,1478198136.322133,2862080,27,0.421875,0,31.71515464782715,320,0x140,test,3810,Fuzzy,Fuzzy,0.9881903,True,0.003438967,0.00042094957,0.9881903,0.0023236573,0.0056260936
test,Gear,Gear,1478194852.576703,1478194852.599238,3036352,19,0.296875,4,21.57902717590332,1087,0x43F,test,3811,Gear,Gear,0.9897273,True,0.0024029315,0.000607826,0.0012335628,0.9897273,0.0060282964
test,Fuzzy,Fuzzy,1478197739.030994,1478197739.053137,2468224,24,0.375,4,21.18206024169922,2,0x002,test,3812,Fuzzy,Fuzzy,0.99076426,True,0.0036816795,0.0002952684,0.99076426,0.0019488814,0.0033098704
test,Fuzzy,Fuzzy,1478197852.505145,1478197852.528048,2575488,17,0.265625,17,16.508102416992188,2,0x002,test,3813,Fuzzy,Fuzzy,0.98356783,True,0.004917701,0.000466235,0.98356783,0.0030762637,0.007972048
test,Fuzzy,Fuzzy,1478197746.482986,1478197746.564961,2476288,24,0.375,3,77.84199714660645,2,0x002,test,3814,Fuzzy,Fuzzy,0.9871781,True,0.004104108,0.00041706508,0.9871781,0.0018736294,0.0064271213
test,Gear,Gear,1478194918.779497,1478194918.819459,3168128,19,0.296875,3,39.25585746765137,1087,0x43F,test,3815,Gear,Gear,0.98741883,True,0.0030826868,0.00055370503,0.006296121,0.98741883,0.0026486597
test,Fuzzy,Fuzzy,1478197753.620938,1478197753.641143,2484352,25,0.390625,0,20.205020904541016,304,0x130,test,3816,Fuzzy,Fuzzy,0.98969054,True,0.0031947521,0.00030946048,0.98969054,0.0026758148,0.0041294303
test,Gear,Gear,1478194961.740007,1478194961.761937,3243136,19,0.296875,0,21.92997932434082,1087,0x43F,test,3817,Gear,Gear,0.9913298,True,0.002738051,0.0008056994,0.00090027676,0.9913298,0.0042261537
test,Fuzzy,Fuzzy,1478197936.360264,1478197936.383584,2652736,20,0.3125,0,23.31995964050293,2,0x002,test,3818,Fuzzy,Fuzzy,0.9851922,True,0.0058814064,0.00026432,0.9851922,0.0021409532,0.0065211556
test,Gear,Gear,1478195065.416901,1478195065.46742,3430528,17,0.265625,9,47.89900779724121,1087,0x43F,test,3819,Gear,Gear,0.99136263,True,0.00351059,0.00065593206,0.0015609966,0.99136263,0.0029098664
test,DoS,DoS,1478200635.538521,1478200635.669528,2659968,33,0.515625,1,125.45394897460938,0,0x000,test,3820,DoS,DoS,0.9861384,True,0.007071496,0.9861384,0.0031970555,0.0014072118,0.0021858404
test,Gear,Gear,1478194968.345695,1478194968.369204,3256704,20,0.3125,1,22.745132446289062,1087,0x43F,test,3821,Gear,Gear,0.99271715,True,0.002635405,0.0006826616,0.0016442507,0.99271715,0.002320463
test,Gear,Gear,1478194938.174416,1478194938.213285,3201792,21,0.328125,3,38.15197944641113,1087,0x43F,test,3822,Gear,Gear,0.99375254,True,0.001888992,0.00064101856,0.0016582289,0.99375254,0.0020592895
test,Fuzzy,Fuzzy,1478198108.402695,1478198108.443203,2818688,18,0.28125,6,39.0620231628418,809,0x329,test,3823,Fuzzy,Fuzzy,0.9889781,True,0.004337218,0.00018769295,0.9889781,0.0044030347,0.002093971
test,DoS,DoS,1478200479.892843,1478200479.91311,2485504,27,0.421875,19,11.96908950805664,0,0x000,test,3824,DoS,DoS,0.9855924,True,0.010031977,0.9855924,0.0011418933,0.0016146427,0.0016189509
test,Normal,Fuzzy,1478201106.451654,1478201106.485351,3649280,0,0.0,-1,,399,0x18F,test,3825,Normal,Normal,0.92397743,True,0.92397743,0.0014054021,0.030909736,0.03648946,0.0072179954
test,Fuzzy,Fuzzy,1478197948.550014,1478197948.775844,2662208,25,0.390625,0,225.830078125,1072,0x430,test,3826,Fuzzy,Fuzzy,0.9893037,True,0.0034988916,0.00039333393,0.9893037,0.0019746157,0.0048294123
test,Gear,Gear,1478194865.402629,1478194865.425032,3064064,19,0.296875,6,20.967960357666016,1087,0x43F,test,3827,Gear,Gear,0.99147886,True,0.002833652,0.0005731449,0.0019824659,0.99147886,0.003131895
test,Gear,Gear,1478195100.386718,1478195100.408895,3496128,17,0.265625,11,19.52695846557617,1087,0x43F,test,3828,Gear,Gear,0.9896367,True,0.0025745186,0.0007546323,0.0018020972,0.9896367,0.0052320384
test,Normal,RPM,1478201020.80215,1478201020.834595,4274176,0,0.0,-1,,399,0x18F,test,3829,Normal,Normal,0.9654137,True,0.9654137,0.0061159157,0.0011006569,0.010663285,0.016706372
test,Fuzzy,Fuzzy,1478198166.584689,1478198166.614805,2914624,21,0.328125,1,29.896020889282227,320,0x140,test,3830,Fuzzy,Fuzzy,0.9902277,True,0.0034474249,0.00019331016,0.9902277,0.00350983,0.002621697
test,Fuzzy,Fuzzy,1478197778.225136,1478197778.245941,2508864,24,0.375,0,20.804882049560547,790,0x316,test,3831,Fuzzy,Fuzzy,0.98959523,True,0.0033712657,0.00041737282,0.98959523,0.001973422,0.0046427464
test,Fuzzy,Fuzzy,1478198101.526464,1478198101.605005,2807232,26,0.40625,0,78.54104042053223,2,0x002,test,3832,Fuzzy,Fuzzy,0.99122965,True,0.0030160658,0.0002802636,0.99122965,0.0020890972,0.0033850202
test,Fuzzy,Fuzzy,1478197912.576865,1478197912.616767,2629760,19,0.296875,0,39.9019718170166,304,0x130,test,3833,Fuzzy,Fuzzy,0.9889976,True,0.0037005565,0.00020169004,0.9889976,0.0032271654,0.00387311
test,Gear,Gear,1478194983.436756,1478194983.478744,3283776,22,0.34375,0,41.98813438415527,1087,0x43F,test,3834,Gear,Gear,0.99038446,True,0.0026354294,0.0005708445,0.0016008709,0.99038446,0.00480835
test,RPM,RPM,1478192754.839688,1478192754.861551,3311232,19,0.296875,0,21.86298370361328,790,0x316,test,3835,RPM,RPM,0.991318,True,0.0035029608,0.00031704418,0.00078132487,0.004080729,0.991318
test,DoS,DoS,1478200541.225499,1478200541.255492,2560704,36,0.5625,1,29.74796295166016,0,0x000,test,3836,DoS,DoS,0.9884926,True,0.007213822,0.9884926,0.0009983381,0.0016418723,0.001653453
test,RPM,RPM,1478192846.601696,1478192846.645824,3471616,26,0.40625,0,44.1279411315918,790,0x316,test,3837,RPM,RPM,0.99256366,True,0.002528283,0.00023501764,0.0020560042,0.0026170216,0.99256366
test,Fuzzy,Fuzzy,1478197794.692334,1478197794.712299,2522688,24,0.375,5,18.810033798217773,790,0x316,test,3838,Fuzzy,Fuzzy,0.9900572,True,0.0029298202,0.00031565473,0.9900572,0.0024059524,0.0042913198
test,Gear,Gear,1478195009.678338,1478195009.732962,3331840,23,0.359375,0,54.62384223937988,1087,0x43F,test,3839,Gear,Gear,0.9898644,True,0.0014946946,0.00078960194,0.00044976757,0.9898644,0.007401552
test,Gear,Gear,1478195040.951459,1478195040.987774,3385408,24,0.375,0,36.3149642944336,1087,0x43F,test,3840,Gear,Gear,0.9891403,True,0.0020253176,0.00045048734,0.004143837,0.9891403,0.0042401417
test,Normal,Fuzzy,1478201016.721551,1478201016.757721,3483776,0,0.0,-1,,399,0x18F,test,3841,Normal,Normal,0.92356926,True,0.92356926,0.00824581,0.002164689,0.037171617,0.02884864
test,Normal,RPM,1478201153.669147,1478201153.724104,4519424,0,0.0,-1,,399,0x18F,test,3842,Normal,Normal,0.9811855,True,0.9811855,0.0036436396,0.0050759492,0.006494883,0.0035999347
test,Gear,Gear,1478195060.029001,1478195060.056611,3420800,21,0.328125,2,27.13799476623535,1087,0x43F,test,3843,Gear,Gear,0.99336183,True,0.0018564513,0.0006200122,0.0011656574,0.99336183,0.002996069
test,DoS,DoS,1478200496.005563,1478200496.105693,2509056,35,0.546875,1,99.3971824645996,0,0x000,test,3844,DoS,DoS,0.9835956,True,0.006985461,0.9835956,0.0058001433,0.0015818444,0.0020369315
test,Fuzzy,Fuzzy,1478198172.475654,1478198172.496146,2925120,24,0.375,2,20.02692222595215,880,0x370,test,3845,Fuzzy,Fuzzy,0.99106944,True,0.003147048,0.00029722851,0.99106944,0.0021182694,0.0033680662
test,Gear,Gear,1478194948.641044,1478194948.663169,3220288,21,0.328125,1,21.888017654418945,1087,0x43F,test,3846,Gear,Gear,0.9933914,True,0.002203507,0.000687635,0.0012774357,0.9933914,0.0024400256
test,RPM,RPM,1478192935.345453,1478192935.374342,3644736,24,0.375,4,27.93598175048828,790,0x316,test,3847,RPM,RPM,0.99415755,True,0.0021685115,0.00031375873,0.0007807404,0.0025793836,0.99415755
test,RPM,RPM,1478192884.759879,1478192884.795138,3550848,22,0.34375,0,35.25876998901367,790,0x316,test,3848,RPM,RPM,0.9872184,True,0.004474056,0.00025851667,0.0010973507,0.0069517205,0.9872184
test,Gear,Gear,1478194892.449401,1478194892.472453,3115584,20,0.3125,0,23.052215576171875,1087,0x43F,test,3849,Gear,Gear,0.9889875,True,0.0033174763,0.0005223024,0.0029520644,0.9889875,0.0042206333
test,Normal,DoS,1478201109.510213,1478201109.545265,3481856,0,0.0,-1,,399,0x18F,test,3850,Normal,Normal,0.9502941,True,0.9502941,0.0021558944,0.004866649,0.022749422,0.01993391
test,RPM,RPM,1478192730.644173,1478192730.683218,3260224,21,0.328125,1,38.82002830505371,790,0x316,test,3851,RPM,RPM,0.98713964,True,0.0041430485,0.0002166522,0.001694158,0.0068064737,0.98713964
test,RPM,RPM,1478192922.180135,1478192922.202679,3622976,20,0.3125,0,22.543907165527344,790,0x316,test,3852,RPM,RPM,0.99050564,True,0.0038635784,0.00032101962,0.0006930417,0.0046167276,0.99050564
test,RPM,RPM,1478192826.508923,1478192826.546834,3433280,21,0.328125,3,37.201881408691406,790,0x316,test,3853,RPM,RPM,0.98883003,True,0.003058624,0.00025328604,0.0009659306,0.0068922257,0.98883003
test,Gear,Gear,1478195052.707989,1478195052.730161,3406528,19,0.296875,3,21.472930908203125,1087,0x43F,test,3854,Gear,Gear,0.9921887,True,0.0022064748,0.0007180553,0.0024314546,0.9921887,0.0024552736
test,Normal,Fuzzy,1478201015.340565,1478201015.377913,3481216,0,0.0,-1,,304,0x130,test,3855,Normal,Normal,0.9475058,True,0.9475058,0.0039330577,0.0017530436,0.015278126,0.031530086
test,RPM,RPM,1478192715.346363,1478192715.377868,3230656,20,0.3125,0,31.50486946105957,790,0x316,test,3856,RPM,RPM,0.9910697,True,0.0033139484,0.000281985,0.0010719282,0.0042624986,0.9910697
test,Gear,Gear,1478195054.797015,1478195054.86481,3411200,24,0.375,2,61.547040939331055,1087,0x43F,test,3857,Gear,Gear,0.9902327,True,0.0018642145,0.0006591375,0.0050653582,0.9902327,0.0021785295
test,Gear,Gear,1478194983.292201,1478194983.316315,3283456,19,0.296875,6,22.68505096435547,1087,0x43F,test,3858,Gear,Gear,0.9904398,True,0.0025511738,0.00060255284,0.003660277,0.9904398,0.0027462356
test,Gear,Gear,1478195100.586129,1478195100.627112,3496576,20,0.3125,1,40.75098037719727,1087,0x43F,test,3859,Gear,Gear,0.9853418,True,0.0025275387,0.0007838546,0.00056570757,0.9853418,0.0107810795
test,Normal,Fuzzy,1478201192.332493,1478201192.364909,3807872,0,0.0,-1,,2,0x002,test,3860,Normal,Normal,0.92942894,True,0.92942894,0.0039188247,0.0028714228,0.039918683,0.023862146
test,DoS,DoS,1478200365.987023,1478200366.218776,2325632,38,0.59375,0,231.75287246704104,0,0x000,test,3861,DoS,DoS,0.9869322,True,0.005088343,0.9869322,0.004029697,0.0017073739,0.0022423868
test,Gear,Gear,1478194958.496197,1478194958.521739,3236992,21,0.328125,2,25.07305145263672,1087,0x43F,test,3862,Gear,Gear,0.9899483,True,0.0028596174,0.00060477597,0.0029976023,0.9899483,0.003589623
test,Normal,Fuzzy,1478201124.898275,1478201124.932986,3683456,0,0.0,-1,,399,0x18F,test,3863,Normal,Normal,0.97022253,True,0.97022253,0.0020121536,0.004913037,0.015026841,0.007825487
test,DoS,DoS,1478200552.26551,1478200552.321727,2569728,30,0.46875,0,56.21695518493652,0,0x000,test,3864,DoS,DoS,0.9817136,True,0.013888058,0.9817136,0.000427326,0.0021282027,0.0018428329
test,Fuzzy,Fuzzy,1478197737.587112,1478197737.730221,2467456,18,0.28125,1,142.47608184814453,672,0x2A0,test,3865,Fuzzy,Fuzzy,0.98508507,True,0.004718986,0.00021154473,0.98508507,0.008486378,0.001498099
test,RPM,RPM,1478192683.122032,1478192683.145438,3157952,20,0.3125,2,22.935867309570312,790,0x316,test,3866,RPM,RPM,0.9910007,True,0.0033856428,0.00028652724,0.00086111535,0.004466015,0.9910007
test,Gear,Gear,1478194905.062615,1478194905.090372,3141952,23,0.359375,0,27.75716781616211,1087,0x43F,test,3867,Gear,Gear,0.9925397,True,0.0015340586,0.0004987719,0.0012381575,0.9925397,0.004189374
test,RPM,RPM,1478192832.028055,1478192832.054734,3443904,19,0.296875,2,26.216983795166016,790,0x316,test,3868,RPM,RPM,0.9883493,True,0.0037984946,0.000361993,0.0005542628,0.006935917,0.9883493
test,RPM,RPM,1478192698.872908,1478192698.897295,3194368,19,0.296875,1,24.164915084838867,790,0x316,test,3869,RPM,RPM,0.9919219,True,0.0035155935,0.00030325953,0.0010406584,0.0032186038,0.9919219
test,DoS,DoS,1478200551.457389,1478200551.589562,2569088,39,0.609375,2,120.66102027893066,0,0x000,test,3870,DoS,DoS,0.9835775,True,0.0062105046,0.9835775,0.0062561943,0.0016794963,0.002276281
test,Fuzzy,Fuzzy,1478198095.304842,1478198095.371859,2796544,24,0.375,1,66.79415702819824,608,0x260,test,3871,Fuzzy,Fuzzy,0.98816514,True,0.0041135573,0.00045352493,0.98816514,0.0019848961,0.005282819
test,Fuzzy,Fuzzy,1478198101.808627,1478198101.840855,2807552,25,0.390625,0,32.22799301147461,2,0x002,test,3872,Fuzzy,Fuzzy,0.98136556,True,0.006128612,0.00051031914,0.98136556,0.0020794924,0.009916068
test,Gear,Gear,1478194917.357513,1478194917.390071,3165760,19,0.296875,1,32.32693672180176,1087,0x43F,test,3873,Gear,Gear,0.98931366,True,0.0037019828,0.00055889,0.0017378392,0.98931366,0.0046877
test,RPM,RPM,1478192879.665476,1478192879.693868,3540160,23,0.359375,1,28.165817260742188,790,0x316,test,3874,RPM,RPM,0.9924245,True,0.0027964695,0.00029814485,0.00070388766,0.003776867,0.9924245
test,Fuzzy,Fuzzy,1478198133.154114,1478198133.175714,2856832,23,0.359375,5,20.40410041809082,2,0x002,test,3875,Fuzzy,Fuzzy,0.988157,True,0.0044219717,0.00045792418,0.988157,0.0017249638,0.005238074
test,DoS,DoS,1478200593.984426,1478200594.000394,2618816,35,0.546875,1,15.72108268737793,0,0x000,test,3876,DoS,DoS,0.9847764,True,0.007236312,0.9847764,0.004336354,0.0015113719,0.0021395548
test,Normal,RPM,1478201078.368952,1478201078.405493,4380096,0,0.0,-1,,304,0x130,test,3877,Normal,Normal,0.9697751,True,0.9697751,0.0018861355,0.0058652125,0.010283999,0.012189613
test,RPM,RPM,1478192866.138897,1478192866.168928,3512128,19,0.296875,4,29.097795486450195,790,0x316,test,3878,RPM,RPM,0.98871315,True,0.0050925594,0.00026509922,0.0011872135,0.004741977,0.98871315
test,Fuzzy,Fuzzy,1478197766.348863,1478197766.583282,2496000,30,0.46875,0,234.4191074371338,1087,0x43F,test,3879,Fuzzy,Fuzzy,0.9912747,True,0.0025897047,0.0003118638,0.9912747,0.0022851645,0.0035385832
test,Gear,Gear,1478194948.852429,1478194948.874367,3220864,18,0.28125,4,20.972013473510746,1087,0x43F,test,3880,Gear,Gear,0.9895097,True,0.0033274589,0.00076664425,0.0019301119,0.9895097,0.0044661006
test,Gear,Gear,1478195009.790983,1478195009.850186,3332032,19,0.296875,4,58.20918083190918,1087,0x43F,test,3881,Gear,Gear,0.99165463,True,0.0026735165,0.00086805475,0.0010026488,0.99165463,0.0038011358
test,DoS,DoS,1478200483.630756,1478200483.721795,2489728,32,0.5,1,90.79098701477052,0,0x000,test,3882,DoS,DoS,0.9839045,True,0.007280952,0.9839045,0.005016795,0.0014489122,0.0023489585
test,DoS,DoS,1478200603.779831,1478200603.942178,2628288,42,0.65625,0,162.34707832336426,0,0x000,test,3883,DoS,DoS,0.9840517,True,0.005906332,0.9840517,0.0062664286,0.001821377,0.0019541397
test,Normal,Fuzzy,1478201196.890764,1478201196.927731,3816320,0,0.0,-1,,2,0x002,test,3884,Normal,Normal,0.9218268,True,0.9218268,0.009438762,0.0012839293,0.016946264,0.050504223
test,RPM,RPM,1478192844.881441,1478192844.906693,3468288,22,0.34375,0,25.25186538696289,790,0x316,test,3885,RPM,RPM,0.99228936,True,0.0026752555,0.00026285538,0.0011409287,0.0036316584,0.99228936
test,DoS,DoS,1478200374.836849,1478200374.87569,2335104,32,0.5,0,38.84100914001465,0,0x000,test,3886,DoS,DoS,0.98379284,True,0.008441471,0.98379284,0.0042729815,0.0014242117,0.00206848
test,Fuzzy,Fuzzy,1478198084.318774,1478198084.462579,2781568,27,0.421875,0,143.80502700805664,497,0x1F1,test,3887,Fuzzy,Fuzzy,0.9907562,True,0.002900965,0.0002813184,0.9907562,0.0031751124,0.0028864273
test,Gear,Gear,1478194964.073243,1478194964.107095,3248448,22,0.34375,2,33.373117446899414,1087,0x43F,test,3888,Gear,Gear,0.9917725,True,0.0017343911,0.0005109215,0.0012860554,0.9917725,0.0046962127
test,RPM,RPM,1478192864.854167,1478192864.898603,3509440,19,0.296875,0,44.435977935791016,790,0x316,test,3889,RPM,RPM,0.9883167,True,0.0040378096,0.00022016464,0.0024911799,0.004934103,0.9883167
test,Gear,Gear,1478195074.666161,1478195074.703671,3446976,19,0.296875,0,37.50991821289063,1087,0x43F,test,3890,Gear,Gear,0.99157625,True,0.0035396442,0.00078739855,0.0008131455,0.99157625,0.0032836194
test,RPM,RPM,1478192814.722586,1478192814.785336,3410944,22,0.34375,0,62.75010108947754,790,0x316,test,3891,RPM,RPM,0.9894721,True,0.0030102932,0.0002544481,0.0010042319,0.006258813,0.9894721
test,Fuzzy,Fuzzy,1478197772.008307,1478197772.204641,2502656,26,0.40625,1,196.1240768432617,399,0x18F,test,3892,Fuzzy,Fuzzy,0.9899927,True,0.003201957,0.00029928505,0.9899927,0.0022450513,0.004261021
test,Gear,Gear,1478194997.021712,1478194997.044191,3309952,20,0.3125,1,22.2468376159668,1087,0x43F,test,3893,Gear,Gear,0.99003536,True,0.0023401685,0.000508273,0.0024650814,0.99003536,0.0046511185
test,Gear,Gear,1478194925.256839,1478194925.296374,3179200,22,0.34375,0,39.5350456237793,1087,0x43F,test,3894,Gear,Gear,0.99046713,True,0.0024655946,0.00064372935,0.003432711,0.99046713,0.0029907988
test,DoS,DoS,1478200579.341879,1478200579.433272,2601728,38,0.59375,0,91.39299392700195,0,0x000,test,3895,DoS,DoS,0.9850277,True,0.0068371925,0.9850277,0.0045451773,0.0016801656,0.0019098262
test,Normal,DoS,1478201199.776604,1478201199.812074,3648576,0,0.0,-1,,2,0x002,test,3896,Normal,Normal,0.883153,True,0.883153,0.004007194,0.002635312,0.019653423,0.09055109
test,Gear,Gear,1478194859.982499,1478194860.006399,3052544,21,0.328125,0,23.90003204345703,1087,0x43F,test,3897,Gear,Gear,0.98885345,True,0.002909108,0.00045076662,0.0024953678,0.98885345,0.005291237
test,Gear,Gear,1478195061.285389,1478195061.317684,3422976,19,0.296875,1,31.447887420654297,1087,0x43F,test,3898,Gear,Gear,0.9826728,True,0.0033750685,0.0006644992,0.0007789065,0.9826728,0.012508625
test,Gear,Gear,1478194924.375445,1478194924.405314,3177984,21,0.328125,5,28.6860466003418,1087,0x43F,test,3899,Gear,Gear,0.99123466,True,0.0019931032,0.0005717003,0.0036265773,0.99123466,0.0025739595
test,Fuzzy,Fuzzy,1478197952.093817,1478197952.20643,2668160,24,0.375,2,111.9060516357422,305,0x131,test,3900,Fuzzy,Fuzzy,0.98778605,True,0.0036146475,0.0003941009,0.98778605,0.0020814543,0.006123779
test,DoS,DoS,1478200573.031688,1478200573.107548,2593152,36,0.5625,0,75.86002349853516,0,0x000,test,3901,DoS,DoS,0.983307,True,0.006785322,0.983307,0.005948934,0.0016770402,0.002281649
test,RPM,RPM,1478192883.006786,1478192883.029307,3546496,22,0.34375,0,22.52078056335449,790,0x316,test,3902,RPM,RPM,0.9874122,True,0.003418069,0.00029404502,0.0007273819,0.008148302,0.9874122
test,Gear,Gear,1478194988.98829,1478194989.015252,3294848,20,0.3125,0,26.9620418548584,1087,0x43F,test,3903,Gear,Gear,0.99046224,True,0.0027363163,0.000697279,0.0011376153,0.99046224,0.0049664457
test,RPM,RPM,1478192705.159768,1478192705.18302,3208512,21,0.328125,2,22.69721031188965,790,0x316,test,3904,RPM,RPM,0.98974097,True,0.0033317634,0.0003569328,0.00050450483,0.006065772,0.98974097
test,Fuzzy,Fuzzy,1478198117.575528,1478198117.652857,2833856,27,0.421875,0,77.32915878295898,304,0x130,test,3905,Fuzzy,Fuzzy,0.99087256,True,0.0026316824,0.00023941447,0.99087256,0.0026367558,0.003619654
test,RPM,RPM,1478192941.699272,1478192941.743895,3656128,20,0.3125,1,44.404029846191406,790,0x316,test,3906,RPM,RPM,0.9935801,True,0.002791425,0.00052816444,0.00034704426,0.0027533222,0.9935801
test,DoS,DoS,1478200376.081166,1478200376.119853,2336832,33,0.515625,0,38.68699073791504,0,0x000,test,3907,DoS,DoS,0.9838156,True,0.0069207726,0.9838156,0.0055288826,0.0015684861,0.0021662351
test,DoS,DoS,1478200510.849779,1478200510.865701,2527424,34,0.53125,0,15.922069549560549,0,0x000,test,3908,DoS,DoS,0.98528105,True,0.0073373998,0.98528105,0.0036690515,0.0015184442,0.00219402
test,Fuzzy,Fuzzy,1478197849.198753,1478197849.249083,2569600,25,0.390625,4,49.36695098876953,320,0x140,test,3909,Fuzzy,Fuzzy,0.9908728,True,0.0029876013,0.0003073161,0.9908728,0.0023545527,0.003477806
test,Fuzzy,Fuzzy,1478197920.761797,1478197921.068448,2636224,30,0.46875,0,306.65111541748047,399,0x18F,test,3910,Fuzzy,Fuzzy,0.9925487,True,0.0026183813,0.0002646463,0.9925487,0.002310807,0.0022573506
test,RPM,RPM,1478192747.222964,1478192747.248072,3294336,22,0.34375,0,25.107860565185547,790,0x316,test,3911,RPM,RPM,0.9909567,True,0.0036668826,0.00023510237,0.0016661935,0.0034750735,0.9909567
test,RPM,RPM,1478192889.92578,1478192889.949685,3561600,21,0.328125,1,23.679018020629883,790,0x316,test,3912,RPM,RPM,0.99052143,True,0.0039180582,0.00023619668,0.0022734588,0.0030508197,0.99052143
test,RPM,RPM,1478192936.194242,1478192936.235246,3646080,21,0.328125,4,40.0998592376709,790,0x316,test,3913,RPM,RPM,0.99298906,True,0.0027547395,0.00027173007,0.0022911981,0.0016931439,0.99298906
test,RPM,RPM,1478192851.305866,1478192851.341056,3480768,20,0.3125,4,34.232139587402344,790,0x316,test,3914,RPM,RPM,0.9927897,True,0.003194418,0.00031074169,0.00088453887,0.0028207274,0.9927897
test,RPM,RPM,1478192916.694112,1478192916.736936,3612992,20,0.3125,0,42.82402992248535,790,0x316,test,3915,RPM,RPM,0.97920334,True,0.004004685,0.00030447348,0.00092683954,0.015560673,0.97920334
test,Fuzzy,Fuzzy,1478197728.967052,1478197729.149558,2459520,22,0.34375,4,165.91215133666992,304,0x130,test,3916,Fuzzy,Fuzzy,0.9885173,True,0.0032350498,0.0003335016,0.9885173,0.0026694725,0.0052447356
test,Gear,Gear,1478194893.204671,1478194893.232078,3117376,19,0.296875,1,26.952028274536133,1087,0x43F,test,3917,Gear,Gear,0.98944515,True,0.002501684,0.0005692799,0.0013541663,0.98944515,0.0061297547
test,Normal,Fuzzy,1478201196.09991,1478201196.13063,3814848,0,0.0,-1,,672,0x2A0,test,3918,Normal,Normal,0.9340308,True,0.9340308,0.00220166,0.005883963,0.030821245,0.027062455
test,Normal,DoS,1478201140.116751,1478201140.148228,3538560,0,0.0,-1,,809,0x329,test,3919,Normal,Normal,0.94335467,True,0.94335467,0.005329877,0.003520389,0.040310718,0.0074843587
test,DoS,DoS,1478200464.916993,1478200464.946786,2463936,33,0.515625,0,29.79302406311035,0,0x000,test,3920,DoS,DoS,0.98213136,True,0.0070181126,0.98213136,0.006788517,0.001639529,0.0024223945
test,Gear,Gear,1478195007.713564,1478195007.75238,3327680,19,0.296875,1,38.58399391174317,1087,0x43F,test,3921,Gear,Gear,0.99038374,True,0.0026416378,0.00093549036,0.00068051653,0.99038374,0.0053585866
test,Normal,DoS,1478201206.999574,1478201207.031275,3661952,0,0.0,-1,,399,0x18F,test,3922,Normal,Normal,0.9653193,True,0.9653193,0.0026218018,0.0034657116,0.01792973,0.010663512
test,Gear,Gear,1478194955.840373,1478194955.886275,3232704,22,0.34375,2,45.532941818237305,1087,0x43F,test,3923,Gear,Gear,0.9873684,True,0.0019383543,0.0010869518,0.000275638,0.9873684,0.00933058
test,Fuzzy,Fuzzy,1478198099.063066,1478198099.091136,2803520,24,0.375,1,27.63199806213379,2,0x002,test,3924,Fuzzy,Fuzzy,0.9901147,True,0.0034060404,0.00031161474,0.9901147,0.0022490567,0.003918652
test,DoS,DoS,1478200403.586375,1478200403.614546,2381632,34,0.53125,0,28.171062469482425,0,0x000,test,3925,DoS,DoS,0.9868175,True,0.007371886,0.9868175,0.0024146636,0.0015536776,0.0018422591
test,Fuzzy,Fuzzy,1478198116.705578,1478198116.737487,2832448,20,0.3125,6,30.50708770751953,2,0x002,test,3926,Fuzzy,Fuzzy,0.9905985,True,0.0043354547,0.00018400395,0.9905985,0.003007236,0.0018748626
test,RPM,RPM,1478192872.634025,1478192872.67874,3525504,21,0.328125,1,44.49009895324707,790,0x316,test,3927,RPM,RPM,0.99163556,True,0.0035365522,0.0002650456,0.0014048148,0.003158004,0.99163556
test,RPM,RPM,1478192892.432787,1478192892.456935,3567360,19,0.296875,1,23.923873901367188,790,0x316,test,3928,RPM,RPM,0.98838323,True,0.004741471,0.00035758497,0.00068964873,0.005828033,0.98838323
test,RPM,RPM,1478192834.396239,1478192834.42822,3448192,16,0.25,2,31.51798248291016,790,0x316,test,3929,RPM,RPM,0.9800949,True,0.0044466807,0.00064175215,0.00035802167,0.014458634,0.9800949
test,Gear,Gear,1478194871.021017,1478194871.045045,3075584,20,0.3125,1,23.52690696716309,1087,0x43F,test,3930,Gear,Gear,0.9930393,True,0.002145691,0.0006907368,0.0016785561,0.9930393,0.0024457236
test,RPM,RPM,1478192898.432015,1478192898.455028,3579840,19,0.296875,4,22.078990936279297,790,0x316,test,3931,RPM,RPM,0.9908501,True,0.0041324412,0.00024407508,0.0015702334,0.0032030817,0.9908501
test,Gear,Gear,1478194912.026986,1478194912.067925,3155712,21,0.328125,1,40.70687294006348,1087,0x43F,test,3932,Gear,Gear,0.9925235,True,0.0019222676,0.0007986456,0.00047354074,0.9925235,0.004282113
test,RPM,RPM,1478192825.782633,1478192825.816206,3432000,19,0.296875,3,32.88388252258301,790,0x316,test,3933,RPM,RPM,0.9876978,True,0.0046628113,0.00038157022,0.0006560231,0.0066017853,0.9876978
test,Fuzzy,Fuzzy,1478197740.063885,1478197740.128538,2468864,27,0.421875,1,63.54880332946777,399,0x18F,test,3934,Fuzzy,Fuzzy,0.98990494,True,0.0030138656,0.0002539234,0.98990494,0.0032918425,0.003535502
test,Fuzzy,Fuzzy,1478197914.940161,1478197915.205163,2630976,35,0.546875,0,265.0020122528076,704,0x2C0,test,3935,Fuzzy,Fuzzy,0.99194807,True,0.0024065012,0.00027472034,0.99194807,0.0027931777,0.002577543
test,Normal,Fuzzy,1478201068.72816,1478201068.76347,3579392,0,0.0,-1,,2,0x002,test,3936,Normal,Normal,0.8891996,True,0.8891996,0.0031234461,0.002878322,0.0069736657,0.09782492
test,RPM,RPM,1478192903.032854,1478192903.056928,3589376,21,0.328125,2,23.61083030700684,790,0x316,test,3937,RPM,RPM,0.9929289,True,0.0031677461,0.00027230376,0.0011881106,0.0024428458,0.9929289
test,RPM,RPM,1478192730.381072,1478192730.413927,3259712,16,0.25,5,26.54409408569336,790,0x316,test,3938,RPM,RPM,0.9800269,True,0.008410861,0.00023036706,0.00396726,0.0073645995,0.9800269
test,Fuzzy,Fuzzy,1478197778.309272,1478197778.526983,2509120,21,0.328125,5,205.12700080871585,304,0x130,test,3939,Fuzzy,Fuzzy,0.99017745,True,0.0028438687,0.00031845414,0.99017745,0.0026991267,0.003961208
test,Fuzzy,Fuzzy,1478197870.930026,1478197871.179471,2591744,31,0.484375,1,249.23205375671387,672,0x2A0,test,3940,Fuzzy,Fuzzy,0.99038893,True,0.0030231292,0.0003992767,0.99038893,0.0020503101,0.0041383114
test,DoS,DoS,1478200334.45868,1478200334.627794,2302080,39,0.609375,0,169.1141128540039,0,0x000,test,3941,DoS,DoS,0.9846139,True,0.0062718084,0.9846139,0.0053424807,0.0017907532,0.0019810314
test,Gear,Gear,1478194955.986316,1478194956.02923,3232896,20,0.3125,1,42.31619834899902,1087,0x43F,test,3942,Gear,Gear,0.99165124,True,0.0033304906,0.0009632008,0.0005952163,0.99165124,0.003459825
test,Normal,Fuzzy,1478201071.147814,1478201071.180014,3583872,0,0.0,-1,,2,0x002,test,3943,Normal,Normal,0.96791214,True,0.96791214,0.0028181658,0.0028282746,0.016004253,0.0104372185
test,DoS,DoS,1478200488.922078,1478200488.97257,2498304,36,0.5625,0,50.492048263549805,0,0x000,test,3944,DoS,DoS,0.9843754,True,0.0062328815,0.9843754,0.005349404,0.0014905109,0.0025517624
test,Fuzzy,Fuzzy,1478197869.770559,1478197869.907063,2591296,23,0.359375,6,134.81593132019043,2,0x002,test,3945,Fuzzy,Fuzzy,0.99016714,True,0.0026094757,0.00021880314,0.99016714,0.0037028254,0.0033016729
test,Fuzzy,Fuzzy,1478197929.73115,1478197929.871461,2645504,27,0.421875,2,139.84990119934082,790,0x316,test,3946,Fuzzy,Fuzzy,0.9910487,True,0.00267113,0.00025666654,0.9910487,0.002877182,0.003146262
test,Gear,Gear,1478195048.447717,1478195048.481381,3398400,19,0.296875,4,32.6998233795166,1087,0x43F,test,3947,Gear,Gear,0.98567384,True,0.0049448395,0.0004762068,0.0029880442,0.98567384,0.0059169596
test,Gear,Gear,1478195047.628275,1478195047.674096,3397056,20,0.3125,2,45.34006118774414,1087,0x43F,test,3948,Gear,Gear,0.9923684,True,0.0019972217,0.00068212766,0.00095645373,0.9923684,0.0039958116
test,Gear,Gear,1478194990.939656,1478194990.969266,3299136,21,0.328125,1,29.376983642578125,1087,0x43F,test,3949,Gear,Gear,0.9920483,True,0.0021156298,0.00059752184,0.002100151,0.9920483,0.0031382923
test,DoS,DoS,1478200512.51896,1478200512.576005,2528960,34,0.53125,0,57.04498291015625,0,0x000,test,3950,DoS,DoS,0.98460406,True,0.0076855905,0.98460406,0.004235884,0.0015672968,0.0019071324
test,Normal,DoS,1478201188.102813,1478201188.135288,3626944,0,0.0,-1,,2,0x002,test,3951,Normal,Normal,0.8181729,True,0.8181729,0.0069911447,0.0016770285,0.010882293,0.16227661
test,Fuzzy,Fuzzy,1478197754.080284,1478197754.130113,2484864,25,0.390625,1,49.60799217224121,672,0x2A0,test,3952,Fuzzy,Fuzzy,0.98901564,True,0.0037689025,0.00040720144,0.98901564,0.0018727202,0.004935483
test,DoS,DoS,1478200597.397649,1478200597.448414,2621184,35,0.546875,1,50.52018165588379,0,0x000,test,3953,DoS,DoS,0.98615277,True,0.005588259,0.98615277,0.004330952,0.0016024242,0.0023255432
test,RPM,RPM,1478192923.37134,1478192923.402667,3625344,19,0.296875,9,29.117107391357425,790,0x316,test,3954,RPM,RPM,0.987978,True,0.004445083,0.0002160098,0.003936445,0.0034244058,0.987978
test,Normal,DoS,1478201152.746473,1478201152.785511,3561920,0,0.0,-1,,2,0x002,test,3955,Normal,Normal,0.9541411,True,0.9541411,0.0023848226,0.006993051,0.011820847,0.024660256
test,RPM,RPM,1478192871.211536,1478192871.235558,3522624,20,0.3125,1,23.79894256591797,790,0x316,test,3956,RPM,RPM,0.9910212,True,0.003759204,0.00028294767,0.0009715918,0.003965132,0.9910212
test,Gear,Gear,1478194984.024777,1478194984.057533,3284928,17,0.265625,0,32.75609016418457,1087,0x43F,test,3957,Gear,Gear,0.99212074,True,0.0030553755,0.00090783474,0.00069603656,0.99212074,0.0032200306
test,Normal,Fuzzy,1478201025.912625,1478201025.949513,3500800,0,0.0,-1,,2,0x002,test,3958,Normal,Normal,0.9409428,True,0.9409428,0.01509744,0.0007051417,0.008260429,0.034994192
test,Fuzzy,Fuzzy,1478197931.558355,1478197931.838335,2646208,31,0.484375,0,279.979944229126,790,0x316,test,3959,Fuzzy,Fuzzy,0.9920868,True,0.002705033,0.0003332489,0.9920868,0.0018665486,0.0030083826
test,Fuzzy,Fuzzy,1478197888.185438,1478197888.466126,2607232,20,0.3125,4,253.32999229431152,1201,0x4B1,test,3960,Fuzzy,Fuzzy,0.97914666,True,0.0054777185,0.0007540798,0.97914666,0.0021179328,0.012503684
test,Gear,Gear,1478194942.943115,1478194942.974244,3210496,20,0.3125,3,30.21407127380371,1087,0x43F,test,3961,Gear,Gear,0.98761344,True,0.003834434,0.0007333355,0.005214626,0.98761344,0.0026040738
test,Normal,Fuzzy,1478201067.690425,1478201067.725978,3577472,0,0.0,-1,,320,0x140,test,3962,Normal,Normal,0.9133805,True,0.9133805,0.00088253693,0.031604294,0.010140231,0.04399241
test,Gear,Gear,1478194931.917749,1478194931.956094,3190528,18,0.28125,7,36.67902946472168,1087,0x43F,test,3963,Gear,Gear,0.9914165,True,0.003765692,0.0010082485,0.0018146923,0.9914165,0.0019948971
test,RPM,RPM,1478192872.140651,1478192872.166145,3524544,19,0.296875,3,24.78504180908203,790,0x316,test,3964,RPM,RPM,0.9883918,True,0.004207175,0.00033322212,0.0007596632,0.0063081793,0.9883918
test,DoS,DoS,1478200446.113642,1478200446.151728,2434880,18,0.28125,1,37.83583641052246,0,0x000,test,3965,DoS,DoS,0.9282577,True,0.06734801,0.9282577,0.00062493543,0.0016599231,0.0021093655
test,Gear,Gear,1478194923.576196,1478194923.616439,3176768,19,0.296875,3,34.01303291320801,1087,0x43F,test,3966,Gear,Gear,0.9918229,True,0.0029569357,0.00092677254,0.0014042911,0.9918229,0.0028891242
test,Gear,Gear,1478195097.830744,1478195097.853378,3490688,21,0.328125,1,22.4001407623291,1087,0x43F,test,3967,Gear,Gear,0.9919767,True,0.002678526,0.000606863,0.0019279942,0.9919767,0.0028099036
test,RPM,RPM,1478192776.32889,1478192776.367243,3348992,22,0.34375,0,38.35296630859375,790,0x316,test,3968,RPM,RPM,0.9939031,True,0.0027211655,0.00030808197,0.0010076626,0.0020599375,0.9939031
test,Fuzzy,Fuzzy,1478198086.616862,1478198086.696517,2783680,22,0.34375,0,79.65493202209473,339,0x153,test,3969,Fuzzy,Fuzzy,0.99061066,True,0.0031158405,0.0003076905,0.99061066,0.0022967088,0.0036691346
test,Normal,Gear,1478201191.991211,1478201192.023744,4411520,0,0.0,-1,,339,0x153,test,3970,Normal,Normal,0.8660861,True,0.8660861,0.010096447,0.002893123,0.11303355,0.0078907525
test,DoS,DoS,1478200566.958783,1478200567.055574,2584896,35,0.546875,0,96.79102897644044,0,0x000,test,3971,DoS,DoS,0.98184675,True,0.0067199375,0.98184675,0.007260907,0.0015331081,0.0026393367
test,Normal,Gear,1478201170.81405,1478201170.848416,4372288,0,0.0,-1,,304,0x130,test,3972,Normal,Normal,0.91729164,True,0.91729164,0.0050779153,0.0025298384,0.053675167,0.021425512
test,Fuzzy,Fuzzy,1478197872.522175,1478197872.729189,2592256,30,0.46875,0,207.0138454437256,1349,0x545,test,3973,Fuzzy,Fuzzy,0.99189574,True,0.002649996,0.0002931961,0.99189574,0.0022680175,0.0028930448
test,DoS,DoS,1478200624.344315,1478200624.41918,2650432,33,0.515625,1,74.61881637573242,0,0x000,test,3974,DoS,DoS,0.9870216,True,0.008697991,0.9870216,0.0010211963,0.0015994401,0.0016598112
test,RPM,RPM,1478192761.436067,1478192761.483171,3324928,19,0.296875,3,46.42510414123535,790,0x316,test,3975,RPM,RPM,0.97576296,True,0.005536135,0.00018866599,0.0056530316,0.012859212,0.97576296
test,Normal,Fuzzy,1478201177.718808,1478201177.754483,3780800,0,0.0,-1,,2,0x002,test,3976,Normal,Normal,0.9421381,True,0.9421381,0.001346327,0.0110411495,0.0042700297,0.04120444
test,Normal,Gear,1478201146.216843,1478201146.249777,4327232,0,0.0,-1,,790,0x316,test,3977,Normal,Normal,0.9328894,True,0.9328894,0.0051559913,0.0049354504,0.04556229,0.011456912
test,Normal,Gear,1478201195.410685,1478201195.443453,4417856,0,0.0,-1,,2,0x002,test,3978,Normal,Normal,0.84591866,True,0.84591866,0.015309801,0.0008521325,0.0804727,0.0574467
test,Gear,Gear,1478195099.556231,1478195099.596232,3494528,21,0.328125,3,24.0628719329834,1087,0x43F,test,3979,Gear,Gear,0.99148107,True,0.0020543141,0.0005185643,0.0018572035,0.99148107,0.0040889545
test,RPM,RPM,1478192897.91008,1478192897.933083,3578624,19,0.296875,0,23.003101348876957,790,0x316,test,3980,RPM,RPM,0.9866127,True,0.0057813525,0.00031308047,0.0009592975,0.0063336226,0.9866127
test,RPM,RPM,1478192715.998659,1478192716.025248,3231808,18,0.28125,1,25.845050811767575,790,0x316,test,3981,RPM,RPM,0.9883646,True,0.004799301,0.00025383336,0.004052609,0.0025297124,0.9883646
test,RPM,RPM,1478192821.719494,1478192821.795412,3424384,25,0.390625,2,75.00600814819336,790,0x316,test,3982,RPM,RPM,0.99271154,True,0.002078256,0.00029514616,0.0006144292,0.0043005953,0.99271154
test,RPM,RPM,1478192827.670183,1478192827.696253,3435584,21,0.328125,1,25.742053985595703,790,0x316,test,3983,RPM,RPM,0.99020445,True,0.0035915056,0.00031152918,0.00072316616,0.0051693986,0.99020445
test,RPM,RPM,1478192689.093568,1478192689.115476,3171200,19,0.296875,4,20.941972732543945,790,0x316,test,3984,RPM,RPM,0.990189,True,0.004003574,0.00024500725,0.0018764812,0.0036860008,0.990189
test,DoS,DoS,1478200534.105898,1478200534.228413,2552320,36,0.5625,1,122.27606773376463,0,0x000,test,3985,DoS,DoS,0.98806775,True,0.0070363134,0.98806775,0.0019491288,0.0015087073,0.0014380625
test,DoS,DoS,1478200573.595066,1478200573.67032,2593600,33,0.515625,0,75.25396347045898,0,0x000,test,3986,DoS,DoS,0.98740643,True,0.0070428727,0.98740643,0.0020972441,0.0017763553,0.0016771898
test,Normal,Fuzzy,1478201151.036528,1478201151.070553,3731840,0,0.0,-1,,672,0x2A0,test,3987,Normal,Normal,0.94245785,True,0.94245785,0.0017667991,0.013533762,0.026860218,0.01538138
test,Fuzzy,Fuzzy,1478198160.468688,1478198160.509415,2903808,22,0.34375,5,39.575815200805664,848,0x350,test,3988,Fuzzy,Fuzzy,0.9918177,True,0.0028652952,0.00025029518,0.9918177,0.0024486836,0.0026180802
test,Normal,DoS,1478201027.27937,1478201027.311696,3330240,0,0.0,-1,,2,0x002,test,3989,Normal,Normal,0.84577256,True,0.84577256,0.022144588,0.0011126989,0.09838257,0.03258756
test,RPM,RPM,1478192749.171462,1478192749.196524,3299264,19,0.296875,1,24.835824966430664,790,0x316,test,3990,RPM,RPM,0.98946035,True,0.0042725652,0.00025654465,0.0014271325,0.004583404,0.98946035
test,Fuzzy,Fuzzy,1478197864.906607,1478197864.927727,2584768,22,0.34375,6,19.695043563842773,304,0x130,test,3991,Fuzzy,Fuzzy,0.9884398,True,0.0036388475,0.00028776503,0.9884398,0.0030629404,0.004570713
test,Normal,DoS,1478201122.395854,1478201122.428044,3505728,0,0.0,-1,,304,0x130,test,3992,Normal,Normal,0.94770706,True,0.94770706,0.002837629,0.0056742104,0.03518095,0.008600142
test,Normal,RPM,1478201051.357869,1478201051.390547,4330048,0,0.0,-1,,2,0x002,test,3993,Normal,Normal,0.92811936,True,0.92811936,0.013772567,0.000761875,0.031844478,0.025501726
test,Fuzzy,Fuzzy,1478197910.876949,1478197910.975444,2628416,20,0.3125,2,96.17805480957033,2,0x002,test,3994,Fuzzy,Fuzzy,0.98663086,True,0.0045300974,0.00046564266,0.98663086,0.0022327222,0.0061406335
test,Fuzzy,Fuzzy,1478197747.931872,1478197747.952971,2477056,19,0.296875,13,18.034934997558597,304,0x130,test,3995,Fuzzy,Fuzzy,0.99161166,True,0.003167397,0.00022272993,0.99161166,0.0027984802,0.0021997495
test,Normal,RPM,1478201125.145271,1478201125.177282,4466752,0,0.0,-1,,2,0x002,test,3996,Normal,Normal,0.92405367,True,0.92405367,0.0012584428,0.013595707,0.009163097,0.051929064
test,RPM,RPM,1478192682.76607,1478192682.791143,3156992,21,0.328125,0,25.07305145263672,790,0x316,test,3997,RPM,RPM,0.98860264,True,0.0042586736,0.00027486886,0.0009731352,0.005890695,0.98860264
test,DoS,DoS,1478200421.450745,1478200421.559065,2398848,34,0.53125,1,108.0780029296875,0,0x000,test,3998,DoS,DoS,0.9839219,True,0.006725174,0.9839219,0.0054725204,0.0016396819,0.0022407935
test,Fuzzy,Fuzzy,1478197757.186174,1478197757.228334,2487104,24,0.375,1,41.651010513305664,304,0x130,test,3999,Fuzzy,Fuzzy,0.98315734,True,0.0049993573,0.0005563467,0.98315734,0.0018511732,0.009435723
