split,class_name,source_capture,start_timestamp,end_timestamp,global_start_row,attack_frame_count,attack_ratio,first_attack_position,latency_upper_bound_ms,dominant_can_id,dominant_can_id_hex,cache_split,cache_row,true_class,binary_true,anomaly_score_raw,anomaly_score_oriented,binary_prediction,oriented_threshold
test,RPM,RPM,1478192948.731258,1478192948.761759,3669120,19,0.296875,5,29.307126998901367,790,0x316,test,0,RPM,1,0.076650396,0.076650396,1,0.06880078234523535
test,Normal,Gear,1478201117.234298,1478201117.266433,4273536,0,0.0,-1,,608,0x260,test,1,Normal,0,0.06558918,0.06558918,0,0.06880078234523535
test,Normal,Fuzzy,1478201207.60082,1478201207.633405,3836160,0,0.0,-1,,2,0x002,test,2,Normal,0,0.0648265,0.0648265,0,0.06880078234523535
test,DoS,DoS,1478200426.801525,1478200426.821072,2406912,34,0.53125,0,19.546985626220703,0,0x000,test,3,DoS,1,0.047999654,0.047999654,0,0.06880078234523535
test,Fuzzy,Fuzzy,1478197849.463105,1478197849.528533,2569920,20,0.3125,0,65.42801856994629,2,0x002,test,4,Fuzzy,1,0.088166304,0.088166304,1,0.06880078234523535
test,Gear,Gear,1478194871.797788,1478194871.835355,3077248,19,0.296875,7,35.900115966796875,1087,0x43F,test,5,Gear,1,0.06760372,0.06760372,0,0.06880078234523535
test,Normal,Fuzzy,1478201135.088113,1478201135.125318,3702336,0,0.0,-1,,399,0x18F,test,6,Normal,0,0.063119724,0.063119724,0,0.06880078234523535
test,Normal,Gear,1478201149.004279,1478201149.035835,4332352,0,0.0,-1,,2,0x002,test,7,Normal,0,0.06615319,0.06615319,0,0.06880078234523535
test,RPM,RPM,1478192911.664243,1478192911.75434,3603776,24,0.375,1,89.89381790161133,790,0x316,test,8,RPM,1,0.081396945,0.081396945,1,0.06880078234523535
test,RPM,RPM,1478192737.563313,1478192737.586356,3274560,21,0.328125,0,23.042917251586918,790,0x316,test,9,RPM,1,0.08787727,0.08787727,1,0.06880078234523535
test,DoS,DoS,1478200375.501848,1478200375.529563,2336064,34,0.53125,1,27.46200561523437,0,0x000,test,10,DoS,1,0.046060562,0.046060562,0,0.06880078234523535
test,RPM,RPM,1478192870.480938,1478192870.505293,3520896,21,0.328125,1,23.85783195495605,790,0x316,test,11,RPM,1,0.08721829,0.08721829,1,0.06880078234523535
test,RPM,RPM,1478192774.465464,1478192774.496067,3346944,19,0.296875,2,30.140161514282227,790,0x316,test,12,RPM,1,0.08187475,0.08187475,1,0.06880078234523535
test,Fuzzy,Fuzzy,1478197805.390423,1478197805.536927,2533568,34,0.53125,2,146.03710174560547,399,0x18F,test,13,Fuzzy,1,0.09341726,0.09341726,1,0.06880078234523535
test,DoS,DoS,1478200510.782292,1478200510.817502,2527232,1,0.015625,62,0.253915786743164,305,0x131,test,14,DoS,1,0.064279854,0.064279854,0,0.06880078234523535
test,Normal,RPM,1478201029.888382,1478201029.920452,4291008,0,0.0,-1,,2,0x002,test,15,Normal,0,0.06109845,0.06109845,0,0.06880078234523535
test,DoS,DoS,1478200578.808521,1478200578.827074,2600832,30,0.46875,16,13.236045837402344,0,0x000,test,16,DoS,1,0.05466591,0.05466591,0,0.06880078234523535
test,Normal,Gear,1478201201.559988,1478201201.593229,4429248,0,0.0,-1,,2,0x002,test,17,Normal,0,0.06595363,0.06595363,0,0.06880078234523535
test,Fuzzy,Fuzzy,1478197906.368419,1478197906.465356,2622080,9,0.140625,0,96.93717956542967,399,0x18F,test,18,Fuzzy,1,0.076807216,0.076807216,1,0.06880078234523535
test,Fuzzy,Fuzzy,1478197848.996189,1478197849.125918,2569344,34,0.53125,1,123.9478588104248,790,0x316,test,19,Fuzzy,1,0.10433398,0.10433398,1,0.06880078234523535
test,Fuzzy,Fuzzy,1478197961.431323,1478197961.493056,2677504,25,0.390625,4,60.79697608947754,304,0x130,test,20,Fuzzy,1,0.09772105,0.09772105,1,0.06880078234523535
test,RPM,RPM,1478192840.905886,1478192840.93613,3460544,17,0.265625,5,29.03604507446289,790,0x316,test,21,RPM,1,0.07476323,0.07476323,1,0.06880078234523535
test,Normal,Fuzzy,1478201029.886756,1478201029.918211,3508160,0,0.0,-1,,399,0x18F,test,22,Normal,0,0.060789835,0.060789835,0,0.06880078234523535
test,Fuzzy,Fuzzy,1478198173.874425,1478198173.958713,2927104,27,0.421875,0,84.28812026977539,848,0x350,test,23,Fuzzy,1,0.092893496,0.092893496,1,0.06880078234523535
test,Gear,Gear,1478195105.602998,1478195105.683964,3504192,20,0.3125,0,80.96599578857422,1087,0x43F,test,24,Gear,1,0.070392095,0.070392095,1,0.06880078234523535
test,Normal,Gear,1478201083.448022,1478201083.482518,4210944,0,0.0,-1,,2,0x002,test,25,Normal,0,0.066950604,0.066950604,0,0.06880078234523535
test,DoS,DoS,1478200564.817378,1478200564.908442,2583168,32,0.5,1,90.8210277557373,0,0x000,test,26,DoS,1,0.052689347,0.052689347,0,0.06880078234523535
test,Gear,Gear,1478194990.279792,1478194990.313267,3297600,21,0.328125,4,32.52601623535156,1087,0x43F,test,27,Gear,1,0.06996161,0.06996161,1,0.06880078234523535
test,RPM,RPM,1478192821.621006,1478192821.650754,3424192,21,0.328125,0,29.74796295166016,790,0x316,test,28,RPM,1,0.080530204,0.080530204,1,0.06880078234523535
test,RPM,RPM,1478192845.355888,1478192845.379735,3469248,17,0.265625,9,18.70608329772949,790,0x316,test,29,RPM,1,0.08328514,0.08328514,1,0.06880078234523535
test,RPM,RPM,1478192799.846258,1478192799.876449,3387776,20,0.3125,1,29.73008155822754,790,0x316,test,30,RPM,1,0.08103461,0.08103461,1,0.06880078234523535
test,RPM,RPM,1478192833.76979,1478192833.856653,3447168,25,0.390625,0,86.86304092407227,790,0x316,test,31,RPM,1,0.08738652,0.08738652,1,0.06880078234523535
test,RPM,RPM,1478192955.230295,1478192955.255725,3682112,19,0.296875,2,24.96600151062012,790,0x316,test,32,RPM,1,0.082889415,0.082889415,1,0.06880078234523535
test,RPM,RPM,1478192896.581252,1478192896.605094,3575552,20,0.3125,0,23.84185791015625,790,0x316,test,33,RPM,1,0.08238407,0.08238407,1,0.06880078234523535
test,Normal,RPM,1478201189.33002,1478201189.365415,4585152,0,0.0,-1,,2,0x002,test,34,Normal,0,0.059033927,0.059033927,0,0.06880078234523535
test,Fuzzy,Fuzzy,1478197904.418763,1478197904.715085,2621568,26,0.40625,0,296.3221073150635,305,0x131,test,35,Fuzzy,1,0.10191283,0.10191283,1,0.06880078234523535
test,Fuzzy,Fuzzy,1478197853.635245,1478197853.890109,2576320,26,0.40625,0,254.86397743225095,608,0x260,test,36,Fuzzy,1,0.09579758,0.09579758,1,0.06880078234523535
test,RPM,RPM,1478192698.678497,1478192698.700362,3193856,20,0.3125,1,21.64006233215332,790,0x316,test,37,RPM,1,0.083949186,0.083949186,1,0.06880078234523535
test,Normal,Fuzzy,1478201017.240319,1478201017.277106,3484736,0,0.0,-1,,304,0x130,test,38,Normal,0,0.06341313,0.06341313,0,0.06880078234523535
test,DoS,DoS,1478200451.488864,1478200451.541202,2443904,37,0.578125,0,52.3381233215332,0,0x000,test,39,DoS,1,0.048252482,0.048252482,0,0.06880078234523535
test,DoS,DoS,1478200620.109922,1478200620.263029,2644352,37,0.578125,1,152.8620719909668,0,0x000,test,40,DoS,1,0.050324664,0.050324664,0,0.06880078234523535
test,DoS,DoS,1478200646.894291,1478200646.9105,2673664,36,0.5625,0,16.209125518798828,0,0x000,test,41,DoS,1,0.04720949,0.04720949,0,0.06880078234523535
test,Fuzzy,Fuzzy,1478198149.707931,1478198149.735784,2885568,23,0.359375,3,27.15301513671875,305,0x131,test,42,Fuzzy,1,0.089262925,0.089262925,1,0.06880078234523535
test,Normal,Gear,1478201178.724859,1478201178.758809,4386944,0,0.0,-1,,2,0x002,test,43,Normal,0,0.071244396,0.071244396,1,0.06880078234523535
test,Gear,Gear,1478195026.49789,1478195026.520624,3361920,19,0.296875,0,22.73392677307129,1087,0x43F,test,44,Gear,1,0.07076669,0.07076669,1,0.06880078234523535
test,Fuzzy,Fuzzy,1478197936.0961,1478197936.120514,2652224,29,0.453125,2,23.944854736328125,848,0x350,test,45,Fuzzy,1,0.092169374,0.092169374,1,0.06880078234523535
test,DoS,DoS,1478200631.772109,1478200631.78804,2657600,35,0.546875,0,15.930891036987305,0,0x000,test,46,DoS,1,0.053055637,0.053055637,0,0.06880078234523535
test,Gear,Gear,1478194903.956377,1478194903.980958,3139200,21,0.328125,2,24.005889892578125,1087,0x43F,test,47,Gear,1,0.07125685,0.07125685,1,0.06880078234523535
test,Gear,Gear,1478194942.378591,1478194942.400713,3209408,19,0.296875,8,20.212888717651367,1087,0x43F,test,48,Gear,1,0.070778295,0.070778295,1,0.06880078234523535
test,RPM,RPM,1478192821.46264,1478192821.48815,3423872,20,0.3125,1,24.60289001464844,790,0x316,test,49,RPM,1,0.08376644,0.08376644,1,0.06880078234523535
test,Gear,Gear,1478195098.84951,1478195098.879427,3492992,18,0.28125,6,28.496980667114254,1087,0x43F,test,50,Gear,1,0.06736764,0.06736764,0,0.06880078234523535
test,DoS,DoS,1478200572.410492,1478200572.486698,2592704,33,0.515625,0,76.20596885681152,0,0x000,test,51,DoS,1,0.055783305,0.055783305,0,0.06880078234523535
test,Normal,RPM,1478201024.051033,1478201024.082652,4280192,0,0.0,-1,,304,0x130,test,52,Normal,0,0.065123916,0.065123916,0,0.06880078234523535
test,Fuzzy,Fuzzy,1478198094.494603,1478198094.531113,2795392,26,0.40625,2,36.04197502136231,2,0x002,test,53,Fuzzy,1,0.09839763,0.09839763,1,0.06880078234523535
test,Fuzzy,Fuzzy,1478198127.553117,1478198127.652015,2847040,19,0.296875,3,98.18506240844728,790,0x316,test,54,Fuzzy,1,0.09206683,0.09206683,1,0.06880078234523535
test,Gear,Gear,1478195087.031879,1478195087.058119,3469312,22,0.34375,0,26.240110397338867,1087,0x43F,test,55,Gear,1,0.06955918,0.06955918,1,0.06880078234523535
test,Gear,Gear,1478195028.904775,1478195028.928459,3364992,21,0.328125,0,23.684024810791016,1087,0x43F,test,56,Gear,1,0.0712403,0.0712403,1,0.06880078234523535
test,Gear,Gear,1478194926.184023,1478194926.223982,3180544,21,0.328125,4,39.0009880065918,1087,0x43F,test,57,Gear,1,0.07207936,0.07207936,1,0.06880078234523535
test,Normal,Gear,1478201006.431481,1478201006.46694,4068992,0,0.0,-1,,2,0x002,test,58,Normal,0,0.06406938,0.06406938,0,0.06880078234523535
test,DoS,DoS,1478200482.006102,1478200482.042552,2488576,34,0.53125,0,36.44990921020508,0,0x000,test,59,DoS,1,0.050857037,0.050857037,0,0.06880078234523535
test,Normal,Gear,1478201194.683018,1478201194.720102,4416512,0,0.0,-1,,2,0x002,test,60,Normal,0,0.0680624,0.0680624,0,0.06880078234523535
test,Gear,Gear,1478195113.545025,1478195113.713941,3513280,29,0.453125,1,163.51318359375,1087,0x43F,test,61,Gear,1,0.06521962,0.06521962,0,0.06880078234523535
test,DoS,DoS,1478200442.663283,1478200442.70497,2430400,36,0.5625,0,41.6867733001709,0,0x000,test,62,DoS,1,0.0478878,0.0478878,0,0.06880078234523535
test,Gear,Gear,1478195002.66025,1478195002.707857,3318336,23,0.359375,5,41.69988632202149,1087,0x43F,test,63,Gear,1,0.067219034,0.067219034,0,0.06880078234523535
test,DoS,DoS,1478200452.3261,1478200452.366476,2445248,38,0.59375,0,40.37594795227051,0,0x000,test,64,DoS,1,0.05271779,0.05271779,0,0.06880078234523535
test,Fuzzy,Fuzzy,1478198109.008605,1478198109.052302,2819712,25,0.390625,0,43.69688034057617,304,0x130,test,65,Fuzzy,1,0.09766995,0.09766995,1,0.06880078234523535
test,Gear,Gear,1478194885.463962,1478194885.487211,3102080,18,0.28125,1,23.0100154876709,1087,0x43F,test,66,Gear,1,0.066985525,0.066985525,0,0.06880078234523535
test,Gear,Gear,1478195087.656434,1478195087.687654,3470656,14,0.21875,5,29.93607521057129,1087,0x43F,test,67,Gear,1,0.06688756,0.06688756,0,0.06880078234523535
test,Normal,Fuzzy,1478201022.663192,1478201022.700261,3494784,0,0.0,-1,,2,0x002,test,68,Normal,0,0.06594545,0.06594545,0,0.06880078234523535
test,Normal,Fuzzy,1478201127.215649,1478201127.247132,3687744,0,0.0,-1,,304,0x130,test,69,Normal,0,0.07175652,0.07175652,1,0.06880078234523535
test,RPM,RPM,1478192708.890647,1478192708.913111,3216000,19,0.296875,2,22.00198173522949,790,0x316,test,70,RPM,1,0.07969968,0.07969968,1,0.06880078234523535
test,DoS,DoS,1478200429.826454,1478200429.929293,2412096,34,0.53125,0,102.83899307250977,0,0x000,test,71,DoS,1,0.04984922,0.04984922,0,0.06880078234523535
test,Fuzzy,Fuzzy,1478198002.309279,1478198002.557273,2716224,27,0.421875,10,245.5439567565918,399,0x18F,test,72,Fuzzy,1,0.10244097,0.10244097,1,0.06880078234523535
test,RPM,RPM,1478192840.005676,1478192840.036156,3458880,21,0.328125,0,30.479907989501957,790,0x316,test,73,RPM,1,0.084009,0.084009,1,0.06880078234523535
test,Fuzzy,Fuzzy,1478198142.849776,1478198142.886176,2873472,20,0.3125,0,36.40007972717285,2,0x002,test,74,Fuzzy,1,0.09537717,0.09537717,1,0.06880078234523535
test,Normal,DoS,1478201190.585593,1478201190.623187,3631552,0,0.0,-1,,339,0x153,test,75,Normal,0,0.060430735,0.060430735,0,0.06880078234523535
test,Gear,Gear,1478195074.010749,1478195074.035807,3445888,22,0.34375,0,25.05779266357422,1087,0x43F,test,76,Gear,1,0.06906442,0.06906442,1,0.06880078234523535
test,Fuzzy,Fuzzy,1478198102.817903,1478198102.884566,2809216,32,0.5,2,66.18213653564453,1087,0x43F,test,77,Fuzzy,1,0.10143471,0.10143471,1,0.06880078234523535
test,Fuzzy,Fuzzy,1478197920.158251,1478197920.506968,2636096,29,0.453125,4,326.68495178222656,320,0x140,test,78,Fuzzy,1,0.10126824,0.10126824,1,0.06880078234523535
test,Gear,Gear,1478194879.345783,1478194879.37133,3090752,21,0.328125,0,25.547027587890625,1087,0x43F,test,79,Gear,1,0.072195426,0.072195426,1,0.06880078234523535
test,DoS,DoS,1478200565.559397,1478200565.645998,2583744,34,0.53125,0,86.60101890563965,0,0x000,test,80,DoS,1,0.05352688,0.05352688,0,0.06880078234523535
test,RPM,RPM,1478192723.275285,1478192723.309793,3245824,22,0.34375,0,34.50798988342285,790,0x316,test,81,RPM,1,0.08403939,0.08403939,1,0.06880078234523535
test,Fuzzy,Fuzzy,1478197865.1445,1478197865.165403,2585344,21,0.328125,3,20.219802856445312,608,0x260,test,82,Fuzzy,1,0.082529455,0.082529455,1,0.06880078234523535
test,Normal,Gear,1478201096.264379,1478201096.297751,4234688,0,0.0,-1,,2,0x002,test,83,Normal,0,0.06695445,0.06695445,0,0.06880078234523535
test,Normal,DoS,1478201067.365953,1478201067.397937,3403776,0,0.0,-1,,2,0x002,test,84,Normal,0,0.06566322,0.06566322,0,0.06880078234523535
test,Normal,DoS,1478201125.885487,1478201125.917372,3512192,0,0.0,-1,,2,0x002,test,85,Normal,0,0.0647014,0.0647014,0,0.06880078234523535
test,DoS,DoS,1478200460.607132,1478200460.669942,2456192,36,0.5625,1,62.56389617919922,0,0x000,test,86,DoS,1,0.049050283,0.049050283,0,0.06880078234523535
test,Gear,Gear,1478194852.035047,1478194852.064751,3035008,20,0.3125,1,29.471874237060547,1087,0x43F,test,87,Gear,1,0.06636073,0.06636073,0,0.06880078234523535
test,DoS,DoS,1478200543.477112,1478200543.658809,2561792,39,0.609375,1,181.45203590393064,0,0x000,test,88,DoS,1,0.048383106,0.048383106,0,0.06880078234523535
test,Fuzzy,Fuzzy,1478197741.070491,1478197741.202288,2469440,18,0.28125,0,131.79683685302734,2,0x002,test,89,Fuzzy,1,0.08988948,0.08988948,1,0.06880078234523535
test,Normal,Gear,1478201092.396658,1478201092.428346,4227520,0,0.0,-1,,2,0x002,test,90,Normal,0,0.066578165,0.066578165,0,0.06880078234523535
test,DoS,DoS,1478200372.344795,1478200372.393777,2331712,33,0.515625,0,48.98190498352051,0,0x000,test,91,DoS,1,0.053987168,0.053987168,0,0.06880078234523535
test,DoS,DoS,1478200556.131982,1478200556.147824,2576384,34,0.53125,0,15.841960906982422,0,0x000,test,92,DoS,1,0.048353847,0.048353847,0,0.06880078234523535
test,Normal,Fuzzy,1478201121.236619,1478201121.270786,3676672,0,0.0,-1,,304,0x130,test,93,Normal,0,0.06233868,0.06233868,0,0.06880078234523535
test,Fuzzy,Fuzzy,1478198158.051,1478198158.085259,2899584,25,0.390625,4,33.323049545288086,2,0x002,test,94,Fuzzy,1,0.098202325,0.098202325,1,0.06880078234523535
test,Normal,DoS,1478201150.777489,1478201150.812972,3558272,0,0.0,-1,,704,0x2C0,test,95,Normal,0,0.06715054,0.06715054,0,0.06880078234523535
test,Normal,Gear,1478201028.401262,1478201028.438082,4109696,0,0.0,-1,,399,0x18F,test,96,Normal,0,0.06668684,0.06668684,0,0.06880078234523535
test,Gear,Gear,1478194903.577183,1478194903.601359,3138176,21,0.328125,0,24.17588233947754,1087,0x43F,test,97,Gear,1,0.0721817,0.0721817,1,0.06880078234523535
test,RPM,RPM,1478192800.565287,1478192800.595899,3388800,18,0.28125,1,30.38501739501953,790,0x316,test,98,RPM,1,0.085328184,0.085328184,1,0.06880078234523535
test,DoS,DoS,1478200427.847917,1478200427.878539,2409088,34,0.53125,0,30.622005462646484,0,0x000,test,99,DoS,1,0.05080975,0.05080975,0,0.06880078234523535
test,RPM,RPM,1478192697.143289,1478192697.166988,3189952,21,0.328125,4,22.717952728271484,790,0x316,test,100,RPM,1,0.085505694,0.085505694,1,0.06880078234523535
test,RPM,RPM,1478192840.066883,1478192840.126053,3459008,22,0.34375,2,58.7010383605957,790,0x316,test,101,RPM,1,0.08685253,0.08685253,1,0.06880078234523535
test,Normal,Fuzzy,1478201086.829519,1478201086.864338,3612928,0,0.0,-1,,399,0x18F,test,102,Normal,0,0.06622319,0.06622319,0,0.06880078234523535
test,RPM,RPM,1478192899.203611,1478192899.228419,3581696,19,0.296875,4,23.84805679321289,790,0x316,test,103,RPM,1,0.08105896,0.08105896,1,0.06880078234523535
test,DoS,DoS,1478200564.260858,1478200564.352761,2582784,29,0.453125,6,79.20312881469727,0,0x000,test,104,DoS,1,0.05028522,0.05028522,0,0.06880078234523535
test,Normal,Gear,1478201181.591219,1478201181.625127,4392256,0,0.0,-1,,2,0x002,test,105,Normal,0,0.07116408,0.07116408,1,0.06880078234523535
test,RPM,RPM,1478192846.017405,1478192846.039737,3470464,21,0.328125,1,22.104978561401367,790,0x316,test,106,RPM,1,0.08975181,0.08975181,1,0.06880078234523535
test,Fuzzy,Fuzzy,1478197961.544137,1478197961.60373,2677632,28,0.4375,3,51.17392539978027,1349,0x545,test,107,Fuzzy,1,0.102666296,0.102666296,1,0.06880078234523535
test,Gear,Gear,1478194963.260853,1478194963.287822,3246656,21,0.328125,1,26.77011489868164,1087,0x43F,test,108,Gear,1,0.07170283,0.07170283,1,0.06880078234523535
test,DoS,DoS,1478200459.796099,1478200459.843369,2455104,36,0.5625,0,47.27005958557129,0,0x000,test,109,DoS,1,0.04254904,0.04254904,0,0.06880078234523535
test,RPM,RPM,1478192793.470349,1478192793.520237,3377088,18,0.28125,5,44.918060302734375,790,0x316,test,110,RPM,1,0.080800034,0.080800034,1,0.06880078234523535
test,Fuzzy,Fuzzy,1478197794.712539,1478197794.733545,2522752,24,0.375,5,19.83809471130371,399,0x18F,test,111,Fuzzy,1,0.10075513,0.10075513,1,0.06880078234523535
test,RPM,RPM,1478192742.020695,1478192742.043134,3283584,19,0.296875,7,20.699024200439453,790,0x316,test,112,RPM,1,0.081611775,0.081611775,1,0.06880078234523535
test,RPM,RPM,1478192859.977819,1478192860.007212,3499776,21,0.328125,0,29.39295768737793,790,0x316,test,113,RPM,1,0.08099618,0.08099618,1,0.06880078234523535
test,Normal,Fuzzy,1478201059.022634,1478201059.054168,3561408,0,0.0,-1,,399,0x18F,test,114,Normal,0,0.06705356,0.06705356,0,0.06880078234523535
test,Gear,Gear,1478194989.177225,1478194989.201408,3295296,20,0.3125,1,23.941993713378903,1087,0x43F,test,115,Gear,1,0.06642504,0.06642504,0,0.06880078234523535
test,Gear,Gear,1478194899.259966,1478194899.285568,3129600,21,0.328125,0,25.60210227966309,1087,0x43F,test,116,Gear,1,0.067934416,0.067934416,0,0.06880078234523535
test,DoS,DoS,1478200640.181887,1478200640.331938,2666688,38,0.59375,0,150.05111694335938,0,0x000,test,117,DoS,1,0.05318153,0.05318153,0,0.06880078234523535
test,DoS,DoS,1478200458.993494,1478200459.085717,2454336,41,0.640625,6,67.90995597839355,0,0x000,test,118,DoS,1,0.04812282,0.04812282,0,0.06880078234523535
test,Gear,Gear,1478194942.974479,1478194943.032233,3210560,24,0.375,2,57.08503723144531,1087,0x43F,test,119,Gear,1,0.06937009,0.06937009,1,0.06880078234523535
test,RPM,RPM,1478192864.302113,1478192864.338757,3508352,21,0.328125,1,36.41796112060547,790,0x316,test,120,RPM,1,0.0838748,0.0838748,1,0.06880078234523535
test,Gear,Gear,1478194903.531711,1478194903.554204,3138048,20,0.3125,3,21.795988082885746,1087,0x43F,test,121,Gear,1,0.06640393,0.06640393,0,0.06880078234523535
test,Fuzzy,Fuzzy,1478198107.274503,1478198107.302088,2816960,24,0.375,3,21.702051162719727,704,0x2C0,test,122,Fuzzy,1,0.09445228,0.09445228,1,0.06880078234523535
test,Gear,Gear,1478194917.073405,1478194917.11808,3165312,18,0.28125,5,43.44892501831055,1087,0x43F,test,123,Gear,1,0.072009034,0.072009034,1,0.06880078234523535
test,DoS,DoS,1478200503.129965,1478200503.145842,2518272,34,0.53125,0,15.877008438110352,0,0x000,test,124,DoS,1,0.050449915,0.050449915,0,0.06880078234523535
test,DoS,DoS,1478200467.750047,1478200467.786738,2467648,38,0.59375,0,36.69095039367676,0,0x000,test,125,DoS,1,0.0472151,0.0472151,0,0.06880078234523535
test,RPM,RPM,1478192702.603466,1478192702.626196,3201792,21,0.328125,0,22.72987365722656,790,0x316,test,126,RPM,1,0.083944164,0.083944164,1,0.06880078234523535
test,RPM,RPM,1478192886.117181,1478192886.154532,3554112,16,0.25,0,37.35089302062988,790,0x316,test,127,RPM,1,0.08164964,0.08164964,1,0.06880078234523535
test,Gear,Gear,1478194912.96186,1478194912.985189,3157376,19,0.296875,0,23.32901954650879,1087,0x43F,test,128,Gear,1,0.073889315,0.073889315,1,0.06880078234523535
test,Normal,DoS,1478201197.118255,1478201197.150529,3643648,0,0.0,-1,,672,0x2A0,test,129,Normal,0,0.06784298,0.06784298,0,0.06880078234523535
test,Fuzzy,Fuzzy,1478198142.374663,1478198142.412604,2872704,30,0.46875,1,37.71805763244629,320,0x140,test,130,Fuzzy,1,0.097550765,0.097550765,1,0.06880078234523535
test,RPM,RPM,1478192737.047073,1478192737.070962,3273344,20,0.3125,2,23.283958435058597,790,0x316,test,131,RPM,1,0.08208284,0.08208284,1,0.06880078234523535
test,Fuzzy,Fuzzy,1478198037.962581,1478198038.259034,2740800,32,0.5,0,296.45299911499023,304,0x130,test,132,Fuzzy,1,0.1222089,0.1222089,1,0.06880078234523535
test,Normal,Gear,1478201166.288308,1478201166.324405,4363904,0,0.0,-1,,399,0x18F,test,133,Normal,0,0.06302865,0.06302865,0,0.06880078234523535
test,RPM,RPM,1478192717.885353,1478192717.914121,3235136,20,0.3125,1,28.325796127319336,790,0x316,test,134,RPM,1,0.08671662,0.08671662,1,0.06880078234523535
test,RPM,RPM,1478192787.602052,1478192787.674061,3367360,22,0.34375,0,72.00908660888672,790,0x316,test,135,RPM,1,0.090083405,0.090083405,1,0.06880078234523535
test,Fuzzy,Fuzzy,1478197944.190145,1478197944.275538,2660800,19,0.296875,0,85.39295196533203,2,0x002,test,136,Fuzzy,1,0.09525215,0.09525215,1,0.06880078234523535
test,Fuzzy,Fuzzy,1478197976.764911,1478197976.785716,2692544,26,0.40625,0,20.80512046813965,880,0x370,test,137,Fuzzy,1,0.09320078,0.09320078,1,0.06880078234523535
test,RPM,RPM,1478192736.482238,1478192736.51665,3272192,20,0.3125,4,33.46991539001465,790,0x316,test,138,RPM,1,0.08379017,0.08379017,1,0.06880078234523535
test,DoS,DoS,1478200522.35948,1478200522.505992,2537728,38,0.59375,0,146.51203155517578,0,0x000,test,139,DoS,1,0.050215397,0.050215397,0,0.06880078234523535
test,Normal,Gear,1478201142.795394,1478201142.827377,4320896,0,0.0,-1,,304,0x130,test,140,Normal,0,0.06338064,0.06338064,0,0.06880078234523535
test,DoS,DoS,1478200391.774058,1478200391.812899,2361856,36,0.5625,1,38.58804702758789,0,0x000,test,141,DoS,1,0.0457666,0.0457666,0,0.06880078234523535
test,Gear,Gear,1478194846.348809,1478194846.394027,3022976,18,0.28125,1,41.05305671691895,1087,0x43F,test,142,Gear,1,0.07008367,0.07008367,1,0.06880078234523535
test,Gear,Gear,1478194995.160347,1478194995.19038,3306816,22,0.34375,0,30.033111572265625,1087,0x43F,test,143,Gear,1,0.07006442,0.07006442,1,0.06880078234523535
test,Normal,Gear,1478201152.916187,1478201152.949601,4339584,0,0.0,-1,,704,0x2C0,test,144,Normal,0,0.06599304,0.06599304,0,0.06880078234523535
test,Normal,Gear,1478201078.298605,1478201078.335726,4201408,0,0.0,-1,,704,0x2C0,test,145,Normal,0,0.06794154,0.06794154,0,0.06880078234523535
test,RPM,RPM,1478192678.951375,1478192678.974778,3149312,19,0.296875,2,22.92799949645996,790,0x316,test,146,RPM,1,0.08114332,0.08114332,1,0.06880078234523535
test,Fuzzy,Fuzzy,1478198091.098302,1478198091.136165,2790848,25,0.390625,1,31.508922576904297,2,0x002,test,147,Fuzzy,1,0.09402654,0.09402654,1,0.06880078234523535
test,Gear,Gear,1478194983.771573,1478194983.802763,3284416,22,0.34375,3,30.45797348022461,1087,0x43F,test,148,Gear,1,0.07105056,0.07105056,1,0.06880078234523535
test,Gear,Gear,1478194942.698213,1478194942.72698,3210048,19,0.296875,3,27.95195579528809,1087,0x43F,test,149,Gear,1,0.06713221,0.06713221,0,0.06880078234523535
test,Gear,Gear,1478194853.104325,1478194853.13251,3037632,20,0.3125,1,27.9538631439209,1087,0x43F,test,150,Gear,1,0.0739815,0.0739815,1,0.06880078234523535
test,Normal,RPM,1478201104.347334,1478201104.382771,4428224,0,0.0,-1,,2,0x002,test,151,Normal,0,0.07066198,0.07066198,1,0.06880078234523535
test,Normal,RPM,1478201198.173723,1478201198.208324,4601536,0,0.0,-1,,399,0x18F,test,152,Normal,0,0.06245337,0.06245337,0,0.06880078234523535
test,Gear,Gear,1478194932.417115,1478194932.466601,3191360,19,0.296875,5,47.71995544433594,1087,0x43F,test,153,Gear,1,0.06647067,0.06647067,0,0.06880078234523535
test,Fuzzy,Fuzzy,1478198051.270171,1478198051.495435,2752960,24,0.375,4,220.5519676208496,790,0x316,test,154,Fuzzy,1,0.08859887,0.08859887,1,0.06880078234523535
test,Normal,Fuzzy,1478201030.508035,1478201030.540216,3509312,0,0.0,-1,,2,0x002,test,155,Normal,0,0.06210509,0.06210509,0,0.06880078234523535
test,DoS,DoS,1478200541.064871,1478200541.080865,2560256,35,0.546875,0,15.993833541870115,0,0x000,test,156,DoS,1,0.050069638,0.050069638,0,0.06880078234523535
test,Gear,Gear,1478195073.895811,1478195073.950975,3445696,15,0.234375,8,37.39500045776367,1087,0x43F,test,157,Gear,1,0.06960272,0.06960272,1,0.06880078234523535
test,Gear,Gear,1478195045.785551,1478195045.808601,3393856,19,0.296875,2,22.183895111083984,1087,0x43F,test,158,Gear,1,0.07043775,0.07043775,1,0.06880078234523535
test,Fuzzy,Fuzzy,1478198082.968842,1478198083.028005,2780992,23,0.359375,0,59.16285514831543,399,0x18F,test,159,Fuzzy,1,0.08807459,0.08807459,1,0.06880078234523535
test,DoS,DoS,1478200444.572732,1478200444.601822,2432896,34,0.53125,1,28.84387969970703,0,0x000,test,160,DoS,1,0.047248464,0.047248464,0,0.06880078234523535
test,Fuzzy,Fuzzy,1478198168.752595,1478198168.78993,2917952,18,0.28125,0,37.33515739440918,809,0x329,test,161,Fuzzy,1,0.08714714,0.08714714,1,0.06880078234523535
test,Fuzzy,Fuzzy,1478197798.751932,1478197798.861161,2525760,28,0.4375,0,109.22908782958984,305,0x131,test,162,Fuzzy,1,0.0986519,0.0986519,1,0.06880078234523535
test,RPM,RPM,1478192846.174672,1478192846.207116,3470784,23,0.359375,0,32.444000244140625,790,0x316,test,163,RPM,1,0.088469066,0.088469066,1,0.06880078234523535
test,DoS,DoS,1478200492.337116,1478200492.377689,2502656,34,0.53125,0,40.5728816986084,0,0x000,test,164,DoS,1,0.051438473,0.051438473,0,0.06880078234523535
test,Fuzzy,Fuzzy,1478198125.053989,1478198125.106649,2844480,27,0.421875,1,48.12002182006836,305,0x131,test,165,Fuzzy,1,0.102644034,0.102644034,1,0.06880078234523535
test,RPM,RPM,1478192963.653535,1478192963.688024,3697792,22,0.34375,1,34.08694267272949,790,0x316,test,166,RPM,1,0.081695326,0.081695326,1,0.06880078234523535
test,Normal,DoS,1478201203.334348,1478201203.37034,3655168,0,0.0,-1,,704,0x2C0,test,167,Normal,0,0.065997876,0.065997876,0,0.06880078234523535
test,Normal,RPM,1478201181.074365,1478201181.108701,4569856,0,0.0,-1,,305,0x131,test,168,Normal,0,0.06302491,0.06302491,0,0.06880078234523535
test,Normal,DoS,1478201036.069322,1478201036.101667,3345792,0,0.0,-1,,2,0x002,test,169,Normal,0,0.067526914,0.067526914,0,0.06880078234523535
test,DoS,DoS,1478200456.904359,1478200456.951212,2453312,33,0.515625,1,46.608924865722656,0,0x000,test,170,DoS,1,0.053033218,0.053033218,0,0.06880078234523535
test,Fuzzy,Fuzzy,1478198172.31585,1478198172.345652,2924864,25,0.390625,1,29.584169387817383,1087,0x43F,test,171,Fuzzy,1,0.092318274,0.092318274,1,0.06880078234523535
test,Normal,Gear,1478201068.627902,1478201068.663182,4183488,0,0.0,-1,,2,0x002,test,172,Normal,0,0.06725096,0.06725096,0,0.06880078234523535
test,Fuzzy,Fuzzy,1478197748.110836,1478197748.192704,2477184,19,0.296875,16,78.10401916503906,304,0x130,test,173,Fuzzy,1,0.08789074,0.08789074,1,0.06880078234523535
test,Fuzzy,Fuzzy,1478198124.695726,1478198124.7554,2844096,22,0.34375,0,59.67402458190918,2,0x002,test,174,Fuzzy,1,0.09733001,0.09733001,1,0.06880078234523535
test,Fuzzy,Fuzzy,1478198141.345456,1478198141.397757,2871040,22,0.34375,0,52.30116844177246,305,0x131,test,175,Fuzzy,1,0.09032804,0.09032804,1,0.06880078234523535
test,Fuzzy,Fuzzy,1478198175.905542,1478198176.027027,2929600,19,0.296875,6,113.63792419433594,399,0x18F,test,176,Fuzzy,1,0.0870655,0.0870655,1,0.06880078234523535
test,Gear,Gear,1478195067.478164,1478195067.525263,3433792,20,0.3125,2,46.60606384277344,1087,0x43F,test,177,Gear,1,0.070240036,0.070240036,1,0.06880078234523535
test,DoS,DoS,1478200642.057979,1478200642.201442,2667520,34,0.53125,0,143.4628963470459,0,0x000,test,178,DoS,1,0.053206813,0.053206813,0,0.06880078234523535
test,Normal,RPM,1478201053.842224,1478201053.877648,4334656,0,0.0,-1,,399,0x18F,test,179,Normal,0,0.06718707,0.06718707,0,0.06880078234523535
test,Normal,DoS,1478201148.153845,1478201148.187096,3553408,0,0.0,-1,,2,0x002,test,180,Normal,0,0.06697712,0.06697712,0,0.06880078234523535
test,Gear,Gear,1478195022.931928,1478195022.953725,3355264,19,0.296875,0,21.79718017578125,1087,0x43F,test,181,Gear,1,0.067988545,0.067988545,0,0.06880078234523535
test,Normal,Fuzzy,1478201204.701473,1478201204.732687,3830784,0,0.0,-1,,2,0x002,test,182,Normal,0,0.060391862,0.060391862,0,0.06880078234523535
test,Gear,Gear,1478195068.194588,1478195068.226349,3435072,16,0.25,7,30.11012077331543,1087,0x43F,test,183,Gear,1,0.066183366,0.066183366,0,0.06880078234523535
test,Gear,Gear,1478195009.562716,1478195009.589949,3331584,20,0.3125,6,25.532007217407227,1087,0x43F,test,184,Gear,1,0.067118086,0.067118086,0,0.06880078234523535
test,Normal,DoS,1478201086.880345,1478201086.917377,3439936,0,0.0,-1,,2,0x002,test,185,Normal,0,0.068765014,0.068765014,0,0.06880078234523535
test,Normal,Fuzzy,1478201158.131232,1478201158.167244,3744512,0,0.0,-1,,2,0x002,test,186,Normal,0,0.06323921,0.06323921,0,0.06880078234523535
test,Fuzzy,Fuzzy,1478197938.068751,1478197938.188132,2653632,28,0.4375,0,119.38095092773438,2,0x002,test,187,Fuzzy,1,0.09712122,0.09712122,1,0.06880078234523535
test,RPM,RPM,1478192767.170679,1478192767.215264,3334720,22,0.34375,0,44.58498954772949,790,0x316,test,188,RPM,1,0.08362272,0.08362272,1,0.06880078234523535
test,Fuzzy,Fuzzy,1478198083.315816,1478198083.569073,2781184,28,0.4375,1,253.0460357666016,2,0x002,test,189,Fuzzy,1,0.08991747,0.08991747,1,0.06880078234523535
test,DoS,DoS,1478200574.480254,1478200574.57762,2594240,34,0.53125,0,97.3660945892334,0,0x000,test,190,DoS,1,0.05694084,0.05694084,0,0.06880078234523535
test,Fuzzy,Fuzzy,1478197731.810312,1478197731.96988,2460608,19,0.296875,0,159.56807136535645,304,0x130,test,191,Fuzzy,1,0.090669625,0.090669625,1,0.06880078234523535
test,RPM,RPM,1478192899.403942,1478192899.432607,3582208,18,0.28125,2,28.19299697875977,790,0x316,test,192,RPM,1,0.08442552,0.08442552,1,0.06880078234523535
test,Fuzzy,Fuzzy,1478198136.537606,1478198136.590391,2862400,28,0.4375,0,52.78491973876953,608,0x260,test,193,Fuzzy,1,0.09059125,0.09059125,1,0.06880078234523535
test,Gear,Gear,1478194872.864543,1478194872.888251,3079232,18,0.28125,0,23.708105087280277,1087,0x43F,test,194,Gear,1,0.06874235,0.06874235,0,0.06880078234523535
test,RPM,RPM,1478192748.996543,1478192749.028318,3298880,21,0.328125,2,31.314849853515625,790,0x316,test,195,RPM,1,0.08249792,0.08249792,1,0.06880078234523535
test,Gear,Gear,1478194964.632298,1478194964.672153,3249536,17,0.265625,2,33.62298011779785,1087,0x43F,test,196,Gear,1,0.06902523,0.06902523,1,0.06880078234523535
test,RPM,RPM,1478192917.88041,1478192917.925769,3615104,19,0.296875,1,45.13406753540039,790,0x316,test,197,RPM,1,0.078165315,0.078165315,1,0.06880078234523535
test,Gear,Gear,1478194861.078406,1478194861.111895,3055232,22,0.34375,2,31.32009506225586,1087,0x43F,test,198,Gear,1,0.069961324,0.069961324,1,0.06880078234523535
test,Normal,DoS,1478201164.126273,1478201164.163851,3582528,0,0.0,-1,,608,0x260,test,199,Normal,0,0.06426801,0.06426801,0,0.06880078234523535
test,Fuzzy,Fuzzy,1478198018.261571,1478198018.46849,2728192,28,0.4375,2,195.77980041503903,320,0x140,test,200,Fuzzy,1,0.095023535,0.095023535,1,0.06880078234523535
test,Fuzzy,Fuzzy,1478197841.118145,1478197841.284242,2563200,13,0.203125,0,166.09692573547363,704,0x2C0,test,201,Fuzzy,1,0.08287829,0.08287829,1,0.06880078234523535
test,Normal,Gear,1478201203.563381,1478201203.595033,4432960,0,0.0,-1,,304,0x130,test,202,Normal,0,0.060084913,0.060084913,0,0.06880078234523535
test,Gear,Gear,1478194988.167451,1478194988.191388,3293184,20,0.3125,0,23.936986923217773,1087,0x43F,test,203,Gear,1,0.0653794,0.0653794,0,0.06880078234523535
test,RPM,RPM,1478192833.047906,1478192833.08862,3445696,15,0.234375,3,40.01784324645996,790,0x316,test,204,RPM,1,0.07580703,0.07580703,1,0.06880078234523535
test,Fuzzy,Fuzzy,1478197980.225541,1478197980.431521,2694016,27,0.421875,0,205.9798240661621,880,0x370,test,205,Fuzzy,1,0.08857969,0.08857969,1,0.06880078234523535
test,RPM,RPM,1478192885.473126,1478192885.505763,3552512,18,0.28125,2,32.174110412597656,790,0x316,test,206,RPM,1,0.08298806,0.08298806,1,0.06880078234523535
test,RPM,RPM,1478192697.190891,1478192697.213858,3190080,20,0.3125,1,22.739887237548828,790,0x316,test,207,RPM,1,0.08128872,0.08128872,1,0.06880078234523535
test,RPM,RPM,1478192949.604463,1478192949.642016,3670656,20,0.3125,0,37.552833557128906,790,0x316,test,208,RPM,1,0.08003653,0.08003653,1,0.06880078234523535
test,Normal,RPM,1478201169.328598,1478201169.36361,4548096,0,0.0,-1,,399,0x18F,test,209,Normal,0,0.0651294,0.0651294,0,0.06880078234523535
test,Fuzzy,Fuzzy,1478197819.489918,1478197819.510729,2547328,24,0.375,0,20.811080932617188,304,0x130,test,210,Fuzzy,1,0.10119058,0.10119058,1,0.06880078234523535
test,DoS,DoS,1478200457.668655,1478200457.783087,2453760,34,0.53125,0,114.43209648132324,0,0x000,test,211,DoS,1,0.051113684,0.051113684,0,0.06880078234523535
test,RPM,RPM,1478192716.491994,1478192716.533185,3232768,20,0.3125,11,38.49101066589356,790,0x316,test,212,RPM,1,0.07900254,0.07900254,1,0.06880078234523535
test,Normal,Gear,1478201017.45131,1478201017.48745,4089408,0,0.0,-1,,304,0x130,test,213,Normal,0,0.06674549,0.06674549,0,0.06880078234523535
test,DoS,DoS,1478200407.566353,1478200407.776423,2383424,25,0.390625,1,209.82003211975095,0,0x000,test,214,DoS,1,0.05593893,0.05593893,0,0.06880078234523535
test,RPM,RPM,1478192754.175145,1478192754.201075,3309440,21,0.328125,3,25.3140926361084,790,0x316,test,215,RPM,1,0.085437134,0.085437134,1,0.06880078234523535
test,Fuzzy,Fuzzy,1478197936.71524,1478197936.789823,2652992,23,0.359375,2,68.22896003723145,790,0x316,test,216,Fuzzy,1,0.09041957,0.09041957,1,0.06880078234523535
test,RPM,RPM,1478192703.25657,1478192703.280379,3203520,21,0.328125,0,23.808956146240234,790,0x316,test,217,RPM,1,0.08512839,0.08512839,1,0.06880078234523535
test,Normal,Fuzzy,1478201035.253338,1478201035.290058,3517376,0,0.0,-1,,2,0x002,test,218,Normal,0,0.069314614,0.069314614,1,0.06880078234523535
test,Normal,RPM,1478201025.779483,1478201025.812167,4283392,0,0.0,-1,,2,0x002,test,219,Normal,0,0.061405096,0.061405096,0,0.06880078234523535
test,Fuzzy,Fuzzy,1478197740.434767,1478197740.567362,2469120,30,0.46875,0,132.59506225585938,2,0x002,test,220,Fuzzy,1,0.091864794,0.091864794,1,0.06880078234523535
test,RPM,RPM,1478192787.435023,1478192787.485202,3367168,21,0.328125,4,49.24106597900391,790,0x316,test,221,RPM,1,0.08308251,0.08308251,1,0.06880078234523535
test,Gear,Gear,1478194952.004124,1478194952.052043,3225472,21,0.328125,0,47.91903495788574,1087,0x43F,test,222,Gear,1,0.070123024,0.070123024,1,0.06880078234523535
test,Gear,Gear,1478195116.886521,1478195116.908419,3518976,20,0.3125,2,21.414995193481445,1087,0x43F,test,223,Gear,1,0.070491,0.070491,1,0.06880078234523535
test,Fuzzy,Fuzzy,1478198172.958796,1478198172.991908,2925824,27,0.421875,6,31.80408477783203,608,0x260,test,224,Fuzzy,1,0.09583261,0.09583261,1,0.06880078234523535
test,RPM,RPM,1478192898.704989,1478192898.738101,3580480,22,0.34375,0,33.1120491027832,790,0x316,test,225,RPM,1,0.08533046,0.08533046,1,0.06880078234523535
test,Fuzzy,Fuzzy,1478197931.172354,1478197931.280258,2646080,11,0.171875,5,91.02797508239746,848,0x350,test,226,Fuzzy,1,0.08369857,0.08369857,1,0.06880078234523535
test,Fuzzy,Fuzzy,1478197805.944493,1478197806.178964,2533760,26,0.40625,1,234.1787815093994,305,0x131,test,227,Fuzzy,1,0.088504426,0.088504426,1,0.06880078234523535
test,DoS,DoS,1478200626.95373,1478200627.147765,2651456,34,0.53125,0,194.03481483459475,0,0x000,test,228,DoS,1,0.05183485,0.05183485,0,0.06880078234523535
test,Fuzzy,Fuzzy,1478198150.025405,1478198150.083131,2886016,26,0.40625,1,57.50918388366699,339,0x153,test,229,Fuzzy,1,0.10001133,0.10001133,1,0.06880078234523535
test,Normal,DoS,1478201081.907603,1478201081.943431,3430720,0,0.0,-1,,2,0x002,test,230,Normal,0,0.062960856,0.062960856,0,0.06880078234523535
test,RPM,RPM,1478192917.682105,1478192917.710935,3614720,21,0.328125,1,28.605222702026367,790,0x316,test,231,RPM,1,0.079467,0.079467,1,0.06880078234523535
test,DoS,DoS,1478200473.240673,1478200473.287616,2475648,35,0.546875,0,46.942949295043945,0,0x000,test,232,DoS,1,0.046824608,0.046824608,0,0.06880078234523535
test,Normal,DoS,1478201070.957795,1478201070.989483,3410432,0,0.0,-1,,304,0x130,test,233,Normal,0,0.06893013,0.06893013,1,0.06880078234523535
test,DoS,DoS,1478200327.479017,1478200327.649471,2296576,39,0.609375,0,170.4540252685547,0,0x000,test,234,DoS,1,0.046860047,0.046860047,0,0.06880078234523535
test,Fuzzy,Fuzzy,1478198172.129043,1478198172.149619,2924288,23,0.359375,2,20.10512351989746,399,0x18F,test,235,Fuzzy,1,0.08938249,0.08938249,1,0.06880078234523535
test,RPM,RPM,1478192729.588356,1478192729.621437,3258240,21,0.328125,0,33.0810546875,790,0x316,test,236,RPM,1,0.0849425,0.0849425,1,0.06880078234523535
test,RPM,RPM,1478192704.173339,1478192704.195289,3206016,19,0.296875,9,19.79589462280273,790,0x316,test,237,RPM,1,0.08166822,0.08166822,1,0.06880078234523535
test,Gear,Gear,1478194984.084642,1478194984.115187,3285056,19,0.296875,3,29.8459529876709,1087,0x43F,test,238,Gear,1,0.07038362,0.07038362,1,0.06880078234523535
test,Gear,Gear,1478195098.818339,1478195098.849016,3492928,19,0.296875,0,30.676841735839844,1087,0x43F,test,239,Gear,1,0.065811045,0.065811045,0,0.06880078234523535
test,Gear,Gear,1478195049.087935,1478195049.1375,3399424,22,0.34375,3,48.84696006774902,1087,0x43F,test,240,Gear,1,0.07135385,0.07135385,1,0.06880078234523535
test,Gear,Gear,1478195104.67092,1478195104.745075,3503680,16,0.25,0,74.15509223937988,1087,0x43F,test,241,Gear,1,0.06494515,0.06494515,0,0.06880078234523535
test,RPM,RPM,1478192832.200288,1478192832.22907,3444224,22,0.34375,0,28.781890869140625,790,0x316,test,242,RPM,1,0.08078183,0.08078183,1,0.06880078234523535
test,DoS,DoS,1478200375.385659,1478200375.402626,2335872,36,0.5625,0,16.967058181762695,0,0x000,test,243,DoS,1,0.050993618,0.050993618,0,0.06880078234523535
test,Fuzzy,Fuzzy,1478197937.950931,1478197938.068321,2653568,26,0.40625,0,117.38991737365724,339,0x153,test,244,Fuzzy,1,0.09056295,0.09056295,1,0.06880078234523535
test,RPM,RPM,1478192709.710839,1478192709.733307,3218240,19,0.296875,1,22.243976593017575,790,0x316,test,245,RPM,1,0.08491733,0.08491733,1,0.06880078234523535
test,RPM,RPM,1478192762.857899,1478192762.892736,3327040,23,0.359375,0,34.83700752258301,790,0x316,test,246,RPM,1,0.08634108,0.08634108,1,0.06880078234523535
test,Gear,Gear,1478194939.088809,1478194939.150761,3203200,18,0.28125,0,61.95187568664551,1087,0x43F,test,247,Gear,1,0.068435505,0.068435505,0,0.06880078234523535
test,DoS,DoS,1478200383.537844,1478200383.59824,2348736,36,0.5625,0,60.39595603942871,0,0x000,test,248,DoS,1,0.049293097,0.049293097,0,0.06880078234523535
test,RPM,RPM,1478192730.865263,1478192730.892038,3260672,22,0.34375,1,26.54910087585449,790,0x316,test,249,RPM,1,0.08541662,0.08541662,1,0.06880078234523535
test,Gear,Gear,1478195071.895262,1478195071.917546,3442112,19,0.296875,2,21.80695533752441,1087,0x43F,test,250,Gear,1,0.07104938,0.07104938,1,0.06880078234523535
test,DoS,DoS,1478200468.526468,1478200468.604517,2468416,35,0.546875,1,77.80790328979492,0,0x000,test,251,DoS,1,0.056040008,0.056040008,0,0.06880078234523535
test,Normal,Fuzzy,1478201099.989779,1478201100.026805,3637312,0,0.0,-1,,672,0x2A0,test,252,Normal,0,0.066365995,0.066365995,0,0.06880078234523535
test,Normal,RPM,1478201207.602719,1478201207.63961,4619008,0,0.0,-1,,2,0x002,test,253,Normal,0,0.06402767,0.06402767,0,0.06880078234523535
test,Gear,Gear,1478194892.539912,1478194892.570527,3115776,20,0.3125,0,30.61509132385254,1087,0x43F,test,254,Gear,1,0.06847616,0.06847616,0,0.06880078234523535
test,DoS,DoS,1478200427.577626,1478200427.593374,2408512,33,0.515625,1,15.499114990234377,0,0x000,test,255,DoS,1,0.053615995,0.053615995,0,0.06880078234523535
test,RPM,RPM,1478192969.771463,1478192969.801173,3708992,21,0.328125,0,29.710054397583008,790,0x316,test,256,RPM,1,0.08037991,0.08037991,1,0.06880078234523535
test,Normal,RPM,1478201129.735777,1478201129.773494,4475264,0,0.0,-1,,305,0x131,test,257,Normal,0,0.06557979,0.06557979,0,0.06880078234523535
test,Fuzzy,Fuzzy,1478198164.366392,1478198164.387416,2911104,25,0.390625,2,20.55692672729492,809,0x329,test,258,Fuzzy,1,0.09426304,0.09426304,1,0.06880078234523535
test,Normal,Gear,1478201174.199702,1478201174.234176,4378560,0,0.0,-1,,2,0x002,test,259,Normal,0,0.06676311,0.06676311,0,0.06880078234523535
test,Normal,Fuzzy,1478201118.36882,1478201118.405481,3671360,0,0.0,-1,,305,0x131,test,260,Normal,0,0.06319221,0.06319221,0,0.06880078234523535
test,Gear,Gear,1478194899.564367,1478194899.590436,3130304,20,0.3125,12,23.083925247192383,1087,0x43F,test,261,Gear,1,0.06692143,0.06692143,0,0.06880078234523535
test,RPM,RPM,1478192813.95007,1478192813.998043,3409984,23,0.359375,0,47.9731559753418,790,0x316,test,262,RPM,1,0.0861488,0.0861488,1,0.06880078234523535
test,RPM,RPM,1478192754.012283,1478192754.034434,3308992,20,0.3125,5,20.97606658935547,790,0x316,test,263,RPM,1,0.0857169,0.0857169,1,0.06880078234523535
test,Normal,Gear,1478201094.328983,1478201094.363835,4231104,0,0.0,-1,,305,0x131,test,264,Normal,0,0.061567828,0.061567828,0,0.06880078234523535
test,Normal,Fuzzy,1478201109.215933,1478201109.248332,3654400,0,0.0,-1,,2,0x002,test,265,Normal,0,0.06654848,0.06654848,0,0.06880078234523535
test,Gear,Gear,1478194867.216576,1478194867.245825,3068160,19,0.296875,2,28.774023056030277,1087,0x43F,test,266,Gear,1,0.0700585,0.0700585,1,0.06880078234523535
test,Gear,Gear,1478194925.958384,1478194926.007896,3180224,22,0.34375,1,49.27802085876465,1087,0x43F,test,267,Gear,1,0.07248218,0.07248218,1,0.06880078234523535
test,Normal,DoS,1478201133.206978,1478201133.240988,3525760,0,0.0,-1,,320,0x140,test,268,Normal,0,0.06465598,0.06465598,0,0.06880078234523535
test,Normal,Fuzzy,1478201117.436423,1478201117.47116,3669632,0,0.0,-1,,304,0x130,test,269,Normal,0,0.063865125,0.063865125,0,0.06880078234523535
test,DoS,DoS,1478200575.268063,1478200575.338158,2594944,36,0.5625,0,70.09482383728027,0,0x000,test,270,DoS,1,0.045877784,0.045877784,0,0.06880078234523535
test,Gear,Gear,1478194963.350522,1478194963.374993,3246848,20,0.3125,0,24.471044540405277,1087,0x43F,test,271,Gear,1,0.07106521,0.07106521,1,0.06880078234523535
test,DoS,DoS,1478200397.196638,1478200397.224443,2371136,34,0.53125,1,27.562856674194336,0,0x000,test,272,DoS,1,0.05023981,0.05023981,0,0.06880078234523535
test,Normal,Gear,1478201108.457119,1478201108.491941,4257280,0,0.0,-1,,320,0x140,test,273,Normal,0,0.061761364,0.061761364,0,0.06880078234523535
test,RPM,RPM,1478192865.896073,1478192865.92914,3511680,21,0.328125,2,32.58800506591797,790,0x316,test,274,RPM,1,0.08468608,0.08468608,1,0.06880078234523535
test,Normal,Gear,1478201015.138841,1478201015.17136,4085120,0,0.0,-1,,399,0x18F,test,275,Normal,0,0.06459734,0.06459734,0,0.06880078234523535
test,RPM,RPM,1478192897.329889,1478192897.360064,3577280,18,0.28125,3,29.46305274963379,790,0x316,test,276,RPM,1,0.08077018,0.08077018,1,0.06880078234523535
test,DoS,DoS,1478200565.158571,1478200565.255872,2583424,39,0.609375,0,97.30100631713869,0,0x000,test,277,DoS,1,0.051912636,0.051912636,0,0.06880078234523535
test,Normal,DoS,1478201124.434621,1478201124.467018,3509504,0,0.0,-1,,2,0x002,test,278,Normal,0,0.06159992,0.06159992,0,0.06880078234523535
test,RPM,RPM,1478192685.48773,1478192685.51016,3164096,19,0.296875,0,22.4299430847168,790,0x316,test,279,RPM,1,0.079564445,0.079564445,1,0.06880078234523535
test,Normal,DoS,1478201135.070374,1478201135.106829,3529216,0,0.0,-1,,2,0x002,test,280,Normal,0,0.066909,0.066909,0,0.06880078234523535
test,Normal,DoS,1478201083.842471,1478201083.874249,3434304,0,0.0,-1,,672,0x2A0,test,281,Normal,0,0.065808155,0.065808155,0,0.06880078234523535
test,DoS,DoS,1478200530.463283,1478200530.501616,2546048,4,0.0625,1,38.0859375,608,0x260,test,282,DoS,1,0.061365552,0.061365552,0,0.06880078234523535
test,RPM,RPM,1478192935.973955,1478192936.011653,3645696,22,0.34375,0,37.69803047180176,790,0x316,test,283,RPM,1,0.08351473,0.08351473,1,0.06880078234523535
test,Normal,Gear,1478201110.390952,1478201110.427363,4260864,0,0.0,-1,,2,0x002,test,284,Normal,0,0.0645256,0.0645256,0,0.06880078234523535
test,Gear,Gear,1478195016.582339,1478195016.609289,3342976,20,0.3125,3,26.218891143798828,1087,0x43F,test,285,Gear,1,0.07116431,0.07116431,1,0.06880078234523535
test,RPM,RPM,1478192928.658636,1478192928.682222,3635008,20,0.3125,1,22.84693717956543,790,0x316,test,286,RPM,1,0.08485931,0.08485931,1,0.06880078234523535
test,DoS,DoS,1478200552.776254,1478200552.865076,2570368,34,0.53125,1,88.57607841491699,0,0x000,test,287,DoS,1,0.048923276,0.048923276,0,0.06880078234523535
test,Gear,Gear,1478194951.861956,1478194951.892835,3225216,19,0.296875,3,30.17592430114746,1087,0x43F,test,288,Gear,1,0.07064474,0.07064474,1,0.06880078234523535
test,Normal,RPM,1478201014.999964,1478201015.031696,4263424,0,0.0,-1,,2,0x002,test,289,Normal,0,0.06347391,0.06347391,0,0.06880078234523535
test,DoS,DoS,1478200321.459861,1478200321.620479,2289856,35,0.546875,1,160.37607192993164,0,0x000,test,290,DoS,1,0.04718696,0.04718696,0,0.06880078234523535
test,DoS,DoS,1478200481.690281,1478200481.853286,2488384,27,0.421875,0,163.00511360168457,0,0x000,test,291,DoS,1,0.05918369,0.05918369,0,0.06880078234523535
test,RPM,RPM,1478192883.42956,1478192883.454014,3547648,21,0.328125,1,23.80013465881348,790,0x316,test,292,RPM,1,0.08575727,0.08575727,1,0.06880078234523535
test,DoS,DoS,1478200581.057873,1478200581.152929,2603008,38,0.59375,0,95.05605697631836,0,0x000,test,293,DoS,1,0.047904443,0.047904443,0,0.06880078234523535
test,Fuzzy,Fuzzy,1478198172.274417,1478198172.294686,2924736,24,0.375,2,19.80113983154297,320,0x140,test,294,Fuzzy,1,0.09220797,0.09220797,1,0.06880078234523535
test,Gear,Gear,1478194898.288754,1478194898.314499,3127744,22,0.34375,1,25.50697326660156,1087,0x43F,test,295,Gear,1,0.06836585,0.06836585,0,0.06880078234523535
test,RPM,RPM,1478192812.827964,1478192812.878085,3408448,24,0.375,1,48.291921615600586,790,0x316,test,296,RPM,1,0.08594138,0.08594138,1,0.06880078234523535
test,RPM,RPM,1478192812.464303,1478192812.504014,3408000,21,0.328125,1,39.47591781616211,790,0x316,test,297,RPM,1,0.0833519,0.0833519,1,0.06880078234523535
test,Fuzzy,Fuzzy,1478197969.470937,1478197969.791661,2685824,27,0.421875,1,315.2461051940918,399,0x18F,test,298,Fuzzy,1,0.094382875,0.094382875,1,0.06880078234523535
test,DoS,DoS,1478200541.905322,1478200541.993066,2561152,37,0.578125,1,87.49699592590332,0,0x000,test,299,DoS,1,0.047524758,0.047524758,0,0.06880078234523535
test,Normal,DoS,1478201172.140833,1478201172.17823,3597376,0,0.0,-1,,2,0x002,test,300,Normal,0,0.06639413,0.06639413,0,0.06880078234523535
test,RPM,RPM,1478192741.753217,1478192741.795571,3283008,19,0.296875,3,41.57209396362305,790,0x316,test,301,RPM,1,0.08082803,0.08082803,1,0.06880078234523535
test,Gear,Gear,1478194963.99433,1478194964.019608,3248256,22,0.34375,1,25.04706382751465,1087,0x43F,test,302,Gear,1,0.06572731,0.06572731,0,0.06880078234523535
test,Fuzzy,Fuzzy,1478198117.474474,1478198117.510592,2833664,30,0.46875,0,36.1180305480957,1349,0x545,test,303,Fuzzy,1,0.09777403,0.09777403,1,0.06880078234523535
test,Fuzzy,Fuzzy,1478198156.097479,1478198156.117468,2896512,25,0.390625,0,19.989013671875,2,0x002,test,304,Fuzzy,1,0.09629509,0.09629509,1,0.06880078234523535
test,Fuzzy,Fuzzy,1478197869.349324,1478197869.526952,2591104,29,0.453125,0,177.6280403137207,2,0x002,test,305,Fuzzy,1,0.10263322,0.10263322,1,0.06880078234523535
test,Gear,Gear,1478195022.20284,1478195022.23336,3353856,21,0.328125,5,29.243946075439453,1087,0x43F,test,306,Gear,1,0.06816301,0.06816301,0,0.06880078234523535
test,RPM,RPM,1478192747.76185,1478192747.785087,3295808,22,0.34375,0,23.236989974975582,790,0x316,test,307,RPM,1,0.08501365,0.08501365,1,0.06880078234523535
test,Gear,Gear,1478194858.024378,1478194858.046588,3047680,19,0.296875,2,21.20184898376465,1087,0x43F,test,308,Gear,1,0.06988546,0.06988546,1,0.06880078234523535
test,Gear,Gear,1478194989.531251,1478194989.553634,3296000,19,0.296875,2,21.80790901184082,1087,0x43F,test,309,Gear,1,0.07264973,0.07264973,1,0.06880078234523535
test,DoS,DoS,1478200489.93882,1478200489.978674,2499648,37,0.578125,1,39.60990905761719,0,0x000,test,310,DoS,1,0.04769197,0.04769197,0,0.06880078234523535
test,RPM,RPM,1478192709.663225,1478192709.685981,3218112,21,0.328125,0,22.75609970092773,790,0x316,test,311,RPM,1,0.08173823,0.08173823,1,0.06880078234523535
test,Gear,Gear,1478195075.137509,1478195075.177996,3447808,5,0.078125,3,39.78300094604492,1087,0x43F,test,312,Gear,1,0.06431618,0.06431618,0,0.06880078234523535
test,RPM,RPM,1478192857.147243,1478192857.168977,3492800,19,0.296875,3,20.951032638549805,790,0x316,test,313,RPM,1,0.078929156,0.078929156,1,0.06880078234523535
test,DoS,DoS,1478200388.280701,1478200388.329511,2357056,37,0.578125,0,48.81000518798828,0,0x000,test,314,DoS,1,0.05081839,0.05081839,0,0.06880078234523535
test,RPM,RPM,1478192737.393458,1478192737.427596,3274176,24,0.375,0,34.13820266723633,790,0x316,test,315,RPM,1,0.08940599,0.08940599,1,0.06880078234523535
test,DoS,DoS,1478200426.339282,1478200426.376311,2406144,38,0.59375,1,36.7891788482666,0,0x000,test,316,DoS,1,0.04840221,0.04840221,0,0.06880078234523535
test,Fuzzy,Fuzzy,1478198131.882514,1478198131.913546,2854528,23,0.359375,16,17.7919864654541,880,0x370,test,317,Fuzzy,1,0.094373435,0.094373435,1,0.06880078234523535
test,RPM,RPM,1478192853.00775,1478192853.038942,3484736,20,0.3125,4,30.23505210876465,790,0x316,test,318,RPM,1,0.083735146,0.083735146,1,0.06880078234523535
test,RPM,RPM,1478192708.750886,1478192708.772636,3215616,20,0.3125,0,21.74997329711914,790,0x316,test,319,RPM,1,0.08761916,0.08761916,1,0.06880078234523535
test,RPM,RPM,1478192689.399913,1478192689.423777,3172032,20,0.3125,0,23.86403083801269,790,0x316,test,320,RPM,1,0.08676216,0.08676216,1,0.06880078234523535
test,Fuzzy,Fuzzy,1478197796.936229,1478197796.972937,2524160,23,0.359375,9,31.18300437927246,880,0x370,test,321,Fuzzy,1,0.087517835,0.087517835,1,0.06880078234523535
test,Normal,RPM,1478201050.59791,1478201050.629877,4328640,0,0.0,-1,,2,0x002,test,322,Normal,0,0.062266428,0.062266428,0,0.06880078234523535
test,RPM,RPM,1478192968.547726,1478192968.571222,3706880,19,0.296875,0,23.496150970458984,790,0x316,test,323,RPM,1,0.082450725,0.082450725,1,0.06880078234523535
test,Gear,Gear,1478195016.886705,1478195016.908409,3343680,19,0.296875,0,21.70419692993164,1087,0x43F,test,324,Gear,1,0.067456365,0.067456365,0,0.06880078234523535
test,RPM,RPM,1478192853.039388,1478192853.075764,3484800,23,0.359375,0,36.3759994506836,790,0x316,test,325,RPM,1,0.08609891,0.08609891,1,0.06880078234523535
test,Gear,Gear,1478195010.078694,1478195010.102752,3332544,20,0.3125,1,23.61488342285156,1087,0x43F,test,326,Gear,1,0.066767514,0.066767514,0,0.06880078234523535
test,Normal,DoS,1478201037.861937,1478201037.899212,3349120,0,0.0,-1,,2,0x002,test,327,Normal,0,0.063061595,0.063061595,0,0.06880078234523535
test,Fuzzy,Fuzzy,1478197844.23842,1478197844.419114,2568064,21,0.328125,10,176.2681007385254,304,0x130,test,328,Fuzzy,1,0.09249736,0.09249736,1,0.06880078234523535
test,Gear,Gear,1478195055.31632,1478195055.3681,3412032,23,0.359375,1,51.54800415039063,1087,0x43F,test,329,Gear,1,0.07016549,0.07016549,1,0.06880078234523535
test,Normal,RPM,1478201052.011057,1478201052.048231,4331264,0,0.0,-1,,304,0x130,test,330,Normal,0,0.06538949,0.06538949,0,0.06880078234523535
test,Normal,Gear,1478201025.812396,1478201025.843087,4104896,0,0.0,-1,,790,0x316,test,331,Normal,0,0.06351345,0.06351345,0,0.06880078234523535
test,DoS,DoS,1478200450.95484,1478200450.994489,2443264,35,0.546875,1,39.40200805664063,0,0x000,test,332,DoS,1,0.047526043,0.047526043,0,0.06880078234523535
test,RPM,RPM,1478192755.604774,1478192755.630769,3313088,23,0.359375,1,25.769948959350582,790,0x316,test,333,RPM,1,0.08657203,0.08657203,1,0.06880078234523535
test,Gear,Gear,1478194906.376015,1478194906.405287,3145152,19,0.296875,1,29.040098190307617,1087,0x43F,test,334,Gear,1,0.072402805,0.072402805,1,0.06880078234523535
test,Gear,Gear,1478195079.847025,1478195079.888155,3456384,21,0.328125,1,40.88902473449707,1087,0x43F,test,335,Gear,1,0.0677172,0.0677172,0,0.06880078234523535
test,DoS,DoS,1478200552.016178,1478200552.088882,2569408,35,0.546875,1,72.45802879333496,0,0x000,test,336,DoS,1,0.051363166,0.051363166,0,0.06880078234523535
test,DoS,DoS,1478200430.687943,1478200430.729888,2413056,34,0.53125,1,41.69797897338867,0,0x000,test,337,DoS,1,0.047913715,0.047913715,0,0.06880078234523535
test,Fuzzy,Fuzzy,1478198142.039223,1478198142.106593,2872192,18,0.28125,0,67.36993789672852,399,0x18F,test,338,Fuzzy,1,0.09265797,0.09265797,1,0.06880078234523535
test,RPM,RPM,1478192947.983645,1478192948.005469,3667520,18,0.28125,5,20.614147186279297,790,0x316,test,339,RPM,1,0.076061815,0.076061815,1,0.06880078234523535
test,RPM,RPM,1478192755.985584,1478192756.01118,3314048,23,0.359375,0,25.595903396606445,790,0x316,test,340,RPM,1,0.0865941,0.0865941,1,0.06880078234523535
test,RPM,RPM,1478192708.795145,1478192708.820424,3215744,23,0.359375,1,25.053977966308597,790,0x316,test,341,RPM,1,0.08811335,0.08811335,1,0.06880078234523535
test,Gear,Gear,1478195074.501252,1478195074.535593,3446656,19,0.296875,0,34.34109687805176,1087,0x43F,test,342,Gear,1,0.066788435,0.066788435,0,0.06880078234523535
test,Normal,DoS,1478201134.726821,1478201134.760037,3528576,0,0.0,-1,,304,0x130,test,343,Normal,0,0.068984866,0.068984866,1,0.06880078234523535
test,DoS,DoS,1478200372.913888,1478200372.968787,2332544,34,0.53125,1,54.65197563171387,0,0x000,test,344,DoS,1,0.05304612,0.05304612,0,0.06880078234523535
test,DoS,DoS,1478200426.150543,1478200426.166637,2405632,34,0.53125,1,15.802860260009766,0,0x000,test,345,DoS,1,0.049785644,0.049785644,0,0.06880078234523535
test,Fuzzy,Fuzzy,1478197944.691679,1478197944.892982,2660992,20,0.3125,0,201.30300521850583,2,0x002,test,346,Fuzzy,1,0.08986614,0.08986614,1,0.06880078234523535
test,DoS,DoS,1478200646.94279,1478200646.959475,2673856,36,0.5625,0,16.685009002685547,0,0x000,test,347,DoS,1,0.048866175,0.048866175,0,0.06880078234523535
test,Normal,Gear,1478201102.687888,1478201102.72492,4246592,0,0.0,-1,,2,0x002,test,348,Normal,0,0.064836614,0.064836614,0,0.06880078234523535
test,DoS,DoS,1478200506.482166,1478200506.693088,2521280,37,0.578125,1,205.25097846984863,0,0x000,test,349,DoS,1,0.05249512,0.05249512,0,0.06880078234523535
test,Normal,Fuzzy,1478201200.692273,1478201200.725166,3823360,0,0.0,-1,,304,0x130,test,350,Normal,0,0.06198777,0.06198777,0,0.06880078234523535
test,DoS,DoS,1478200527.302414,1478200527.455709,2544384,33,0.515625,1,142.03190803527832,0,0x000,test,351,DoS,1,0.05054192,0.05054192,0,0.06880078234523535
test,RPM,RPM,1478192859.554442,1478192859.575909,3498752,17,0.265625,9,19.344806671142575,790,0x316,test,352,RPM,1,0.08160106,0.08160106,1,0.06880078234523535
test,Normal,DoS,1478201024.550544,1478201024.582146,3325184,0,0.0,-1,,2,0x002,test,353,Normal,0,0.066627644,0.066627644,0,0.06880078234523535
test,DoS,DoS,1478200475.289716,1478200475.321,2478080,35,0.546875,1,31.04209899902344,0,0x000,test,354,DoS,1,0.047717374,0.047717374,0,0.06880078234523535
test,Fuzzy,Fuzzy,1478198099.35765,1478198099.379195,2804032,24,0.375,2,21.08907699584961,305,0x131,test,355,Fuzzy,1,0.10206503,0.10206503,1,0.06880078234523535
test,DoS,DoS,1478200390.685346,1478200390.724572,2360320,36,0.5625,0,39.22605514526367,0,0x000,test,356,DoS,1,0.044982623,0.044982623,0,0.06880078234523535
test,Fuzzy,Fuzzy,1478198140.715479,1478198140.736255,2870080,20,0.3125,1,20.557880401611328,2,0x002,test,357,Fuzzy,1,0.08662166,0.08662166,1,0.06880078234523535
test,Normal,DoS,1478201140.667664,1478201140.705173,3539584,0,0.0,-1,,305,0x131,test,358,Normal,0,0.06925077,0.06925077,1,0.06880078234523535
test,Gear,Gear,1478194897.68002,1478194897.70515,3126592,21,0.328125,0,25.12979507446289,1087,0x43F,test,359,Gear,1,0.07057482,0.07057482,1,0.06880078234523535
test,Fuzzy,Fuzzy,1478198050.682533,1478198050.850895,2752704,33,0.515625,0,168.36190223693848,399,0x18F,test,360,Fuzzy,1,0.108142614,0.108142614,1,0.06880078234523535
test,Normal,Fuzzy,1478201078.778246,1478201078.815802,3598016,0,0.0,-1,,305,0x131,test,361,Normal,0,0.06691081,0.06691081,0,0.06880078234523535
test,Normal,Fuzzy,1478201164.59445,1478201164.625963,3756480,0,0.0,-1,,304,0x130,test,362,Normal,0,0.06601581,0.06601581,0,0.06880078234523535
test,RPM,RPM,1478192938.107241,1478192938.148965,3649280,26,0.40625,0,41.72396659851074,790,0x316,test,363,RPM,1,0.08683969,0.08683969,1,0.06880078234523535
test,Gear,Gear,1478195016.447202,1478195016.480906,3342720,17,0.265625,6,32.293081283569336,1087,0x43F,test,364,Gear,1,0.06510899,0.06510899,0,0.06880078234523535
test,Normal,Gear,1478201005.707447,1478201005.739726,4067648,0,0.0,-1,,704,0x2C0,test,365,Normal,0,0.061471693,0.061471693,0,0.06880078234523535
test,RPM,RPM,1478192704.413107,1478192704.435071,3206656,18,0.28125,4,21.032094955444336,790,0x316,test,366,RPM,1,0.079857476,0.079857476,1,0.06880078234523535
test,DoS,DoS,1478200459.456836,1478200459.512129,2454656,33,0.515625,0,55.29308319091797,0,0x000,test,367,DoS,1,0.054605257,0.054605257,0,0.06880078234523535
test,Fuzzy,Fuzzy,1478198172.102957,1478198172.128809,2924224,20,0.3125,19,15.68007469177246,305,0x131,test,368,Fuzzy,1,0.08706991,0.08706991,1,0.06880078234523535
test,Gear,Gear,1478195078.719883,1478195078.749549,3454720,23,0.359375,1,29.4339656829834,1087,0x43F,test,369,Gear,1,0.06647219,0.06647219,0,0.06880078234523535
test,DoS,DoS,1478200405.865603,1478200406.077568,2382912,32,0.5,1,206.25901222229004,0,0x000,test,370,DoS,1,0.06313044,0.06313044,0,0.06880078234523535
test,RPM,RPM,1478192917.056791,1478192917.094911,3613632,21,0.328125,3,37.42408752441406,790,0x316,test,371,RPM,1,0.07844965,0.07844965,1,0.06880078234523535
test,DoS,DoS,1478200496.217494,1478200496.299902,2509248,36,0.5625,1,82.16404914855957,0,0x000,test,372,DoS,1,0.051403813,0.051403813,0,0.06880078234523535
test,Fuzzy,Fuzzy,1478197811.574876,1478197811.714594,2539968,24,0.375,0,139.71781730651855,672,0x2A0,test,373,Fuzzy,1,0.097507454,0.097507454,1,0.06880078234523535
test,Normal,RPM,1478201098.577851,1478201098.610268,4417536,0,0.0,-1,,399,0x18F,test,374,Normal,0,0.064703345,0.064703345,0,0.06880078234523535
test,Gear,Gear,1478194866.575046,1478194866.597273,3066752,20,0.3125,0,22.227048873901367,1087,0x43F,test,375,Gear,1,0.06822466,0.06822466,0,0.06880078234523535
test,Normal,Gear,1478201145.041314,1478201145.07562,4325056,0,0.0,-1,,2,0x002,test,376,Normal,0,0.06209352,0.06209352,0,0.06880078234523535
test,Gear,Gear,1478195081.024876,1478195081.056445,3458240,15,0.234375,1,31.323909759521484,1087,0x43F,test,377,Gear,1,0.07301751,0.07301751,1,0.06880078234523535
test,DoS,DoS,1478200467.447593,1478200467.52904,2467264,32,0.5,0,81.44712448120117,0,0x000,test,378,DoS,1,0.0526312,0.0526312,0,0.06880078234523535
test,Fuzzy,Fuzzy,1478197802.917435,1478197802.941825,2532096,19,0.296875,5,23.202896118164062,2,0x002,test,379,Fuzzy,1,0.08961556,0.08961556,1,0.06880078234523535
test,DoS,DoS,1478200595.511245,1478200595.562366,2619904,32,0.5,0,51.12099647521973,0,0x000,test,380,DoS,1,0.05236315,0.05236315,0,0.06880078234523535
test,DoS,DoS,1478200489.637444,1478200489.736429,2499264,33,0.515625,1,98.74391555786131,0,0x000,test,381,DoS,1,0.05130153,0.05130153,0,0.06880078234523535
test,RPM,RPM,1478192805.928077,1478192805.961093,3397824,18,0.28125,7,28.46598625183105,790,0x316,test,382,RPM,1,0.079302154,0.079302154,1,0.06880078234523535
test,DoS,DoS,1478200571.369542,1478200571.385099,2591744,32,0.5,1,15.29693603515625,0,0x000,test,383,DoS,1,0.051684093,0.051684093,0,0.06880078234523535
test,DoS,DoS,1478200541.196774,1478200541.225255,2560640,34,0.53125,1,28.235912322998047,0,0x000,test,384,DoS,1,0.051660165,0.051660165,0,0.06880078234523535
test,Fuzzy,Fuzzy,1478198156.625022,1478198156.653967,2897408,21,0.328125,0,28.944969177246094,2,0x002,test,385,Fuzzy,1,0.0842162,0.0842162,1,0.06880078234523535
test,Fuzzy,Fuzzy,1478197880.595419,1478197880.914533,2600192,28,0.4375,4,297.2757816314697,304,0x130,test,386,Fuzzy,1,0.10424539,0.10424539,1,0.06880078234523535
test,Fuzzy,Fuzzy,1478198101.460844,1478198101.497515,2807104,21,0.328125,0,36.67092323303223,2,0x002,test,387,Fuzzy,1,0.09728042,0.09728042,1,0.06880078234523535
test,Gear,Gear,1478195008.142059,1478195008.165547,3328640,20,0.3125,3,22.77183532714844,1087,0x43F,test,388,Gear,1,0.06807822,0.06807822,0,0.06880078234523535
test,DoS,DoS,1478200452.208819,1478200452.285769,2445120,36,0.5625,0,76.9500732421875,0,0x000,test,389,DoS,1,0.049167734,0.049167734,0,0.06880078234523535
test,DoS,DoS,1478200374.157301,1478200374.223234,2334208,33,0.515625,0,65.9329891204834,0,0x000,test,390,DoS,1,0.048332494,0.048332494,0,0.06880078234523535
test,Normal,Gear,1478201033.541645,1478201033.576228,4118976,0,0.0,-1,,399,0x18F,test,391,Normal,0,0.06345075,0.06345075,0,0.06880078234523535
test,Fuzzy,Fuzzy,1478198054.086494,1478198054.281073,2753984,25,0.390625,0,194.5791244506836,2,0x002,test,392,Fuzzy,1,0.10165906,0.10165906,1,0.06880078234523535
test,Gear,Gear,1478194988.774982,1478194988.823078,3294464,21,0.328125,1,47.86300659179688,1087,0x43F,test,393,Gear,1,0.076827414,0.076827414,1,0.06880078234523535
test,RPM,RPM,1478192870.12662,1478192870.15273,3519936,25,0.390625,2,24.890899658203125,790,0x316,test,394,RPM,1,0.084574714,0.084574714,1,0.06880078234523535
test,RPM,RPM,1478192723.460751,1478192723.494045,3246144,20,0.3125,2,32.62901306152344,790,0x316,test,395,RPM,1,0.08491275,0.08491275,1,0.06880078234523535
test,Normal,Fuzzy,1478201104.516809,1478201104.551371,3645696,0,0.0,-1,,304,0x130,test,396,Normal,0,0.0675832,0.0675832,0,0.06880078234523535
test,Normal,Fuzzy,1478201065.030609,1478201065.068168,3572544,0,0.0,-1,,320,0x140,test,397,Normal,0,0.06623186,0.06623186,0,0.06880078234523535
test,DoS,DoS,1478200387.877191,1478200387.937243,2356480,34,0.53125,0,60.05191802978516,0,0x000,test,398,DoS,1,0.05568237,0.05568237,0,0.06880078234523535
test,RPM,RPM,1478192703.725175,1478192703.749969,3204800,22,0.34375,0,24.79410171508789,790,0x316,test,399,RPM,1,0.08357006,0.08357006,1,0.06880078234523535
test,Fuzzy,Fuzzy,1478197960.32307,1478197960.344445,2676224,24,0.375,0,21.374940872192383,304,0x130,test,400,Fuzzy,1,0.089708924,0.089708924,1,0.06880078234523535
test,Normal,RPM,1478201100.307034,1478201100.338466,4420736,0,0.0,-1,,2,0x002,test,401,Normal,0,0.065743394,0.065743394,0,0.06880078234523535
test,Gear,Gear,1478194997.292814,1478194997.331234,3310464,21,0.328125,1,38.18893432617188,1087,0x43F,test,402,Gear,1,0.070463,0.070463,1,0.06880078234523535
test,Normal,RPM,1478201070.493579,1478201070.528312,4365504,0,0.0,-1,,339,0x153,test,403,Normal,0,0.0687739,0.0687739,0,0.06880078234523535
test,Gear,Gear,1478194949.121943,1478194949.154098,3221376,19,0.296875,2,31.690120697021484,1087,0x43F,test,404,Gear,1,0.066811636,0.066811636,0,0.06880078234523535
test,RPM,RPM,1478192743.794964,1478192743.820518,3287744,22,0.34375,3,24.845123291015625,790,0x316,test,405,RPM,1,0.08783176,0.08783176,1,0.06880078234523535
test,Gear,Gear,1478195078.47917,1478195078.503613,3454272,24,0.375,0,24.44291114807129,1087,0x43F,test,406,Gear,1,0.07365091,0.07365091,1,0.06880078234523535
test,RPM,RPM,1478192742.383039,1478192742.40728,3284480,21,0.328125,1,24.014949798583984,790,0x316,test,407,RPM,1,0.087178856,0.087178856,1,0.06880078234523535
test,DoS,DoS,1478200383.066473,1478200383.116208,2348032,38,0.59375,0,49.73506927490234,0,0x000,test,408,DoS,1,0.047439728,0.047439728,0,0.06880078234523535
test,Fuzzy,Fuzzy,1478198166.733869,1478198166.782711,2914880,30,0.46875,2,48.13909530639648,304,0x130,test,409,Fuzzy,1,0.09417158,0.09417158,1,0.06880078234523535
test,DoS,DoS,1478200648.865243,1478200648.987215,2674880,34,0.53125,2,121.22297286987305,0,0x000,test,410,DoS,1,0.04583478,0.04583478,0,0.06880078234523535
test,RPM,RPM,1478192904.292803,1478192904.318366,3592320,21,0.328125,2,24.879932403564453,790,0x316,test,411,RPM,1,0.08159079,0.08159079,1,0.06880078234523535
test,DoS,DoS,1478200573.670572,1478200573.746254,2593664,37,0.578125,0,75.68192481994629,0,0x000,test,412,DoS,1,0.04784491,0.04784491,0,0.06880078234523535
test,DoS,DoS,1478200380.469951,1478200380.487314,2344512,36,0.5625,0,17.36307144165039,0,0x000,test,413,DoS,1,0.046424825,0.046424825,0,0.06880078234523535
test,RPM,RPM,1478192757.099919,1478192757.13188,3316736,1,0.015625,3,31.245946884155277,2,0x002,test,414,RPM,1,0.071420945,0.071420945,1,0.06880078234523535
test,RPM,RPM,1478192902.938558,1478192902.960844,3589120,19,0.296875,4,21.363019943237305,790,0x316,test,415,RPM,1,0.085443914,0.085443914,1,0.06880078234523535
test,DoS,DoS,1478200528.315203,1478200528.47389,2544832,35,0.546875,0,158.68711471557617,0,0x000,test,416,DoS,1,0.049305137,0.049305137,0,0.06880078234523535
test,Fuzzy,Fuzzy,1478198100.951821,1478198101.021271,2806464,29,0.453125,2,68.99189949035645,2,0x002,test,417,Fuzzy,1,0.091311134,0.091311134,1,0.06880078234523535
test,RPM,RPM,1478192957.575245,1478192957.60521,3686656,22,0.34375,3,29.14905548095703,790,0x316,test,418,RPM,1,0.080459855,0.080459855,1,0.06880078234523535
test,Gear,Gear,1478195098.32719,1478195098.369468,3491904,19,0.296875,0,42.27805137634277,1087,0x43F,test,419,Gear,1,0.06677848,0.06677848,0,0.06880078234523535
test,Gear,Gear,1478194860.50635,1478194860.529122,3053824,19,0.296875,0,22.77207374572754,1087,0x43F,test,420,Gear,1,0.06802751,0.06802751,0,0.06880078234523535
test,DoS,DoS,1478200337.700208,1478200337.963643,2302976,43,0.671875,0,263.4351253509521,0,0x000,test,421,DoS,1,0.054138612,0.054138612,0,0.06880078234523535
test,DoS,DoS,1478200396.993734,1478200397.059011,2370880,35,0.546875,0,65.277099609375,0,0x000,test,422,DoS,1,0.04611332,0.04611332,0,0.06880078234523535
test,DoS,DoS,1478200511.392748,1478200511.475529,2528128,30,0.46875,1,82.53693580627441,0,0x000,test,423,DoS,1,0.053827655,0.053827655,0,0.06880078234523535
test,Gear,Gear,1478194916.972737,1478194916.999351,3165120,21,0.328125,0,26.61395072937012,1087,0x43F,test,424,Gear,1,0.06687314,0.06687314,0,0.06880078234523535
test,Fuzzy,Fuzzy,1478198115.287689,1478198115.308545,2830208,26,0.40625,1,20.631074905395508,1349,0x545,test,425,Fuzzy,1,0.102755055,0.102755055,1,0.06880078234523535
test,Fuzzy,Fuzzy,1478197979.476302,1478197979.571541,2693632,32,0.5,0,95.23916244506836,304,0x130,test,426,Fuzzy,1,0.097179435,0.097179435,1,0.06880078234523535
test,DoS,DoS,1478200434.222274,1478200434.269557,2419712,36,0.5625,2,41.587114334106445,0,0x000,test,427,DoS,1,0.052453086,0.052453086,0,0.06880078234523535
test,RPM,RPM,1478192819.748106,1478192819.777928,3420544,20,0.3125,0,29.822111129760746,790,0x316,test,428,RPM,1,0.08591792,0.08591792,1,0.06880078234523535
test,Gear,Gear,1478194846.616483,1478194846.649065,3023552,16,0.25,0,32.58204460144043,1087,0x43F,test,429,Gear,1,0.0639409,0.0639409,0,0.06880078234523535
test,Normal,Gear,1478201030.129572,1478201030.166353,4112896,0,0.0,-1,,2,0x002,test,430,Normal,0,0.06547153,0.06547153,0,0.06880078234523535
test,DoS,DoS,1478200360.215235,1478200360.420144,2320064,40,0.625,0,204.909086227417,0,0x000,test,431,DoS,1,0.047520693,0.047520693,0,0.06880078234523535
test,RPM,RPM,1478192831.737096,1478192831.78034,3443456,17,0.265625,6,41.74304008483887,790,0x316,test,432,RPM,1,0.079291664,0.079291664,1,0.06880078234523535
test,Normal,Fuzzy,1478201021.009736,1478201021.040521,3491712,0,0.0,-1,,2,0x002,test,433,Normal,0,0.06668828,0.06668828,0,0.06880078234523535
test,Normal,Fuzzy,1478201201.003977,1478201201.036385,3823936,0,0.0,-1,,304,0x130,test,434,Normal,0,0.062097616,0.062097616,0,0.06880078234523535
test,RPM,RPM,1478192944.121834,1478192944.152266,3660480,20,0.3125,1,30.20501136779785,790,0x316,test,435,RPM,1,0.081617475,0.081617475,1,0.06880078234523535
test,Normal,RPM,1478201145.284436,1478201145.317307,4504064,0,0.0,-1,,2,0x002,test,436,Normal,0,0.06358361,0.06358361,0,0.06880078234523535
test,DoS,DoS,1478200635.974714,1478200636.048145,2660224,30,0.46875,1,73.18615913391113,0,0x000,test,437,DoS,1,0.052911457,0.052911457,0,0.06880078234523535
test,Fuzzy,Fuzzy,1478198033.800827,1478198033.977939,2739904,21,0.328125,23,162.2629165649414,809,0x329,test,438,Fuzzy,1,0.09002394,0.09002394,1,0.06880078234523535
test,Fuzzy,Fuzzy,1478198164.238143,1478198164.25822,2910720,26,0.40625,0,20.07699012756348,2,0x002,test,439,Fuzzy,1,0.09807784,0.09807784,1,0.06880078234523535
test,Fuzzy,Fuzzy,1478198106.9344,1478198106.954733,2816192,25,0.390625,0,20.332813262939453,2,0x002,test,440,Fuzzy,1,0.096388005,0.096388005,1,0.06880078234523535
test,RPM,RPM,1478192685.65566,1478192685.684171,3164544,20,0.3125,4,27.565956115722656,790,0x316,test,441,RPM,1,0.07943542,0.07943542,1,0.06880078234523535
test,RPM,RPM,1478192909.294935,1478192909.346728,3601792,21,0.328125,4,50.85515975952149,790,0x316,test,442,RPM,1,0.08014505,0.08014505,1,0.06880078234523535
test,Normal,Fuzzy,1478201190.674246,1478201190.706238,3804800,0,0.0,-1,,672,0x2A0,test,443,Normal,0,0.06077487,0.06077487,0,0.06880078234523535
test,DoS,DoS,1478200328.297599,1478200328.535865,2296832,37,0.578125,0,238.2659912109375,0,0x000,test,444,DoS,1,0.048463162,0.048463162,0,0.06880078234523535
test,Normal,Gear,1478201035.328779,1478201035.361546,4121792,0,0.0,-1,,2,0x002,test,445,Normal,0,0.058498047,0.058498047,0,0.06880078234523535
test,DoS,DoS,1478200389.073359,1478200389.149751,2358144,33,0.515625,0,76.39193534851074,0,0x000,test,446,DoS,1,0.052359037,0.052359037,0,0.06880078234523535
test,DoS,DoS,1478200505.724459,1478200505.856775,2521024,30,0.46875,0,132.31611251831055,0,0x000,test,447,DoS,1,0.053861372,0.053861372,0,0.06880078234523535
test,Gear,Gear,1478195079.105781,1478195079.146186,3455296,20,0.3125,8,38.38109970092773,1087,0x43F,test,448,Gear,1,0.0670579,0.0670579,0,0.06880078234523535
test,DoS,DoS,1478200442.71014,1478200442.757404,2430464,35,0.546875,0,47.26409912109375,0,0x000,test,449,DoS,1,0.049992878,0.049992878,0,0.06880078234523535
test,RPM,RPM,1478192812.544941,1478192812.576534,3408128,22,0.34375,2,31.085968017578125,790,0x316,test,450,RPM,1,0.08484986,0.08484986,1,0.06880078234523535
test,RPM,RPM,1478192915.800591,1478192915.822851,3611264,19,0.296875,3,21.558046340942383,790,0x316,test,451,RPM,1,0.07674994,0.07674994,1,0.06880078234523535
test,DoS,DoS,1478200609.58339,1478200609.703856,2635200,34,0.53125,3,108.7970733642578,0,0x000,test,452,DoS,1,0.052954696,0.052954696,0,0.06880078234523535
test,RPM,RPM,1478192870.692402,1478192870.716141,3521472,20,0.3125,0,23.73909950256348,790,0x316,test,453,RPM,1,0.082009636,0.082009636,1,0.06880078234523535
test,RPM,RPM,1478192708.632414,1478192708.654652,3215296,20,0.3125,0,22.23801612854004,790,0x316,test,454,RPM,1,0.085604124,0.085604124,1,0.06880078234523535
test,Gear,Gear,1478195027.19718,1478195027.228427,3363072,24,0.375,1,30.38191795349121,1087,0x43F,test,455,Gear,1,0.072354406,0.072354406,1,0.06880078234523535
test,DoS,DoS,1478200434.3644,1478200434.40147,2419904,34,0.53125,0,37.07003593444824,0,0x000,test,456,DoS,1,0.04959652,0.04959652,0,0.06880078234523535
test,Fuzzy,Fuzzy,1478198102.741607,1478198102.791808,2809088,28,0.4375,0,50.2009391784668,1087,0x43F,test,457,Fuzzy,1,0.09879934,0.09879934,1,0.06880078234523535
test,Normal,Fuzzy,1478201128.665065,1478201128.696811,3690432,0,0.0,-1,,2,0x002,test,458,Normal,0,0.0666911,0.0666911,0,0.06880078234523535
test,Normal,RPM,1478201118.855995,1478201118.889053,4455104,0,0.0,-1,,304,0x130,test,459,Normal,0,0.066903666,0.066903666,0,0.06880078234523535
test,DoS,DoS,1478200460.583011,1478200460.606889,2456128,34,0.53125,1,23.634910583496094,0,0x000,test,460,DoS,1,0.049538836,0.049538836,0,0.06880078234523535
test,Normal,Gear,1478201133.815468,1478201133.847017,4304256,0,0.0,-1,,304,0x130,test,461,Normal,0,0.06735178,0.06735178,0,0.06880078234523535
test,Gear,Gear,1478195048.539092,1478195048.576674,3398592,23,0.359375,0,37.5819206237793,1087,0x43F,test,462,Gear,1,0.07114749,0.07114749,1,0.06880078234523535
test,Normal,Gear,1478201188.465851,1478201188.49954,4404992,0,0.0,-1,,704,0x2C0,test,463,Normal,0,0.063167736,0.063167736,0,0.06880078234523535
test,Fuzzy,Fuzzy,1478197989.540853,1478197989.619861,2701952,25,0.390625,5,72.68786430358887,304,0x130,test,464,Fuzzy,1,0.10317199,0.10317199,1,0.06880078234523535
test,Gear,Gear,1478195092.845433,1478195092.868281,3480960,19,0.296875,0,22.84789085388184,1087,0x43F,test,465,Gear,1,0.07301145,0.07301145,1,0.06880078234523535
test,RPM,RPM,1478192812.921201,1478192812.981923,3408576,20,0.3125,1,60.49704551696777,790,0x316,test,466,RPM,1,0.083347075,0.083347075,1,0.06880078234523535
test,Gear,Gear,1478195065.268874,1478195065.290953,3430208,20,0.3125,2,21.597862243652344,1087,0x43F,test,467,Gear,1,0.06917057,0.06917057,1,0.06880078234523535
test,DoS,DoS,1478200567.055819,1478200567.163495,2584960,32,0.5,0,107.67602920532228,0,0x000,test,468,DoS,1,0.050640963,0.050640963,0,0.06880078234523535
test,Gear,Gear,1478194977.00001,1478194977.022452,3272192,18,0.28125,0,22.442102432250977,1087,0x43F,test,469,Gear,1,0.07398877,0.07398877,1,0.06880078234523535
test,Normal,Fuzzy,1478201156.924152,1478201156.957732,3742272,0,0.0,-1,,2,0x002,test,470,Normal,0,0.06325724,0.06325724,0,0.06880078234523535
test,Normal,Fuzzy,1478201014.201528,1478201014.233566,3479104,0,0.0,-1,,304,0x130,test,471,Normal,0,0.06393737,0.06393737,0,0.06880078234523535
test,Fuzzy,Fuzzy,1478198134.989678,1478198135.013712,2860224,25,0.390625,5,22.87602424621582,399,0x18F,test,472,Fuzzy,1,0.093813956,0.093813956,1,0.06880078234523535
test,RPM,RPM,1478192730.74591,1478192730.785704,3260416,22,0.34375,0,39.7939682006836,790,0x316,test,473,RPM,1,0.08164958,0.08164958,1,0.06880078234523535
test,Normal,DoS,1478201094.20659,1478201094.238254,3453504,0,0.0,-1,,2,0x002,test,474,Normal,0,0.063639276,0.063639276,0,0.06880078234523535
test,Gear,Gear,1478194989.631528,1478194989.663372,3296256,17,0.265625,1,31.61501884460449,1087,0x43F,test,475,Gear,1,0.0689259,0.0689259,1,0.06880078234523535
test,Gear,Gear,1478194851.468686,1478194851.494278,3033536,22,0.34375,2,25.12788772583008,1087,0x43F,test,476,Gear,1,0.0687534,0.0687534,0,0.06880078234523535
test,DoS,DoS,1478200579.859636,1478200579.914324,2602112,33,0.515625,2,43.44511032104492,0,0x000,test,477,DoS,1,0.049718935,0.049718935,0,0.06880078234523535
test,RPM,RPM,1478192886.069059,1478192886.093122,3553984,20,0.3125,2,23.601055145263672,790,0x316,test,478,RPM,1,0.08371384,0.08371384,1,0.06880078234523535
test,Fuzzy,Fuzzy,1478198046.735845,1478198046.943946,2746752,11,0.171875,0,208.1007957458496,608,0x260,test,479,Fuzzy,1,0.075851396,0.075851396,1,0.06880078234523535
test,DoS,DoS,1478200492.094791,1478200492.125742,2502400,32,0.5,0,30.95102310180664,0,0x000,test,480,DoS,1,0.050408754,0.050408754,0,0.06880078234523535
test,Fuzzy,Fuzzy,1478198052.4909,1478198052.64428,2753472,23,0.359375,1,153.15985679626465,304,0x130,test,481,Fuzzy,1,0.092889525,0.092889525,1,0.06880078234523535
test,Fuzzy,Fuzzy,1478197829.379699,1478197829.720775,2554752,31,0.484375,0,341.0758972167969,809,0x329,test,482,Fuzzy,1,0.096914746,0.096914746,1,0.06880078234523535
test,DoS,DoS,1478200452.961411,1478200452.992878,2446272,35,0.546875,1,31.224966049194336,0,0x000,test,483,DoS,1,0.05382834,0.05382834,0,0.06880078234523535
test,Normal,RPM,1478201028.679157,1478201028.711671,4288768,0,0.0,-1,,2,0x002,test,484,Normal,0,0.06607263,0.06607263,0,0.06880078234523535
test,Normal,Fuzzy,1478201152.246015,1478201152.280003,3734080,0,0.0,-1,,304,0x130,test,485,Normal,0,0.06462969,0.06462969,0,0.06880078234523535
test,RPM,RPM,1478192782.171207,1478192782.232233,3358464,21,0.328125,3,60.31298637390137,790,0x316,test,486,RPM,1,0.08456899,0.08456899,1,0.06880078234523535
test,RPM,RPM,1478192683.407845,1478192683.431145,3158720,20,0.3125,0,23.2999324798584,790,0x316,test,487,RPM,1,0.0839437,0.0839437,1,0.06880078234523535
test,Gear,Gear,1478195047.501558,1478195047.531979,3396800,18,0.28125,5,29.255151748657227,1087,0x43F,test,488,Gear,1,0.067076005,0.067076005,0,0.06880078234523535
test,Fuzzy,Fuzzy,1478198150.559316,1478198150.613045,2886784,26,0.40625,0,53.72905731201172,2,0x002,test,489,Fuzzy,1,0.10946631,0.10946631,1,0.06880078234523535
test,DoS,DoS,1478200433.883882,1478200433.900074,2419200,36,0.5625,0,16.191959381103516,0,0x000,test,490,DoS,1,0.05105375,0.05105375,0,0.06880078234523535
test,Gear,Gear,1478194990.460484,1478194990.482802,3297984,20,0.3125,1,22.08399772644043,1087,0x43F,test,491,Gear,1,0.07170739,0.07170739,1,0.06880078234523535
test,DoS,DoS,1478200646.926905,1478200646.942544,2673792,30,0.46875,1,15.39301872253418,0,0x000,test,492,DoS,1,0.052772578,0.052772578,0,0.06880078234523535
test,Fuzzy,Fuzzy,1478197989.933003,1478197990.022656,2702400,28,0.4375,0,89.65301513671875,704,0x2C0,test,493,Fuzzy,1,0.101663806,0.101663806,1,0.06880078234523535
test,RPM,RPM,1478192780.540479,1478192780.598825,3356224,22,0.34375,1,58.1200122833252,790,0x316,test,494,RPM,1,0.08445823,0.08445823,1,0.06880078234523535
test,Normal,RPM,1478201066.588737,1478201066.623356,4358272,0,0.0,-1,,2,0x002,test,495,Normal,0,0.071338885,0.071338885,1,0.06880078234523535
test,RPM,RPM,1478192743.044969,1478192743.076321,3286080,19,0.296875,1,31.12578392028809,790,0x316,test,496,RPM,1,0.078698754,0.078698754,1,0.06880078234523535
test,Fuzzy,Fuzzy,1478197737.730452,1478197737.953516,2467520,20,0.3125,1,222.84293174743647,809,0x329,test,497,Fuzzy,1,0.08392832,0.08392832,1,0.06880078234523535
test,Fuzzy,Fuzzy,1478197962.181262,1478197962.212477,2678656,27,0.421875,3,30.267000198364254,305,0x131,test,498,Fuzzy,1,0.09536724,0.09536724,1,0.06880078234523535
test,Fuzzy,Fuzzy,1478197730.453449,1478197730.640997,2460096,30,0.46875,1,181.77294731140137,305,0x131,test,499,Fuzzy,1,0.09618036,0.09618036,1,0.06880078234523535
test,DoS,DoS,1478200483.949111,1478200484.022214,2489984,34,0.53125,1,72.86381721496582,0,0x000,test,500,DoS,1,0.05732802,0.05732802,0,0.06880078234523535
test,Gear,Gear,1478194976.621482,1478194976.668177,3271552,22,0.34375,7,45.015811920166016,1087,0x43F,test,501,Gear,1,0.068030804,0.068030804,0,0.06880078234523535
test,Fuzzy,Fuzzy,1478197811.107213,1478197811.151734,2539648,8,0.125,35,25.239229202270508,672,0x2A0,test,502,Fuzzy,1,0.068441294,0.068441294,0,0.06880078234523535
test,Normal,DoS,1478201156.251726,1478201156.284908,3567936,0,0.0,-1,,2,0x002,test,503,Normal,0,0.06272804,0.06272804,0,0.06880078234523535
test,Fuzzy,Fuzzy,1478197728.657605,1478197728.687509,2459072,11,0.171875,40,8.769989013671875,2,0x002,test,504,Fuzzy,1,0.073983096,0.073983096,1,0.06880078234523535
test,Gear,Gear,1478195065.291182,1478195065.316513,3430272,23,0.359375,0,25.33102035522461,1087,0x43F,test,505,Gear,1,0.07097418,0.07097418,1,0.06880078234523535
test,RPM,RPM,1478192766.745946,1478192766.770704,3334080,21,0.328125,1,23.83303642272949,790,0x316,test,506,RPM,1,0.08297394,0.08297394,1,0.06880078234523535
test,DoS,DoS,1478200437.676671,1478200437.772232,2423168,35,0.546875,1,95.31307220458984,0,0x000,test,507,DoS,1,0.04699138,0.04699138,0,0.06880078234523535
test,Fuzzy,Fuzzy,1478198167.164451,1478198167.184755,2915456,25,0.390625,1,20.08819580078125,809,0x329,test,508,Fuzzy,1,0.09022464,0.09022464,1,0.06880078234523535
test,Gear,Gear,1478194854.643159,1478194854.667103,3041152,20,0.3125,1,23.561954498291016,1087,0x43F,test,509,Gear,1,0.07021393,0.07021393,1,0.06880078234523535
test,RPM,RPM,1478192922.494329,1478192922.541033,3623744,24,0.375,0,46.70405387878418,790,0x316,test,510,RPM,1,0.08072357,0.08072357,1,0.06880078234523535
test,Fuzzy,Fuzzy,1478198133.729143,1478198133.778636,2857920,24,0.375,0,49.49307441711426,672,0x2A0,test,511,Fuzzy,1,0.098021,0.098021,1,0.06880078234523535
test,Fuzzy,Fuzzy,1478197989.790065,1478197989.830069,2702208,25,0.390625,4,39.05606269836426,339,0x153,test,512,Fuzzy,1,0.101676315,0.101676315,1,0.06880078234523535
test,Fuzzy,Fuzzy,1478198061.273159,1478198061.549742,2760384,30,0.46875,0,276.5829563140869,304,0x130,test,513,Fuzzy,1,0.1041949,0.1041949,1,0.06880078234523535
test,Normal,RPM,1478201065.553269,1478201065.588216,4356352,0,0.0,-1,,399,0x18F,test,514,Normal,0,0.064274065,0.064274065,0,0.06880078234523535
test,Gear,Gear,1478195016.908657,1478195016.931904,3343744,21,0.328125,2,22.761106491088867,1087,0x43F,test,515,Gear,1,0.068937846,0.068937846,1,0.06880078234523535
test,RPM,RPM,1478192890.122335,1478192890.144705,3562112,20,0.3125,0,22.370100021362305,790,0x316,test,516,RPM,1,0.08083696,0.08083696,1,0.06880078234523535
test,RPM,RPM,1478192814.645546,1478192814.685479,3410816,20,0.3125,2,39.45589065551758,790,0x316,test,517,RPM,1,0.08667276,0.08667276,1,0.06880078234523535
test,Normal,DoS,1478201097.970086,1478201098.006431,3460480,0,0.0,-1,,399,0x18F,test,518,Normal,0,0.068869874,0.068869874,1,0.06880078234523535
test,DoS,DoS,1478200449.263427,1478200449.289712,2440960,34,0.53125,1,26.037931442260746,0,0x000,test,519,DoS,1,0.05554026,0.05554026,0,0.06880078234523535
test,DoS,DoS,1478200484.358183,1478200484.403644,2490432,34,0.53125,1,45.21918296813965,0,0x000,test,520,DoS,1,0.048048735,0.048048735,0,0.06880078234523535
test,Normal,Gear,1478201064.930961,1478201064.968016,4176640,0,0.0,-1,,304,0x130,test,521,Normal,0,0.06481708,0.06481708,0,0.06880078234523535
test,Normal,DoS,1478201186.376443,1478201186.407421,3623744,0,0.0,-1,,399,0x18F,test,522,Normal,0,0.06389849,0.06389849,0,0.06880078234523535
test,Gear,Gear,1478195091.938155,1478195091.970038,3479104,18,0.28125,1,31.64196014404297,1087,0x43F,test,523,Gear,1,0.071809806,0.071809806,1,0.06880078234523535
test,Normal,Fuzzy,1478201141.44574,1478201141.479585,3714112,0,0.0,-1,,2,0x002,test,524,Normal,0,0.07104499,0.07104499,1,0.06880078234523535
test,Fuzzy,Fuzzy,1478198173.47432,1478198173.515691,2926528,26,0.40625,1,41.15414619445801,809,0x329,test,525,Fuzzy,1,0.09468075,0.09468075,1,0.06880078234523535
test,RPM,RPM,1478192870.341589,1478192870.364953,3520512,20,0.3125,1,22.78304100036621,790,0x316,test,526,RPM,1,0.08029262,0.08029262,1,0.06880078234523535
test,DoS,DoS,1478200628.154119,1478200628.405018,2651904,40,0.625,0,250.899076461792,0,0x000,test,527,DoS,1,0.0463684,0.0463684,0,0.06880078234523535
test,RPM,RPM,1478192703.843753,1478192703.865827,3205120,19,0.296875,5,20.821094512939453,790,0x316,test,528,RPM,1,0.0826629,0.0826629,1,0.06880078234523535
test,Fuzzy,Fuzzy,1478198052.059504,1478198052.187133,2753280,22,0.34375,1,121.9780445098877,1088,0x440,test,529,Fuzzy,1,0.08567416,0.08567416,1,0.06880078234523535
test,Fuzzy,Fuzzy,1478198091.136392,1478198091.231268,2790912,29,0.453125,1,90.90304374694824,339,0x153,test,530,Fuzzy,1,0.10300371,0.10300371,1,0.06880078234523535
test,Normal,Gear,1478201011.093947,1478201011.131239,4077632,0,0.0,-1,,704,0x2C0,test,531,Normal,0,0.06600363,0.06600363,0,0.06880078234523535
test,Normal,RPM,1478201114.366727,1478201114.398354,4446784,0,0.0,-1,,2,0x002,test,532,Normal,0,0.06552619,0.06552619,0,0.06880078234523535
test,RPM,RPM,1478192899.519717,1478192899.559969,3582464,12,0.1875,2,39.7789478302002,790,0x316,test,533,RPM,1,0.07817954,0.07817954,1,0.06880078234523535
test,RPM,RPM,1478192805.500863,1478192805.524768,3397056,21,0.328125,0,23.905038833618164,790,0x316,test,534,RPM,1,0.08355655,0.08355655,1,0.06880078234523535
test,Gear,Gear,1478194945.368924,1478194945.393059,3214272,21,0.328125,1,23.90408515930176,1087,0x43F,test,535,Gear,1,0.069926836,0.069926836,1,0.06880078234523535
test,DoS,DoS,1478200449.23991,1478200449.263178,2440896,35,0.546875,0,23.26822280883789,0,0x000,test,536,DoS,1,0.048194572,0.048194572,0,0.06880078234523535
test,DoS,DoS,1478200506.881102,1478200507.004914,2521408,38,0.59375,2,117.65909194946288,0,0x000,test,537,DoS,1,0.0473409,0.0473409,0,0.06880078234523535
test,DoS,DoS,1478200612.138999,1478200612.264033,2636416,36,0.5625,0,125.03409385681152,0,0x000,test,538,DoS,1,0.046906218,0.046906218,0,0.06880078234523535
test,Gear,Gear,1478195028.357108,1478195028.407121,3364288,23,0.359375,1,49.77703094482422,1087,0x43F,test,539,Gear,1,0.06883965,0.06883965,1,0.06880078234523535
test,RPM,RPM,1478192698.093279,1478192698.118741,3192384,20,0.3125,4,24.50704574584961,790,0x316,test,540,RPM,1,0.08372281,0.08372281,1,0.06880078234523535
test,DoS,DoS,1478200344.365817,1478200344.63522,2308352,41,0.640625,1,263.7200355529785,0,0x000,test,541,DoS,1,0.04730874,0.04730874,0,0.06880078234523535
test,RPM,RPM,1478192788.403848,1478192788.462226,3368384,18,0.28125,2,57.9228401184082,790,0x316,test,542,RPM,1,0.08023859,0.08023859,1,0.06880078234523535
test,DoS,DoS,1478200366.224213,1478200366.4617,2325696,32,0.5,0,237.4870777130127,0,0x000,test,543,DoS,1,0.04674126,0.04674126,0,0.06880078234523535
test,DoS,DoS,1478200504.601378,1478200504.646537,2520192,36,0.5625,0,45.159101486206055,0,0x000,test,544,DoS,1,0.0474468,0.0474468,0,0.06880078234523535
test,Fuzzy,Fuzzy,1478197965.12416,1478197965.410445,2679744,22,0.34375,4,279.9069881439209,704,0x2C0,test,545,Fuzzy,1,0.09711267,0.09711267,1,0.06880078234523535
test,RPM,RPM,1478192922.22487,1478192922.249375,3623104,22,0.34375,3,23.79608154296875,790,0x316,test,546,RPM,1,0.081313446,0.081313446,1,0.06880078234523535
test,RPM,RPM,1478192795.410743,1478192795.443364,3379776,20,0.3125,0,32.620906829833984,790,0x316,test,547,RPM,1,0.07905767,0.07905767,1,0.06880078234523535
test,Normal,RPM,1478201146.526611,1478201146.56012,4506368,0,0.0,-1,,305,0x131,test,548,Normal,0,0.06764398,0.06764398,0,0.06880078234523535
test,Normal,RPM,1478201157.65136,1478201157.685785,4526464,0,0.0,-1,,2,0x002,test,549,Normal,0,0.062499523,0.062499523,0,0.06880078234523535
test,Gear,Gear,1478194930.934192,1478194930.975599,3189056,23,0.359375,0,41.407108306884766,1087,0x43F,test,550,Gear,1,0.072148435,0.072148435,1,0.06880078234523535
test,Gear,Gear,1478194865.595915,1478194865.625176,3064512,20,0.3125,0,29.260873794555664,1087,0x43F,test,551,Gear,1,0.06924806,0.06924806,1,0.06880078234523535
test,RPM,RPM,1478192910.201349,1478192910.282299,3602624,21,0.328125,0,80.95002174377441,790,0x316,test,552,RPM,1,0.08072771,0.08072771,1,0.06880078234523535
test,Normal,Gear,1478201053.568153,1478201053.599275,4155584,0,0.0,-1,,2,0x002,test,553,Normal,0,0.06011263,0.06011263,0,0.06880078234523535
test,DoS,DoS,1478200552.219028,1478200552.239023,2569600,35,0.546875,0,19.99497413635254,0,0x000,test,554,DoS,1,0.05027766,0.05027766,0,0.06880078234523535
test,Fuzzy,Fuzzy,1478198148.039971,1478198148.060039,2882816,25,0.390625,3,19.37508583068848,809,0x329,test,555,Fuzzy,1,0.09204418,0.09204418,1,0.06880078234523535
test,RPM,RPM,1478192834.536838,1478192834.565911,3448512,22,0.34375,3,28.367996215820312,790,0x316,test,556,RPM,1,0.08266231,0.08266231,1,0.06880078234523535
test,DoS,DoS,1478200451.157302,1478200451.188764,2443520,33,0.515625,0,31.46219253540039,0,0x000,test,557,DoS,1,0.05063234,0.05063234,0,0.06880078234523535
test,Fuzzy,Fuzzy,1478197758.203612,1478197758.332057,2487616,28,0.4375,2,127.98500061035156,339,0x153,test,558,Fuzzy,1,0.10110285,0.10110285,1,0.06880078234523535
test,DoS,DoS,1478200496.105948,1478200496.131721,2509120,35,0.546875,1,25.53391456604004,0,0x000,test,559,DoS,1,0.054183517,0.054183517,0,0.06880078234523535
test,DoS,DoS,1478200482.713203,1478200482.765723,2489088,32,0.5,0,52.520036697387695,0,0x000,test,560,DoS,1,0.047845226,0.047845226,0,0.06880078234523535
test,Normal,Fuzzy,1478201167.772508,1478201167.804145,3762368,0,0.0,-1,,608,0x260,test,561,Normal,0,0.06310162,0.06310162,0,0.06880078234523535
test,RPM,RPM,1478192718.02067,1478192718.046805,3235456,20,0.3125,2,25.7718563079834,790,0x316,test,562,RPM,1,0.08355322,0.08355322,1,0.06880078234523535
test,Fuzzy,Fuzzy,1478197814.180241,1478197814.375573,2540992,28,0.4375,0,195.33181190490723,848,0x350,test,563,Fuzzy,1,0.09337735,0.09337735,1,0.06880078234523535
test,Normal,Gear,1478201197.759542,1478201197.792407,4422208,0,0.0,-1,,2,0x002,test,564,Normal,0,0.06536418,0.06536418,0,0.06880078234523535
test,RPM,RPM,1478192930.106869,1478192930.173493,3636352,22,0.34375,1,66.14899635314941,790,0x316,test,565,RPM,1,0.0846519,0.0846519,1,0.06880078234523535
test,Gear,Gear,1478195092.535725,1478195092.558993,3480320,16,0.25,9,18.403053283691406,1087,0x43F,test,566,Gear,1,0.06993144,0.06993144,1,0.06880078234523535
test,Fuzzy,Fuzzy,1478198102.442774,1478198102.48047,2808640,28,0.4375,0,37.69588470458984,2,0x002,test,567,Fuzzy,1,0.093700685,0.093700685,1,0.06880078234523535
test,Fuzzy,Fuzzy,1478198148.755543,1478198148.79675,2884096,24,0.375,2,40.73596000671387,320,0x140,test,568,Fuzzy,1,0.089785375,0.089785375,1,0.06880078234523535
test,Gear,Gear,1478194890.475217,1478194890.497264,3111104,19,0.296875,5,20.73192596435547,1087,0x43F,test,569,Gear,1,0.069382526,0.069382526,1,0.06880078234523535
test,Fuzzy,Fuzzy,1478197802.788904,1478197802.820885,2531776,5,0.078125,52,3.49283218383789,2,0x002,test,570,Fuzzy,1,0.07514159,0.07514159,1,0.06880078234523535
test,RPM,RPM,1478192891.563396,1478192891.592638,3565440,20,0.3125,6,27.777910232543945,790,0x316,test,571,RPM,1,0.08362458,0.08362458,1,0.06880078234523535
test,RPM,RPM,1478192690.775426,1478192690.79856,3175744,21,0.328125,2,22.6747989654541,790,0x316,test,572,RPM,1,0.084291756,0.084291756,1,0.06880078234523535
test,Fuzzy,Fuzzy,1478198131.49613,1478198131.523704,2853696,15,0.234375,22,13.216018676757812,2,0x002,test,573,Fuzzy,1,0.086194314,0.086194314,1,0.06880078234523535
test,RPM,RPM,1478192852.726498,1478192852.750104,3484096,20,0.3125,0,23.606061935424805,790,0x316,test,574,RPM,1,0.083401605,0.083401605,1,0.06880078234523535
test,RPM,RPM,1478192709.241997,1478192709.264717,3216960,21,0.328125,0,22.7200984954834,790,0x316,test,575,RPM,1,0.08339403,0.08339403,1,0.06880078234523535
test,RPM,RPM,1478192928.957067,1478192929.036467,3635456,18,0.28125,3,78.7041187286377,790,0x316,test,576,RPM,1,0.08121045,0.08121045,1,0.06880078234523535
test,Fuzzy,Fuzzy,1478197802.965463,1478197802.98661,2532224,23,0.359375,10,18.78690719604492,399,0x18F,test,577,Fuzzy,1,0.10336456,0.10336456,1,0.06880078234523535
test,Fuzzy,Fuzzy,1478198150.913787,1478198150.953351,2887296,21,0.328125,9,29.87504005432129,2,0x002,test,578,Fuzzy,1,0.09332909,0.09332909,1,0.06880078234523535
test,RPM,RPM,1478192879.774097,1478192879.798064,3540416,19,0.296875,3,23.06604385375977,790,0x316,test,579,RPM,1,0.085102335,0.085102335,1,0.06880078234523535
test,Normal,DoS,1478201173.834182,1478201173.867784,3600512,0,0.0,-1,,304,0x130,test,580,Normal,0,0.064231865,0.064231865,0,0.06880078234523535
test,DoS,DoS,1478200323.118755,1478200323.201505,2290688,28,0.4375,0,82.74984359741211,0,0x000,test,581,DoS,1,0.054843746,0.054843746,0,0.06880078234523535
test,DoS,DoS,1478200387.670355,1478200387.686199,2355904,34,0.53125,0,15.843868255615234,0,0x000,test,582,DoS,1,0.048600588,0.048600588,0,0.06880078234523535
test,DoS,DoS,1478200403.523868,1478200403.547127,2381504,34,0.53125,0,23.25892448425293,0,0x000,test,583,DoS,1,0.055516213,0.055516213,0,0.06880078234523535
test,Gear,Gear,1478194988.024673,1478194988.049502,3292800,22,0.34375,0,24.82891082763672,1087,0x43F,test,584,Gear,1,0.07134905,0.07134905,1,0.06880078234523535
test,RPM,RPM,1478192891.894254,1478192891.922361,3566208,20,0.3125,3,27.43387222290039,790,0x316,test,585,RPM,1,0.08776744,0.08776744,1,0.06880078234523535
test,DoS,DoS,1478200580.403943,1478200580.535971,2602624,36,0.5625,3,131.04701042175293,0,0x000,test,586,DoS,1,0.05577979,0.05577979,0,0.06880078234523535
test,Normal,DoS,1478201145.506186,1478201145.537177,3548544,0,0.0,-1,,304,0x130,test,587,Normal,0,0.060510572,0.060510572,0,0.06880078234523535
test,Gear,Gear,1478195073.171778,1478195073.211791,3444416,19,0.296875,1,39.78109359741211,1087,0x43F,test,588,Gear,1,0.06819328,0.06819328,0,0.06880078234523535
test,Fuzzy,Fuzzy,1478197855.267685,1478197855.447906,2576768,27,0.421875,1,174.72600936889648,320,0x140,test,589,Fuzzy,1,0.09589202,0.09589202,1,0.06880078234523535
test,Fuzzy,Fuzzy,1478198118.865991,1478198118.943891,2835072,24,0.375,3,77.18896865844727,1087,0x43F,test,590,Fuzzy,1,0.100388266,0.100388266,1,0.06880078234523535
test,Gear,Gear,1478194990.092194,1478194990.121123,3297280,15,0.234375,2,28.450965881347656,1087,0x43F,test,591,Gear,1,0.06962804,0.06962804,1,0.06880078234523535
test,RPM,RPM,1478192702.155542,1478192702.181659,3200640,24,0.375,2,24.91903305053711,790,0x316,test,592,RPM,1,0.08602593,0.08602593,1,0.06880078234523535
test,DoS,DoS,1478200441.523648,1478200441.539556,2429312,34,0.53125,0,15.908002853393556,0,0x000,test,593,DoS,1,0.047158416,0.047158416,0,0.06880078234523535
test,Fuzzy,Fuzzy,1478197804.284884,1478197804.434248,2533184,23,0.359375,1,149.14989471435547,672,0x2A0,test,594,Fuzzy,1,0.09569935,0.09569935,1,0.06880078234523535
test,Normal,Fuzzy,1478201139.096836,1478201139.128515,3709760,0,0.0,-1,,790,0x316,test,595,Normal,0,0.06129232,0.06129232,0,0.06880078234523535
test,Normal,Fuzzy,1478201087.519841,1478201087.557098,3614208,0,0.0,-1,,2,0x002,test,596,Normal,0,0.066561006,0.066561006,0,0.06880078234523535
test,RPM,RPM,1478192773.303111,1478192773.378188,3345600,20,0.3125,1,74.85389709472656,790,0x316,test,597,RPM,1,0.07965678,0.07965678,1,0.06880078234523535
test,Normal,RPM,1478201155.129699,1478201155.164699,4521792,0,0.0,-1,,339,0x153,test,598,Normal,0,0.061452135,0.061452135,0,0.06880078234523535
test,Normal,RPM,1478201178.586381,1478201178.622947,4565248,0,0.0,-1,,305,0x131,test,599,Normal,0,0.065096594,0.065096594,0,0.06880078234523535
test,Gear,Gear,1478194847.769559,1478194847.797463,3026304,20,0.3125,0,27.904033660888672,1087,0x43F,test,600,Gear,1,0.0684274,0.0684274,0,0.06880078234523535
test,RPM,RPM,1478192742.624403,1478192742.653542,3285056,22,0.34375,3,28.432130813598636,790,0x316,test,601,RPM,1,0.08349446,0.08349446,1,0.06880078234523535
test,RPM,RPM,1478192967.999071,1478192968.03064,3705920,22,0.34375,0,31.56900405883789,790,0x316,test,602,RPM,1,0.08383944,0.08383944,1,0.06880078234523535
test,Fuzzy,Fuzzy,1478198168.957812,1478198168.984546,2918336,25,0.390625,0,26.733875274658203,399,0x18F,test,603,Fuzzy,1,0.083958305,0.083958305,1,0.06880078234523535
test,Fuzzy,Fuzzy,1478198173.163621,1478198173.187061,2926144,25,0.390625,0,23.44012260437012,704,0x2C0,test,604,Fuzzy,1,0.092263095,0.092263095,1,0.06880078234523535
test,Normal,Gear,1478201202.214858,1478201202.250244,4430464,0,0.0,-1,,704,0x2C0,test,605,Normal,0,0.06635044,0.06635044,0,0.06880078234523535
test,Fuzzy,Fuzzy,1478198066.052029,1478198066.073412,2765888,27,0.421875,0,21.38304710388184,2,0x002,test,606,Fuzzy,1,0.10158951,0.10158951,1,0.06880078234523535
test,RPM,RPM,1478192948.545896,1478192948.581495,3668800,22,0.34375,1,35.37297248840332,790,0x316,test,607,RPM,1,0.084940046,0.084940046,1,0.06880078234523535
test,Fuzzy,Fuzzy,1478197750.032106,1478197750.109548,2478336,29,0.453125,2,66.72215461730957,704,0x2C0,test,608,Fuzzy,1,0.09495612,0.09495612,1,0.06880078234523535
test,DoS,DoS,1478200344.154039,1478200344.360271,2308288,36,0.5625,0,206.2320709228516,0,0x000,test,609,DoS,1,0.04926452,0.04926452,0,0.06880078234523535
test,RPM,RPM,1478192968.119666,1478192968.144487,3706112,16,0.25,6,23.361921310424805,790,0x316,test,610,RPM,1,0.078243926,0.078243926,1,0.06880078234523535
test,RPM,RPM,1478192769.551767,1478192769.590242,3338560,20,0.3125,1,38.24782371520996,790,0x316,test,611,RPM,1,0.082642615,0.082642615,1,0.06880078234523535
test,Fuzzy,Fuzzy,1478197937.492324,1478197937.643555,2653376,25,0.390625,5,145.53189277648926,305,0x131,test,612,Fuzzy,1,0.092310406,0.092310406,1,0.06880078234523535
test,Normal,DoS,1478201137.526591,1478201137.557668,3533760,0,0.0,-1,,304,0x130,test,613,Normal,0,0.06673065,0.06673065,0,0.06880078234523535
test,DoS,DoS,1478200429.219437,1478200429.261772,2411328,32,0.5,1,42.09089279174805,0,0x000,test,614,DoS,1,0.046891257,0.046891257,0,0.06880078234523535
test,RPM,RPM,1478192916.442747,1478192916.471441,3612544,20,0.3125,3,23.03504943847656,790,0x316,test,615,RPM,1,0.08079851,0.08079851,1,0.06880078234523535
test,Fuzzy,Fuzzy,1478198112.223289,1478198112.24451,2824512,25,0.390625,0,21.220922470092773,2,0x002,test,616,Fuzzy,1,0.09188702,0.09188702,1,0.06880078234523535
test,RPM,RPM,1478192750.585093,1478192750.610362,3302336,22,0.34375,2,24.812936782836918,790,0x316,test,617,RPM,1,0.08441654,0.08441654,1,0.06880078234523535
test,DoS,DoS,1478200571.982139,1478200572.068429,2592320,34,0.53125,3,75.02388954162598,0,0x000,test,618,DoS,1,0.05439169,0.05439169,0,0.06880078234523535
test,Normal,Fuzzy,1478201129.734181,1478201129.766811,3692416,0,0.0,-1,,2,0x002,test,619,Normal,0,0.06776749,0.06776749,0,0.06880078234523535
test,Gear,Gear,1478195007.179551,1478195007.201918,3326336,20,0.3125,1,22.134780883789062,1087,0x43F,test,620,Gear,1,0.06639952,0.06639952,0,0.06880078234523535
test,RPM,RPM,1478192960.943253,1478192960.971646,3692736,19,0.296875,6,22.962093353271484,790,0x316,test,621,RPM,1,0.08432939,0.08432939,1,0.06880078234523535
test,RPM,RPM,1478192923.291318,1478192923.325245,3625216,17,0.265625,6,30.75790405273437,790,0x316,test,622,RPM,1,0.078130856,0.078130856,1,0.06880078234523535
test,Gear,Gear,1478195045.808834,1478195045.833425,3393920,21,0.328125,0,24.59096908569336,1087,0x43F,test,623,Gear,1,0.06751864,0.06751864,0,0.06880078234523535
test,RPM,RPM,1478192723.252906,1478192723.27506,3245760,20,0.3125,1,21.92902565002441,790,0x316,test,624,RPM,1,0.0795948,0.0795948,1,0.06880078234523535
test,DoS,DoS,1478200442.291837,1478200442.32177,2429952,35,0.546875,0,29.93297576904297,0,0x000,test,625,DoS,1,0.051617235,0.051617235,0,0.06880078234523535
test,Gear,Gear,1478195003.981954,1478195004.014547,3320320,19,0.296875,1,32.360076904296875,1087,0x43F,test,626,Gear,1,0.06785208,0.06785208,0,0.06880078234523535
test,Fuzzy,Fuzzy,1478197862.154689,1478197862.337244,2583552,27,0.421875,0,182.5549602508545,304,0x130,test,627,Fuzzy,1,0.10071975,0.10071975,1,0.06880078234523535
test,Gear,Gear,1478195068.564138,1478195068.590827,3435712,19,0.296875,7,25.03490447998047,1087,0x43F,test,628,Gear,1,0.067872316,0.067872316,0,0.06880078234523535
test,Normal,Gear,1478201089.046095,1478201089.078101,4221312,0,0.0,-1,,2,0x002,test,629,Normal,0,0.0625093,0.0625093,0,0.06880078234523535
test,RPM,RPM,1478192929.304422,1478192929.342992,3635712,24,0.375,1,38.34199905395508,790,0x316,test,630,RPM,1,0.082477994,0.082477994,1,0.06880078234523535
test,Fuzzy,Fuzzy,1478197762.359479,1478197762.594515,2494208,28,0.4375,6,233.63304138183597,2,0x002,test,631,Fuzzy,1,0.098318435,0.098318435,1,0.06880078234523535
test,RPM,RPM,1478192879.449911,1478192879.474253,3539648,21,0.328125,1,24.11794662475586,790,0x316,test,632,RPM,1,0.08873982,0.08873982,1,0.06880078234523535
test,RPM,RPM,1478192898.857318,1478192898.88182,3580800,20,0.3125,1,23.51593971252441,790,0x316,test,633,RPM,1,0.07986402,0.07986402,1,0.06880078234523535
test,DoS,DoS,1478200415.246329,1478200415.335604,2391296,36,0.5625,0,89.27488327026367,0,0x000,test,634,DoS,1,0.053966623,0.053966623,0,0.06880078234523535
test,DoS,DoS,1478200427.09825,1478200427.118594,2407488,33,0.515625,1,20.099878311157227,0,0x000,test,635,DoS,1,0.050270434,0.050270434,0,0.06880078234523535
test,RPM,RPM,1478192782.45919,1478192782.510844,3358784,17,0.265625,7,49.53503608703613,790,0x316,test,636,RPM,1,0.076837935,0.076837935,1,0.06880078234523535
test,RPM,RPM,1478192878.840518,1478192878.875004,3538368,20,0.3125,0,34.48605537414551,790,0x316,test,637,RPM,1,0.082977675,0.082977675,1,0.06880078234523535
test,Gear,Gear,1478195055.065427,1478195055.093667,3411584,19,0.296875,5,25.04491806030273,1087,0x43F,test,638,Gear,1,0.06692552,0.06692552,0,0.06880078234523535
test,Gear,Gear,1478194887.087409,1478194887.137583,3104896,26,0.40625,2,49.68404769897461,1087,0x43F,test,639,Gear,1,0.06689064,0.06689064,0,0.06880078234523535
test,Fuzzy,Fuzzy,1478197976.66117,1478197976.682299,2692224,23,0.359375,2,20.67399024963379,2,0x002,test,640,Fuzzy,1,0.09285653,0.09285653,1,0.06880078234523535
test,Normal,Fuzzy,1478201051.008925,1478201051.040053,3546560,0,0.0,-1,,2,0x002,test,641,Normal,0,0.064039424,0.064039424,0,0.06880078234523535
test,Fuzzy,Fuzzy,1478197839.668363,1478197839.991212,2562880,27,0.421875,1,317.1079158782959,608,0x260,test,642,Fuzzy,1,0.104214445,0.104214445,1,0.06880078234523535
test,Fuzzy,Fuzzy,1478197770.416102,1478197770.469619,2501632,27,0.421875,0,53.51710319519043,2,0x002,test,643,Fuzzy,1,0.096067846,0.096067846,1,0.06880078234523535
test,Normal,RPM,1478201029.128659,1478201029.160709,4289600,0,0.0,-1,,2,0x002,test,644,Normal,0,0.061078474,0.061078474,0,0.06880078234523535
test,Normal,RPM,1478201126.59568,1478201126.628061,4469440,0,0.0,-1,,304,0x130,test,645,Normal,0,0.07178887,0.07178887,1,0.06880078234523535
test,Gear,Gear,1478195100.852144,1478195100.887545,3497024,21,0.328125,0,35.401105880737305,1087,0x43F,test,646,Gear,1,0.07500243,0.07500243,1,0.06880078234523535
test,Normal,RPM,1478201197.240464,1478201197.276333,4599808,0,0.0,-1,,2,0x002,test,647,Normal,0,0.061159432,0.061159432,0,0.06880078234523535
test,DoS,DoS,1478200519.444434,1478200519.61771,2536384,32,0.5,0,173.27618598937988,0,0x000,test,648,DoS,1,0.051737543,0.051737543,0,0.06880078234523535
test,RPM,RPM,1478192870.153144,1478192870.176314,3520000,20,0.3125,0,23.17023277282715,790,0x316,test,649,RPM,1,0.08735152,0.08735152,1,0.06880078234523535
test,Fuzzy,Fuzzy,1478198135.712917,1478198135.770288,2861312,28,0.4375,0,57.370901107788086,790,0x316,test,650,Fuzzy,1,0.099184625,0.099184625,1,0.06880078234523535
test,Gear,Gear,1478195104.11733,1478195104.139033,3503040,20,0.3125,2,21.13199234008789,1087,0x43F,test,651,Gear,1,0.066873565,0.066873565,0,0.06880078234523535
test,RPM,RPM,1478192896.870813,1478192896.910044,3576256,19,0.296875,1,38.88988494873047,790,0x316,test,652,RPM,1,0.08110869,0.08110869,1,0.06880078234523535
test,Normal,Gear,1478201177.204955,1478201177.238753,4384128,0,0.0,-1,,304,0x130,test,653,Normal,0,0.063589424,0.063589424,0,0.06880078234523535
test,RPM,RPM,1478192883.07647,1478192883.100466,3546688,22,0.34375,0,23.99611473083496,790,0x316,test,654,RPM,1,0.08542164,0.08542164,1,0.06880078234523535
test,DoS,DoS,1478200410.743131,1478200410.759294,2388736,35,0.546875,0,16.163110733032227,0,0x000,test,655,DoS,1,0.054332756,0.054332756,0,0.06880078234523535
test,Gear,Gear,1478194949.323459,1478194949.363867,3221696,18,0.28125,6,38.52510452270508,1087,0x43F,test,656,Gear,1,0.06661779,0.06661779,0,0.06880078234523535
test,DoS,DoS,1478200558.507212,1478200558.781467,2577408,33,0.515625,3,262.73107528686523,0,0x000,test,657,DoS,1,0.05316339,0.05316339,0,0.06880078234523535
test,DoS,DoS,1478200625.735541,1478200625.97083,2651072,32,0.5,1,235.04304885864255,0,0x000,test,658,DoS,1,0.04741101,0.04741101,0,0.06880078234523535
test,DoS,DoS,1478200373.288477,1478200373.342828,2333056,36,0.5625,1,54.10194396972656,0,0x000,test,659,DoS,1,0.048354946,0.048354946,0,0.06880078234523535
test,Normal,RPM,1478201137.47695,1478201137.509068,4489600,0,0.0,-1,,399,0x18F,test,660,Normal,0,0.069947146,0.069947146,1,0.06880078234523535
test,Gear,Gear,1478194931.878766,1478194931.917514,3190464,23,0.359375,3,38.02800178527832,1087,0x43F,test,661,Gear,1,0.0685989,0.0685989,0,0.06880078234523535
test,Normal,RPM,1478201062.340413,1478201062.377588,4350400,0,0.0,-1,,672,0x2A0,test,662,Normal,0,0.065454066,0.065454066,0,0.06880078234523535
test,RPM,RPM,1478192865.137224,1478192865.159804,3509952,19,0.296875,3,21.465063095092773,790,0x316,test,663,RPM,1,0.07908293,0.07908293,1,0.06880078234523535
test,Gear,Gear,1478194955.937863,1478194955.985757,3232832,20,0.3125,4,46.95320129394531,1087,0x43F,test,664,Gear,1,0.071834184,0.071834184,1,0.06880078234523535
test,Normal,RPM,1478201085.691028,1478201085.727658,4393664,0,0.0,-1,,339,0x153,test,665,Normal,0,0.06815629,0.06815629,0,0.06880078234523535
test,DoS,DoS,1478200594.459491,1478200594.585236,2619200,35,0.546875,1,125.49996376037598,0,0x000,test,666,DoS,1,0.053494677,0.053494677,0,0.06880078234523535
test,RPM,RPM,1478192747.41167,1478192747.433606,3294848,20,0.3125,2,21.469831466674805,790,0x316,test,667,RPM,1,0.08261783,0.08261783,1,0.06880078234523535
test,DoS,DoS,1478200396.082242,1478200396.131312,2369600,38,0.59375,0,49.06988143920898,0,0x000,test,668,DoS,1,0.04611256,0.04611256,0,0.06880078234523535
test,Normal,Gear,1478201124.246021,1478201124.278554,4286528,0,0.0,-1,,2,0x002,test,669,Normal,0,0.066653825,0.066653825,0,0.06880078234523535
test,Normal,Fuzzy,1478201171.259996,1478201171.29443,3768832,0,0.0,-1,,2,0x002,test,670,Normal,0,0.06337763,0.06337763,0,0.06880078234523535
test,RPM,RPM,1478192903.487325,1478192903.517529,3590464,21,0.328125,1,29.796123504638672,790,0x316,test,671,RPM,1,0.078146935,0.078146935,1,0.06880078234523535
test,RPM,RPM,1478192957.333204,1478192957.360173,3686144,21,0.328125,2,26.51095390319824,790,0x316,test,672,RPM,1,0.08453611,0.08453611,1,0.06880078234523535
test,DoS,DoS,1478200396.539805,1478200396.573375,2370240,37,0.578125,0,33.570051193237305,0,0x000,test,673,DoS,1,0.049476255,0.049476255,0,0.06880078234523535
test,Normal,RPM,1478201090.14877,1478201090.184539,4401920,0,0.0,-1,,304,0x130,test,674,Normal,0,0.0715746,0.0715746,1,0.06880078234523535
test,Normal,DoS,1478201053.579974,1478201053.617159,3378240,0,0.0,-1,,399,0x18F,test,675,Normal,0,0.059586436,0.059586436,0,0.06880078234523535
test,Fuzzy,Fuzzy,1478197795.166631,1478197795.262762,2523136,23,0.359375,2,95.66712379455566,304,0x130,test,676,Fuzzy,1,0.083480634,0.083480634,1,0.06880078234523535
test,RPM,RPM,1478192734.73875,1478192734.780089,3268352,20,0.3125,1,41.11289978027344,790,0x316,test,677,RPM,1,0.081319906,0.081319906,1,0.06880078234523535
test,Normal,Fuzzy,1478201079.12667,1478201079.1584,3598656,0,0.0,-1,,2,0x002,test,678,Normal,0,0.065963745,0.065963745,0,0.06880078234523535
test,DoS,DoS,1478200487.70135,1478200487.717833,2496320,36,0.5625,0,16.483068466186523,0,0x000,test,679,DoS,1,0.05033533,0.05033533,0,0.06880078234523535
test,DoS,DoS,1478200496.602682,1478200496.642553,2509760,36,0.5625,1,39.628028869628906,0,0x000,test,680,DoS,1,0.051614415,0.051614415,0,0.06880078234523535
test,DoS,DoS,1478200352.118103,1478200352.344305,2313920,33,0.515625,1,225.9550094604492,0,0x000,test,681,DoS,1,0.056702644,0.056702644,0,0.06880078234523535
test,Fuzzy,Fuzzy,1478197961.320577,1478197961.352581,2677312,25,0.390625,0,32.00411796569824,2,0x002,test,682,Fuzzy,1,0.093758814,0.093758814,1,0.06880078234523535
test,DoS,DoS,1478200373.835368,1478200373.869085,2333760,37,0.578125,0,33.71715545654297,0,0x000,test,683,DoS,1,0.05018487,0.05018487,0,0.06880078234523535
test,DoS,DoS,1478200495.84182,1478200495.902568,2508928,30,0.46875,9,56.55407905578613,0,0x000,test,684,DoS,1,0.054458056,0.054458056,0,0.06880078234523535
test,DoS,DoS,1478200357.178181,1478200357.30432,2319104,37,0.578125,0,126.13916397094728,0,0x000,test,685,DoS,1,0.051154952,0.051154952,0,0.06880078234523535
test,RPM,RPM,1478192780.769794,1478192780.800985,3356544,17,0.265625,7,28.904199600219727,790,0x316,test,686,RPM,1,0.08276256,0.08276256,1,0.06880078234523535
test,DoS,DoS,1478200609.120098,1478200609.135858,2634880,33,0.515625,1,15.514135360717772,0,0x000,test,687,DoS,1,0.051224202,0.051224202,0,0.06880078234523535
test,Gear,Gear,1478194919.287922,1478194919.33512,3168832,21,0.328125,3,44.44694519042969,1087,0x43F,test,688,Gear,1,0.07340098,0.07340098,1,0.06880078234523535
test,RPM,RPM,1478192850.721105,1478192850.744966,3479424,21,0.328125,5,22.37701416015625,790,0x316,test,689,RPM,1,0.08010573,0.08010573,1,0.06880078234523535
test,DoS,DoS,1478200624.113272,1478200624.139032,2649984,15,0.234375,38,6.666898727416992,0,0x000,test,690,DoS,1,0.06449856,0.06449856,0,0.06880078234523535
test,Normal,DoS,1478201130.476717,1478201130.513624,3520704,0,0.0,-1,,399,0x18F,test,691,Normal,0,0.06544721,0.06544721,0,0.06880078234523535
test,Fuzzy,Fuzzy,1478197989.079851,1478197989.349406,2701760,28,0.4375,1,264.6989822387696,1087,0x43F,test,692,Fuzzy,1,0.09990601,0.09990601,1,0.06880078234523535
test,Normal,RPM,1478201092.635835,1478201092.668758,4406528,0,0.0,-1,,2,0x002,test,693,Normal,0,0.0674387,0.0674387,0,0.06880078234523535
test,Gear,Gear,1478194944.30351,1478194944.328009,3212672,21,0.328125,1,24.258852005004883,1087,0x43F,test,694,Gear,1,0.06705031,0.06705031,0,0.06880078234523535
test,Fuzzy,Fuzzy,1478197796.767015,1478197796.813323,2523904,31,0.484375,1,46.08607292175293,880,0x370,test,695,Fuzzy,1,0.10412221,0.10412221,1,0.06880078234523535
test,Gear,Gear,1478194859.474702,1478194859.505943,3051328,20,0.3125,1,31.00895881652832,1087,0x43F,test,696,Gear,1,0.071076825,0.071076825,1,0.06880078234523535
test,Gear,Gear,1478194866.597955,1478194866.629171,3066816,20,0.3125,3,30.51090240478516,1087,0x43F,test,697,Gear,1,0.06725569,0.06725569,0,0.06880078234523535
test,Fuzzy,Fuzzy,1478197870.241905,1478197870.404518,2591488,27,0.421875,4,151.0767936706543,2,0x002,test,698,Fuzzy,1,0.09739694,0.09739694,1,0.06880078234523535
test,DoS,DoS,1478200557.387826,1478200557.502047,2577088,38,0.59375,0,114.22109603881836,0,0x000,test,699,DoS,1,0.04759122,0.04759122,0,0.06880078234523535
test,Normal,DoS,1478201174.76674,1478201174.799485,3602240,0,0.0,-1,,608,0x260,test,700,Normal,0,0.06465179,0.06465179,0,0.06880078234523535
test,Fuzzy,Fuzzy,1478198117.215413,1478198117.272827,2833280,23,0.359375,6,55.99498748779297,2,0x002,test,701,Fuzzy,1,0.092479385,0.092479385,1,0.06880078234523535
test,DoS,DoS,1478200533.51944,1478200533.535001,2551808,32,0.5,1,15.315055847167969,0,0x000,test,702,DoS,1,0.050437123,0.050437123,0,0.06880078234523535
test,Fuzzy,Fuzzy,1478198085.677406,1478198085.751464,2782784,20,0.3125,15,68.07899475097656,304,0x130,test,703,Fuzzy,1,0.08891153,0.08891153,1,0.06880078234523535
test,RPM,RPM,1478192922.775101,1478192922.813465,3624256,21,0.328125,1,37.93716430664063,790,0x316,test,704,RPM,1,0.086851425,0.086851425,1,0.06880078234523535
test,Normal,RPM,1478201087.660763,1478201087.697108,4397312,0,0.0,-1,,2,0x002,test,705,Normal,0,0.067201436,0.067201436,0,0.06880078234523535
test,DoS,DoS,1478200461.239906,1478200461.286631,2457088,34,0.53125,1,46.48208618164063,0,0x000,test,706,DoS,1,0.051291045,0.051291045,0,0.06880078234523535
test,DoS,DoS,1478200605.316737,1478200605.513601,2628928,41,0.640625,0,196.86412811279297,0,0x000,test,707,DoS,1,0.047917802,0.047917802,0,0.06880078234523535
test,DoS,DoS,1478200586.497869,1478200586.566359,2610112,34,0.53125,2,62.76798248291016,0,0x000,test,708,DoS,1,0.052956223,0.052956223,0,0.06880078234523535
test,Normal,RPM,1478201096.81674,1478201096.850779,4414272,0,0.0,-1,,304,0x130,test,709,Normal,0,0.06779505,0.06779505,0,0.06880078234523535
test,Gear,Gear,1478194892.496423,1478194892.53873,3115712,16,0.25,4,38.66982460021973,1087,0x43F,test,710,Gear,1,0.068937615,0.068937615,1,0.06880078234523535
test,RPM,RPM,1478192717.513852,1478192717.550042,3234496,26,0.40625,2,35.73203086853027,790,0x316,test,711,RPM,1,0.084436245,0.084436245,1,0.06880078234523535
test,Gear,Gear,1478194969.44991,1478194969.488045,3258688,17,0.265625,3,37.40787506103516,1087,0x43F,test,712,Gear,1,0.0688904,0.0688904,1,0.06880078234523535
test,Gear,Gear,1478194938.727443,1478194938.783203,3202688,22,0.34375,0,55.75990676879883,1087,0x43F,test,713,Gear,1,0.07201934,0.07201934,1,0.06880078234523535
test,Fuzzy,Fuzzy,1478197797.506302,1478197797.53012,2524864,25,0.390625,2,23.346900939941406,880,0x370,test,714,Fuzzy,1,0.09238445,0.09238445,1,0.06880078234523535
test,Normal,RPM,1478201034.981468,1478201035.013569,4299712,0,0.0,-1,,399,0x18F,test,715,Normal,0,0.05905324,0.05905324,0,0.06880078234523535
test,Fuzzy,Fuzzy,1478198087.200908,1478198087.253977,2784192,27,0.421875,0,53.069114685058594,304,0x130,test,716,Fuzzy,1,0.097007364,0.097007364,1,0.06880078234523535
test,RPM,RPM,1478192916.797373,1478192916.832032,3613184,19,0.296875,1,34.43288803100586,790,0x316,test,717,RPM,1,0.07926399,0.07926399,1,0.06880078234523535
test,Gear,Gear,1478195022.603932,1478195022.632663,3354624,19,0.296875,1,28.497934341430664,1087,0x43F,test,718,Gear,1,0.06893989,0.06893989,1,0.06880078234523535
test,Normal,RPM,1478201016.13914,1478201016.17208,4265536,0,0.0,-1,,2,0x002,test,719,Normal,0,0.058851868,0.058851868,0,0.06880078234523535
test,DoS,DoS,1478200488.776782,1478200488.795928,2498048,35,0.546875,0,19.145965576171875,0,0x000,test,720,DoS,1,0.053360015,0.053360015,0,0.06880078234523535
test,Gear,Gear,1478194989.87108,1478194989.908541,3296768,18,0.28125,11,34.8360538482666,1087,0x43F,test,721,Gear,1,0.06958115,0.06958115,1,0.06880078234523535
test,Normal,DoS,1478201112.585403,1478201112.61739,3487552,0,0.0,-1,,2,0x002,test,722,Normal,0,0.061228387,0.061228387,0,0.06880078234523535
test,Fuzzy,Fuzzy,1478198164.963282,1478198165.034866,2912192,21,0.328125,2,71.12908363342285,790,0x316,test,723,Fuzzy,1,0.08691057,0.08691057,1,0.06880078234523535
test,Normal,RPM,1478201175.893099,1478201175.926119,4560256,0,0.0,-1,,2,0x002,test,724,Normal,0,0.062977925,0.062977925,0,0.06880078234523535
test,Gear,Gear,1478194859.937548,1478194859.958102,3052416,20,0.3125,9,18.42498779296875,1087,0x43F,test,725,Gear,1,0.07212689,0.07212689,1,0.06880078234523535
test,RPM,RPM,1478192853.450471,1478192853.474829,3485696,21,0.328125,1,23.89097213745117,790,0x316,test,726,RPM,1,0.08163309,0.08163309,1,0.06880078234523535
test,DoS,DoS,1478200473.973394,1478200474.035872,2476544,33,0.515625,1,62.23297119140625,0,0x000,test,727,DoS,1,0.05253316,0.05253316,0,0.06880078234523535
test,RPM,RPM,1478192896.185588,1478192896.2097,3574528,22,0.34375,1,22.863149642944336,790,0x316,test,728,RPM,1,0.08156254,0.08156254,1,0.06880078234523535
test,DoS,DoS,1478200474.671227,1478200474.725547,2477376,35,0.546875,0,54.32009696960449,0,0x000,test,729,DoS,1,0.051146433,0.051146433,0,0.06880078234523535
test,Fuzzy,Fuzzy,1478198141.938856,1478198141.969085,2872000,34,0.53125,0,30.22909164428711,304,0x130,test,730,Fuzzy,1,0.111150704,0.111150704,1,0.06880078234523535
test,RPM,RPM,1478192682.742805,1478192682.765444,3156928,19,0.296875,5,21.372079849243164,790,0x316,test,731,RPM,1,0.08580355,0.08580355,1,0.06880078234523535
test,DoS,DoS,1478200497.797813,1478200497.930512,2510400,43,0.671875,0,132.69901275634766,0,0x000,test,732,DoS,1,0.0446365,0.0446365,0,0.06880078234523535
test,DoS,DoS,1478200596.274831,1478200596.404538,2620352,35,0.546875,1,129.46200370788574,0,0x000,test,733,DoS,1,0.0543624,0.0543624,0,0.06880078234523535
test,Gear,Gear,1478195047.36322,1478195047.397744,3396608,19,0.296875,0,34.523963928222656,1087,0x43F,test,734,Gear,1,0.07300569,0.07300569,1,0.06880078234523535
test,Normal,Gear,1478201062.099466,1478201062.131664,4171392,0,0.0,-1,,320,0x140,test,735,Normal,0,0.06343557,0.06343557,0,0.06880078234523535
test,DoS,DoS,1478200443.581589,1478200443.649306,2431680,33,0.515625,0,67.71707534790039,0,0x000,test,736,DoS,1,0.054174766,0.054174766,0,0.06880078234523535
test,Fuzzy,Fuzzy,1478198069.466299,1478198069.799222,2766976,23,0.359375,0,332.92293548583984,320,0x140,test,737,Fuzzy,1,0.091780186,0.091780186,1,0.06880078234523535
test,Normal,Fuzzy,1478201162.486422,1478201162.518474,3752576,0,0.0,-1,,399,0x18F,test,738,Normal,0,0.06611474,0.06611474,0,0.06880078234523535
test,Gear,Gear,1478195014.952443,1478195014.981227,3341376,19,0.296875,3,27.96292304992676,1087,0x43F,test,739,Gear,1,0.06883924,0.06883924,1,0.06880078234523535
test,Normal,Fuzzy,1478201038.157789,1478201038.191119,3522752,0,0.0,-1,,2,0x002,test,740,Normal,0,0.06459876,0.06459876,0,0.06880078234523535
test,Normal,Gear,1478201177.483774,1478201177.515141,4384640,0,0.0,-1,,2,0x002,test,741,Normal,0,0.059439894,0.059439894,0,0.06880078234523535
test,Normal,RPM,1478201079.647279,1478201079.679122,4382464,0,0.0,-1,,2,0x002,test,742,Normal,0,0.06341254,0.06341254,0,0.06880078234523535
test,DoS,DoS,1478200480.181512,1478200480.217581,2486400,33,0.515625,0,36.06891632080078,0,0x000,test,743,DoS,1,0.048388693,0.048388693,0,0.06880078234523535
test,DoS,DoS,1478200430.585606,1478200430.614888,2412928,33,0.515625,1,29.03890609741211,0,0x000,test,744,DoS,1,0.054547187,0.054547187,0,0.06880078234523535
test,Gear,Gear,1478195068.529242,1478195068.563365,3435648,23,0.359375,1,33.89096260070801,1087,0x43F,test,745,Gear,1,0.06716962,0.06716962,0,0.06880078234523535
test,RPM,RPM,1478192886.189723,1478192886.214115,3554240,21,0.328125,1,23.808956146240234,790,0x316,test,746,RPM,1,0.08403758,0.08403758,1,0.06880078234523535
test,DoS,DoS,1478200482.349658,1478200482.395742,2488832,34,0.53125,0,46.083927154541016,0,0x000,test,747,DoS,1,0.048974667,0.048974667,0,0.06880078234523535
test,Normal,Gear,1478201118.443219,1478201118.476225,4275776,0,0.0,-1,,2,0x002,test,748,Normal,0,0.06672138,0.06672138,0,0.06880078234523535
test,Normal,DoS,1478201079.353497,1478201079.385803,3425984,0,0.0,-1,,399,0x18F,test,749,Normal,0,0.065252125,0.065252125,0,0.06880078234523535
test,Fuzzy,Fuzzy,1478197979.674904,1478197979.827969,2693760,26,0.40625,1,152.85015106201172,1087,0x43F,test,750,Fuzzy,1,0.08946639,0.08946639,1,0.06880078234523535
test,Normal,Fuzzy,1478201126.17688,1478201126.209064,3685824,0,0.0,-1,,608,0x260,test,751,Normal,0,0.06342823,0.06342823,0,0.06880078234523535
test,Normal,Gear,1478201206.602118,1478201206.636415,4438592,0,0.0,-1,,2,0x002,test,752,Normal,0,0.064523816,0.064523816,0,0.06880078234523535
test,RPM,RPM,1478192702.056778,1478192702.082503,3200384,25,0.390625,0,25.72512626647949,790,0x316,test,753,RPM,1,0.08948552,0.08948552,1,0.06880078234523535
test,Normal,Gear,1478201073.119145,1478201073.151791,4191808,0,0.0,-1,,305,0x131,test,754,Normal,0,0.06466399,0.06466399,0,0.06880078234523535
test,RPM,RPM,1478192683.051944,1478192683.074594,3157760,18,0.28125,3,21.94690704345703,790,0x316,test,755,RPM,1,0.08548526,0.08548526,1,0.06880078234523535
test,DoS,DoS,1478200358.288876,1478200358.446851,2319488,30,0.46875,1,157.7320098876953,0,0x000,test,756,DoS,1,0.056265075,0.056265075,0,0.06880078234523535
test,DoS,DoS,1478200451.268575,1478200451.352041,2443712,37,0.578125,0,83.4660530090332,0,0x000,test,757,DoS,1,0.047411304,0.047411304,0,0.06880078234523535
test,Gear,Gear,1478194878.925889,1478194878.956294,3089984,18,0.28125,1,25.413990020751957,1087,0x43F,test,758,Gear,1,0.070500195,0.070500195,1,0.06880078234523535
test,Fuzzy,Fuzzy,1478197987.994731,1478197988.2614,2701504,24,0.375,0,266.66903495788574,1087,0x43F,test,759,Fuzzy,1,0.096912384,0.096912384,1,0.06880078234523535
test,Normal,Gear,1478201180.348898,1478201180.383135,4389952,0,0.0,-1,,399,0x18F,test,760,Normal,0,0.062332444,0.062332444,0,0.06880078234523535
test,Fuzzy,Fuzzy,1478198148.399394,1478198148.430625,2883584,25,0.390625,7,25.281906127929688,399,0x18F,test,761,Fuzzy,1,0.09081529,0.09081529,1,0.06880078234523535
test,Gear,Gear,1478194925.435637,1478194925.473932,3179456,22,0.34375,2,37.81294822692871,1087,0x43F,test,762,Gear,1,0.071105815,0.071105815,1,0.06880078234523535
test,Gear,Gear,1478194916.614842,1478194916.637916,3164480,21,0.328125,0,23.07415008544922,1087,0x43F,test,763,Gear,1,0.07230881,0.07230881,1,0.06880078234523535
test,Normal,Gear,1478201104.865786,1478201104.897309,4250624,0,0.0,-1,,2,0x002,test,764,Normal,0,0.06737336,0.06737336,0,0.06880078234523535
test,RPM,RPM,1478192827.333362,1478192827.360758,3434880,23,0.359375,0,27.39596366882324,790,0x316,test,765,RPM,1,0.08339181,0.08339181,1,0.06880078234523535
test,RPM,RPM,1478192870.862068,1478192870.9045,3521920,22,0.34375,0,42.43206977844238,790,0x316,test,766,RPM,1,0.08162743,0.08162743,1,0.06880078234523535
test,Fuzzy,Fuzzy,1478198150.74527,1478198150.818025,2887040,24,0.375,0,72.75509834289551,305,0x131,test,767,Fuzzy,1,0.08949902,0.08949902,1,0.06880078234523535
test,Gear,Gear,1478194886.029691,1478194886.063091,3103040,26,0.40625,1,32.588958740234375,1087,0x43F,test,768,Gear,1,0.06702124,0.06702124,0,0.06880078234523535
test,Gear,Gear,1478194942.57866,1478194942.600688,3209792,19,0.296875,7,20.37501335144043,1087,0x43F,test,769,Gear,1,0.06862783,0.06862783,0,0.06880078234523535
test,DoS,DoS,1478200549.867638,1478200549.988887,2568448,39,0.609375,0,121.24896049499512,0,0x000,test,770,DoS,1,0.04704986,0.04704986,0,0.06880078234523535
test,Normal,RPM,1478201160.829062,1478201160.86528,4532352,0,0.0,-1,,2,0x002,test,771,Normal,0,0.06633575,0.06633575,0,0.06880078234523535
test,RPM,RPM,1478192918.821139,1478192918.873992,3616768,20,0.3125,4,51.8949031829834,790,0x316,test,772,RPM,1,0.08088699,0.08088699,1,0.06880078234523535
test,RPM,RPM,1478192736.633172,1478192736.662575,3272448,21,0.328125,0,29.402971267700195,790,0x316,test,773,RPM,1,0.08375113,0.08375113,1,0.06880078234523535
test,Gear,Gear,1478194932.218731,1478194932.252667,3191104,23,0.359375,1,33.612966537475586,1087,0x43F,test,774,Gear,1,0.069192894,0.069192894,1,0.06880078234523535
test,Normal,Fuzzy,1478201165.044048,1478201165.075904,3757312,0,0.0,-1,,2,0x002,test,775,Normal,0,0.06335522,0.06335522,0,0.06880078234523535
test,Fuzzy,Fuzzy,1478198157.504083,1478198157.533031,2898624,27,0.421875,0,28.94806861877441,880,0x370,test,776,Fuzzy,1,0.10055926,0.10055926,1,0.06880078234523535
test,Gear,Gear,1478195019.989733,1478195020.011248,3349504,19,0.296875,3,20.78509330749512,1087,0x43F,test,777,Gear,1,0.06825256,0.06825256,0,0.06880078234523535
test,Normal,RPM,1478201067.246527,1478201067.279561,4359488,0,0.0,-1,,2,0x002,test,778,Normal,0,0.065839365,0.065839365,0,0.06880078234523535
test,Gear,Gear,1478194964.522789,1478194964.547377,3249344,22,0.34375,2,24.119138717651367,1087,0x43F,test,779,Gear,1,0.06595577,0.06595577,0,0.06880078234523535
test,RPM,RPM,1478192754.86178,1478192754.883978,3311296,20,0.3125,2,21.661996841430664,790,0x316,test,780,RPM,1,0.086696334,0.086696334,1,0.06880078234523535
test,RPM,RPM,1478192814.685729,1478192814.722366,3410880,18,0.28125,2,36.16714477539063,790,0x316,test,781,RPM,1,0.07970858,0.07970858,1,0.06880078234523535
test,Normal,Gear,1478201059.371975,1478201059.403544,4166336,0,0.0,-1,,399,0x18F,test,782,Normal,0,0.064661734,0.064661734,0,0.06880078234523535
test,DoS,DoS,1478200503.535862,1478200503.606764,2518912,37,0.578125,1,70.65510749816895,0,0x000,test,783,DoS,1,0.050647616,0.050647616,0,0.06880078234523535
test,DoS,DoS,1478200526.004268,1478200526.020343,2543744,35,0.546875,0,16.07513427734375,0,0x000,test,784,DoS,1,0.048322007,0.048322007,0,0.06880078234523535
test,Gear,Gear,1478195119.320777,1478195119.443354,3520704,21,0.328125,0,122.57695198059082,1087,0x43F,test,785,Gear,1,0.06783223,0.06783223,0,0.06880078234523535
test,Gear,Gear,1478194944.01955,1478194944.057313,3212224,20,0.3125,0,37.76288032531738,1087,0x43F,test,786,Gear,1,0.072121836,0.072121836,1,0.06880078234523535
test,DoS,DoS,1478200483.200165,1478200483.240551,2489408,32,0.5,0,40.38596153259277,0,0x000,test,787,DoS,1,0.060356602,0.060356602,0,0.06880078234523535
test,DoS,DoS,1478200492.125989,1478200492.204382,2502464,35,0.546875,0,78.39298248291016,0,0x000,test,788,DoS,1,0.05044937,0.05044937,0,0.06880078234523535
test,Fuzzy,Fuzzy,1478198074.203645,1478198074.225374,2772608,26,0.40625,1,21.50607109069824,848,0x350,test,789,Fuzzy,1,0.09532243,0.09532243,1,0.06880078234523535
test,Fuzzy,Fuzzy,1478198164.175982,1478198164.19655,2910528,24,0.375,8,18.657922744750977,608,0x260,test,790,Fuzzy,1,0.0814699,0.0814699,1,0.06880078234523535
test,DoS,DoS,1478200430.166472,1478200430.265034,2412416,37,0.578125,0,98.56200218200684,0,0x000,test,791,DoS,1,0.052458078,0.052458078,0,0.06880078234523535
test,RPM,RPM,1478192941.508315,1478192941.532172,3655616,20,0.3125,0,23.85687828063965,790,0x316,test,792,RPM,1,0.08269981,0.08269981,1,0.06880078234523535
test,RPM,RPM,1478192834.566152,1478192834.588085,3448576,19,0.296875,1,21.708011627197266,790,0x316,test,793,RPM,1,0.08006718,0.08006718,1,0.06880078234523535
test,Normal,Fuzzy,1478201187.01309,1478201187.046201,3798016,0,0.0,-1,,304,0x130,test,794,Normal,0,0.06789179,0.06789179,0,0.06880078234523535
test,Normal,DoS,1478201019.884945,1478201019.919724,3316544,0,0.0,-1,,2,0x002,test,795,Normal,0,0.061318703,0.061318703,0,0.06880078234523535
test,DoS,DoS,1478200506.324035,1478200506.476488,2521216,38,0.59375,1,152.2080898284912,0,0x000,test,796,DoS,1,0.05138696,0.05138696,0,0.06880078234523535
test,Gear,Gear,1478194854.877164,1478194854.911395,3041728,3,0.046875,3,33.51712226867676,1087,0x43F,test,797,Gear,1,0.070280716,0.070280716,1,0.06880078234523535
test,RPM,RPM,1478192857.882468,1478192857.906533,3494784,20,0.3125,0,24.065017700195312,790,0x316,test,798,RPM,1,0.08309511,0.08309511,1,0.06880078234523535
test,DoS,DoS,1478200391.211245,1478200391.287127,2361088,35,0.546875,0,75.8819580078125,0,0x000,test,799,DoS,1,0.046788543,0.046788543,0,0.06880078234523535
test,DoS,DoS,1478200459.843615,1478200459.901103,2455168,32,0.5,1,57.24692344665527,0,0x000,test,800,DoS,1,0.051269326,0.051269326,0,0.06880078234523535
test,DoS,DoS,1478200365.827986,1478200365.986777,2325568,32,0.5,0,158.79106521606445,0,0x000,test,801,DoS,1,0.05490819,0.05490819,0,0.06880078234523535
test,RPM,RPM,1478192708.725085,1478192708.750662,3215552,22,0.34375,1,25.10619163513184,790,0x316,test,802,RPM,1,0.07939054,0.07939054,1,0.06880078234523535
test,Normal,Gear,1478201055.810507,1478201055.845775,4159744,0,0.0,-1,,320,0x140,test,803,Normal,0,0.069351144,0.069351144,1,0.06880078234523535
test,Normal,DoS,1478201072.61339,1478201072.649906,3413504,0,0.0,-1,,2,0x002,test,804,Normal,0,0.06676419,0.06676419,0,0.06880078234523535
test,Normal,RPM,1478201099.787303,1478201099.819372,4419776,0,0.0,-1,,2,0x002,test,805,Normal,0,0.06589772,0.06589772,0,0.06880078234523535
test,Normal,RPM,1478201172.783732,1478201172.81802,4554496,0,0.0,-1,,2,0x002,test,806,Normal,0,0.067554235,0.067554235,0,0.06880078234523535
test,Fuzzy,Fuzzy,1478198131.965741,1478198132.003094,2854656,26,0.40625,4,36.41200065612793,339,0x153,test,807,Fuzzy,1,0.0915033,0.0915033,1,0.06880078234523535
test,Gear,Gear,1478195071.776389,1478195071.800182,3441792,21,0.328125,2,23.32305908203125,1087,0x43F,test,808,Gear,1,0.067804016,0.067804016,0,0.06880078234523535
test,Fuzzy,Fuzzy,1478197806.91697,1478197807.072683,2534080,25,0.390625,0,155.71308135986328,704,0x2C0,test,809,Fuzzy,1,0.09614472,0.09614472,1,0.06880078234523535
test,Fuzzy,Fuzzy,1478198142.918114,1478198142.944969,2873600,29,0.453125,0,26.8549919128418,399,0x18F,test,810,Fuzzy,1,0.09799408,0.09799408,1,0.06880078234523535
test,Normal,RPM,1478201048.799227,1478201048.831517,4325312,0,0.0,-1,,304,0x130,test,811,Normal,0,0.063985,0.063985,0,0.06880078234523535
test,RPM,RPM,1478192943.591828,1478192943.614736,3659520,20,0.3125,3,22.204160690307617,790,0x316,test,812,RPM,1,0.08543718,0.08543718,1,0.06880078234523535
test,DoS,DoS,1478200498.564722,1478200498.698415,2510848,35,0.546875,0,133.69297981262207,0,0x000,test,813,DoS,1,0.049058005,0.049058005,0,0.06880078234523535
test,Gear,Gear,1478195054.26086,1478195054.286141,3410112,21,0.328125,1,24.41287040710449,1087,0x43F,test,814,Gear,1,0.0681047,0.0681047,0,0.06880078234523535
test,Fuzzy,Fuzzy,1478197976.72397,1478197976.744674,2692416,26,0.40625,0,20.704030990600582,2,0x002,test,815,Fuzzy,1,0.09194019,0.09194019,1,0.06880078234523535
test,Gear,Gear,1478194867.192713,1478194867.216335,3068096,20,0.3125,0,23.62203598022461,1087,0x43F,test,816,Gear,1,0.06845256,0.06845256,0,0.06880078234523535
test,RPM,RPM,1478192704.435306,1478192704.459032,3206720,22,0.34375,1,23.417949676513672,790,0x316,test,817,RPM,1,0.08268783,0.08268783,1,0.06880078234523535
test,DoS,DoS,1478200505.85702,1478200506.065977,2521088,29,0.453125,0,208.9571952819824,0,0x000,test,818,DoS,1,0.056084007,0.056084007,0,0.06880078234523535
test,Normal,RPM,1478201024.463109,1478201024.500734,4280960,0,0.0,-1,,2,0x002,test,819,Normal,0,0.06315924,0.06315924,0,0.06880078234523535
test,DoS,DoS,1478200449.8432,1478200449.883196,2441792,35,0.546875,1,34.63006019592285,0,0x000,test,820,DoS,1,0.050964613,0.050964613,0,0.06880078234523535
test,DoS,DoS,1478200526.927046,1478200527.07477,2544256,35,0.546875,1,136.7049217224121,0,0x000,test,821,DoS,1,0.04795358,0.04795358,0,0.06880078234523535
test,Normal,RPM,1478201188.465851,1478201188.49954,4583552,0,0.0,-1,,704,0x2C0,test,822,Normal,0,0.063167736,0.063167736,0,0.06880078234523535
test,Normal,Gear,1478201058.783365,1478201058.815432,4165248,0,0.0,-1,,704,0x2C0,test,823,Normal,0,0.070277564,0.070277564,1,0.06880078234523535
test,Gear,Gear,1478195065.338896,1478195065.36442,3430400,24,0.375,1,25.295019149780277,1087,0x43F,test,824,Gear,1,0.071649455,0.071649455,1,0.06880078234523535
test,Gear,Gear,1478195092.415187,1478195092.445375,3480064,21,0.328125,9,28.022050857543945,1087,0x43F,test,825,Gear,1,0.0668911,0.0668911,0,0.06880078234523535
test,RPM,RPM,1478192968.746491,1478192968.776041,3707264,21,0.328125,0,29.55007553100586,790,0x316,test,826,RPM,1,0.079568125,0.079568125,1,0.06880078234523535
test,DoS,DoS,1478200503.194655,1478200503.264507,2518528,37,0.578125,0,69.85211372375488,0,0x000,test,827,DoS,1,0.048647713,0.048647713,0,0.06880078234523535
test,RPM,RPM,1478192865.760739,1478192865.788652,3511424,22,0.34375,1,27.688026428222656,790,0x316,test,828,RPM,1,0.08429893,0.08429893,1,0.06880078234523535
test,Gear,Gear,1478195092.926876,1478195092.948902,3481152,16,0.25,3,21.29697799682617,1087,0x43F,test,829,Gear,1,0.066016376,0.066016376,0,0.06880078234523535
test,Gear,Gear,1478194957.628111,1478194957.667597,3235584,21,0.328125,1,38.642168045043945,1087,0x43F,test,830,Gear,1,0.07071795,0.07071795,1,0.06880078234523535
test,DoS,DoS,1478200391.601713,1478200391.64717,2361600,32,0.5,0,45.45712471008301,0,0x000,test,831,DoS,1,0.047252186,0.047252186,0,0.06880078234523535
test,Normal,RPM,1478201187.3631,1478201187.396071,4581504,0,0.0,-1,,2,0x002,test,832,Normal,0,0.0663355,0.0663355,0,0.06880078234523535
test,RPM,RPM,1478192735.553461,1478192735.575201,3270080,20,0.3125,1,21.5151309967041,790,0x316,test,833,RPM,1,0.081406265,0.081406265,1,0.06880078234523535
test,Gear,Gear,1478194910.33318,1478194910.366225,3152896,19,0.296875,1,32.63497352600098,1087,0x43F,test,834,Gear,1,0.066780895,0.066780895,0,0.06880078234523535
test,DoS,DoS,1478200353.090533,1478200353.343038,2314176,31,0.484375,1,252.2580623626709,0,0x000,test,835,DoS,1,0.048708733,0.048708733,0,0.06880078234523535
test,Fuzzy,Fuzzy,1478197997.489495,1478197997.765113,2710656,25,0.390625,1,270.14708518981934,790,0x316,test,836,Fuzzy,1,0.09043606,0.09043606,1,0.06880078234523535
test,RPM,RPM,1478192684.449177,1478192684.471437,3161472,19,0.296875,5,20.90907096862793,790,0x316,test,837,RPM,1,0.08249657,0.08249657,1,0.06880078234523535
test,RPM,RPM,1478192709.360258,1478192709.382141,3217280,20,0.3125,2,21.433115005493164,790,0x316,test,838,RPM,1,0.08255867,0.08255867,1,0.06880078234523535
test,Fuzzy,Fuzzy,1478197739.053631,1478197739.213125,2468288,28,0.4375,2,159.0249538421631,305,0x131,test,839,Fuzzy,1,0.099378586,0.099378586,1,0.06880078234523535
test,RPM,RPM,1478192872.793195,1478192872.816647,3525824,19,0.296875,4,22.51911163330078,790,0x316,test,840,RPM,1,0.07915001,0.07915001,1,0.06880078234523535
test,Gear,Gear,1478195072.675503,1478195072.707138,3443584,20,0.3125,1,31.4021110534668,1087,0x43F,test,841,Gear,1,0.07288088,0.07288088,1,0.06880078234523535
test,Gear,Gear,1478194879.49504,1478194879.532385,3091008,18,0.28125,8,24.303197860717773,1087,0x43F,test,842,Gear,1,0.06909848,0.06909848,1,0.06880078234523535
test,Fuzzy,Fuzzy,1478197730.082443,1478197730.250295,2459968,28,0.4375,1,162.57691383361816,848,0x350,test,843,Fuzzy,1,0.09668217,0.09668217,1,0.06880078234523535
test,DoS,DoS,1478200413.222926,1478200413.358536,2390272,33,0.515625,2,129.90498542785645,0,0x000,test,844,DoS,1,0.04998077,0.04998077,0,0.06880078234523535
test,DoS,DoS,1478200575.213323,1478200575.267823,2594880,38,0.59375,1,54.25286293029785,0,0x000,test,845,DoS,1,0.049379718,0.049379718,0,0.06880078234523535
test,Gear,Gear,1478195060.741695,1478195060.798224,3422080,21,0.328125,1,56.28800392150879,1087,0x43F,test,846,Gear,1,0.07357008,0.07357008,1,0.06880078234523535
test,Gear,Gear,1478194873.535431,1478194873.568269,3080576,16,0.25,1,32.60612487792969,1087,0x43F,test,847,Gear,1,0.069733046,0.069733046,1,0.06880078234523535
test,Fuzzy,Fuzzy,1478197788.714415,1478197789.036331,2516672,28,0.4375,0,321.915864944458,790,0x316,test,848,Fuzzy,1,0.101134315,0.101134315,1,0.06880078234523535
test,RPM,RPM,1478192736.45702,1478192736.481985,3272128,21,0.328125,2,24.5051383972168,790,0x316,test,849,RPM,1,0.088217646,0.088217646,1,0.06880078234523535
test,Gear,Gear,1478195112.53578,1478195112.624595,3512640,21,0.328125,2,88.3479118347168,1087,0x43F,test,850,Gear,1,0.07036025,0.07036025,1,0.06880078234523535
test,Normal,Fuzzy,1478201139.754649,1478201139.786788,3710976,0,0.0,-1,,2,0x002,test,851,Normal,0,0.06631471,0.06631471,0,0.06880078234523535
test,Normal,Fuzzy,1478201170.190156,1478201170.223589,3766848,0,0.0,-1,,399,0x18F,test,852,Normal,0,0.061918207,0.061918207,0,0.06880078234523535
test,Normal,DoS,1478201035.100666,1478201035.132624,3344000,0,0.0,-1,,320,0x140,test,853,Normal,0,0.06348845,0.06348845,0,0.06880078234523535
test,Fuzzy,Fuzzy,1478197755.756649,1478197755.890439,2486016,29,0.453125,0,133.7900161743164,320,0x140,test,854,Fuzzy,1,0.10390136,0.10390136,1,0.06880078234523535
test,RPM,RPM,1478192923.083292,1478192923.123425,3624832,19,0.296875,0,40.132999420166016,790,0x316,test,855,RPM,1,0.08412853,0.08412853,1,0.06880078234523535
test,DoS,DoS,1478200360.889032,1478200361.104351,2320256,34,0.53125,1,209.8240852355957,0,0x000,test,856,DoS,1,0.048131783,0.048131783,0,0.06880078234523535
test,Normal,Fuzzy,1478201159.377825,1478201159.409661,3746816,0,0.0,-1,,399,0x18F,test,857,Normal,0,0.066514745,0.066514745,0,0.06880078234523535
test,Normal,RPM,1478201076.883843,1478201076.918511,4377344,0,0.0,-1,,2,0x002,test,858,Normal,0,0.0639684,0.0639684,0,0.06880078234523535
test,DoS,DoS,1478200390.348318,1478200390.381541,2359872,36,0.5625,0,33.22291374206543,0,0x000,test,859,DoS,1,0.044557977,0.044557977,0,0.06880078234523535
test,Fuzzy,Fuzzy,1478198126.094001,1478198126.136847,2845696,21,0.328125,1,37.071943283081055,1349,0x545,test,860,Fuzzy,1,0.09687552,0.09687552,1,0.06880078234523535
test,DoS,DoS,1478200390.210533,1478200390.259731,2359680,33,0.515625,3,47.98507690429688,0,0x000,test,861,DoS,1,0.050691497,0.050691497,0,0.06880078234523535
test,Fuzzy,Fuzzy,1478198101.272101,1478198101.327902,2806848,21,0.328125,2,55.33719062805176,339,0x153,test,862,Fuzzy,1,0.09467427,0.09467427,1,0.06880078234523535
test,RPM,RPM,1478192704.459476,1478192704.48297,3206784,20,0.3125,1,23.26798439025879,790,0x316,test,863,RPM,1,0.08650621,0.08650621,1,0.06880078234523535
test,RPM,RPM,1478192711.474382,1478192711.497965,3223040,21,0.328125,3,22.87912368774414,790,0x316,test,864,RPM,1,0.084939666,0.084939666,1,0.06880078234523535
test,DoS,DoS,1478200594.128584,1478200594.306867,2619008,34,0.53125,1,178.03692817687988,0,0x000,test,865,DoS,1,0.05173535,0.05173535,0,0.06880078234523535
test,Fuzzy,Fuzzy,1478197962.091994,1478197962.13603,2678528,23,0.359375,1,43.81895065307617,672,0x2A0,test,866,Fuzzy,1,0.09134692,0.09134692,1,0.06880078234523535
test,Normal,Fuzzy,1478201183.454589,1478201183.489278,3791424,0,0.0,-1,,320,0x140,test,867,Normal,0,0.06657789,0.06657789,0,0.06880078234523535
test,RPM,RPM,1478192925.501778,1478192925.547752,3629056,7,0.109375,2,44.51799392700195,790,0x316,test,868,RPM,1,0.07093062,0.07093062,1,0.06880078234523535
test,Fuzzy,Fuzzy,1478197797.060733,1478197797.089863,2524352,21,0.328125,5,22.57704734802246,2,0x002,test,869,Fuzzy,1,0.095594406,0.095594406,1,0.06880078234523535
test,RPM,RPM,1478192807.70433,1478192807.745063,3400448,24,0.375,0,40.73309898376465,790,0x316,test,870,RPM,1,0.08712842,0.08712842,1,0.06880078234523535
test,Normal,RPM,1478201190.851798,1478201190.883888,4587968,0,0.0,-1,,2,0x002,test,871,Normal,0,0.067062944,0.067062944,0,0.06880078234523535
test,RPM,RPM,1478192935.924998,1478192935.973728,3645632,24,0.375,1,48.50292205810547,790,0x316,test,872,RPM,1,0.08725026,0.08725026,1,0.06880078234523535
test,Normal,RPM,1478201192.441509,1478201192.473439,4590912,0,0.0,-1,,2,0x002,test,873,Normal,0,0.067281835,0.067281835,0,0.06880078234523535
test,RPM,RPM,1478192740.871504,1478192740.896836,3280832,23,0.359375,2,24.85513687133789,790,0x316,test,874,RPM,1,0.086045735,0.086045735,1,0.06880078234523535
test,Gear,Gear,1478195040.199346,1478195040.238142,3384320,19,0.296875,3,38.0849838256836,1087,0x43F,test,875,Gear,1,0.06924943,0.06924943,1,0.06880078234523535
test,RPM,RPM,1478192766.770848,1478192766.801403,3334144,18,0.28125,8,28.57494354248047,790,0x316,test,876,RPM,1,0.078522675,0.078522675,1,0.06880078234523535
test,Fuzzy,Fuzzy,1478198027.104908,1478198027.418474,2735040,33,0.515625,0,313.5659694671631,1087,0x43F,test,877,Fuzzy,1,0.10860695,0.10860695,1,0.06880078234523535
test,Fuzzy,Fuzzy,1478197954.865434,1478197955.104141,2669440,31,0.484375,0,238.7070655822754,704,0x2C0,test,878,Fuzzy,1,0.100817956,0.100817956,1,0.06880078234523535
test,DoS,DoS,1478200595.176617,1478200595.281579,2619648,33,0.515625,0,104.96211051940918,0,0x000,test,879,DoS,1,0.048789542,0.048789542,0,0.06880078234523535
test,Gear,Gear,1478195100.195134,1478195100.227124,3495680,21,0.328125,2,31.52108192443848,1087,0x43F,test,880,Gear,1,0.07372153,0.07372153,1,0.06880078234523535
test,DoS,DoS,1478200412.231621,1478200412.330149,2389824,30,0.46875,0,98.52790832519533,0,0x000,test,881,DoS,1,0.05647575,0.05647575,0,0.06880078234523535
test,Normal,Fuzzy,1478201048.931999,1478201048.969728,3542720,0,0.0,-1,,2,0x002,test,882,Normal,0,0.06309263,0.06309263,0,0.06880078234523535
test,Gear,Gear,1478194976.669084,1478194976.72127,3271616,16,0.25,0,52.186012268066406,1087,0x43F,test,883,Gear,1,0.0671954,0.0671954,0,0.06880078234523535
test,RPM,RPM,1478192724.091723,1478192724.115918,3247360,20,0.3125,0,24.194955825805664,790,0x316,test,884,RPM,1,0.081308186,0.081308186,1,0.06880078234523535
test,Normal,Gear,1478201085.107219,1478201085.14054,4214016,0,0.0,-1,,2,0x002,test,885,Normal,0,0.06389289,0.06389289,0,0.06880078234523535
test,Normal,Gear,1478201059.852798,1478201059.888756,4167232,0,0.0,-1,,809,0x329,test,886,Normal,0,0.06504841,0.06504841,0,0.06880078234523535
test,Gear,Gear,1478195073.452951,1478195073.486853,3444928,19,0.296875,1,33.235788345336914,1087,0x43F,test,887,Gear,1,0.0690668,0.0690668,1,0.06880078234523535
test,DoS,DoS,1478200422.554679,1478200422.648518,2399424,41,0.640625,1,93.60218048095705,0,0x000,test,888,DoS,1,0.044213522,0.044213522,0,0.06880078234523535
test,Fuzzy,Fuzzy,1478198084.463057,1478198084.487776,2781632,21,0.328125,2,24.251937866210938,2,0x002,test,889,Fuzzy,1,0.092164695,0.092164695,1,0.06880078234523535
test,RPM,RPM,1478192968.364312,1478192968.404864,3706560,21,0.328125,2,40.08603096008301,790,0x316,test,890,RPM,1,0.08014604,0.08014604,1,0.06880078234523535
test,DoS,DoS,1478200450.134259,1478200450.154141,2442176,33,0.515625,1,19.63496208190918,0,0x000,test,891,DoS,1,0.04924397,0.04924397,0,0.06880078234523535
test,DoS,DoS,1478200626.243858,1478200626.523177,2651200,37,0.578125,1,273.4038829803467,0,0x000,test,892,DoS,1,0.052073967,0.052073967,0,0.06880078234523535
test,DoS,DoS,1478200510.882137,1478200510.898233,2527552,32,0.5,1,15.849828720092772,0,0x000,test,893,DoS,1,0.057452183,0.057452183,0,0.06880078234523535
test,Normal,Gear,1478201099.305212,1478201099.337563,4240320,0,0.0,-1,,2,0x002,test,894,Normal,0,0.06480045,0.06480045,0,0.06880078234523535
test,RPM,RPM,1478192698.799878,1478192698.823773,3194176,20,0.3125,2,23.09298515319824,790,0x316,test,895,RPM,1,0.084779784,0.084779784,1,0.06880078234523535
test,Normal,Fuzzy,1478201075.223255,1478201075.258089,3591424,0,0.0,-1,,2,0x002,test,896,Normal,0,0.06813506,0.06813506,0,0.06880078234523535
test,Gear,Gear,1478195060.558394,1478195060.61098,3421760,20,0.3125,1,52.35600471496582,1087,0x43F,test,897,Gear,1,0.06678188,0.06678188,0,0.06880078234523535
test,Gear,Gear,1478195000.888706,1478195000.928816,3316992,22,0.34375,0,40.110111236572266,1087,0x43F,test,898,Gear,1,0.063902676,0.063902676,0,0.06880078234523535
test,RPM,RPM,1478192877.301125,1478192877.325417,3535040,19,0.296875,3,23.46205711364746,790,0x316,test,899,RPM,1,0.07821319,0.07821319,1,0.06880078234523535
test,RPM,RPM,1478192716.410313,1478192716.447425,3232640,21,0.328125,0,37.11199760437012,790,0x316,test,900,RPM,1,0.083384044,0.083384044,1,0.06880078234523535
test,Fuzzy,Fuzzy,1478197953.727274,1478197953.872274,2668992,26,0.40625,0,144.99998092651367,305,0x131,test,901,Fuzzy,1,0.08933512,0.08933512,1,0.06880078234523535
test,RPM,RPM,1478192915.847492,1478192915.870845,3611392,19,0.296875,5,22.18103408813477,790,0x316,test,902,RPM,1,0.07895423,0.07895423,1,0.06880078234523535
test,Fuzzy,Fuzzy,1478198150.843793,1478198150.879788,2887168,28,0.4375,0,35.9950065612793,2,0x002,test,903,Fuzzy,1,0.10294093,0.10294093,1,0.06880078234523535
test,Fuzzy,Fuzzy,1478198149.076051,1478198149.144521,2884608,24,0.375,1,68.24898719787598,2,0x002,test,904,Fuzzy,1,0.10011306,0.10011306,1,0.06880078234523535
test,DoS,DoS,1478200587.537148,1478200587.657928,2610752,35,0.546875,0,120.77999114990234,0,0x000,test,905,DoS,1,0.04903234,0.04903234,0,0.06880078234523535
test,DoS,DoS,1478200597.000122,1478200597.120215,2620864,34,0.53125,0,120.09286880493164,0,0x000,test,906,DoS,1,0.052676916,0.052676916,0,0.06880078234523535
test,DoS,DoS,1478200435.008337,1478200435.049135,2420928,33,0.515625,1,40.54093360900879,0,0x000,test,907,DoS,1,0.051414568,0.051414568,0,0.06880078234523535
test,Gear,Gear,1478194919.788965,1478194919.820746,3169600,18,0.28125,0,31.78095817565918,1087,0x43F,test,908,Gear,1,0.06651334,0.06651334,0,0.06880078234523535
test,Gear,Gear,1478194879.094279,1478194879.117016,3090304,19,0.296875,1,22.49908447265625,1087,0x43F,test,909,Gear,1,0.065274015,0.065274015,0,0.06880078234523535
test,Gear,Gear,1478195067.062422,1478195067.103051,3433088,18,0.28125,1,40.38691520690918,1087,0x43F,test,910,Gear,1,0.06962051,0.06962051,1,0.06880078234523535
test,Gear,Gear,1478194955.450094,1478194955.481664,3232000,20,0.3125,1,31.33702278137207,1087,0x43F,test,911,Gear,1,0.07396672,0.07396672,1,0.06880078234523535
test,Normal,Gear,1478201010.403776,1478201010.439993,4076352,0,0.0,-1,,704,0x2C0,test,912,Normal,0,0.06137589,0.06137589,0,0.06880078234523535
test,Fuzzy,Fuzzy,1478198111.626586,1478198111.670911,2823616,24,0.375,0,44.32511329650879,399,0x18F,test,913,Fuzzy,1,0.099891305,0.099891305,1,0.06880078234523535
test,Fuzzy,Fuzzy,1478197737.024374,1478197737.047922,2466880,25,0.390625,0,23.547887802124023,848,0x350,test,914,Fuzzy,1,0.09281784,0.09281784,1,0.06880078234523535
test,Normal,DoS,1478201106.434858,1478201106.467665,3476160,0,0.0,-1,,2,0x002,test,915,Normal,0,0.072373904,0.072373904,1,0.06880078234523535
test,RPM,RPM,1478192860.56376,1478192860.595656,3501056,20,0.3125,3,31.20088577270508,790,0x316,test,916,RPM,1,0.084511936,0.084511936,1,0.06880078234523535
test,Fuzzy,Fuzzy,1478198118.374503,1478198118.474486,2834624,20,0.3125,3,93.76811981201172,704,0x2C0,test,917,Fuzzy,1,0.08853208,0.08853208,1,0.06880078234523535
test,Fuzzy,Fuzzy,1478197878.415314,1478197878.640402,2599744,33,0.515625,1,224.8690128326416,790,0x316,test,918,Fuzzy,1,0.10594737,0.10594737,1,0.06880078234523535
test,DoS,DoS,1478200435.244576,1478200435.279963,2421376,36,0.5625,1,35.14289855957031,0,0x000,test,919,DoS,1,0.050919052,0.050919052,0,0.06880078234523535
test,RPM,RPM,1478192716.279882,1478192716.305008,3232384,19,0.296875,2,24.66583251953125,790,0x316,test,920,RPM,1,0.08313701,0.08313701,1,0.06880078234523535
test,RPM,RPM,1478192962.126582,1478192962.160193,3695104,26,0.40625,0,33.61105918884277,790,0x316,test,921,RPM,1,0.08856273,0.08856273,1,0.06880078234523535
test,Normal,Gear,1478201026.502429,1478201026.539194,4106176,0,0.0,-1,,790,0x316,test,922,Normal,0,0.060638603,0.060638603,0,0.06880078234523535
test,RPM,RPM,1478192892.179816,1478192892.203854,3566848,21,0.328125,1,23.81110191345215,790,0x316,test,923,RPM,1,0.08207654,0.08207654,1,0.06880078234523535
test,Gear,Gear,1478195039.323572,1478195039.34753,3382912,22,0.34375,2,23.477792739868164,1087,0x43F,test,924,Gear,1,0.06786215,0.06786215,0,0.06880078234523535
test,Normal,Fuzzy,1478201047.931733,1478201047.968784,3540864,0,0.0,-1,,399,0x18F,test,925,Normal,0,0.064302534,0.064302534,0,0.06880078234523535
test,DoS,DoS,1478200488.796175,1478200488.858368,2498112,35,0.546875,0,62.19291687011719,0,0x000,test,926,DoS,1,0.047319982,0.047319982,0,0.06880078234523535
test,Normal,DoS,1478201055.446607,1478201055.479652,3381696,0,0.0,-1,,2,0x002,test,927,Normal,0,0.06307552,0.06307552,0,0.06880078234523535
test,Gear,Gear,1478195074.396573,1478195074.42538,3446464,21,0.328125,3,24.643898010253903,1087,0x43F,test,928,Gear,1,0.06862201,0.06862201,0,0.06880078234523535
test,RPM,RPM,1478192760.93001,1478192760.966944,3324096,20,0.3125,5,35.722970962524414,790,0x316,test,929,RPM,1,0.082496405,0.082496405,1,0.06880078234523535
test,Fuzzy,Fuzzy,1478197835.958299,1478197835.981413,2560960,18,0.28125,15,14.44697380065918,608,0x260,test,930,Fuzzy,1,0.08463114,0.08463114,1,0.06880078234523535
test,RPM,RPM,1478192722.430673,1478192722.453153,3244160,20,0.3125,2,22.01390266418457,790,0x316,test,931,RPM,1,0.07865524,0.07865524,1,0.06880078234523535
test,RPM,RPM,1478192722.584123,1478192722.609051,3244480,22,0.34375,0,24.92809295654297,790,0x316,test,932,RPM,1,0.08162182,0.08162182,1,0.06880078234523535
test,Normal,RPM,1478201063.619375,1478201063.651225,4352768,0,0.0,-1,,305,0x131,test,933,Normal,0,0.06230362,0.06230362,0,0.06880078234523535
test,DoS,DoS,1478200460.308527,1478200460.365865,2455808,32,0.5,0,57.33799934387207,0,0x000,test,934,DoS,1,0.050412875,0.050412875,0,0.06880078234523535
test,DoS,DoS,1478200475.984498,1478200476.010359,2478912,35,0.546875,0,25.861024856567383,0,0x000,test,935,DoS,1,0.05205251,0.05205251,0,0.06880078234523535
test,Fuzzy,Fuzzy,1478198060.306788,1478198060.586045,2760192,27,0.421875,8,257.7400207519531,320,0x140,test,936,Fuzzy,1,0.0937284,0.0937284,1,0.06880078234523535
test,Normal,RPM,1478201026.502429,1478201026.539194,4284736,0,0.0,-1,,790,0x316,test,937,Normal,0,0.060638603,0.060638603,0,0.06880078234523535
test,Gear,Gear,1478194971.069621,1478194971.111254,3261376,21,0.328125,0,41.632890701293945,1087,0x43F,test,938,Gear,1,0.069101706,0.069101706,1,0.06880078234523535
test,Normal,DoS,1478201107.60789,1478201107.642727,3478336,0,0.0,-1,,305,0x131,test,939,Normal,0,0.05960935,0.05960935,0,0.06880078234523535
test,Normal,RPM,1478201077.267044,1478201077.298256,4378048,0,0.0,-1,,2,0x002,test,940,Normal,0,0.06345081,0.06345081,0,0.06880078234523535
test,Fuzzy,Fuzzy,1478198082.353634,1478198082.421265,2780672,28,0.4375,1,67.42691993713379,399,0x18F,test,941,Fuzzy,1,0.09389264,0.09389264,1,0.06880078234523535
test,Normal,Gear,1478201098.230992,1478201098.267123,4238336,0,0.0,-1,,339,0x153,test,942,Normal,0,0.064587,0.064587,0,0.06880078234523535
test,Gear,Gear,1478194878.537144,1478194878.581793,3089280,20,0.3125,4,38.297176361083984,1087,0x43F,test,943,Gear,1,0.07264306,0.07264306,1,0.06880078234523535
test,Normal,RPM,1478201107.14604,1478201107.179322,4433408,0,0.0,-1,,2,0x002,test,944,Normal,0,0.06464497,0.06464497,0,0.06880078234523535
test,Fuzzy,Fuzzy,1478198118.837248,1478198118.865758,2835008,29,0.453125,0,28.509855270385746,704,0x2C0,test,945,Fuzzy,1,0.10188565,0.10188565,1,0.06880078234523535
test,Fuzzy,Fuzzy,1478198133.522107,1478198133.547716,2857536,23,0.359375,1,25.388002395629883,305,0x131,test,946,Fuzzy,1,0.09166007,0.09166007,1,0.06880078234523535
test,Normal,Gear,1478201082.653277,1478201082.687081,4209472,0,0.0,-1,,672,0x2A0,test,947,Normal,0,0.06382607,0.06382607,0,0.06880078234523535
test,DoS,DoS,1478200322.631383,1478200322.750365,2290432,34,0.53125,0,118.98207664489746,0,0x000,test,948,DoS,1,0.05185632,0.05185632,0,0.06880078234523535
test,DoS,DoS,1478200586.877643,1478200586.946142,2610368,33,0.515625,1,68.25494766235352,0,0x000,test,949,DoS,1,0.051577527,0.051577527,0,0.06880078234523535
test,RPM,RPM,1478192716.104733,1478192716.144235,3232064,22,0.34375,1,39.273977279663086,790,0x316,test,950,RPM,1,0.081731975,0.081731975,1,0.06880078234523535
test,Normal,RPM,1478201126.937829,1478201126.975662,4470080,0,0.0,-1,,2,0x002,test,951,Normal,0,0.06573674,0.06573674,0,0.06880078234523535
test,DoS,DoS,1478200404.763952,1478200404.924697,2382592,37,0.578125,1,154.74891662597656,0,0x000,test,952,DoS,1,0.062126286,0.062126286,0,0.06880078234523535
test,Fuzzy,Fuzzy,1478198045.157539,1478198045.480615,2746432,28,0.4375,3,306.4718246459961,320,0x140,test,953,Fuzzy,1,0.09661629,0.09661629,1,0.06880078234523535
test,Gear,Gear,1478194935.71864,1478194935.754368,3197376,1,0.015625,61,0.5030632019042969,2,0x002,test,954,Gear,1,0.063514985,0.063514985,0,0.06880078234523535
test,RPM,RPM,1478192833.592414,1478192833.625392,3446784,22,0.34375,0,32.978057861328125,790,0x316,test,955,RPM,1,0.08535761,0.08535761,1,0.06880078234523535
test,Gear,Gear,1478194964.794622,1478194964.825918,3249856,21,0.328125,0,31.2960147857666,1087,0x43F,test,956,Gear,1,0.066538565,0.066538565,0,0.06880078234523535
test,DoS,DoS,1478200359.11076,1478200359.393994,2319744,35,0.546875,1,272.53007888793945,0,0x000,test,957,DoS,1,0.05386759,0.05386759,0,0.06880078234523535
test,Fuzzy,Fuzzy,1478198098.550043,1478198098.581273,2802496,3,0.046875,55,2.1309852600097656,399,0x18F,test,958,Fuzzy,1,0.06810667,0.06810667,0,0.06880078234523535
test,DoS,DoS,1478200449.159003,1478200449.175188,2440576,33,0.515625,1,15.938997268676758,0,0x000,test,959,DoS,1,0.05177096,0.05177096,0,0.06880078234523535
test,Normal,Gear,1478201054.636859,1478201054.670265,4157568,0,0.0,-1,,2,0x002,test,960,Normal,0,0.06505876,0.06505876,0,0.06880078234523535
test,DoS,DoS,1478200376.465028,1478200376.524768,2337344,34,0.53125,0,59.74006652832031,0,0x000,test,961,DoS,1,0.05444966,0.05444966,0,0.06880078234523535
test,DoS,DoS,1478200395.471153,1478200395.503678,2368704,33,0.515625,1,32.28616714477539,0,0x000,test,962,DoS,1,0.05001219,0.05001219,0,0.06880078234523535
test,RPM,RPM,1478192754.941054,1478192754.96552,3311488,17,0.265625,2,23.998022079467773,790,0x316,test,963,RPM,1,0.074830726,0.074830726,1,0.06880078234523535
test,Normal,Fuzzy,1478201140.755539,1478201140.787514,3712832,0,0.0,-1,,304,0x130,test,964,Normal,0,0.063219376,0.063219376,0,0.06880078234523535
test,Fuzzy,Fuzzy,1478197979.833544,1478197979.955631,2693824,25,0.390625,0,122.08700180053712,399,0x18F,test,965,Fuzzy,1,0.10346609,0.10346609,1,0.06880078234523535
test,DoS,DoS,1478200552.954142,1478200553.000678,2570496,36,0.5625,0,46.53596878051758,0,0x000,test,966,DoS,1,0.049516164,0.049516164,0,0.06880078234523535
test,Gear,Gear,1478195003.641258,1478195003.714808,3319872,20,0.3125,0,73.54998588562012,1087,0x43F,test,967,Gear,1,0.06967257,0.06967257,1,0.06880078234523535
test,Gear,Gear,1478194854.139976,1478194854.179073,3040000,20,0.3125,0,39.09707069396973,1087,0x43F,test,968,Gear,1,0.067836,0.067836,0,0.06880078234523535
test,Normal,DoS,1478201165.508132,1478201165.544247,3585088,0,0.0,-1,,399,0x18F,test,969,Normal,0,0.06290597,0.06290597,0,0.06880078234523535
test,Gear,Gear,1478195092.559345,1478195092.590687,3480384,16,0.25,0,31.342029571533203,1087,0x43F,test,970,Gear,1,0.06867718,0.06867718,0,0.06880078234523535
test,RPM,RPM,1478192748.555505,1478192748.578454,3297856,21,0.328125,0,22.9489803314209,790,0x316,test,971,RPM,1,0.08471948,0.08471948,1,0.06880078234523535
test,DoS,DoS,1478200382.420026,1478200382.474503,2347072,33,0.515625,1,54.23092842102051,0,0x000,test,972,DoS,1,0.051063582,0.051063582,0,0.06880078234523535
test,Normal,RPM,1478201080.614966,1478201080.647914,4384256,0,0.0,-1,,339,0x153,test,973,Normal,0,0.06452272,0.06452272,0,0.06880078234523535
test,Gear,Gear,1478195084.626926,1478195084.648518,3464640,19,0.296875,0,21.592140197753903,1087,0x43F,test,974,Gear,1,0.06919718,0.06919718,1,0.06880078234523535
test,Gear,Gear,1478195016.718556,1478195016.768213,3343296,23,0.359375,0,49.65710639953613,1087,0x43F,test,975,Gear,1,0.07326318,0.07326318,1,0.06880078234523535
test,RPM,RPM,1478192734.359683,1478192734.381764,3267328,19,0.296875,2,21.497011184692383,790,0x316,test,976,RPM,1,0.08211652,0.08211652,1,0.06880078234523535
test,Gear,Gear,1478194851.847134,1478194851.872904,3034560,23,0.359375,3,25.056123733520508,1087,0x43F,test,977,Gear,1,0.06936793,0.06936793,1,0.06880078234523535
test,Gear,Gear,1478194963.610476,1478194963.64246,3247424,17,0.265625,1,31.74018859863281,1087,0x43F,test,978,Gear,1,0.07267182,0.07267182,1,0.06880078234523535
test,Gear,Gear,1478194919.335365,1478194919.369155,3168896,20,0.3125,3,32.878875732421875,1087,0x43F,test,979,Gear,1,0.07361079,0.07361079,1,0.06880078234523535
test,Fuzzy,Fuzzy,1478197853.243233,1478197853.536375,2576192,30,0.46875,0,293.14208030700684,790,0x316,test,980,Fuzzy,1,0.10302999,0.10302999,1,0.06880078234523535
test,Gear,Gear,1478194904.097627,1478194904.121631,3139584,20,0.3125,2,23.52786064147949,1087,0x43F,test,981,Gear,1,0.06806506,0.06806506,0,0.06880078234523535
test,Gear,Gear,1478194871.665078,1478194871.687562,3076992,20,0.3125,1,22.25208282470703,1087,0x43F,test,982,Gear,1,0.07315161,0.07315161,1,0.06880078234523535
test,Gear,Gear,1478195007.202147,1478195007.225539,3326400,21,0.328125,0,23.3919620513916,1087,0x43F,test,983,Gear,1,0.068259664,0.068259664,0,0.06880078234523535
test,DoS,DoS,1478200646.992028,1478200647.07203,2674048,38,0.59375,0,80.0020694732666,0,0x000,test,984,DoS,1,0.046624824,0.046624824,0,0.06880078234523535
test,Gear,Gear,1478194963.129823,1478194963.163916,3246400,18,0.28125,4,33.13016891479492,1087,0x43F,test,985,Gear,1,0.07012673,0.07012673,1,0.06880078234523535
test,Gear,Gear,1478194854.80231,1478194854.829314,3041536,20,0.3125,2,26.534080505371094,1087,0x43F,test,986,Gear,1,0.069648765,0.069648765,1,0.06880078234523535
test,Fuzzy,Fuzzy,1478198115.638422,1478198115.746266,2830976,27,0.421875,0,107.84387588500977,399,0x18F,test,987,Fuzzy,1,0.0946408,0.0946408,1,0.06880078234523535
test,Fuzzy,Fuzzy,1478197823.881512,1478197824.229389,2548352,34,0.53125,0,347.87702560424805,672,0x2A0,test,988,Fuzzy,1,0.11389117,0.11389117,1,0.06880078234523535
test,Fuzzy,Fuzzy,1478198165.234166,1478198165.272948,2912512,21,0.328125,2,38.3141040802002,790,0x316,test,989,Fuzzy,1,0.09328965,0.09328965,1,0.06880078234523535
test,RPM,RPM,1478192970.701011,1478192970.741474,3710464,20,0.3125,4,36.41986846923828,790,0x316,test,990,RPM,1,0.08492324,0.08492324,1,0.06880078234523535
test,RPM,RPM,1478192841.066617,1478192841.08971,3460864,19,0.296875,2,22.381067276000977,790,0x316,test,991,RPM,1,0.0814718,0.0814718,1,0.06880078234523535
test,Normal,DoS,1478201028.070998,1478201028.10853,3331712,0,0.0,-1,,304,0x130,test,992,Normal,0,0.06972282,0.06972282,1,0.06880078234523535
test,Normal,Gear,1478201147.275613,1478201147.309314,4329152,0,0.0,-1,,305,0x131,test,993,Normal,0,0.06639747,0.06639747,0,0.06880078234523535
test,Gear,Gear,1478195093.488997,1478195093.518459,3482304,17,0.265625,1,28.74016761779785,1087,0x43F,test,994,Gear,1,0.07455635,0.07455635,1,0.06880078234523535
test,DoS,DoS,1478200473.335366,1478200473.377278,2475776,35,0.546875,0,41.91207885742188,0,0x000,test,995,DoS,1,0.049978714,0.049978714,0,0.06880078234523535
test,RPM,RPM,1478192698.824014,1478192698.848294,3194240,22,0.34375,2,23.795127868652344,790,0x316,test,996,RPM,1,0.08296103,0.08296103,1,0.06880078234523535
test,Gear,Gear,1478194872.745692,1478194872.778791,3079040,16,0.25,4,32.1500301361084,1087,0x43F,test,997,Gear,1,0.06847645,0.06847645,0,0.06880078234523535
test,Fuzzy,Fuzzy,1478197778.246186,1478197778.266877,2508928,23,0.359375,6,19.279003143310547,399,0x18F,test,998,Fuzzy,1,0.09078605,0.09078605,1,0.06880078234523535
test,Gear,Gear,1478195008.70193,1478195008.724453,3329856,20,0.3125,0,22.522926330566406,1087,0x43F,test,999,Gear,1,0.072090775,0.072090775,1,0.06880078234523535
test,Gear,Gear,1478194846.589729,1478194846.615303,3023488,22,0.34375,0,25.5739688873291,1087,0x43F,test,1000,Gear,1,0.0687657,0.0687657,0,0.06880078234523535
test,DoS,DoS,1478200379.909052,1478200379.940254,2343360,13,0.203125,42,5.815982818603516,0,0x000,test,1001,DoS,1,0.06313304,0.06313304,0,0.06880078234523535
test,RPM,RPM,1478192756.15241,1478192756.18359,3314432,17,0.265625,3,30.46703338623047,790,0x316,test,1002,RPM,1,0.074520126,0.074520126,1,0.06880078234523535
test,RPM,RPM,1478192922.202914,1478192922.224632,3623040,19,0.296875,7,19.971132278442383,790,0x316,test,1003,RPM,1,0.08064634,0.08064634,1,0.06880078234523535
test,Gear,Gear,1478194944.09859,1478194944.154518,3212352,19,0.296875,3,55.20892143249512,1087,0x43F,test,1004,Gear,1,0.07162163,0.07162163,1,0.06880078234523535
test,Fuzzy,Fuzzy,1478198020.345251,1478198020.619579,2728704,30,0.46875,1,268.66912841796875,704,0x2C0,test,1005,Fuzzy,1,0.10095591,0.10095591,1,0.06880078234523535
test,RPM,RPM,1478192793.068956,1478192793.11599,3376512,20,0.3125,2,40.69280624389648,790,0x316,test,1006,RPM,1,0.08386864,0.08386864,1,0.06880078234523535
test,DoS,DoS,1478200341.616637,1478200341.695769,2307520,34,0.53125,1,78.88317108154297,0,0x000,test,1007,DoS,1,0.04959496,0.04959496,0,0.06880078234523535
test,Normal,Fuzzy,1478201047.242107,1478201047.274051,3539584,0,0.0,-1,,399,0x18F,test,1008,Normal,0,0.06567697,0.06567697,0,0.06880078234523535
test,Normal,DoS,1478201200.330153,1478201200.364821,3649600,0,0.0,-1,,2,0x002,test,1009,Normal,0,0.067327805,0.067327805,0,0.06880078234523535
test,Fuzzy,Fuzzy,1478198136.227102,1478198136.290108,2862016,26,0.40625,0,63.00592422485352,2,0x002,test,1010,Fuzzy,1,0.1000185,0.1000185,1,0.06880078234523535
test,Fuzzy,Fuzzy,1478197931.280499,1478197931.557473,2646144,30,0.46875,1,276.7469882965088,304,0x130,test,1011,Fuzzy,1,0.10429966,0.10429966,1,0.06880078234523535
test,Fuzzy,Fuzzy,1478197960.65439,1478197960.746209,2676480,15,0.234375,15,82.48400688171387,790,0x316,test,1012,Fuzzy,1,0.0796385,0.0796385,1,0.06880078234523535
test,Fuzzy,Fuzzy,1478198142.275134,1478198142.302343,2872512,31,0.484375,9,25.064945220947266,704,0x2C0,test,1013,Fuzzy,1,0.09925387,0.09925387,1,0.06880078234523535
test,Gear,Gear,1478194853.248072,1478194853.283338,3037952,19,0.296875,1,35.03298759460449,1087,0x43F,test,1014,Gear,1,0.06445953,0.06445953,0,0.06880078234523535
test,RPM,RPM,1478192834.194416,1478192834.218997,3447808,21,0.328125,1,24.061918258666992,790,0x316,test,1015,RPM,1,0.07905847,0.07905847,1,0.06880078234523535
test,Normal,DoS,1478201139.078284,1478201139.115915,3536640,0,0.0,-1,,2,0x002,test,1016,Normal,0,0.06639947,0.06639947,0,0.06880078234523535
test,Gear,Gear,1478194887.246052,1478194887.280574,3105152,17,0.265625,7,32.6380729675293,1087,0x43F,test,1017,Gear,1,0.063507795,0.063507795,0,0.06880078234523535
test,Normal,DoS,1478201192.489508,1478201192.522369,3635072,0,0.0,-1,,399,0x18F,test,1018,Normal,0,0.06262515,0.06262515,0,0.06880078234523535
test,Fuzzy,Fuzzy,1478197960.23624,1478197960.257184,2675968,22,0.34375,4,20.00093460083008,809,0x329,test,1019,Fuzzy,1,0.09086922,0.09086922,1,0.06880078234523535
test,RPM,RPM,1478192734.453268,1478192734.47479,3267584,20,0.3125,1,21.291017532348636,790,0x316,test,1020,RPM,1,0.07961693,0.07961693,1,0.06880078234523535
test,Normal,RPM,1478201061.650464,1478201061.682828,4349120,0,0.0,-1,,320,0x140,test,1021,Normal,0,0.07060287,0.07060287,1,0.06880078234523535
test,Normal,Gear,1478201020.284925,1478201020.319932,4094656,0,0.0,-1,,2,0x002,test,1022,Normal,0,0.061548114,0.061548114,0,0.06880078234523535
test,Fuzzy,Fuzzy,1478198143.393933,1478198143.431466,2874368,28,0.4375,4,36.57698631286621,704,0x2C0,test,1023,Fuzzy,1,0.094694726,0.094694726,1,0.06880078234523535
test,Fuzzy,Fuzzy,1478197829.097718,1478197829.379473,2554688,22,0.34375,1,276.33190155029297,790,0x316,test,1024,Fuzzy,1,0.091903396,0.091903396,1,0.06880078234523535
test,Normal,RPM,1478201201.14469,1478201201.179714,4607040,0,0.0,-1,,399,0x18F,test,1025,Normal,0,0.059124112,0.059124112,0,0.06880078234523535
test,Normal,Fuzzy,1478201056.775311,1478201056.809188,3557248,0,0.0,-1,,2,0x002,test,1026,Normal,0,0.06564084,0.06564084,0,0.06880078234523535
test,Normal,DoS,1478201068.264469,1478201068.295638,3405440,0,0.0,-1,,399,0x18F,test,1027,Normal,0,0.05984103,0.05984103,0,0.06880078234523535
test,RPM,RPM,1478192858.497331,1478192858.520603,3496256,20,0.3125,1,23.046016693115234,790,0x316,test,1028,RPM,1,0.08473322,0.08473322,1,0.06880078234523535
test,DoS,DoS,1478200563.707062,1478200563.722837,2582208,33,0.515625,0,15.774965286254885,0,0x000,test,1029,DoS,1,0.049045306,0.049045306,0,0.06880078234523535
test,RPM,RPM,1478192708.433326,1478192708.460244,3214784,19,0.296875,5,21.121978759765625,790,0x316,test,1030,RPM,1,0.07927293,0.07927293,1,0.06880078234523535
test,Normal,DoS,1478201148.84448,1478201148.877822,3554688,0,0.0,-1,,2,0x002,test,1031,Normal,0,0.066576265,0.066576265,0,0.06880078234523535
test,RPM,RPM,1478192689.447481,1478192689.472268,3172160,21,0.328125,0,24.787187576293945,790,0x316,test,1032,RPM,1,0.08726898,0.08726898,1,0.06880078234523535
test,Fuzzy,Fuzzy,1478197732.100996,1478197732.280728,2460736,26,0.40625,4,168.96820068359375,320,0x140,test,1033,Fuzzy,1,0.093609974,0.093609974,1,0.06880078234523535
test,Fuzzy,Fuzzy,1478198044.860212,1478198045.152425,2746368,28,0.4375,2,275.6969928741455,304,0x130,test,1034,Fuzzy,1,0.10415542,0.10415542,1,0.06880078234523535
test,Normal,RPM,1478201143.279597,1478201143.31469,4500352,0,0.0,-1,,2,0x002,test,1035,Normal,0,0.06186814,0.06186814,0,0.06880078234523535
test,Fuzzy,Fuzzy,1478198168.439948,1478198168.519431,2917440,25,0.390625,0,79.4830322265625,2,0x002,test,1036,Fuzzy,1,0.098762915,0.098762915,1,0.06880078234523535
test,Fuzzy,Fuzzy,1478197836.395524,1478197836.448611,2561792,28,0.4375,0,53.08699607849121,305,0x131,test,1037,Fuzzy,1,0.10203316,0.10203316,1,0.06880078234523535
test,Normal,DoS,1478201205.442587,1478201205.479969,3659072,0,0.0,-1,,2,0x002,test,1038,Normal,0,0.065088354,0.065088354,0,0.06880078234523535
test,DoS,DoS,1478200534.479988,1478200534.619615,2552512,39,0.609375,0,139.62697982788086,0,0x000,test,1039,DoS,1,0.047329936,0.047329936,0,0.06880078234523535
test,Normal,RPM,1478201046.622849,1478201046.653989,4321280,0,0.0,-1,,399,0x18F,test,1040,Normal,0,0.067729086,0.067729086,0,0.06880078234523535
test,RPM,RPM,1478192883.26586,1478192883.287945,3547200,20,0.3125,1,21.85511589050293,790,0x316,test,1041,RPM,1,0.084037416,0.084037416,1,0.06880078234523535
test,Gear,Gear,1478195055.167178,1478195055.205873,3411776,21,0.328125,5,37.48297691345215,1087,0x43F,test,1042,Gear,1,0.06581239,0.06581239,0,0.06880078234523535
test,Fuzzy,Fuzzy,1478197844.687087,1478197844.978247,2568320,29,0.453125,1,285.6988906860352,305,0x131,test,1043,Fuzzy,1,0.09840987,0.09840987,1,0.06880078234523535
test,RPM,RPM,1478192717.140133,1478192717.168739,3233920,20,0.3125,2,28.133153915405277,790,0x316,test,1044,RPM,1,0.080337845,0.080337845,1,0.06880078234523535
test,Fuzzy,Fuzzy,1478198123.516096,1478198123.536823,2842560,23,0.359375,3,20.030975341796875,304,0x130,test,1045,Fuzzy,1,0.08884765,0.08884765,1,0.06880078234523535
test,DoS,DoS,1478200503.752945,1478200503.772797,2519168,34,0.53125,1,19.608020782470703,0,0x000,test,1046,DoS,1,0.052769683,0.052769683,0,0.06880078234523535
test,Fuzzy,Fuzzy,1478198108.443439,1478198108.478159,2818752,25,0.390625,4,33.75887870788574,320,0x140,test,1047,Fuzzy,1,0.08856437,0.08856437,1,0.06880078234523535
test,Normal,RPM,1478201119.685899,1478201119.718029,4456640,0,0.0,-1,,2,0x002,test,1048,Normal,0,0.068581134,0.068581134,0,0.06880078234523535
test,DoS,DoS,1478200449.690265,1478200449.714763,2441536,33,0.515625,1,24.25384521484375,0,0x000,test,1049,DoS,1,0.052370604,0.052370604,0,0.06880078234523535
test,Normal,Gear,1478201041.750367,1478201041.787274,4133696,0,0.0,-1,,305,0x131,test,1050,Normal,0,0.062239334,0.062239334,0,0.06880078234523535
test,Fuzzy,Fuzzy,1478198101.605237,1478198101.64461,2807296,25,0.390625,1,39.15691375732422,320,0x140,test,1051,Fuzzy,1,0.096657865,0.096657865,1,0.06880078234523535
test,Normal,Fuzzy,1478201154.204097,1478201154.254235,3737408,0,0.0,-1,,672,0x2A0,test,1052,Normal,0,0.06465484,0.06465484,0,0.06880078234523535
test,Fuzzy,Fuzzy,1478197887.09318,1478197887.32189,2606912,34,0.53125,0,228.71017456054688,2,0x002,test,1053,Fuzzy,1,0.103769824,0.103769824,1,0.06880078234523535
test,DoS,DoS,1478200564.195695,1478200564.260558,2582720,38,0.59375,1,64.61381912231445,0,0x000,test,1054,DoS,1,0.04988725,0.04988725,0,0.06880078234523535
test,Fuzzy,Fuzzy,1478198120.423463,1478198120.473912,2836800,15,0.234375,10,48.063039779663086,880,0x370,test,1055,Fuzzy,1,0.08237382,0.08237382,1,0.06880078234523535
test,DoS,DoS,1478200473.60548,1478200473.647815,2476096,36,0.5625,0,42.33503341674805,0,0x000,test,1056,DoS,1,0.05645427,0.05645427,0,0.06880078234523535
test,Fuzzy,Fuzzy,1478198107.126395,1478198107.197717,2816768,22,0.34375,0,71.32196426391602,304,0x130,test,1057,Fuzzy,1,0.09894623,0.09894623,1,0.06880078234523535
test,Fuzzy,Fuzzy,1478198125.324763,1478198125.356045,2844864,27,0.421875,1,31.06093406677246,704,0x2C0,test,1058,Fuzzy,1,0.085941635,0.085941635,1,0.06880078234523535
test,DoS,DoS,1478200594.000651,1478200594.016568,2618880,34,0.53125,1,15.671968460083008,0,0x000,test,1059,DoS,1,0.04940965,0.04940965,0,0.06880078234523535
test,Fuzzy,Fuzzy,1478198131.913774,1478198131.965509,2854592,19,0.296875,13,46.0660457611084,399,0x18F,test,1060,Fuzzy,1,0.089359336,0.089359336,1,0.06880078234523535
test,Fuzzy,Fuzzy,1478197961.88126,1478197961.91426,2678208,22,0.34375,4,32.04488754272461,305,0x131,test,1061,Fuzzy,1,0.09167463,0.09167463,1,0.06880078234523535
test,Gear,Gear,1478194943.032481,1478194943.078475,3210624,22,0.34375,2,43.71404647827149,1087,0x43F,test,1062,Gear,1,0.072541095,0.072541095,1,0.06880078234523535
test,DoS,DoS,1478200473.794466,1478200473.883374,2476352,40,0.625,0,88.90795707702637,0,0x000,test,1063,DoS,1,0.0461954,0.0461954,0,0.06880078234523535
test,RPM,RPM,1478192710.039412,1478192710.062393,3219136,21,0.328125,0,22.980928421020508,790,0x316,test,1064,RPM,1,0.08431903,0.08431903,1,0.06880078234523535
test,Normal,RPM,1478201125.973457,1478201126.00716,4468288,0,0.0,-1,,2,0x002,test,1065,Normal,0,0.06380359,0.06380359,0,0.06880078234523535
test,Normal,RPM,1478201123.727309,1478201123.759267,4464128,0,0.0,-1,,2,0x002,test,1066,Normal,0,0.06442757,0.06442757,0,0.06880078234523535
test,DoS,DoS,1478200472.88376,1478200472.972663,2475328,31,0.484375,1,88.65594863891602,0,0x000,test,1067,DoS,1,0.0476937,0.0476937,0,0.06880078234523535
test,Gear,Gear,1478195065.83112,1478195065.895879,3431232,24,0.375,0,64.7590160369873,1087,0x43F,test,1068,Gear,1,0.07422465,0.07422465,1,0.06880078234523535
test,RPM,RPM,1478192923.060907,1478192923.083074,3624768,19,0.296875,3,21.45314216613769,790,0x316,test,1069,RPM,1,0.079460144,0.079460144,1,0.06880078234523535
test,RPM,RPM,1478192890.628057,1478192890.652264,3563264,21,0.328125,0,24.207115173339844,790,0x316,test,1070,RPM,1,0.08669185,0.08669185,1,0.06880078234523535
test,Fuzzy,Fuzzy,1478198076.390482,1478198076.661983,2773760,29,0.453125,2,260.3650093078613,1087,0x43F,test,1071,Fuzzy,1,0.096855775,0.096855775,1,0.06880078234523535
test,DoS,DoS,1478200426.852524,1478200426.892531,2407040,37,0.578125,1,39.76798057556152,0,0x000,test,1072,DoS,1,0.049854647,0.049854647,0,0.06880078234523535
test,Gear,Gear,1478195034.648798,1478195034.693467,3374784,20,0.3125,4,43.71500015258789,1087,0x43F,test,1073,Gear,1,0.07089239,0.07089239,1,0.06880078234523535
test,Gear,Gear,1478195052.210406,1478195052.2336,3405184,24,0.375,0,23.193836212158203,1087,0x43F,test,1074,Gear,1,0.06974089,0.06974089,1,0.06880078234523535
test,DoS,DoS,1478200433.999841,1478200434.03599,2419520,37,0.578125,1,35.904884338378906,0,0x000,test,1075,DoS,1,0.04448851,0.04448851,0,0.06880078234523535
test,Fuzzy,Fuzzy,1478197943.798974,1478197943.825568,2660544,17,0.265625,2,26.1380672454834,304,0x130,test,1076,Fuzzy,1,0.08434932,0.08434932,1,0.06880078234523535
test,Gear,Gear,1478194884.198483,1478194884.220227,3099840,21,0.328125,2,21.07691764831543,1087,0x43F,test,1077,Gear,1,0.06774727,0.06774727,0,0.06880078234523535
test,DoS,DoS,1478200381.849067,1478200381.898494,2346368,30,0.46875,0,49.427032470703125,0,0x000,test,1078,DoS,1,0.051489186,0.051489186,0,0.06880078234523535
test,RPM,RPM,1478192742.912033,1478192742.933996,3285760,20,0.3125,2,21.50893211364746,790,0x316,test,1079,RPM,1,0.07881522,0.07881522,1,0.06880078234523535
test,Gear,Gear,1478194961.857379,1478194961.881098,3243456,23,0.359375,0,23.719072341918945,1087,0x43F,test,1080,Gear,1,0.07236166,0.07236166,1,0.06880078234523535
test,Normal,Gear,1478201137.787161,1478201137.822973,4311616,0,0.0,-1,,399,0x18F,test,1081,Normal,0,0.069688484,0.069688484,1,0.06880078234523535
test,Fuzzy,Fuzzy,1478197935.422433,1478197935.447198,2651648,9,0.140625,34,10.41889190673828,2,0x002,test,1082,Fuzzy,1,0.07698123,0.07698123,1,0.06880078234523535
test,Gear,Gear,1478194922.958257,1478194922.9833,3175488,22,0.34375,1,24.811983108520508,1087,0x43F,test,1083,Gear,1,0.07132204,0.07132204,1,0.06880078234523535
test,Gear,Gear,1478194859.322464,1478194859.345243,3050944,20,0.3125,0,22.778987884521484,1087,0x43F,test,1084,Gear,1,0.07112056,0.07112056,1,0.06880078234523535
test,Normal,RPM,1478201045.518637,1478201045.551784,4319232,0,0.0,-1,,2,0x002,test,1085,Normal,0,0.06595535,0.06595535,0,0.06880078234523535
test,RPM,RPM,1478192703.469408,1478192703.492625,3204096,20,0.3125,4,22.24993705749512,790,0x316,test,1086,RPM,1,0.08545749,0.08545749,1,0.06880078234523535
test,Fuzzy,Fuzzy,1478197961.975894,1478197962.003798,2678400,24,0.375,0,27.904033660888672,2,0x002,test,1087,Fuzzy,1,0.091954015,0.091954015,1,0.06880078234523535
test,Normal,DoS,1478201114.518166,1478201114.553556,3491136,0,0.0,-1,,704,0x2C0,test,1088,Normal,0,0.063293874,0.063293874,0,0.06880078234523535
test,DoS,DoS,1478200579.914584,1478200580.063735,2602176,36,0.5625,1,148.90289306640625,0,0x000,test,1089,DoS,1,0.054204866,0.054204866,0,0.06880078234523535
test,RPM,RPM,1478192879.297768,1478192879.32474,3539328,20,0.3125,5,25.812864303588867,790,0x316,test,1090,RPM,1,0.08321023,0.08321023,1,0.06880078234523535
test,RPM,RPM,1478192922.249592,1478192922.272481,3623168,20,0.3125,0,22.888898849487305,790,0x316,test,1091,RPM,1,0.0855771,0.0855771,1,0.06880078234523535
test,Gear,Gear,1478195026.543634,1478195026.569176,3362048,23,0.359375,0,25.54202079772949,1087,0x43F,test,1092,Gear,1,0.06738221,0.06738221,0,0.06880078234523535
test,DoS,DoS,1478200452.366713,1478200452.387124,2445312,33,0.515625,0,20.41101455688477,0,0x000,test,1093,DoS,1,0.05147351,0.05147351,0,0.06880078234523535
test,Fuzzy,Fuzzy,1478198107.482327,1478198107.504665,2817344,22,0.34375,9,20.209789276123047,399,0x18F,test,1094,Fuzzy,1,0.08640612,0.08640612,1,0.06880078234523535
test,DoS,DoS,1478200395.390344,1478200395.40647,2368384,36,0.5625,0,16.126155853271484,0,0x000,test,1095,DoS,1,0.0496952,0.0496952,0,0.06880078234523535
test,Fuzzy,Fuzzy,1478198092.295815,1478198092.33622,2792320,23,0.359375,6,38.990020751953125,704,0x2C0,test,1096,Fuzzy,1,0.09416413,0.09416413,1,0.06880078234523535
test,Normal,Fuzzy,1478201042.716469,1478201042.749504,3531200,0,0.0,-1,,339,0x153,test,1097,Normal,0,0.060504645,0.060504645,0,0.06880078234523535
test,Fuzzy,Fuzzy,1478197854.632734,1478197854.880435,2576576,24,0.375,3,246.7789649963379,704,0x2C0,test,1098,Fuzzy,1,0.088312216,0.088312216,1,0.06880078234523535
test,Fuzzy,Fuzzy,1478198149.638875,1478198149.675034,2885440,24,0.375,1,35.93611717224121,2,0x002,test,1099,Fuzzy,1,0.08853561,0.08853561,1,0.06880078234523535
test,RPM,RPM,1478192839.707638,1478192839.746423,3458368,23,0.359375,4,37.83988952636719,790,0x316,test,1100,RPM,1,0.083408296,0.083408296,1,0.06880078234523535
test,RPM,RPM,1478192769.335972,1478192769.370612,3338176,21,0.328125,2,33.76483917236328,790,0x316,test,1101,RPM,1,0.08360946,0.08360946,1,0.06880078234523535
test,Gear,Gear,1478194846.958346,1478194846.980833,3024384,19,0.296875,7,20.838022232055664,1087,0x43F,test,1102,Gear,1,0.06664634,0.06664634,0,0.06880078234523535
test,Gear,Gear,1478195054.286377,1478195054.311152,3410176,19,0.296875,7,22.361040115356445,1087,0x43F,test,1103,Gear,1,0.067201085,0.067201085,0,0.06880078234523535
test,Gear,Gear,1478194937.143359,1478194937.193672,3200064,18,0.28125,1,44.59190368652344,1087,0x43F,test,1104,Gear,1,0.06824233,0.06824233,0,0.06880078234523535
test,RPM,RPM,1478192684.899883,1478192684.923547,3162624,19,0.296875,2,23.0410099029541,790,0x316,test,1105,RPM,1,0.079255834,0.079255834,1,0.06880078234523535
test,Fuzzy,Fuzzy,1478197913.625031,1478197913.742202,2630336,24,0.375,6,115.73314666748048,2,0x002,test,1106,Fuzzy,1,0.09031697,0.09031697,1,0.06880078234523535
test,Gear,Gear,1478195008.724687,1478195008.761223,3329920,20,0.3125,2,31.742095947265625,1087,0x43F,test,1107,Gear,1,0.07437572,0.07437572,1,0.06880078234523535
test,DoS,DoS,1478200480.331972,1478200480.382373,2486656,35,0.546875,0,50.40121078491211,0,0x000,test,1108,DoS,1,0.049352977,0.049352977,0,0.06880078234523535
test,Fuzzy,Fuzzy,1478198168.915633,1478198168.957588,2918272,30,0.46875,3,41.24689102172852,704,0x2C0,test,1109,Fuzzy,1,0.103316255,0.103316255,1,0.06880078234523535
test,Gear,Gear,1478194996.055162,1478194996.080313,3308480,22,0.34375,2,24.68585968017578,1087,0x43F,test,1110,Gear,1,0.07109716,0.07109716,1,0.06880078234523535
test,RPM,RPM,1478192748.233498,1478192748.25686,3297088,21,0.328125,1,23.133039474487305,790,0x316,test,1111,RPM,1,0.08159153,0.08159153,1,0.06880078234523535
test,DoS,DoS,1478200336.975934,1478200337.145383,2302784,42,0.65625,1,169.19898986816406,0,0x000,test,1112,DoS,1,0.050821815,0.050821815,0,0.06880078234523535
test,Fuzzy,Fuzzy,1478197803.278927,1478197803.357108,2532672,25,0.390625,3,77.48723030090332,305,0x131,test,1113,Fuzzy,1,0.087289624,0.087289624,1,0.06880078234523535
test,Fuzzy,Fuzzy,1478198134.476797,1478198134.508739,2859264,25,0.390625,1,31.7230224609375,704,0x2C0,test,1114,Fuzzy,1,0.09738145,0.09738145,1,0.06880078234523535
test,RPM,RPM,1478192709.079271,1478192709.100954,3216512,19,0.296875,4,20.75505256652832,790,0x316,test,1115,RPM,1,0.07804272,0.07804272,1,0.06880078234523535
test,Fuzzy,Fuzzy,1478198172.14985,1478198172.169995,2924352,24,0.375,2,19.668102264404297,809,0x329,test,1116,Fuzzy,1,0.0977159,0.0977159,1,0.06880078234523535
test,Fuzzy,Fuzzy,1478197960.257402,1478197960.278518,2676032,26,0.40625,0,21.11601829528809,608,0x260,test,1117,Fuzzy,1,0.0921757,0.0921757,1,0.06880078234523535
test,DoS,DoS,1478200631.788286,1478200631.80401,2657664,33,0.515625,1,15.477895736694336,0,0x000,test,1118,DoS,1,0.054430418,0.054430418,0,0.06880078234523535
test,DoS,DoS,1478200605.643086,1478200605.819135,2629056,39,0.609375,0,176.04899406433103,0,0x000,test,1119,DoS,1,0.047654588,0.047654588,0,0.06880078234523535
test,Fuzzy,Fuzzy,1478197936.121376,1478197936.147642,2652288,20,0.3125,0,26.26585960388184,790,0x316,test,1120,Fuzzy,1,0.08302103,0.08302103,1,0.06880078234523535
test,Fuzzy,Fuzzy,1478197882.56927,1478197882.774463,2600576,10,0.15625,2,194.4520473480225,2,0x002,test,1121,Fuzzy,1,0.08242631,0.08242631,1,0.06880078234523535
test,Normal,Fuzzy,1478201135.847592,1478201135.885079,3703744,0,0.0,-1,,399,0x18F,test,1122,Normal,0,0.07037058,0.07037058,1,0.06880078234523535
test,DoS,DoS,1478200497.381452,1478200497.514092,2510208,40,0.625,1,127.09307670593262,0,0x000,test,1123,DoS,1,0.04610176,0.04610176,0,0.06880078234523535
test,RPM,RPM,1478192750.031535,1478192750.055777,3301184,19,0.296875,0,24.242162704467773,790,0x316,test,1124,RPM,1,0.08614413,0.08614413,1,0.06880078234523535
test,Gear,Gear,1478195068.165179,1478195068.193853,3435008,22,0.34375,5,23.54097366333008,1087,0x43F,test,1125,Gear,1,0.07173538,0.07173538,1,0.06880078234523535
test,Fuzzy,Fuzzy,1478197986.348293,1478197986.670993,2701056,25,0.390625,0,322.70002365112305,704,0x2C0,test,1126,Fuzzy,1,0.09019977,0.09019977,1,0.06880078234523535
test,Fuzzy,Fuzzy,1478198175.531973,1478198175.567124,2929216,25,0.390625,2,34.700870513916016,1088,0x440,test,1127,Fuzzy,1,0.08815545,0.08815545,1,0.06880078234523535
test,RPM,RPM,1478192716.94275,1478192716.98043,3233536,20,0.3125,7,36.02480888366699,790,0x316,test,1128,RPM,1,0.081460804,0.081460804,1,0.06880078234523535
test,Gear,Gear,1478195110.984821,1478195111.061774,3511552,22,0.34375,1,71.38609886169434,1087,0x43F,test,1129,Gear,1,0.072664216,0.072664216,1,0.06880078234523535
test,Gear,Gear,1478195007.060822,1478195007.085538,3326016,20,0.3125,6,22.35698699951172,1087,0x43F,test,1130,Gear,1,0.06866566,0.06866566,0,0.06880078234523535
test,Gear,Gear,1478194996.129825,1478194996.157216,3308608,19,0.296875,5,26.18598937988281,1087,0x43F,test,1131,Gear,1,0.066098705,0.066098705,0,0.06880078234523535
test,Gear,Gear,1478194969.00746,1478194969.045956,3257920,20,0.3125,3,37.79196739196777,1087,0x43F,test,1132,Gear,1,0.06730673,0.06730673,0,0.06880078234523535
test,DoS,DoS,1478200445.930681,1478200445.966968,2434560,33,0.515625,0,36.28706932067871,0,0x000,test,1133,DoS,1,0.05242874,0.05242874,0,0.06880078234523535
test,Gear,Gear,1478195035.401994,1478195035.464823,3375936,22,0.34375,4,61.89608573913574,1087,0x43F,test,1134,Gear,1,0.06873008,0.06873008,0,0.06880078234523535
test,DoS,DoS,1478200565.978609,1478200566.043981,2584128,35,0.546875,1,65.12808799743652,0,0x000,test,1135,DoS,1,0.05214315,0.05214315,0,0.06880078234523535
test,DoS,DoS,1478200641.718959,1478200641.915017,2667392,31,0.484375,0,196.05779647827148,0,0x000,test,1136,DoS,1,0.052475113,0.052475113,0,0.06880078234523535
test,Fuzzy,Fuzzy,1478197994.618501,1478197994.810786,2710016,28,0.4375,1,192.06905364990237,320,0x140,test,1137,Fuzzy,1,0.09802903,0.09802903,1,0.06880078234523535
test,Normal,Fuzzy,1478201074.327094,1478201074.359077,3589760,0,0.0,-1,,2,0x002,test,1138,Normal,0,0.062071305,0.062071305,0,0.06880078234523535
test,Fuzzy,Fuzzy,1478198159.463827,1478198159.490726,2901824,21,0.328125,1,26.684045791625977,304,0x130,test,1139,Fuzzy,1,0.09431841,0.09431841,1,0.06880078234523535
test,Normal,RPM,1478201043.479446,1478201043.512179,4315456,0,0.0,-1,,305,0x131,test,1140,Normal,0,0.060655627,0.060655627,0,0.06880078234523535
test,RPM,RPM,1478192787.310282,1478192787.363564,3366976,20,0.3125,0,53.28202247619629,790,0x316,test,1141,RPM,1,0.081022166,0.081022166,1,0.06880078234523535
test,RPM,RPM,1478192757.021461,1478192757.04446,3316544,21,0.328125,1,22.77207374572754,790,0x316,test,1142,RPM,1,0.08035817,0.08035817,1,0.06880078234523535
test,Fuzzy,Fuzzy,1478198174.984057,1478198175.025748,2928448,27,0.421875,0,41.69106483459473,305,0x131,test,1143,Fuzzy,1,0.09673537,0.09673537,1,0.06880078234523535
test,RPM,RPM,1478192786.177502,1478192786.205858,3365376,22,0.34375,1,28.1219482421875,790,0x316,test,1144,RPM,1,0.08669447,0.08669447,1,0.06880078234523535
test,Fuzzy,Fuzzy,1478197755.89068,1478197755.911604,2486080,24,0.375,3,20.215988159179688,2,0x002,test,1145,Fuzzy,1,0.08722675,0.08722675,1,0.06880078234523535
test,Fuzzy,Fuzzy,1478197762.174459,1478197762.236202,2494016,26,0.40625,3,61.03396415710449,848,0x350,test,1146,Fuzzy,1,0.09718465,0.09718465,1,0.06880078234523535
test,RPM,RPM,1478192942.592271,1478192942.638839,3657728,20,0.3125,2,46.10300064086914,790,0x316,test,1147,RPM,1,0.076595075,0.076595075,1,0.06880078234523535
test,Normal,Gear,1478201065.380003,1478201065.417212,4177472,0,0.0,-1,,399,0x18F,test,1148,Normal,0,0.06402777,0.06402777,0,0.06880078234523535
test,DoS,DoS,1478200383.022702,1478200383.060978,2347968,36,0.5625,0,38.275957107543945,0,0x000,test,1149,DoS,1,0.048663598,0.048663598,0,0.06880078234523535
test,Normal,DoS,1478201129.374262,1478201129.406615,3518656,0,0.0,-1,,2,0x002,test,1150,Normal,0,0.06522471,0.06522471,0,0.06880078234523535
test,RPM,RPM,1478192704.865292,1478192704.899905,3207808,22,0.34375,1,34.39188003540039,790,0x316,test,1151,RPM,1,0.08003689,0.08003689,1,0.06880078234523535
test,DoS,DoS,1478200430.615132,1478200430.687707,2412992,34,0.53125,1,72.32785224914551,0,0x000,test,1152,DoS,1,0.04920424,0.04920424,0,0.06880078234523535
test,RPM,RPM,1478192963.801882,1478192963.847827,3698048,24,0.375,1,45.71890830993652,790,0x316,test,1153,RPM,1,0.085939385,0.085939385,1,0.06880078234523535
test,Normal,Fuzzy,1478201094.118083,1478201094.153934,3626432,0,0.0,-1,,305,0x131,test,1154,Normal,0,0.06483704,0.06483704,0,0.06880078234523535
test,Normal,Gear,1478201049.560032,1478201049.592474,4148160,0,0.0,-1,,399,0x18F,test,1155,Normal,0,0.060720734,0.060720734,0,0.06880078234523535
test,RPM,RPM,1478192754.966671,1478192754.993693,3311552,18,0.28125,0,27.022123336791992,790,0x316,test,1156,RPM,1,0.08114647,0.08114647,1,0.06880078234523535
test,Gear,Gear,1478194874.080844,1478194874.135466,3081600,19,0.296875,3,53.2841682434082,1087,0x43F,test,1157,Gear,1,0.07168929,0.07168929,1,0.06880078234523535
test,Fuzzy,Fuzzy,1478198157.91674,1478198157.945161,2899328,24,0.375,0,28.42116355895996,2,0x002,test,1158,Fuzzy,1,0.09675204,0.09675204,1,0.06880078234523535
test,RPM,RPM,1478192749.752435,1478192749.773865,3300544,19,0.296875,3,20.7209587097168,790,0x316,test,1159,RPM,1,0.084127136,0.084127136,1,0.06880078234523535
test,RPM,RPM,1478192689.139043,1478192689.163531,3171328,20,0.3125,3,23.774147033691406,790,0x316,test,1160,RPM,1,0.08719473,0.08719473,1,0.06880078234523535
test,Normal,RPM,1478201161.487678,1478201161.522042,4533568,0,0.0,-1,,608,0x260,test,1161,Normal,0,0.06484687,0.06484687,0,0.06880078234523535
test,RPM,RPM,1478192955.255971,1478192955.282634,3682176,18,0.28125,1,26.437997817993164,790,0x316,test,1162,RPM,1,0.07778947,0.07778947,1,0.06880078234523535
test,Gear,Gear,1478194990.881248,1478194990.915645,3299008,20,0.3125,0,34.39688682556152,1087,0x43F,test,1163,Gear,1,0.06973155,0.06973155,1,0.06880078234523535
test,Normal,RPM,1478201111.915192,1478201111.947075,4442240,0,0.0,-1,,704,0x2C0,test,1164,Normal,0,0.06639055,0.06639055,0,0.06880078234523535
test,Gear,Gear,1478194970.516164,1478194970.555561,3260480,21,0.328125,4,38.46502304077149,1087,0x43F,test,1165,Gear,1,0.07330178,0.07330178,1,0.06880078234523535
test,RPM,RPM,1478192702.529391,1478192702.553643,3201600,21,0.328125,1,24.018049240112305,790,0x316,test,1166,RPM,1,0.083817385,0.083817385,1,0.06880078234523535
test,Fuzzy,Fuzzy,1478198101.021676,1478198101.062017,2806528,21,0.328125,0,40.34090042114258,880,0x370,test,1167,Fuzzy,1,0.08628541,0.08628541,1,0.06880078234523535
test,DoS,DoS,1478200510.865949,1478200510.88189,2527488,35,0.546875,1,15.694141387939451,0,0x000,test,1168,DoS,1,0.049656745,0.049656745,0,0.06880078234523535
test,Gear,Gear,1478194963.017922,1478194963.041298,3246144,20,0.3125,0,23.3759880065918,1087,0x43F,test,1169,Gear,1,0.071349874,0.071349874,1,0.06880078234523535
test,RPM,RPM,1478192844.519795,1478192844.54824,3467584,20,0.3125,1,28.22089195251465,790,0x316,test,1170,RPM,1,0.078844264,0.078844264,1,0.06880078234523535
test,Normal,DoS,1478201029.627614,1478201029.659331,3334592,0,0.0,-1,,2,0x002,test,1171,Normal,0,0.062294707,0.062294707,0,0.06880078234523535
test,DoS,DoS,1478200389.974592,1478200390.013359,2359360,38,0.59375,0,38.76709938049317,0,0x000,test,1172,DoS,1,0.053137165,0.053137165,0,0.06880078234523535
test,Gear,Gear,1478194853.555616,1478194853.578422,3038656,19,0.296875,0,22.806167602539062,1087,0x43F,test,1173,Gear,1,0.06881902,0.06881902,1,0.06880078234523535
test,Fuzzy,Fuzzy,1478197865.029609,1478197865.058083,2585088,23,0.359375,0,28.474092483520508,320,0x140,test,1174,Fuzzy,1,0.091183536,0.091183536,1,0.06880078234523535
test,Normal,Gear,1478201057.368152,1478201057.399497,4162624,0,0.0,-1,,2,0x002,test,1175,Normal,0,0.061304323,0.061304323,0,0.06880078234523535
test,DoS,DoS,1478200321.200772,1478200321.282845,2289728,34,0.53125,0,82.07297325134277,0,0x000,test,1176,DoS,1,0.053168654,0.053168654,0,0.06880078234523535
test,Normal,DoS,1478201208.24084,1478201208.273639,3664256,0,0.0,-1,,2,0x002,test,1177,Normal,0,0.057339333,0.057339333,0,0.06880078234523535
test,DoS,DoS,1478200449.223715,1478200449.239663,2440832,35,0.546875,0,15.947818756103516,0,0x000,test,1178,DoS,1,0.049213063,0.049213063,0,0.06880078234523535
test,Gear,Gear,1478195027.430868,1478195027.462927,3363328,19,0.296875,1,31.853199005126957,1087,0x43F,test,1179,Gear,1,0.07168732,0.07168732,1,0.06880078234523535
test,Normal,RPM,1478201023.050135,1478201023.08171,4278336,0,0.0,-1,,2,0x002,test,1180,Normal,0,0.060577817,0.060577817,0,0.06880078234523535
test,Normal,Fuzzy,1478201206.702489,1478201206.739768,3834496,0,0.0,-1,,2,0x002,test,1181,Normal,0,0.06588113,0.06588113,0,0.06880078234523535
test,DoS,DoS,1478200488.143144,1478200488.159379,2497216,34,0.53125,0,16.2351131439209,0,0x000,test,1182,DoS,1,0.049846705,0.049846705,0,0.06880078234523535
test,RPM,RPM,1478192824.883638,1478192824.906312,3430144,20,0.3125,1,22.44806289672852,790,0x316,test,1183,RPM,1,0.083973475,0.083973475,1,0.06880078234523535
test,Gear,Gear,1478194860.453549,1478194860.476901,3053696,20,0.3125,0,23.35214614868164,1087,0x43F,test,1184,Gear,1,0.0725736,0.0725736,1,0.06880078234523535
test,Normal,Fuzzy,1478201032.614388,1478201032.646701,3513216,0,0.0,-1,,399,0x18F,test,1185,Normal,0,0.062786855,0.062786855,0,0.06880078234523535
test,DoS,DoS,1478200633.285903,1478200633.465454,2658496,40,0.625,0,179.5511245727539,0,0x000,test,1186,DoS,1,0.052023586,0.052023586,0,0.06880078234523535
test,Normal,RPM,1478201182.319016,1478201182.351026,4572160,0,0.0,-1,,399,0x18F,test,1187,Normal,0,0.061193105,0.061193105,0,0.06880078234523535
test,Normal,RPM,1478201150.037602,1478201150.074214,4512832,0,0.0,-1,,2,0x002,test,1188,Normal,0,0.066185236,0.066185236,0,0.06880078234523535
test,DoS,DoS,1478200542.127898,1478200542.315273,2561280,43,0.671875,1,181.8790435791016,0,0x000,test,1189,DoS,1,0.045312405,0.045312405,0,0.06880078234523535
test,RPM,RPM,1478192696.223184,1478192696.249973,3187520,24,0.375,1,26.556968688964844,790,0x316,test,1190,RPM,1,0.0890669,0.0890669,1,0.06880078234523535
test,DoS,DoS,1478200376.30425,1478200376.353734,2337152,32,0.5,0,49.4840145111084,0,0x000,test,1191,DoS,1,0.051996958,0.051996958,0,0.06880078234523535
test,RPM,RPM,1478192812.186702,1478192812.221948,3407616,21,0.328125,6,33.46681594848633,790,0x316,test,1192,RPM,1,0.08368496,0.08368496,1,0.06880078234523535
test,Fuzzy,Fuzzy,1478197985.822193,1478197986.030745,2700864,13,0.203125,10,189.05901908874512,304,0x130,test,1193,Fuzzy,1,0.08643746,0.08643746,1,0.06880078234523535
test,Gear,Gear,1478194994.166617,1478194994.19725,3305088,5,0.078125,51,3.2799243927001958,1087,0x43F,test,1194,Gear,1,0.06933524,0.06933524,1,0.06880078234523535
test,Normal,RPM,1478201133.60674,1478201133.640466,4482432,0,0.0,-1,,305,0x131,test,1195,Normal,0,0.06877701,0.06877701,0,0.06880078234523535
test,Gear,Gear,1478194936.08252,1478194936.131601,3198272,21,0.328125,2,48.60711097717285,1087,0x43F,test,1196,Gear,1,0.06756499,0.06756499,0,0.06880078234523535
test,DoS,DoS,1478200397.476701,1478200397.531581,2371520,37,0.578125,0,54.87990379333496,0,0x000,test,1197,DoS,1,0.051779196,0.051779196,0,0.06880078234523535
test,Normal,DoS,1478201071.648267,1478201071.681785,3411712,0,0.0,-1,,2,0x002,test,1198,Normal,0,0.06552116,0.06552116,0,0.06880078234523535
test,RPM,RPM,1478192780.324631,1478192780.371255,3355968,18,0.28125,0,46.623945236206055,790,0x316,test,1199,RPM,1,0.079047866,0.079047866,1,0.06880078234523535
test,Fuzzy,Fuzzy,1478198151.397282,1478198151.431359,2888000,23,0.359375,1,33.866167068481445,1349,0x545,test,1200,Fuzzy,1,0.0885216,0.0885216,1,0.06880078234523535
test,Normal,RPM,1478201208.881931,1478201208.91803,4621376,0,0.0,-1,,2,0x002,test,1201,Normal,0,0.0659698,0.0659698,0,0.06880078234523535
test,Normal,DoS,1478201177.014157,1478201177.045599,3606400,0,0.0,-1,,304,0x130,test,1202,Normal,0,0.0641536,0.0641536,0,0.06880078234523535
test,Gear,Gear,1478195113.811276,1478195113.905028,3513408,13,0.203125,0,93.75214576721191,1087,0x43F,test,1203,Gear,1,0.06419601,0.06419601,0,0.06880078234523535
test,DoS,DoS,1478200453.755619,1478200453.801049,2447360,33,0.515625,3,29.040098190307617,0,0x000,test,1204,DoS,1,0.051556133,0.051556133,0,0.06880078234523535
test,Fuzzy,Fuzzy,1478197988.261641,1478197988.525031,2701568,20,0.3125,7,261.7340087890625,399,0x18F,test,1205,Fuzzy,1,0.088124394,0.088124394,1,0.06880078234523535
test,Normal,RPM,1478201162.52439,1478201162.556942,4535488,0,0.0,-1,,2,0x002,test,1206,Normal,0,0.070287116,0.070287116,1,0.06880078234523535
test,Normal,DoS,1478201075.207878,1478201075.239293,3418304,0,0.0,-1,,2,0x002,test,1207,Normal,0,0.064620994,0.064620994,0,0.06880078234523535
test,Fuzzy,Fuzzy,1478197813.811536,1478197813.844489,2540736,34,0.53125,1,32.72700309753418,704,0x2C0,test,1208,Fuzzy,1,0.1062525,0.1062525,1,0.06880078234523535
test,DoS,DoS,1478200400.034258,1478200400.086493,2374976,17,0.265625,0,52.23512649536133,0,0x000,test,1209,DoS,1,0.0558833,0.0558833,0,0.06880078234523535
test,Fuzzy,Fuzzy,1478197874.328324,1478197874.433175,2593600,21,0.328125,1,99.1840362548828,848,0x350,test,1210,Fuzzy,1,0.08644194,0.08644194,1,0.06880078234523535
test,Fuzzy,Fuzzy,1478197904.902374,1478197905.20102,2621696,27,0.421875,3,282.2599411010742,304,0x130,test,1211,Fuzzy,1,0.10135571,0.10135571,1,0.06880078234523535
test,Gear,Gear,1478194996.080561,1478194996.128937,3308544,18,0.28125,5,47.16300964355469,1087,0x43F,test,1212,Gear,1,0.06890122,0.06890122,1,0.06880078234523535
test,DoS,DoS,1478200460.429231,1478200460.496626,2455936,33,0.515625,0,67.39497184753418,0,0x000,test,1213,DoS,1,0.053117882,0.053117882,0,0.06880078234523535
test,Fuzzy,Fuzzy,1478197870.592678,1478197870.798433,2591616,28,0.4375,0,205.7549953460693,848,0x350,test,1214,Fuzzy,1,0.09920101,0.09920101,1,0.06880078234523535
test,RPM,RPM,1478192859.60201,1478192859.626312,3498880,20,0.3125,0,24.302005767822266,790,0x316,test,1215,RPM,1,0.081571646,0.081571646,1,0.06880078234523535
test,RPM,RPM,1478192799.195088,1478192799.225713,3386752,21,0.328125,2,30.148983001708984,790,0x316,test,1216,RPM,1,0.08130745,0.08130745,1,0.06880078234523535
test,Gear,Gear,1478194968.228328,1478194968.250334,3256384,19,0.296875,2,21.538972854614254,1087,0x43F,test,1217,Gear,1,0.07070563,0.07070563,1,0.06880078234523535
test,DoS,DoS,1478200533.436227,1478200533.470541,2551552,3,0.046875,60,0.8130073547363281,399,0x18F,test,1218,DoS,1,0.065552495,0.065552495,0,0.06880078234523535
test,Gear,Gear,1478194898.139301,1478194898.164663,3127488,21,0.328125,3,24.604082107543945,1087,0x43F,test,1219,Gear,1,0.07134632,0.07134632,1,0.06880078234523535
test,RPM,RPM,1478192697.168136,1478192697.190647,3190016,20,0.3125,0,22.511005401611328,790,0x316,test,1220,RPM,1,0.08097209,0.08097209,1,0.06880078234523535
test,RPM,RPM,1478192750.175675,1478192750.211307,3301440,23,0.359375,1,35.40515899658203,790,0x316,test,1221,RPM,1,0.08569775,0.08569775,1,0.06880078234523535
test,Normal,Gear,1478201114.847943,1478201114.885526,4269120,0,0.0,-1,,2,0x002,test,1222,Normal,0,0.06612416,0.06612416,0,0.06880078234523535
test,Gear,Gear,1478194951.483204,1478194951.523422,3224640,16,0.25,2,37.18209266662598,1087,0x43F,test,1223,Gear,1,0.07070892,0.07070892,1,0.06880078234523535
test,RPM,RPM,1478192949.72525,1478192949.764787,3670912,20,0.3125,1,38.60306739807129,790,0x316,test,1224,RPM,1,0.07852508,0.07852508,1,0.06880078234523535
test,Gear,Gear,1478194911.575287,1478194911.624626,3155008,19,0.296875,5,26.93700790405273,1087,0x43F,test,1225,Gear,1,0.07169016,0.07169016,1,0.06880078234523535
test,RPM,RPM,1478192689.77897,1478192689.803261,3173056,20,0.3125,3,23.571014404296875,790,0x316,test,1226,RPM,1,0.08496904,0.08496904,1,0.06880078234523535
test,RPM,RPM,1478192948.222083,1478192948.244344,3668160,19,0.296875,3,21.471023559570312,790,0x316,test,1227,RPM,1,0.08214611,0.08214611,1,0.06880078234523535
test,RPM,RPM,1478192715.860554,1478192715.888966,3231552,23,0.359375,1,28.18608283996582,790,0x316,test,1228,RPM,1,0.08585837,0.08585837,1,0.06880078234523535
test,RPM,RPM,1478192838.93745,1478192838.969719,3456896,21,0.328125,4,26.312828063964844,790,0x316,test,1229,RPM,1,0.08048489,0.08048489,1,0.06880078234523535
test,DoS,DoS,1478200349.907728,1478200350.091543,2313216,30,0.46875,1,178.5750389099121,0,0x000,test,1230,DoS,1,0.05543186,0.05543186,0,0.06880078234523535
test,Normal,DoS,1478201014.809425,1478201014.840108,3307136,0,0.0,-1,,2,0x002,test,1231,Normal,0,0.06569571,0.06569571,0,0.06880078234523535
test,Gear,Gear,1478195001.609152,1478195001.701219,3317504,17,0.265625,0,92.06700325012208,1087,0x43F,test,1232,Gear,1,0.068777084,0.068777084,0,0.06880078234523535
test,Fuzzy,Fuzzy,1478197952.50307,1478197952.649339,2668480,27,0.421875,2,145.80106735229492,304,0x130,test,1233,Fuzzy,1,0.09487042,0.09487042,1,0.06880078234523535
test,Gear,Gear,1478195071.705723,1478195071.728748,3441600,20,0.3125,1,22.727012634277344,1087,0x43F,test,1234,Gear,1,0.06830701,0.06830701,0,0.06880078234523535
test,Fuzzy,Fuzzy,1478198123.420131,1478198123.451193,2842304,4,0.0625,53,3.275156021118164,672,0x2A0,test,1235,Fuzzy,1,0.06971883,0.06971883,1,0.06880078234523535
test,DoS,DoS,1478200359.615329,1478200359.814893,2319872,34,0.53125,3,188.27009201049805,0,0x000,test,1236,DoS,1,0.051299393,0.051299393,0,0.06880078234523535
test,Fuzzy,Fuzzy,1478197860.772753,1478197860.835434,2582976,26,0.40625,0,62.680959701538086,2,0x002,test,1237,Fuzzy,1,0.08800521,0.08800521,1,0.06880078234523535
test,RPM,RPM,1478192909.949797,1478192910.033906,3602368,21,0.328125,3,83.19592475891113,790,0x316,test,1238,RPM,1,0.084105276,0.084105276,1,0.06880078234523535
test,Normal,DoS,1478201201.884116,1478201201.919736,3652480,0,0.0,-1,,304,0x130,test,1239,Normal,0,0.0654877,0.0654877,0,0.06880078234523535
test,Gear,Gear,1478195087.437858,1478195087.469658,3470208,22,0.34375,0,31.799793243408203,1087,0x43F,test,1240,Gear,1,0.07177883,0.07177883,1,0.06880078234523535
test,RPM,RPM,1478192736.956894,1478192736.990527,3273152,23,0.359375,0,33.63299369812012,790,0x316,test,1241,RPM,1,0.0851423,0.0851423,1,0.06880078234523535
test,RPM,RPM,1478192962.258436,1478192962.311009,3695360,20,0.3125,0,52.57296562194824,790,0x316,test,1242,RPM,1,0.078785755,0.078785755,1,0.06880078234523535
test,Normal,RPM,1478201042.61655,1478201042.649257,4313856,0,0.0,-1,,672,0x2A0,test,1243,Normal,0,0.06473772,0.06473772,0,0.06880078234523535
test,Normal,RPM,1478201064.828793,1478201064.861473,4355008,0,0.0,-1,,2,0x002,test,1244,Normal,0,0.06876818,0.06876818,0,0.06880078234523535
test,RPM,RPM,1478192896.471904,1478192896.495161,3575296,20,0.3125,0,23.25701713562012,790,0x316,test,1245,RPM,1,0.08286389,0.08286389,1,0.06880078234523535
test,Normal,DoS,1478201012.283163,1478201012.320767,3302464,0,0.0,-1,,2,0x002,test,1246,Normal,0,0.057359796,0.057359796,0,0.06880078234523535
test,Fuzzy,Fuzzy,1478198166.182176,1478198166.214991,2913984,25,0.390625,2,32.3641300201416,320,0x140,test,1247,Fuzzy,1,0.09433401,0.09433401,1,0.06880078234523535
test,Fuzzy,Fuzzy,1478198143.198042,1478198143.282164,2874112,24,0.375,0,84.1221809387207,1087,0x43F,test,1248,Fuzzy,1,0.090035565,0.090035565,1,0.06880078234523535
test,RPM,RPM,1478192917.586405,1478192917.613969,3614528,20,0.3125,3,26.867151260375977,790,0x316,test,1249,RPM,1,0.079806894,0.079806894,1,0.06880078234523535
test,Gear,Gear,1478194938.523676,1478194938.545926,3202368,21,0.328125,4,21.31009101867676,1087,0x43F,test,1250,Gear,1,0.06810208,0.06810208,0,0.06880078234523535
test,Fuzzy,Fuzzy,1478197797.332024,1478197797.353225,2524672,27,0.421875,0,21.20089530944824,809,0x329,test,1251,Fuzzy,1,0.09176731,0.09176731,1,0.06880078234523535
test,Gear,Gear,1478194981.592443,1478194981.640971,3280576,22,0.34375,4,47.57285118103027,1087,0x43F,test,1252,Gear,1,0.07257087,0.07257087,1,0.06880078234523535
test,RPM,RPM,1478192741.63337,1478192741.662622,3282752,22,0.34375,3,28.47003936767578,790,0x316,test,1253,RPM,1,0.07920357,0.07920357,1,0.06880078234523535
test,RPM,RPM,1478192844.490352,1478192844.519549,3467520,22,0.34375,2,28.447866439819336,790,0x316,test,1254,RPM,1,0.08622477,0.08622477,1,0.06880078234523535
test,Fuzzy,Fuzzy,1478198043.204406,1478198043.527761,2746048,30,0.46875,0,323.35495948791504,339,0x153,test,1255,Fuzzy,1,0.11374436,0.11374436,1,0.06880078234523535
test,Normal,DoS,1478201089.989813,1478201090.027205,3445696,0,0.0,-1,,304,0x130,test,1256,Normal,0,0.06760136,0.06760136,0,0.06880078234523535
test,Fuzzy,Fuzzy,1478197753.661894,1478197753.717252,2484480,22,0.34375,0,55.3579330444336,1087,0x43F,test,1257,Fuzzy,1,0.098021954,0.098021954,1,0.06880078234523535
test,Gear,Gear,1478194922.935911,1478194922.958025,3175424,20,0.3125,5,20.92504501342773,1087,0x43F,test,1258,Gear,1,0.063287,0.063287,0,0.06880078234523535
test,DoS,DoS,1478200488.295742,1478200488.353768,2497472,36,0.5625,0,58.02607536315918,0,0x000,test,1259,DoS,1,0.047769316,0.047769316,0,0.06880078234523535
test,Gear,Gear,1478195071.992169,1478195072.016891,3442368,21,0.328125,2,24.255037307739254,1087,0x43F,test,1260,Gear,1,0.07184853,0.07184853,1,0.06880078234523535
test,RPM,RPM,1478192724.610507,1478192724.639147,3248320,19,0.296875,1,28.419017791748047,790,0x316,test,1261,RPM,1,0.08389566,0.08389566,1,0.06880078234523535
test,Normal,RPM,1478201071.873635,1478201071.909,4368064,0,0.0,-1,,2,0x002,test,1262,Normal,0,0.071098395,0.071098395,1,0.06880078234523535
test,Fuzzy,Fuzzy,1478198050.317769,1478198050.345742,2752512,22,0.34375,3,27.261972427368164,339,0x153,test,1263,Fuzzy,1,0.08233961,0.08233961,1,0.06880078234523535
test,Fuzzy,Fuzzy,1478198143.602136,1478198143.641728,2874752,26,0.40625,1,39.3679141998291,704,0x2C0,test,1264,Fuzzy,1,0.09644441,0.09644441,1,0.06880078234523535
test,Normal,RPM,1478201132.397079,1478201132.431617,4480192,0,0.0,-1,,399,0x18F,test,1265,Normal,0,0.064511865,0.064511865,0,0.06880078234523535
test,DoS,DoS,1478200476.713579,1478200476.749532,2479744,34,0.53125,1,35.70699691772461,0,0x000,test,1266,DoS,1,0.050863538,0.050863538,0,0.06880078234523535
test,RPM,RPM,1478192710.812507,1478192710.834633,3221248,20,0.3125,0,22.126197814941406,790,0x316,test,1267,RPM,1,0.083376005,0.083376005,1,0.06880078234523535
test,RPM,RPM,1478192715.602821,1478192715.643561,3231104,21,0.328125,0,40.73977470397949,790,0x316,test,1268,RPM,1,0.086697675,0.086697675,1,0.06880078234523535
test,DoS,DoS,1478200322.54328,1478200322.631143,2290368,32,0.5,1,87.6150131225586,0,0x000,test,1269,DoS,1,0.05264058,0.05264058,0,0.06880078234523535
test,Fuzzy,Fuzzy,1478197733.249845,1478197733.396601,2461120,25,0.390625,0,146.75593376159668,304,0x130,test,1270,Fuzzy,1,0.08753483,0.08753483,1,0.06880078234523535
test,DoS,DoS,1478200635.895839,1478200635.974465,2660160,36,0.5625,0,78.62591743469238,0,0x000,test,1271,DoS,1,0.04864973,0.04864973,0,0.06880078234523535
test,RPM,RPM,1478192872.328998,1478192872.361226,3524928,22,0.34375,0,32.22799301147461,790,0x316,test,1272,RPM,1,0.08321325,0.08321325,1,0.06880078234523535
test,RPM,RPM,1478192683.074828,1478192683.098827,3157824,22,0.34375,0,23.99897575378418,790,0x316,test,1273,RPM,1,0.082942314,0.082942314,1,0.06880078234523535
test,DoS,DoS,1478200396.027944,1478200396.081996,2369536,36,0.5625,0,54.051876068115234,0,0x000,test,1274,DoS,1,0.051645346,0.051645346,0,0.06880078234523535
test,DoS,DoS,1478200610.387063,1478200610.507318,2635584,37,0.578125,0,120.2549934387207,0,0x000,test,1275,DoS,1,0.04305663,0.04305663,0,0.06880078234523535
test,RPM,RPM,1478192961.120234,1478192961.142132,3693184,20,0.3125,0,21.89803123474121,790,0x316,test,1276,RPM,1,0.081637286,0.081637286,1,0.06880078234523535
test,Normal,Fuzzy,1478201011.576496,1478201011.61202,3474240,0,0.0,-1,,2,0x002,test,1277,Normal,0,0.067685165,0.067685165,0,0.06880078234523535
test,Fuzzy,Fuzzy,1478198116.845239,1478198116.87849,2832640,27,0.421875,8,31.390905380249023,305,0x131,test,1278,Fuzzy,1,0.09189698,0.09189698,1,0.06880078234523535
test,RPM,RPM,1478192873.137081,1478192873.173604,3526528,20,0.3125,1,36.28206253051758,790,0x316,test,1279,RPM,1,0.08283111,0.08283111,1,0.06880078234523535
test,RPM,RPM,1478192721.686111,1478192721.710455,3242624,22,0.34375,0,24.34396743774414,790,0x316,test,1280,RPM,1,0.084869064,0.084869064,1,0.06880078234523535
test,DoS,DoS,1478200571.516032,1478200571.602393,2591936,34,0.53125,0,86.36093139648438,0,0x000,test,1281,DoS,1,0.044981066,0.044981066,0,0.06880078234523535
test,Gear,Gear,1478194906.594816,1478194906.62428,3145600,20,0.3125,2,28.99789810180664,1087,0x43F,test,1282,Gear,1,0.06818072,0.06818072,0,0.06880078234523535
test,RPM,RPM,1478192696.68093,1478192696.703572,3188736,20,0.3125,0,22.642135620117188,790,0x316,test,1283,RPM,1,0.081896506,0.081896506,1,0.06880078234523535
test,Fuzzy,Fuzzy,1478197836.633628,1478197836.751747,2561984,27,0.421875,0,118.1190013885498,672,0x2A0,test,1284,Fuzzy,1,0.10255126,0.10255126,1,0.06880078234523535
test,Gear,Gear,1478194858.94597,1478194858.977193,3050048,21,0.328125,2,30.59101104736328,1087,0x43F,test,1285,Gear,1,0.06952147,0.06952147,1,0.06880078234523535
test,RPM,RPM,1478192948.762243,1478192948.803185,3669184,18,0.28125,3,39.98208045959473,790,0x316,test,1286,RPM,1,0.07683308,0.07683308,1,0.06880078234523535
test,DoS,DoS,1478200396.219473,1478200396.258317,2369792,32,0.5,1,38.60187530517578,0,0x000,test,1287,DoS,1,0.050860174,0.050860174,0,0.06880078234523535
test,DoS,DoS,1478200587.457872,1478200587.536904,2610688,31,0.484375,1,78.78804206848145,0,0x000,test,1288,DoS,1,0.054831892,0.054831892,0,0.06880078234523535
test,Gear,Gear,1478195034.273527,1478195034.327303,3374208,22,0.34375,2,53.20096015930176,1087,0x43F,test,1289,Gear,1,0.06360574,0.06360574,0,0.06880078234523535
test,DoS,DoS,1478200631.755886,1478200631.771864,2657536,34,0.53125,1,15.732049942016602,0,0x000,test,1290,DoS,1,0.047844697,0.047844697,0,0.06880078234523535
test,Normal,Gear,1478201179.864308,1478201179.898878,4389056,0,0.0,-1,,304,0x130,test,1291,Normal,0,0.06719444,0.06719444,0,0.06880078234523535
test,DoS,DoS,1478200380.715945,1478200380.769525,2344960,35,0.546875,1,53.33304405212402,0,0x000,test,1292,DoS,1,0.048215766,0.048215766,0,0.06880078234523535
test,Normal,Fuzzy,1478201028.228498,1478201028.260195,3505088,0,0.0,-1,,2,0x002,test,1293,Normal,0,0.069803156,0.069803156,1,0.06880078234523535
test,Normal,RPM,1478201042.926501,1478201042.959457,4314432,0,0.0,-1,,2,0x002,test,1294,Normal,0,0.06292374,0.06292374,0,0.06880078234523535
test,Gear,Gear,1478195023.024564,1478195023.062459,3355456,20,0.3125,2,37.13488578796387,1087,0x43F,test,1295,Gear,1,0.062557094,0.062557094,0,0.06880078234523535
test,Gear,Gear,1478194892.07691,1478194892.101195,3114688,20,0.3125,3,23.57006072998047,1087,0x43F,test,1296,Gear,1,0.068847656,0.068847656,1,0.06880078234523535
test,RPM,RPM,1478192792.701967,1478192792.72472,3375936,20,0.3125,1,22.528886795043945,790,0x316,test,1297,RPM,1,0.08658451,0.08658451,1,0.06880078234523535
test,Fuzzy,Fuzzy,1478198132.154464,1478198132.186568,2854976,21,0.328125,4,31.150102615356445,2,0x002,test,1298,Fuzzy,1,0.08648978,0.08648978,1,0.06880078234523535
test,Gear,Gear,1478194917.000079,1478194917.049482,3165184,19,0.296875,7,47.74618148803711,1087,0x43F,test,1299,Gear,1,0.0652639,0.0652639,0,0.06880078234523535
test,Normal,Gear,1478201052.428568,1478201052.46006,4153472,0,0.0,-1,,2,0x002,test,1300,Normal,0,0.061367523,0.061367523,0,0.06880078234523535
test,Fuzzy,Fuzzy,1478198075.178982,1478198075.291864,2773248,29,0.453125,0,112.88189888000488,2,0x002,test,1301,Fuzzy,1,0.100768894,0.100768894,1,0.06880078234523535
test,DoS,DoS,1478200395.333632,1478200395.358021,2368192,17,0.265625,37,7.539987564086914,0,0x000,test,1302,DoS,1,0.05281843,0.05281843,0,0.06880078234523535
test,Normal,DoS,1478201054.377011,1478201054.40901,3379712,0,0.0,-1,,339,0x153,test,1303,Normal,0,0.06356044,0.06356044,0,0.06880078234523535
test,Normal,Gear,1478201136.475687,1478201136.508081,4309184,0,0.0,-1,,305,0x131,test,1304,Normal,0,0.07213923,0.07213923,1,0.06880078234523535
test,Fuzzy,Fuzzy,1478198115.308851,1478198115.332691,2830272,26,0.40625,0,23.83995056152344,880,0x370,test,1305,Fuzzy,1,0.095676705,0.095676705,1,0.06880078234523535
test,Gear,Gear,1478194961.833784,1478194961.857044,3243392,20,0.3125,4,22.305011749267575,1087,0x43F,test,1306,Gear,1,0.06671722,0.06671722,0,0.06880078234523535
test,RPM,RPM,1478192761.950771,1478192761.983244,3325632,20,0.3125,1,32.24682807922363,790,0x316,test,1307,RPM,1,0.08150057,0.08150057,1,0.06880078234523535
test,Fuzzy,Fuzzy,1478197737.953759,1478197738.06973,2467584,18,0.28125,1,114.86411094665527,704,0x2C0,test,1308,Fuzzy,1,0.08432979,0.08432979,1,0.06880078234523535
test,Fuzzy,Fuzzy,1478197747.287651,1478197747.394137,2476736,21,0.328125,0,106.48584365844728,1087,0x43F,test,1309,Fuzzy,1,0.096455134,0.096455134,1,0.06880078234523535
test,DoS,DoS,1478200574.951606,1478200575.027122,2594624,37,0.578125,0,75.5159854888916,0,0x000,test,1310,DoS,1,0.050541326,0.050541326,0,0.06880078234523535
test,Fuzzy,Fuzzy,1478198125.618152,1478198125.683341,2845184,27,0.421875,0,65.18912315368652,339,0x153,test,1311,Fuzzy,1,0.091318294,0.091318294,1,0.06880078234523535
test,Fuzzy,Fuzzy,1478198125.815466,1478198125.848036,2845376,23,0.359375,0,32.57012367248535,304,0x130,test,1312,Fuzzy,1,0.08614186,0.08614186,1,0.06880078234523535
test,Fuzzy,Fuzzy,1478198107.233601,1478198107.274261,2816896,20,0.3125,11,36.74507141113281,672,0x2A0,test,1313,Fuzzy,1,0.08789674,0.08789674,1,0.06880078234523535
test,DoS,DoS,1478200489.369721,1478200489.468716,2498944,36,0.5625,0,98.99497032165527,0,0x000,test,1314,DoS,1,0.044957615,0.044957615,0,0.06880078234523535
test,DoS,DoS,1478200384.063163,1478200384.128048,2349440,32,0.5,0,64.88490104675293,0,0x000,test,1315,DoS,1,0.04957734,0.04957734,0,0.06880078234523535
test,RPM,RPM,1478192702.454815,1478192702.479947,3201408,22,0.34375,5,23.21815490722656,790,0x316,test,1316,RPM,1,0.08567862,0.08567862,1,0.06880078234523535
test,RPM,RPM,1478192845.516342,1478192845.554154,3469568,18,0.28125,1,37.58382797241211,790,0x316,test,1317,RPM,1,0.08059072,0.08059072,1,0.06880078234523535
test,Normal,DoS,1478201143.155391,1478201143.188231,3544192,0,0.0,-1,,304,0x130,test,1318,Normal,0,0.06682149,0.06682149,0,0.06880078234523535
test,Normal,Gear,1478201131.879508,1478201131.914962,4300672,0,0.0,-1,,2,0x002,test,1319,Normal,0,0.06481711,0.06481711,0,0.06880078234523535
test,Fuzzy,Fuzzy,1478198111.8199,1478198111.845716,2823936,21,0.328125,3,25.129079818725582,304,0x130,test,1320,Fuzzy,1,0.09462788,0.09462788,1,0.06880078234523535
test,Fuzzy,Fuzzy,1478198074.727489,1478198074.87947,2773056,22,0.34375,3,143.0661678314209,304,0x130,test,1321,Fuzzy,1,0.08629961,0.08629961,1,0.06880078234523535
test,Normal,Gear,1478201167.394372,1478201167.428003,4365952,0,0.0,-1,,304,0x130,test,1322,Normal,0,0.06285164,0.06285164,0,0.06880078234523535
test,RPM,RPM,1478192941.916847,1478192941.957615,3656512,20,0.3125,0,40.76790809631348,790,0x316,test,1323,RPM,1,0.08206346,0.08206346,1,0.06880078234523535
test,DoS,DoS,1478200604.549408,1478200604.668947,2628608,33,0.515625,0,119.53902244567873,0,0x000,test,1324,DoS,1,0.04714025,0.04714025,0,0.06880078234523535
test,Gear,Gear,1478194935.80154,1478194935.824381,3197568,21,0.328125,0,22.841215133666992,1087,0x43F,test,1325,Gear,1,0.072580196,0.072580196,1,0.06880078234523535
test,DoS,DoS,1478200504.92852,1478200504.979567,2520640,33,0.515625,1,50.80008506774902,0,0x000,test,1326,DoS,1,0.05345398,0.05345398,0,0.06880078234523535
test,RPM,RPM,1478192821.795654,1478192821.835304,3424448,24,0.375,3,38.95092010498047,790,0x316,test,1327,RPM,1,0.08655925,0.08655925,1,0.06880078234523535
test,Gear,Gear,1478194942.282613,1478194942.308123,3209152,23,0.359375,4,24.35302734375,1087,0x43F,test,1328,Gear,1,0.0703833,0.0703833,1,0.06880078234523535
test,Normal,RPM,1478201113.435253,1478201113.467209,4445056,0,0.0,-1,,2,0x002,test,1329,Normal,0,0.06699268,0.06699268,0,0.06880078234523535
test,DoS,DoS,1478200488.550949,1478200488.580767,2497792,33,0.515625,0,29.817819595336918,0,0x000,test,1330,DoS,1,0.049159437,0.049159437,0,0.06880078234523535
test,Gear,Gear,1478194871.951903,1478194871.990389,3077568,17,0.265625,0,38.48600387573242,1087,0x43F,test,1331,Gear,1,0.069899194,0.069899194,1,0.06880078234523535
test,DoS,DoS,1478200627.148011,1478200627.28419,2651520,36,0.5625,2,135.42985916137695,0,0x000,test,1332,DoS,1,0.049732793,0.049732793,0,0.06880078234523535
test,Normal,RPM,1478201039.370222,1478201039.401768,4307840,0,0.0,-1,,2,0x002,test,1333,Normal,0,0.062554196,0.062554196,0,0.06880078234523535
test,Normal,Fuzzy,1478201148.479696,1478201148.515594,3727104,0,0.0,-1,,2,0x002,test,1334,Normal,0,0.068224594,0.068224594,0,0.06880078234523535
test,Fuzzy,Fuzzy,1478197914.344367,1478197914.375765,2630720,18,0.28125,11,28.76615524291992,2,0x002,test,1335,Fuzzy,1,0.09593133,0.09593133,1,0.06880078234523535
test,Normal,Gear,1478201096.987965,1478201097.024362,4236032,0,0.0,-1,,305,0x131,test,1336,Normal,0,0.06804699,0.06804699,0,0.06880078234523535
test,RPM,RPM,1478192891.685576,1478192891.709524,3565696,20,0.3125,1,23.721933364868164,790,0x316,test,1337,RPM,1,0.08183894,0.08183894,1,0.06880078234523535
test,Normal,DoS,1478201090.476478,1478201090.508584,3446592,0,0.0,-1,,2,0x002,test,1338,Normal,0,0.06407438,0.06407438,0,0.06880078234523535
test,DoS,DoS,1478200496.465825,1478200496.532949,2509568,34,0.53125,2,51.197052001953125,0,0x000,test,1339,DoS,1,0.056807064,0.056807064,0,0.06880078234523535
test,Fuzzy,Fuzzy,1478197754.458514,1478197754.531499,2485184,26,0.40625,0,72.98493385314941,2,0x002,test,1340,Fuzzy,1,0.09148013,0.09148013,1,0.06880078234523535
test,Gear,Gear,1478195098.59085,1478195098.628625,3492480,21,0.328125,1,37.57596015930176,1087,0x43F,test,1341,Gear,1,0.07015755,0.07015755,1,0.06880078234523535
test,Fuzzy,Fuzzy,1478197863.600342,1478197863.8605,2583936,26,0.40625,2,249.0830421447754,399,0x18F,test,1342,Fuzzy,1,0.09284746,0.09284746,1,0.06880078234523535
test,RPM,RPM,1478192915.8231,1478192915.84726,3611328,21,0.328125,4,23.19788932800293,790,0x316,test,1343,RPM,1,0.081109464,0.081109464,1,0.06880078234523535
test,Gear,Gear,1478195007.319625,1478195007.34188,3326720,20,0.3125,6,20.3859806060791,1087,0x43F,test,1344,Gear,1,0.07179591,0.07179591,1,0.06880078234523535
test,Normal,RPM,1478201201.732226,1478201201.765204,4608128,0,0.0,-1,,304,0x130,test,1345,Normal,0,0.06460649,0.06460649,0,0.06880078234523535
test,RPM,RPM,1478192717.814271,1478192717.852788,3235008,20,0.3125,2,38.04302215576172,790,0x316,test,1346,RPM,1,0.08030456,0.08030456,1,0.06880078234523535
test,Fuzzy,Fuzzy,1478198102.884938,1478198102.955165,2809280,29,0.453125,12,67.38996505737305,399,0x18F,test,1347,Fuzzy,1,0.094348334,0.094348334,1,0.06880078234523535
test,Fuzzy,Fuzzy,1478197756.450583,1478197756.520531,2486656,21,0.328125,3,69.23794746398926,790,0x316,test,1348,Fuzzy,1,0.09100472,0.09100472,1,0.06880078234523535
test,Normal,Gear,1478201073.980541,1478201074.017659,4193408,0,0.0,-1,,2,0x002,test,1349,Normal,0,0.0677518,0.0677518,0,0.06880078234523535
test,Normal,Fuzzy,1478201118.025448,1478201118.056682,3670720,0,0.0,-1,,2,0x002,test,1350,Normal,0,0.06163011,0.06163011,0,0.06880078234523535
test,Normal,RPM,1478201185.219066,1478201185.2534,4577536,0,0.0,-1,,2,0x002,test,1351,Normal,0,0.06166721,0.06166721,0,0.06880078234523535
test,Fuzzy,Fuzzy,1478197852.61506,1478197852.751212,2575808,23,0.359375,8,134.23895835876465,2,0x002,test,1352,Fuzzy,1,0.09718124,0.09718124,1,0.06880078234523535
test,Gear,Gear,1478194898.535275,1478194898.578286,3128192,22,0.34375,10,39.40987586975098,1087,0x43F,test,1353,Gear,1,0.07009528,0.07009528,1,0.06880078234523535
test,Fuzzy,Fuzzy,1478198173.438002,1478198173.474075,2926464,24,0.375,1,35.85314750671387,305,0x131,test,1354,Fuzzy,1,0.091764905,0.091764905,1,0.06880078234523535
test,Fuzzy,Fuzzy,1478198150.613276,1478198150.675524,2886848,23,0.359375,6,52.983999252319336,2,0x002,test,1355,Fuzzy,1,0.09147989,0.09147989,1,0.06880078234523535
test,DoS,DoS,1478200390.117453,1478200390.155439,2359552,35,0.546875,0,37.985801696777344,0,0x000,test,1356,DoS,1,0.045718666,0.045718666,0,0.06880078234523535
test,RPM,RPM,1478192747.78623,1478192747.810416,3295872,21,0.328125,0,24.185895919799805,790,0x316,test,1357,RPM,1,0.08218882,0.08218882,1,0.06880078234523535
test,Gear,Gear,1478194912.185247,1478194912.218739,3155904,21,0.328125,4,32.540082931518555,1087,0x43F,test,1358,Gear,1,0.065523595,0.065523595,0,0.06880078234523535
test,Gear,Gear,1478195000.670889,1478195000.693217,3316480,18,0.28125,9,20.115137100219727,1087,0x43F,test,1359,Gear,1,0.06756659,0.06756659,0,0.06880078234523535
test,RPM,RPM,1478192814.161034,1478192814.223021,3410240,17,0.265625,1,61.42592430114746,790,0x316,test,1360,RPM,1,0.07765106,0.07765106,1,0.06880078234523535
test,Normal,Fuzzy,1478201045.41058,1478201045.444196,3536192,0,0.0,-1,,320,0x140,test,1361,Normal,0,0.063094854,0.063094854,0,0.06880078234523535
test,Fuzzy,Fuzzy,1478197947.241823,1478197947.526008,2661888,35,0.546875,1,278.5618305206299,305,0x131,test,1362,Fuzzy,1,0.114085786,0.114085786,1,0.06880078234523535
test,DoS,DoS,1478200474.825879,1478200474.90412,2477568,34,0.53125,1,77.99291610717773,0,0x000,test,1363,DoS,1,0.0532376,0.0532376,0,0.06880078234523535
test,DoS,DoS,1478200552.326889,1478200552.404884,2569792,36,0.5625,0,77.99506187438965,0,0x000,test,1364,DoS,1,0.049166188,0.049166188,0,0.06880078234523535
test,DoS,DoS,1478200580.905133,1478200580.973207,2602880,38,0.59375,1,67.82698631286621,0,0x000,test,1365,DoS,1,0.049956698,0.049956698,0,0.06880078234523535
test,Gear,Gear,1478195073.983222,1478195074.010516,3445824,19,0.296875,0,27.293920516967773,1087,0x43F,test,1366,Gear,1,0.06988417,0.06988417,1,0.06880078234523535
test,RPM,RPM,1478192859.180688,1478192859.211401,3497920,21,0.328125,1,30.49588203430176,790,0x316,test,1367,RPM,1,0.082446754,0.082446754,1,0.06880078234523535
test,Gear,Gear,1478194858.616483,1478194858.638532,3049280,19,0.296875,3,21.32892608642578,1087,0x43F,test,1368,Gear,1,0.0669635,0.0669635,0,0.06880078234523535
test,Gear,Gear,1478194852.599493,1478194852.624459,3036416,21,0.328125,1,24.73592758178711,1087,0x43F,test,1369,Gear,1,0.06802931,0.06802931,0,0.06880078234523535
test,Normal,DoS,1478201155.697768,1478201155.732217,3566912,0,0.0,-1,,399,0x18F,test,1370,Normal,0,0.06933205,0.06933205,1,0.06880078234523535
test,DoS,DoS,1478200512.335075,1478200512.418803,2528832,30,0.46875,1,83.48393440246582,0,0x000,test,1371,DoS,1,0.05037071,0.05037071,0,0.06880078234523535
test,Fuzzy,Fuzzy,1478197928.140595,1478197928.223381,2643840,15,0.234375,1,82.43608474731445,399,0x18F,test,1372,Fuzzy,1,0.08084803,0.08084803,1,0.06880078234523535
test,Fuzzy,Fuzzy,1478198124.480727,1478198124.534231,2843840,25,0.390625,1,52.86788940429688,2,0x002,test,1373,Fuzzy,1,0.09455847,0.09455847,1,0.06880078234523535
test,Gear,Gear,1478195100.409132,1478195100.435384,3496192,24,0.375,1,26.020050048828125,1087,0x43F,test,1374,Gear,1,0.0693437,0.0693437,1,0.06880078234523535
test,Gear,Gear,1478195100.435616,1478195100.460788,3496256,17,0.265625,0,25.171995162963867,1087,0x43F,test,1375,Gear,1,0.06813919,0.06813919,0,0.06880078234523535
test,RPM,RPM,1478192702.798369,1478192702.822549,3202304,22,0.34375,0,24.180173873901367,790,0x316,test,1376,RPM,1,0.08626758,0.08626758,1,0.06880078234523535
test,RPM,RPM,1478192727.93433,1478192727.961445,3254592,24,0.375,2,25.81000328063965,790,0x316,test,1377,RPM,1,0.08860061,0.08860061,1,0.06880078234523535
test,Gear,Gear,1478195003.581241,1478195003.613631,3319744,19,0.296875,0,32.39011764526367,1087,0x43F,test,1378,Gear,1,0.068733856,0.068733856,0,0.06880078234523535
test,DoS,DoS,1478200461.051485,1478200461.09053,2456832,35,0.546875,0,39.04485702514648,0,0x000,test,1379,DoS,1,0.046245802,0.046245802,0,0.06880078234523535
test,Fuzzy,Fuzzy,1478198152.268356,1478198152.308233,2889344,26,0.40625,0,39.87693786621094,305,0x131,test,1380,Fuzzy,1,0.10786983,0.10786983,1,0.06880078234523535
test,Fuzzy,Fuzzy,1478198133.117042,1478198133.153869,2856768,26,0.40625,3,36.128997802734375,399,0x18F,test,1381,Fuzzy,1,0.091369,0.091369,1,0.06880078234523535
test,DoS,DoS,1478200398.203303,1478200398.230887,2372416,35,0.546875,1,27.34088897705078,0,0x000,test,1382,DoS,1,0.04785942,0.04785942,0,0.06880078234523535
test,RPM,RPM,1478192957.700759,1478192957.741481,3686848,21,0.328125,3,40.006160736083984,790,0x316,test,1383,RPM,1,0.082293175,0.082293175,1,0.06880078234523535
test,Gear,Gear,1478195039.551488,1478195039.577237,3383360,20,0.3125,1,25.51579475402832,1087,0x43F,test,1384,Gear,1,0.069922164,0.069922164,1,0.06880078234523535
test,Fuzzy,Fuzzy,1478198107.633,1478198107.685661,2817600,19,0.296875,6,49.282073974609375,304,0x130,test,1385,Fuzzy,1,0.08531487,0.08531487,1,0.06880078234523535
test,DoS,DoS,1478200491.566943,1478200491.644966,2501824,34,0.53125,1,72.62897491455078,0,0x000,test,1386,DoS,1,0.054785065,0.054785065,0,0.06880078234523535
test,Gear,Gear,1478195008.255127,1478195008.280523,3328896,22,0.34375,1,25.16412734985352,1087,0x43F,test,1387,Gear,1,0.069102995,0.069102995,1,0.06880078234523535
test,Normal,Gear,1478201195.823224,1478201195.859847,4418624,0,0.0,-1,,2,0x002,test,1388,Normal,0,0.067892425,0.067892425,0,0.06880078234523535
test,Normal,Gear,1478201127.768024,1478201127.805641,4293056,0,0.0,-1,,2,0x002,test,1389,Normal,0,0.06603112,0.06603112,0,0.06880078234523535
test,Normal,Fuzzy,1478201026.981784,1478201027.019008,3502784,0,0.0,-1,,399,0x18F,test,1390,Normal,0,0.060300667,0.060300667,0,0.06880078234523535
test,DoS,DoS,1478200353.543601,1478200353.816396,2314304,39,0.609375,1,267.09794998168945,0,0x000,test,1391,DoS,1,0.05303951,0.05303951,0,0.06880078234523535
test,RPM,RPM,1478192883.849613,1478192883.874482,3548672,21,0.328125,0,24.86896514892578,790,0x316,test,1392,RPM,1,0.085882686,0.085882686,1,0.06880078234523535
test,Normal,Gear,1478201166.73663,1478201166.773639,4364736,0,0.0,-1,,2,0x002,test,1393,Normal,0,0.06652768,0.06652768,0,0.06880078234523535
test,RPM,RPM,1478192780.722125,1478192780.769548,3356480,23,0.359375,3,46.71597480773926,790,0x316,test,1394,RPM,1,0.08533342,0.08533342,1,0.06880078234523535
test,Gear,Gear,1478195060.187672,1478195060.2156,3421056,21,0.328125,2,27.45389938354492,1087,0x43F,test,1395,Gear,1,0.06945908,0.06945908,1,0.06880078234523535
test,RPM,RPM,1478192878.060395,1478192878.085272,3536768,20,0.3125,0,24.877071380615234,790,0x316,test,1396,RPM,1,0.08505738,0.08505738,1,0.06880078234523535
test,Fuzzy,Fuzzy,1478197866.048428,1478197866.130274,2586112,8,0.125,0,81.84599876403809,305,0x131,test,1397,Fuzzy,1,0.07585062,0.07585062,1,0.06880078234523535
test,Gear,Gear,1478195099.123108,1478195099.146705,3493568,20,0.3125,0,23.597002029418945,1087,0x43F,test,1398,Gear,1,0.0690247,0.0690247,1,0.06880078234523535
test,DoS,DoS,1478200410.791748,1478200410.80786,2388928,35,0.546875,0,16.11185073852539,0,0x000,test,1399,DoS,1,0.053020556,0.053020556,0,0.06880078234523535
test,RPM,RPM,1478192859.243144,1478192859.266905,3498048,20,0.3125,0,23.76103401184082,790,0x316,test,1400,RPM,1,0.08232229,0.08232229,1,0.06880078234523535
test,Normal,RPM,1478201088.767797,1478201088.799683,4399360,0,0.0,-1,,2,0x002,test,1401,Normal,0,0.06640003,0.06640003,0,0.06880078234523535
test,Fuzzy,Fuzzy,1478197798.981138,1478197799.16111,2525888,27,0.421875,0,179.97193336486816,339,0x153,test,1402,Fuzzy,1,0.098866664,0.098866664,1,0.06880078234523535
test,Gear,Gear,1478194961.811423,1478194961.83355,3243328,18,0.28125,1,21.89493179321289,1087,0x43F,test,1403,Gear,1,0.06402213,0.06402213,0,0.06880078234523535
test,RPM,RPM,1478192922.722454,1478192922.748089,3624128,22,0.34375,0,25.6350040435791,790,0x316,test,1404,RPM,1,0.081100486,0.081100486,1,0.06880078234523535
test,RPM,RPM,1478192962.873045,1478192962.903254,3696512,22,0.34375,0,30.209064483642575,790,0x316,test,1405,RPM,1,0.08444796,0.08444796,1,0.06880078234523535
test,DoS,DoS,1478200435.693633,1478200435.800566,2422144,35,0.546875,0,106.9328784942627,0,0x000,test,1406,DoS,1,0.045662362,0.045662362,0,0.06880078234523535
test,Normal,DoS,1478201151.468034,1478201151.505588,3559552,0,0.0,-1,,2,0x002,test,1407,Normal,0,0.06762788,0.06762788,0,0.06880078234523535
test,Fuzzy,Fuzzy,1478197994.81602,1478197995.12253,2710080,30,0.46875,2,290.2228832244873,704,0x2C0,test,1408,Fuzzy,1,0.102635846,0.102635846,1,0.06880078234523535
test,DoS,DoS,1478200582.320432,1478200582.483236,2603712,42,0.65625,0,162.80412673950195,0,0x000,test,1409,DoS,1,0.047291573,0.047291573,0,0.06880078234523535
test,Fuzzy,Fuzzy,1478198165.523371,1478198165.568769,2912960,27,0.421875,1,45.17889022827149,320,0x140,test,1410,Fuzzy,1,0.08793572,0.08793572,1,0.06880078234523535
test,Normal,Gear,1478201069.563253,1478201069.594447,4185216,0,0.0,-1,,399,0x18F,test,1411,Normal,0,0.06137168,0.06137168,0,0.06880078234523535
test,RPM,RPM,1478192799.069191,1478192799.096802,3386432,25,0.390625,0,27.61101722717285,790,0x316,test,1412,RPM,1,0.08453667,0.08453667,1,0.06880078234523535
test,Normal,DoS,1478201048.297955,1478201048.330144,3368448,0,0.0,-1,,2,0x002,test,1413,Normal,0,0.059784602,0.059784602,0,0.06880078234523535
test,Fuzzy,Fuzzy,1478198149.827458,1478198149.859771,2885760,22,0.34375,5,31.1579704284668,399,0x18F,test,1414,Fuzzy,1,0.09383861,0.09383861,1,0.06880078234523535
test,RPM,RPM,1478192724.790162,1478192724.833201,3248704,22,0.34375,0,43.03884506225586,790,0x316,test,1415,RPM,1,0.08891593,0.08891593,1,0.06880078234523535
test,Normal,Fuzzy,1478201184.80165,1478201184.834595,3793920,0,0.0,-1,,2,0x002,test,1416,Normal,0,0.063738935,0.063738935,0,0.06880078234523535
test,RPM,RPM,1478192737.490989,1478192737.516229,3274368,19,0.296875,3,24.5208740234375,790,0x316,test,1417,RPM,1,0.07840691,0.07840691,1,0.06880078234523535
test,Normal,RPM,1478201200.039652,1478201200.073253,4604992,0,0.0,-1,,2,0x002,test,1418,Normal,0,0.062220525,0.062220525,0,0.06880078234523535
test,Gear,Gear,1478194977.693026,1478194977.733273,3273280,18,0.28125,1,40.0080680847168,1087,0x43F,test,1419,Gear,1,0.06950378,0.06950378,1,0.06880078234523535
test,DoS,DoS,1478200384.222213,1478200384.260695,2349632,36,0.5625,0,38.481950759887695,0,0x000,test,1420,DoS,1,0.05361814,0.05361814,0,0.06880078234523535
test,RPM,RPM,1478192684.656699,1478192684.680125,3161984,19,0.296875,1,23.02408218383789,790,0x316,test,1421,RPM,1,0.08432723,0.08432723,1,0.06880078234523535
test,Normal,Fuzzy,1478201083.272324,1478201083.307071,3606336,0,0.0,-1,,399,0x18F,test,1422,Normal,0,0.066973165,0.066973165,0,0.06880078234523535
test,Fuzzy,Fuzzy,1478197956.916769,1478197957.059097,2670272,28,0.4375,0,142.32802391052246,790,0x316,test,1423,Fuzzy,1,0.099058166,0.099058166,1,0.06880078234523535
test,RPM,RPM,1478192859.127651,1478192859.150413,3497792,20,0.3125,3,22.064924240112305,790,0x316,test,1424,RPM,1,0.08619351,0.08619351,1,0.06880078234523535
test,Fuzzy,Fuzzy,1478198120.189801,1478198120.269308,2836544,22,0.34375,0,79.50711250305176,304,0x130,test,1425,Fuzzy,1,0.089816846,0.089816846,1,0.06880078234523535
test,Normal,RPM,1478201083.517524,1478201083.552087,4389632,0,0.0,-1,,304,0x130,test,1426,Normal,0,0.0665612,0.0665612,0,0.06880078234523535
test,Fuzzy,Fuzzy,1478198102.308397,1478198102.354578,2808384,27,0.421875,1,45.95804214477539,704,0x2C0,test,1427,Fuzzy,1,0.088897176,0.088897176,1,0.06880078234523535
test,Normal,DoS,1478201117.867471,1478201117.904386,3497344,0,0.0,-1,,2,0x002,test,1428,Normal,0,0.06271486,0.06271486,0,0.06880078234523535
test,DoS,DoS,1478200503.638502,1478200503.696294,2519040,36,0.5625,0,57.79218673706055,0,0x000,test,1429,DoS,1,0.05162882,0.05162882,0,0.06880078234523535
test,RPM,RPM,1478192788.61724,1478192788.656883,3368640,19,0.296875,0,39.64304924011231,790,0x316,test,1430,RPM,1,0.08589515,0.08589515,1,0.06880078234523535
test,Gear,Gear,1478194878.387767,1478194878.445637,3089024,20,0.3125,3,51.21898651123047,1087,0x43F,test,1431,Gear,1,0.06503715,0.06503715,0,0.06880078234523535
test,Gear,Gear,1478194976.582384,1478194976.62125,3271488,18,0.28125,3,35.28285026550293,1087,0x43F,test,1432,Gear,1,0.06731009,0.06731009,0,0.06880078234523535
test,RPM,RPM,1478192935.142996,1478192935.165143,3644288,19,0.296875,2,21.68512344360352,790,0x316,test,1433,RPM,1,0.07938094,0.07938094,1,0.06880078234523535
test,DoS,DoS,1478200372.298467,1478200372.344545,2331648,35,0.546875,1,45.83191871643066,0,0x000,test,1434,DoS,1,0.050046418,0.050046418,0,0.06880078234523535
test,DoS,DoS,1478200563.723082,1478200563.753429,2582272,35,0.546875,0,30.34687042236328,0,0x000,test,1435,DoS,1,0.04740971,0.04740971,0,0.06880078234523535
test,Fuzzy,Fuzzy,1478198144.597987,1478198144.637931,2876416,29,0.453125,0,39.94417190551758,399,0x18F,test,1436,Fuzzy,1,0.097058125,0.097058125,1,0.06880078234523535
test,Fuzzy,Fuzzy,1478198144.26486,1478198144.314107,2875904,22,0.34375,4,48.29001426696777,399,0x18F,test,1437,Fuzzy,1,0.09033122,0.09033122,1,0.06880078234523535
test,Fuzzy,Fuzzy,1478198115.495101,1478198115.545365,2830784,16,0.25,10,43.67518424987793,790,0x316,test,1438,Fuzzy,1,0.08844532,0.08844532,1,0.06880078234523535
test,Gear,Gear,1478194988.584276,1478194988.610408,3294080,22,0.34375,1,25.722980499267575,1087,0x43F,test,1439,Gear,1,0.07169123,0.07169123,1,0.06880078234523535
test,DoS,DoS,1478200376.1201,1478200376.14802,2336896,34,0.53125,0,27.92000770568848,0,0x000,test,1440,DoS,1,0.04810973,0.04810973,0,0.06880078234523535
test,Gear,Gear,1478194873.399752,1478194873.427073,3080320,20,0.3125,1,27.08911895751953,1087,0x43F,test,1441,Gear,1,0.06582591,0.06582591,0,0.06880078234523535
test,Normal,Fuzzy,1478201076.363807,1478201076.397998,3593536,0,0.0,-1,,2,0x002,test,1442,Normal,0,0.07340953,0.07340953,1,0.06880078234523535
test,RPM,RPM,1478192871.235793,1478192871.263174,3522688,22,0.34375,2,26.83711051940918,790,0x316,test,1443,RPM,1,0.079101756,0.079101756,1,0.06880078234523535
test,DoS,DoS,1478200467.860223,1478200467.913202,2467776,37,0.578125,0,52.9789924621582,0,0x000,test,1444,DoS,1,0.049990475,0.049990475,0,0.06880078234523535
test,Fuzzy,Fuzzy,1478197806.77543,1478197806.916754,2534016,31,0.484375,0,141.32404327392578,880,0x370,test,1445,Fuzzy,1,0.11013641,0.11013641,1,0.06880078234523535
test,Normal,Fuzzy,1478201144.795858,1478201144.827859,3720320,0,0.0,-1,,320,0x140,test,1446,Normal,0,0.06822455,0.06822455,0,0.06880078234523535
test,DoS,DoS,1478200365.601377,1478200365.82774,2325504,29,0.453125,2,220.66187858581543,0,0x000,test,1447,DoS,1,0.05033062,0.05033062,0,0.06880078234523535
test,Gear,Gear,1478194898.314722,1478194898.347051,3127808,17,0.265625,13,29.202938079833984,1087,0x43F,test,1448,Gear,1,0.06678502,0.06678502,0,0.06880078234523535
test,DoS,DoS,1478200490.567437,1478200490.601287,2500416,35,0.546875,1,33.60390663146973,0,0x000,test,1449,DoS,1,0.053025335,0.053025335,0,0.06880078234523535
test,RPM,RPM,1478192724.560783,1478192724.584083,3248192,17,0.265625,0,23.3001708984375,790,0x316,test,1450,RPM,1,0.08088469,0.08088469,1,0.06880078234523535
test,Gear,Gear,1478194984.446663,1478194984.484302,3285824,20,0.3125,0,37.63914108276367,1087,0x43F,test,1451,Gear,1,0.07072615,0.07072615,1,0.06880078234523535
test,Gear,Gear,1478195072.956778,1478195072.990379,3444032,18,0.28125,3,27.010202407836918,1087,0x43F,test,1452,Gear,1,0.06724689,0.06724689,0,0.06880078234523535
test,DoS,DoS,1478200320.874437,1478200321.08139,2289600,36,0.5625,0,206.9528102874756,0,0x000,test,1453,DoS,1,0.051344912,0.051344912,0,0.06880078234523535
test,Gear,Gear,1478195079.290463,1478195079.320287,3455616,18,0.28125,2,29.10089492797852,1087,0x43F,test,1454,Gear,1,0.07034404,0.07034404,1,0.06880078234523535
test,Fuzzy,Fuzzy,1478198052.340022,1478198052.490654,2753408,26,0.40625,2,150.17294883728027,704,0x2C0,test,1455,Fuzzy,1,0.094401136,0.094401136,1,0.06880078234523535
test,DoS,DoS,1478200481.309791,1478200481.341188,2487936,33,0.515625,0,31.39686584472656,0,0x000,test,1456,DoS,1,0.05399377,0.05399377,0,0.06880078234523535
test,Normal,RPM,1478201127.805875,1478201127.836793,4471680,0,0.0,-1,,2,0x002,test,1457,Normal,0,0.066575184,0.066575184,0,0.06880078234523535
test,DoS,DoS,1478200322.1439,1478200322.336231,2290176,39,0.609375,0,192.33107566833496,0,0x000,test,1458,DoS,1,0.05254315,0.05254315,0,0.06880078234523535
test,Normal,Gear,1478201057.884102,1478201057.918376,4163584,0,0.0,-1,,2,0x002,test,1459,Normal,0,0.06504707,0.06504707,0,0.06880078234523535
test,DoS,DoS,1478200578.90831,1478200578.924109,2601216,33,0.515625,0,15.79904556274414,0,0x000,test,1460,DoS,1,0.05302256,0.05302256,0,0.06880078234523535
test,RPM,RPM,1478192782.691683,1478192782.73837,3359040,21,0.328125,0,46.68688774108887,790,0x316,test,1461,RPM,1,0.07944343,0.07944343,1,0.06880078234523535
test,RPM,RPM,1478192925.348404,1478192925.390829,3628736,20,0.3125,0,42.42515563964844,790,0x316,test,1462,RPM,1,0.082576096,0.082576096,1,0.06880078234523535
test,RPM,RPM,1478192735.779746,1478192735.80295,3270592,21,0.328125,0,23.20384979248047,790,0x316,test,1463,RPM,1,0.08513085,0.08513085,1,0.06880078234523535
test,RPM,RPM,1478192937.962719,1478192937.999561,3649024,21,0.328125,2,36.36598587036133,790,0x316,test,1464,RPM,1,0.08204788,0.08204788,1,0.06880078234523535
test,Normal,Gear,1478201145.490938,1478201145.524889,4325888,0,0.0,-1,,608,0x260,test,1465,Normal,0,0.05971133,0.05971133,0,0.06880078234523535
test,Fuzzy,Fuzzy,1478197827.747908,1478197827.768357,2554240,24,0.375,8,18.52703094482422,2,0x002,test,1466,Fuzzy,1,0.09389989,0.09389989,1,0.06880078234523535
test,Normal,DoS,1478201013.080733,1478201013.113426,3303936,0,0.0,-1,,305,0x131,test,1467,Normal,0,0.060294397,0.060294397,0,0.06880078234523535
test,RPM,RPM,1478192722.163489,1478192722.192694,3243648,21,0.328125,1,28.805971145629883,790,0x316,test,1468,RPM,1,0.081224404,0.081224404,1,0.06880078234523535
test,Fuzzy,Fuzzy,1478197845.536298,1478197845.794221,2568512,31,0.484375,1,257.69901275634766,304,0x130,test,1469,Fuzzy,1,0.10793106,0.10793106,1,0.06880078234523535
test,Gear,Gear,1478195032.869626,1478195032.891777,3371968,20,0.3125,1,21.91901206970215,1087,0x43F,test,1470,Gear,1,0.070431545,0.070431545,1,0.06880078234523535
test,Fuzzy,Fuzzy,1478197856.2512,1478197856.363174,2577088,27,0.421875,5,110.82696914672852,399,0x18F,test,1471,Fuzzy,1,0.09622512,0.09622512,1,0.06880078234523535
test,Gear,Gear,1478194858.284188,1478194858.307286,3048384,19,0.296875,3,22.29905128479004,1087,0x43F,test,1472,Gear,1,0.06989197,0.06989197,1,0.06880078234523535
test,DoS,DoS,1478200503.081573,1478200503.09757,2518080,35,0.546875,0,15.996932983398438,0,0x000,test,1473,DoS,1,0.04843331,0.04843331,0,0.06880078234523535
test,RPM,RPM,1478192911.282007,1478192911.347675,3603456,20,0.3125,1,65.44113159179688,790,0x316,test,1474,RPM,1,0.086270414,0.086270414,1,0.06880078234523535
test,Fuzzy,Fuzzy,1478197911.992112,1478197912.061464,2629312,24,0.375,2,68.89104843139648,1088,0x440,test,1475,Fuzzy,1,0.09272802,0.09272802,1,0.06880078234523535
test,Normal,DoS,1478201079.97402,1478201080.007223,3427136,0,0.0,-1,,399,0x18F,test,1476,Normal,0,0.067381345,0.067381345,0,0.06880078234523535
test,Gear,Gear,1478194899.07778,1478194899.099941,3129152,22,0.34375,0,22.161006927490234,1087,0x43F,test,1477,Gear,1,0.06886277,0.06886277,1,0.06880078234523535
test,Gear,Gear,1478195007.487238,1478195007.520529,3327168,20,0.3125,0,33.29110145568848,1087,0x43F,test,1478,Gear,1,0.07283832,0.07283832,1,0.06880078234523535
test,Fuzzy,Fuzzy,1478198142.017056,1478198142.038909,2872128,29,0.453125,2,21.394968032836918,1088,0x440,test,1479,Fuzzy,1,0.099467464,0.099467464,1,0.06880078234523535
test,RPM,RPM,1478192886.252461,1478192886.275883,3554368,18,0.28125,3,22.73106575012207,790,0x316,test,1480,RPM,1,0.081166424,0.081166424,1,0.06880078234523535
test,Fuzzy,Fuzzy,1478198128.157902,1478198128.214023,2847680,27,0.421875,0,56.121110916137695,880,0x370,test,1481,Fuzzy,1,0.09744308,0.09744308,1,0.06880078234523535
test,RPM,RPM,1478192802.018345,1478192802.063345,3390720,15,0.234375,3,44.29888725280762,790,0x316,test,1482,RPM,1,0.081962824,0.081962824,1,0.06880078234523535
test,Normal,DoS,1478201060.179608,1478201060.212506,3390464,0,0.0,-1,,399,0x18F,test,1483,Normal,0,0.06272179,0.06272179,0,0.06880078234523535
test,Fuzzy,Fuzzy,1478198085.280391,1478198085.342953,2782400,26,0.40625,0,62.561988830566406,304,0x130,test,1484,Fuzzy,1,0.0960833,0.0960833,1,0.06880078234523535
test,RPM,RPM,1478192717.169923,1478192717.207309,3233984,23,0.359375,0,37.38594055175781,790,0x316,test,1485,RPM,1,0.079119176,0.079119176,1,0.06880078234523535
test,Gear,Gear,1478194899.207641,1478194899.235628,3129472,18,0.28125,1,27.74190902709961,1087,0x43F,test,1486,Gear,1,0.07226342,0.07226342,1,0.06880078234523535
test,Normal,RPM,1478201168.325692,1478201168.362431,4546240,0,0.0,-1,,320,0x140,test,1487,Normal,0,0.07226095,0.07226095,1,0.06880078234523535
test,Fuzzy,Fuzzy,1478197896.710524,1478197896.916082,2614400,30,0.46875,0,205.55782318115237,1087,0x43F,test,1488,Fuzzy,1,0.099125125,0.099125125,1,0.06880078234523535
test,DoS,DoS,1478200588.1082,1478200588.22929,2611072,35,0.546875,1,115.7228946685791,0,0x000,test,1489,DoS,1,0.05547775,0.05547775,0,0.06880078234523535
test,Fuzzy,Fuzzy,1478197767.059949,1478197767.150433,2496256,7,0.109375,4,78.78994941711426,305,0x131,test,1490,Fuzzy,1,0.073581055,0.073581055,1,0.06880078234523535
test,DoS,DoS,1478200534.619858,1478200534.740504,2552576,34,0.53125,2,119.9040412902832,0,0x000,test,1491,DoS,1,0.051817678,0.051817678,0,0.06880078234523535
test,Gear,Gear,1478194898.504415,1478194898.535028,3128128,14,0.21875,8,28.232097625732425,1087,0x43F,test,1492,Gear,1,0.06752798,0.06752798,0,0.06880078234523535
test,Normal,Fuzzy,1478201206.221127,1478201206.252935,3833600,0,0.0,-1,,2,0x002,test,1493,Normal,0,0.066532075,0.066532075,0,0.06880078234523535
test,DoS,DoS,1478200452.387371,1478200452.421147,2445376,33,0.515625,0,33.776044845581055,0,0x000,test,1494,DoS,1,0.05347679,0.05347679,0,0.06880078234523535
test,RPM,RPM,1478192705.205499,1478192705.230002,3208640,22,0.34375,2,24.017810821533203,790,0x316,test,1495,RPM,1,0.082959905,0.082959905,1,0.06880078234523535
test,RPM,RPM,1478192793.791386,1478192793.834859,3377536,18,0.28125,2,36.75580024719238,790,0x316,test,1496,RPM,1,0.07724059,0.07724059,1,0.06880078234523535
test,Gear,Gear,1478194948.780529,1478194948.803823,3220672,20,0.3125,0,23.29397201538086,1087,0x43F,test,1497,Gear,1,0.07228128,0.07228128,1,0.06880078234523535
test,Normal,Fuzzy,1478201194.820553,1478201194.852753,3812480,0,0.0,-1,,2,0x002,test,1498,Normal,0,0.06293239,0.06293239,0,0.06880078234523535
test,DoS,DoS,1478200364.459081,1478200364.537224,2324928,25,0.390625,22,62.1180534362793,0,0x000,test,1499,DoS,1,0.053515386,0.053515386,0,0.06880078234523535
test,RPM,RPM,1478192857.455763,1478192857.477415,3493632,19,0.296875,4,20.71714401245117,790,0x316,test,1500,RPM,1,0.078774996,0.078774996,1,0.06880078234523535
test,Normal,Fuzzy,1478201180.585852,1478201180.621692,3786112,0,0.0,-1,,399,0x18F,test,1501,Normal,0,0.066558436,0.066558436,0,0.06880078234523535
test,Fuzzy,Fuzzy,1478198150.474329,1478198150.528227,2886656,26,0.40625,7,52.21819877624512,305,0x131,test,1502,Fuzzy,1,0.101639405,0.101639405,1,0.06880078234523535
test,Normal,Gear,1478201036.260653,1478201036.293281,4123520,0,0.0,-1,,320,0x140,test,1503,Normal,0,0.05744407,0.05744407,0,0.06880078234523535
test,Normal,DoS,1478201088.403931,1478201088.437489,3442752,0,0.0,-1,,2,0x002,test,1504,Normal,0,0.06599743,0.06599743,0,0.06880078234523535
test,RPM,RPM,1478192756.470349,1478192756.492881,3315136,17,0.265625,2,22.07303047180176,790,0x316,test,1505,RPM,1,0.08101988,0.08101988,1,0.06880078234523535
test,Fuzzy,Fuzzy,1478197837.324891,1478197837.47833,2562240,22,0.34375,2,142.45891571044922,790,0x316,test,1506,Fuzzy,1,0.09431705,0.09431705,1,0.06880078234523535
test,DoS,DoS,1478200484.027652,1478200484.074766,2490048,31,0.484375,0,47.113895416259766,0,0x000,test,1507,DoS,1,0.04702304,0.04702304,0,0.06880078234523535
test,Gear,Gear,1478194880.655734,1478194880.680707,3093056,20,0.3125,4,24.003982543945312,1087,0x43F,test,1508,Gear,1,0.071326666,0.071326666,1,0.06880078234523535
test,Fuzzy,Fuzzy,1478197753.641381,1478197753.661478,2484416,24,0.375,2,19.636154174804688,305,0x131,test,1509,Fuzzy,1,0.09467415,0.09467415,1,0.06880078234523535
test,Gear,Gear,1478194851.683799,1478194851.707184,3034112,18,0.28125,7,21.722078323364254,1087,0x43F,test,1510,Gear,1,0.07216863,0.07216863,1,0.06880078234523535
test,Gear,Gear,1478194931.622996,1478194931.686168,3190144,18,0.28125,7,46.74291610717773,1087,0x43F,test,1511,Gear,1,0.07399398,0.07399398,1,0.06880078234523535
test,Gear,Gear,1478195007.552464,1478195007.582616,3327296,21,0.328125,0,30.152082443237305,1087,0x43F,test,1512,Gear,1,0.07300643,0.07300643,1,0.06880078234523535
test,Gear,Gear,1478194867.373897,1478194867.401469,3068480,20,0.3125,0,27.571916580200195,1087,0x43F,test,1513,Gear,1,0.07163179,0.07163179,1,0.06880078234523535
test,DoS,DoS,1478200464.520143,1478200464.536094,2462976,34,0.53125,1,15.706062316894531,0,0x000,test,1514,DoS,1,0.053615104,0.053615104,0,0.06880078234523535
test,RPM,RPM,1478192776.451025,1478192776.543978,3349120,17,0.265625,1,92.72909164428712,790,0x316,test,1515,RPM,1,0.08363843,0.08363843,1,0.06880078234523535
test,DoS,DoS,1478200335.574306,1478200335.776005,2302400,42,0.65625,0,201.69901847839355,0,0x000,test,1516,DoS,1,0.051425323,0.051425323,0,0.06880078234523535
test,Gear,Gear,1478194851.635938,1478194851.657666,3033984,19,0.296875,0,21.7280387878418,1087,0x43F,test,1517,Gear,1,0.066058114,0.066058114,0,0.06880078234523535
test,Fuzzy,Fuzzy,1478198136.71918,1478198136.748647,2862592,20,0.3125,1,29.2508602142334,320,0x140,test,1518,Fuzzy,1,0.090791985,0.090791985,1,0.06880078234523535
test,Normal,Gear,1478201112.605656,1478201112.637164,4264960,0,0.0,-1,,2,0x002,test,1519,Normal,0,0.06460354,0.06460354,0,0.06880078234523535
test,Normal,Fuzzy,1478201165.766662,1478201165.803793,3758656,0,0.0,-1,,305,0x131,test,1520,Normal,0,0.067384996,0.067384996,0,0.06880078234523535
test,Normal,Fuzzy,1478201069.937594,1478201069.973202,3581632,0,0.0,-1,,2,0x002,test,1521,Normal,0,0.06434416,0.06434416,0,0.06880078234523535
test,Normal,DoS,1478201195.562499,1478201195.598851,3640768,0,0.0,-1,,2,0x002,test,1522,Normal,0,0.06480012,0.06480012,0,0.06880078234523535
test,DoS,DoS,1478200556.949001,1478200557.036889,2576896,31,0.484375,0,87.88800239562988,0,0x000,test,1523,DoS,1,0.048585504,0.048585504,0,0.06880078234523535
test,DoS,DoS,1478200504.489123,1478200504.555615,2520064,35,0.546875,0,66.49184226989746,0,0x000,test,1524,DoS,1,0.049189005,0.049189005,0,0.06880078234523535
test,Gear,Gear,1478195053.11497,1478195053.140575,3407488,18,0.28125,1,24.89304542541504,1087,0x43F,test,1525,Gear,1,0.06713181,0.06713181,0,0.06880078234523535
test,DoS,DoS,1478200453.09006,1478200453.129945,2446464,32,0.5,1,39.63899612426758,0,0x000,test,1526,DoS,1,0.052331083,0.052331083,0,0.06880078234523535
test,RPM,RPM,1478192955.591302,1478192955.620651,3682944,20,0.3125,3,28.497934341430664,790,0x316,test,1527,RPM,1,0.079885475,0.079885475,1,0.06880078234523535
test,Fuzzy,Fuzzy,1478197770.307546,1478197770.415707,2501568,27,0.421875,0,108.16121101379396,2,0x002,test,1528,Fuzzy,1,0.101053596,0.101053596,1,0.06880078234523535
test,Fuzzy,Fuzzy,1478198147.925121,1478198147.954922,2882496,10,0.15625,35,10.321855545043944,2,0x002,test,1529,Fuzzy,1,0.081727,0.081727,1,0.06880078234523535
test,DoS,DoS,1478200581.544563,1478200581.665734,2603264,39,0.609375,0,121.1709976196289,0,0x000,test,1530,DoS,1,0.052169036,0.052169036,0,0.06880078234523535
test,DoS,DoS,1478200635.4613,1478200635.538268,2659904,34,0.53125,0,76.96819305419922,0,0x000,test,1531,DoS,1,0.0493842,0.0493842,0,0.06880078234523535
test,DoS,DoS,1478200342.542882,1478200342.7807,2307840,41,0.640625,0,237.8180027008057,0,0x000,test,1532,DoS,1,0.045675635,0.045675635,0,0.06880078234523535
test,Gear,Gear,1478195081.359914,1478195081.387757,3458752,20,0.3125,0,27.842998504638672,1087,0x43F,test,1533,Gear,1,0.07059518,0.07059518,1,0.06880078234523535
test,DoS,DoS,1478200512.151719,1478200512.224059,2528704,32,0.5,0,72.34001159667969,0,0x000,test,1534,DoS,1,0.056256264,0.056256264,0,0.06880078234523535
test,Fuzzy,Fuzzy,1478197961.20598,1478197961.241297,2677120,31,0.484375,1,35.10308265686035,704,0x2C0,test,1535,Fuzzy,1,0.106162585,0.106162585,1,0.06880078234523535
test,Gear,Gear,1478195065.55594,1478195065.583931,3430784,17,0.265625,1,27.38499641418457,1087,0x43F,test,1536,Gear,1,0.06522118,0.06522118,0,0.06880078234523535
test,Normal,RPM,1478201047.76252,1478201047.798471,4323392,0,0.0,-1,,704,0x2C0,test,1537,Normal,0,0.06498225,0.06498225,0,0.06880078234523535
test,Normal,RPM,1478201040.092351,1478201040.129059,4309184,0,0.0,-1,,399,0x18F,test,1538,Normal,0,0.058811545,0.058811545,0,0.06880078234523535
test,Gear,Gear,1478194904.785184,1478194904.808016,3141248,20,0.3125,2,22.196054458618164,1087,0x43F,test,1539,Gear,1,0.0736558,0.0736558,1,0.06880078234523535
test,DoS,DoS,1478200428.61972,1478200428.635532,2410560,33,0.515625,1,15.564918518066406,0,0x000,test,1540,DoS,1,0.04977867,0.04977867,0,0.06880078234523535
test,Gear,Gear,1478195054.497728,1478195054.525872,3410688,18,0.28125,4,27.18210220336914,1087,0x43F,test,1541,Gear,1,0.07141992,0.07141992,1,0.06880078234523535
test,Normal,RPM,1478201179.762894,1478201179.794137,4567424,0,0.0,-1,,2,0x002,test,1542,Normal,0,0.06836755,0.06836755,0,0.06880078234523535
test,Gear,Gear,1478194899.514636,1478194899.538671,3130176,18,0.28125,4,23.05912971496582,1087,0x43F,test,1543,Gear,1,0.066895485,0.066895485,0,0.06880078234523535
test,Gear,Gear,1478194981.770458,1478194981.807186,3280896,18,0.28125,6,35.260915756225586,1087,0x43F,test,1544,Gear,1,0.06356173,0.06356173,0,0.06880078234523535
test,Fuzzy,Fuzzy,1478197802.868338,1478197802.892158,2531968,19,0.296875,4,22.864103317260746,2,0x002,test,1545,Fuzzy,1,0.086499155,0.086499155,1,0.06880078234523535
test,Fuzzy,Fuzzy,1478197779.076144,1478197779.280037,2509376,21,0.328125,5,199.5370388031006,1088,0x440,test,1546,Fuzzy,1,0.09686968,0.09686968,1,0.06880078234523535
test,DoS,DoS,1478200503.411848,1478200503.468704,2518784,33,0.515625,1,51.67293548583984,0,0x000,test,1547,DoS,1,0.05089216,0.05089216,0,0.06880078234523535
test,Fuzzy,Fuzzy,1478198156.922434,1478198156.993752,2897856,16,0.25,3,70.60790061950684,339,0x153,test,1548,Fuzzy,1,0.085050724,0.085050724,1,0.06880078234523535
test,Normal,DoS,1478201066.673342,1478201066.707283,3402496,0,0.0,-1,,399,0x18F,test,1549,Normal,0,0.066221416,0.066221416,0,0.06880078234523535
test,Normal,Gear,1478201205.430398,1478201205.462605,4436416,0,0.0,-1,,339,0x153,test,1550,Normal,0,0.0663685,0.0663685,0,0.06880078234523535
test,Fuzzy,Fuzzy,1478198111.325271,1478198111.364771,2823168,21,0.328125,3,38.80882263183594,2,0x002,test,1551,Fuzzy,1,0.095152184,0.095152184,1,0.06880078234523535
test,Fuzzy,Fuzzy,1478197929.081522,1478197929.111799,2644928,23,0.359375,2,29.8159122467041,809,0x329,test,1552,Fuzzy,1,0.09053282,0.09053282,1,0.06880078234523535
test,DoS,DoS,1478200380.021499,1478200380.037208,2343744,34,0.53125,0,15.709161758422852,0,0x000,test,1553,DoS,1,0.050213914,0.050213914,0,0.06880078234523535
test,RPM,RPM,1478192723.050909,1478192723.077513,3245312,19,0.296875,1,26.30496025085449,790,0x316,test,1554,RPM,1,0.07824599,0.07824599,1,0.06880078234523535
test,RPM,RPM,1478192922.101591,1478192922.124838,3622784,21,0.328125,0,23.24700355529785,790,0x316,test,1555,RPM,1,0.08248434,0.08248434,1,0.06880078234523535
test,DoS,DoS,1478200441.507351,1478200441.523401,2429248,34,0.53125,1,15.80500602722168,0,0x000,test,1556,DoS,1,0.050058864,0.050058864,0,0.06880078234523535
test,RPM,RPM,1478192879.939472,1478192879.977739,3540800,23,0.359375,1,38.04206848144531,790,0x316,test,1557,RPM,1,0.08750924,0.08750924,1,0.06880078234523535
test,Fuzzy,Fuzzy,1478198049.982376,1478198050.002544,2752192,25,0.390625,0,20.16782760620117,704,0x2C0,test,1558,Fuzzy,1,0.08010671,0.08010671,1,0.06880078234523535
test,Normal,Fuzzy,1478201125.829327,1478201125.866201,3685184,0,0.0,-1,,2,0x002,test,1559,Normal,0,0.06410302,0.06410302,0,0.06880078234523535
test,Normal,DoS,1478201036.792225,1478201036.824628,3347136,0,0.0,-1,,672,0x2A0,test,1560,Normal,0,0.06157314,0.06157314,0,0.06880078234523535
test,RPM,RPM,1478192884.104451,1478192884.126624,3549312,19,0.296875,0,22.17316627502441,790,0x316,test,1561,RPM,1,0.0817947,0.0817947,1,0.06880078234523535
test,DoS,DoS,1478200392.019063,1478200392.041979,2362240,36,0.5625,0,22.916078567504883,0,0x000,test,1562,DoS,1,0.04805681,0.04805681,0,0.06880078234523535
test,RPM,RPM,1478192865.160032,1478192865.183726,3510016,21,0.328125,2,23.231029510498047,790,0x316,test,1563,RPM,1,0.08412885,0.08412885,1,0.06880078234523535
test,DoS,DoS,1478200449.980762,1478200450.026651,2441984,37,0.578125,0,45.88890075683594,0,0x000,test,1564,DoS,1,0.050068863,0.050068863,0,0.06880078234523535
test,Fuzzy,Fuzzy,1478197940.039025,1478197940.07171,2654336,21,0.328125,0,32.685041427612305,399,0x18F,test,1565,Fuzzy,1,0.0946816,0.0946816,1,0.06880078234523535
test,Fuzzy,Fuzzy,1478198160.509648,1478198160.542613,2903872,25,0.390625,2,21.30413055419922,304,0x130,test,1566,Fuzzy,1,0.08588567,0.08588567,1,0.06880078234523535
test,RPM,RPM,1478192833.357168,1478192833.382623,3446272,22,0.34375,3,24.517059326171875,790,0x316,test,1567,RPM,1,0.08413128,0.08413128,1,0.06880078234523535
test,RPM,RPM,1478192711.234383,1478192711.257813,3222400,21,0.328125,3,22.72796630859375,790,0x316,test,1568,RPM,1,0.08333761,0.08333761,1,0.06880078234523535
test,RPM,RPM,1478192884.265524,1478192884.294452,3549696,18,0.28125,3,28.213977813720703,790,0x316,test,1569,RPM,1,0.08160548,0.08160548,1,0.06880078234523535
test,RPM,RPM,1478192870.22494,1478192870.247189,3520192,19,0.296875,5,20.99013328552246,790,0x316,test,1570,RPM,1,0.0802596,0.0802596,1,0.06880078234523535
test,Normal,Fuzzy,1478201160.965751,1478201160.999215,3749760,0,0.0,-1,,320,0x140,test,1571,Normal,0,0.07364984,0.07364984,1,0.06880078234523535
test,DoS,DoS,1478200635.732849,1478200635.895597,2660096,37,0.578125,0,162.7480983734131,0,0x000,test,1572,DoS,1,0.053653132,0.053653132,0,0.06880078234523535
test,Normal,Gear,1478201179.345615,1478201179.38295,4388096,0,0.0,-1,,320,0x140,test,1573,Normal,0,0.07215065,0.07215065,1,0.06880078234523535
test,Fuzzy,Fuzzy,1478198116.596052,1478198116.632303,2832256,20,0.3125,5,32.11402893066406,305,0x131,test,1574,Fuzzy,1,0.0853079,0.0853079,1,0.06880078234523535
test,DoS,DoS,1478200616.710074,1478200616.896961,2642880,34,0.53125,1,186.65003776550293,0,0x000,test,1575,DoS,1,0.051465493,0.051465493,0,0.06880078234523535
test,Fuzzy,Fuzzy,1478198107.302347,1478198107.334897,2817024,24,0.375,2,32.07993507385254,880,0x370,test,1576,Fuzzy,1,0.100614876,0.100614876,1,0.06880078234523535
test,Fuzzy,Fuzzy,1478197905.630279,1478197905.916439,2621888,34,0.53125,1,280.23314476013184,809,0x329,test,1577,Fuzzy,1,0.11381571,0.11381571,1,0.06880078234523535
test,Fuzzy,Fuzzy,1478198100.202403,1478198100.24364,2805376,23,0.359375,2,40.76790809631348,1088,0x440,test,1578,Fuzzy,1,0.10170612,0.10170612,1,0.06880078234523535
test,Normal,RPM,1478201082.824542,1478201082.861559,4388352,0,0.0,-1,,2,0x002,test,1579,Normal,0,0.06634931,0.06634931,0,0.06880078234523535
test,DoS,DoS,1478200475.111708,1478200475.153372,2477888,38,0.59375,0,41.66412353515625,0,0x000,test,1580,DoS,1,0.048764914,0.048764914,0,0.06880078234523535
test,Fuzzy,Fuzzy,1478198174.741526,1478198174.770043,2928192,23,0.359375,0,28.51700782775879,399,0x18F,test,1581,Fuzzy,1,0.09931322,0.09931322,1,0.06880078234523535
test,RPM,RPM,1478192736.758745,1478192736.788792,3272704,21,0.328125,1,29.64997291564941,790,0x316,test,1582,RPM,1,0.08657412,0.08657412,1,0.06880078234523535
test,Fuzzy,Fuzzy,1478198123.839435,1478198123.876637,2843072,20,0.3125,2,36.74888610839844,2,0x002,test,1583,Fuzzy,1,0.08758215,0.08758215,1,0.06880078234523535
test,DoS,DoS,1478200453.645221,1478200453.685519,2447168,33,0.515625,0,40.2979850769043,0,0x000,test,1584,DoS,1,0.05222868,0.05222868,0,0.06880078234523535
test,DoS,DoS,1478200427.5937,1478200427.621983,2408576,34,0.53125,0,28.28311920166016,0,0x000,test,1585,DoS,1,0.051781196,0.051781196,0,0.06880078234523535
test,Fuzzy,Fuzzy,1478197928.64815,1478197928.685222,2644352,26,0.40625,0,37.071943283081055,399,0x18F,test,1586,Fuzzy,1,0.08763538,0.08763538,1,0.06880078234523535
test,Gear,Gear,1478194899.126045,1478194899.152292,3129280,19,0.296875,8,24.327993392944336,1087,0x43F,test,1587,Gear,1,0.06387307,0.06387307,0,0.06880078234523535
test,RPM,RPM,1478192922.438208,1478192922.464093,3623616,21,0.328125,0,25.88486671447754,790,0x316,test,1588,RPM,1,0.085225746,0.085225746,1,0.06880078234523535
test,Normal,DoS,1478201161.916927,1478201161.94895,3578432,0,0.0,-1,,399,0x18F,test,1589,Normal,0,0.06422156,0.06422156,0,0.06880078234523535
test,Gear,Gear,1478194963.375229,1478194963.407643,3246912,25,0.390625,2,31.7380428314209,1087,0x43F,test,1590,Gear,1,0.0680032,0.0680032,0,0.06880078234523535
test,Gear,Gear,1478194970.78047,1478194970.820233,3260928,22,0.34375,0,39.76321220397949,1087,0x43F,test,1591,Gear,1,0.06773328,0.06773328,0,0.06880078234523535
test,RPM,RPM,1478192885.578844,1478192885.603406,3552768,21,0.328125,1,24.33991432189941,790,0x316,test,1592,RPM,1,0.08175681,0.08175681,1,0.06880078234523535
test,Fuzzy,Fuzzy,1478198140.626986,1478198140.656237,2869952,23,0.359375,1,29.02793884277344,2,0x002,test,1593,Fuzzy,1,0.09958603,0.09958603,1,0.06880078234523535
test,Gear,Gear,1478194984.615948,1478194984.640551,3286144,22,0.34375,0,24.60312843322754,1087,0x43F,test,1594,Gear,1,0.06909119,0.06909119,1,0.06880078234523535
test,Gear,Gear,1478194860.990208,1478194861.016848,3055040,18,0.28125,0,26.64017677307129,1087,0x43F,test,1595,Gear,1,0.07122043,0.07122043,1,0.06880078234523535
test,RPM,RPM,1478192705.13562,1478192705.159518,3208448,22,0.34375,0,23.89788627624512,790,0x316,test,1596,RPM,1,0.085768335,0.085768335,1,0.06880078234523535
test,Normal,DoS,1478201065.809021,1478201065.843287,3400896,0,0.0,-1,,2,0x002,test,1597,Normal,0,0.0778599,0.0778599,1,0.06880078234523535
test,Gear,Gear,1478194887.397687,1478194887.438177,3105408,19,0.296875,4,39.51406478881836,1087,0x43F,test,1598,Gear,1,0.06464236,0.06464236,0,0.06880078234523535
test,Gear,Gear,1478194938.48728,1478194938.523435,3202304,20,0.3125,0,36.15522384643555,1087,0x43F,test,1599,Gear,1,0.07042074,0.07042074,1,0.06880078234523535
test,Fuzzy,Fuzzy,1478197869.21527,1478197869.344089,2591040,31,0.484375,1,128.59606742858887,704,0x2C0,test,1600,Fuzzy,1,0.10840477,0.10840477,1,0.06880078234523535
test,RPM,RPM,1478192884.32677,1478192884.349399,3549824,19,0.296875,1,22.404193878173828,790,0x316,test,1601,RPM,1,0.083544336,0.083544336,1,0.06880078234523535
test,RPM,RPM,1478192768.154172,1478192768.181559,3336256,21,0.328125,2,26.923179626464844,790,0x316,test,1602,RPM,1,0.08560879,0.08560879,1,0.06880078234523535
test,RPM,RPM,1478192839.166966,1478192839.192839,3457344,20,0.3125,5,24.19900894165039,790,0x316,test,1603,RPM,1,0.08198074,0.08198074,1,0.06880078234523535
test,Fuzzy,Fuzzy,1478198169.080086,1478198169.102918,2918592,23,0.359375,1,22.287845611572266,2,0x002,test,1604,Fuzzy,1,0.09189465,0.09189465,1,0.06880078234523535
test,RPM,RPM,1478192689.353815,1478192689.375941,3171904,19,0.296875,3,21.44098281860352,790,0x316,test,1605,RPM,1,0.07940354,0.07940354,1,0.06880078234523535
test,DoS,DoS,1478200639.334043,1478200639.349722,2666048,32,0.5,1,15.434980392456056,0,0x000,test,1606,DoS,1,0.05381335,0.05381335,0,0.06880078234523535
test,Gear,Gear,1478194910.556537,1478194910.582459,3153344,20,0.3125,5,24.716854095458984,1087,0x43F,test,1607,Gear,1,0.06752193,0.06752193,0,0.06880078234523535
test,RPM,RPM,1478192929.424149,1478192929.516154,3635840,19,0.296875,1,91.77708625793456,790,0x316,test,1608,RPM,1,0.08162629,0.08162629,1,0.06880078234523535
test,RPM,RPM,1478192769.930212,1478192769.970746,3339264,19,0.296875,0,40.53401947021485,790,0x316,test,1609,RPM,1,0.07543048,0.07543048,1,0.06880078234523535
test,Normal,Fuzzy,1478201037.014554,1478201037.050895,3520640,0,0.0,-1,,2,0x002,test,1610,Normal,0,0.06799707,0.06799707,0,0.06880078234523535
test,Fuzzy,Fuzzy,1478197936.570832,1478197936.715013,2652928,19,0.296875,0,144.1810131072998,320,0x140,test,1611,Fuzzy,1,0.09007549,0.09007549,1,0.06880078234523535
test,DoS,DoS,1478200498.698652,1478200498.785288,2510912,37,0.578125,1,86.38501167297363,0,0x000,test,1612,DoS,1,0.04763373,0.04763373,0,0.06880078234523535
test,Fuzzy,Fuzzy,1478198095.510744,1478198095.543595,2796864,24,0.375,0,32.85098075866699,809,0x329,test,1613,Fuzzy,1,0.09791448,0.09791448,1,0.06880078234523535
test,Fuzzy,Fuzzy,1478198078.051578,1478198078.191059,2774336,30,0.46875,0,139.4810676574707,880,0x370,test,1614,Fuzzy,1,0.096107684,0.096107684,1,0.06880078234523535
test,Gear,Gear,1478194854.667338,1478194854.702094,3041216,22,0.34375,3,34.04998779296875,1087,0x43F,test,1615,Gear,1,0.06626446,0.06626446,0,0.06880078234523535
test,Normal,Gear,1478201061.719224,1478201061.751853,4170688,0,0.0,-1,,305,0x131,test,1616,Normal,0,0.060694735,0.060694735,0,0.06880078234523535
test,Normal,Gear,1478201140.067021,1478201140.104631,4315840,0,0.0,-1,,320,0x140,test,1617,Normal,0,0.06287162,0.06287162,0,0.06880078234523535
test,Fuzzy,Fuzzy,1478197813.605048,1478197813.786374,2540608,31,0.484375,1,176.18107795715332,790,0x316,test,1618,Fuzzy,1,0.11186239,0.11186239,1,0.06880078234523535
test,Gear,Gear,1478194886.312788,1478194886.349796,3103552,20,0.3125,0,37.00804710388184,1087,0x43F,test,1619,Gear,1,0.06790997,0.06790997,0,0.06880078234523535
test,Fuzzy,Fuzzy,1478198083.033245,1478198083.165512,2781056,31,0.484375,1,126.86419486999512,672,0x2A0,test,1620,Fuzzy,1,0.101197064,0.101197064,1,0.06880078234523535
test,Fuzzy,Fuzzy,1478198109.97581,1478198110.012594,2821184,27,0.421875,1,36.56506538391113,704,0x2C0,test,1621,Fuzzy,1,0.09237623,0.09237623,1,0.06880078234523535
test,Normal,Gear,1478201108.90694,1478201108.94139,4258112,0,0.0,-1,,2,0x002,test,1622,Normal,0,0.059885137,0.059885137,0,0.06880078234523535
test,Fuzzy,Fuzzy,1478197940.102455,1478197940.129668,2654464,12,0.1875,1,26.99899673461914,2,0x002,test,1623,Fuzzy,1,0.076015666,0.076015666,1,0.06880078234523535
test,DoS,DoS,1478200384.260946,1478200384.288889,2349696,33,0.515625,1,27.695894241333008,0,0x000,test,1624,DoS,1,0.050878473,0.050878473,0,0.06880078234523535
test,RPM,RPM,1478192773.865823,1478192773.91632,3346240,20,0.3125,3,49.81613159179688,790,0x316,test,1625,RPM,1,0.0814265,0.0814265,1,0.06880078234523535
test,RPM,RPM,1478192970.053824,1478192970.113703,3709504,22,0.34375,4,58.9139461517334,790,0x316,test,1626,RPM,1,0.08066664,0.08066664,1,0.06880078234523535
test,RPM,RPM,1478192950.815005,1478192950.842263,3673024,20,0.3125,0,27.25791931152344,790,0x316,test,1627,RPM,1,0.081546485,0.081546485,1,0.06880078234523535
test,RPM,RPM,1478192961.930895,1478192961.960641,3694784,17,0.265625,1,29.51979637145996,790,0x316,test,1628,RPM,1,0.07430704,0.07430704,1,0.06880078234523535
test,Fuzzy,Fuzzy,1478198115.545851,1478198115.614237,2830848,24,0.375,4,62.05916404724121,305,0x131,test,1629,Fuzzy,1,0.09416795,0.09416795,1,0.06880078234523535
test,Normal,Fuzzy,1478201103.516189,1478201103.548684,3643840,0,0.0,-1,,2,0x002,test,1630,Normal,0,0.064391755,0.064391755,0,0.06880078234523535
test,RPM,RPM,1478192728.595131,1478192728.631455,3256192,23,0.359375,1,36.09895706176758,790,0x316,test,1631,RPM,1,0.0890496,0.0890496,1,0.06880078234523535
test,RPM,RPM,1478192781.303503,1478192781.363495,3357312,17,0.265625,3,59.27109718322754,790,0x316,test,1632,RPM,1,0.07671105,0.07671105,1,0.06880078234523535
test,RPM,RPM,1478192735.576326,1478192735.601261,3270144,21,0.328125,0,24.935007095336918,790,0x316,test,1633,RPM,1,0.08124224,0.08124224,1,0.06880078234523535
test,Gear,Gear,1478194976.168105,1478194976.198073,3270784,24,0.375,0,29.9680233001709,1087,0x43F,test,1634,Gear,1,0.07231174,0.07231174,1,0.06880078234523535
test,Fuzzy,Fuzzy,1478197758.542244,1478197758.68369,2487808,24,0.375,3,125.22506713867188,2,0x002,test,1635,Fuzzy,1,0.094250835,0.094250835,1,0.06880078234523535
test,RPM,RPM,1478192847.45067,1478192847.494273,3473216,23,0.359375,0,43.60294342041016,790,0x316,test,1636,RPM,1,0.08466417,0.08466417,1,0.06880078234523535
test,Normal,RPM,1478201107.941015,1478201107.972753,4434880,0,0.0,-1,,399,0x18F,test,1637,Normal,0,0.05724263,0.05724263,0,0.06880078234523535
test,DoS,DoS,1478200497.930756,1478200498.032814,2510464,37,0.578125,3,95.86811065673828,0,0x000,test,1638,DoS,1,0.050349724,0.050349724,0,0.06880078234523535
test,Fuzzy,Fuzzy,1478198143.30939,1478198143.3649,2874240,23,0.359375,0,55.51004409790039,320,0x140,test,1639,Fuzzy,1,0.090418436,0.090418436,1,0.06880078234523535
test,RPM,RPM,1478192832.786203,1478192832.826896,3445248,18,0.28125,5,39.53194618225098,790,0x316,test,1640,RPM,1,0.08119639,0.08119639,1,0.06880078234523535
test,Gear,Gear,1478194847.556498,1478194847.583604,3025856,20,0.3125,13,23.992061614990234,1087,0x43F,test,1641,Gear,1,0.06259798,0.06259798,0,0.06880078234523535
test,RPM,RPM,1478192898.040601,1478192898.070582,3578944,19,0.296875,0,29.980897903442383,790,0x316,test,1642,RPM,1,0.079568125,0.079568125,1,0.06880078234523535
test,RPM,RPM,1478192708.654895,1478192708.680066,3215360,22,0.34375,2,24.697065353393555,790,0x316,test,1643,RPM,1,0.082379095,0.082379095,1,0.06880078234523535
test,Normal,DoS,1478201084.498552,1478201084.532011,3435520,0,0.0,-1,,399,0x18F,test,1644,Normal,0,0.06391752,0.06391752,0,0.06880078234523535
test,Fuzzy,Fuzzy,1478198111.906081,1478198111.941675,2824064,22,0.34375,0,35.59398651123047,848,0x350,test,1645,Fuzzy,1,0.092643954,0.092643954,1,0.06880078234523535
test,Fuzzy,Fuzzy,1478198058.06694,1478198058.359163,2759616,24,0.375,1,286.7729663848877,2,0x002,test,1646,Fuzzy,1,0.094161235,0.094161235,1,0.06880078234523535
test,Gear,Gear,1478195074.268532,1478195074.340149,3446336,19,0.296875,3,70.91593742370605,1087,0x43F,test,1647,Gear,1,0.07234579,0.07234579,1,0.06880078234523535
test,RPM,RPM,1478192819.578679,1478192819.600502,3420160,21,0.328125,2,21.3620662689209,790,0x316,test,1648,RPM,1,0.08327853,0.08327853,1,0.06880078234523535
test,DoS,DoS,1478200480.041458,1478200480.057579,2486080,35,0.546875,1,15.87510108947754,0,0x000,test,1649,DoS,1,0.048507106,0.048507106,0,0.06880078234523535
test,Gear,Gear,1478194977.454145,1478194977.520184,3272896,18,0.28125,1,65.56010246276855,1087,0x43F,test,1650,Gear,1,0.060279105,0.060279105,0,0.06880078234523535
test,Gear,Gear,1478194890.712382,1478194890.734979,3111744,20,0.3125,3,21.88587188720703,1087,0x43F,test,1651,Gear,1,0.06927418,0.06927418,1,0.06880078234523535
test,Normal,RPM,1478201193.891167,1478201193.923065,4593600,0,0.0,-1,,339,0x153,test,1652,Normal,0,0.06529991,0.06529991,0,0.06880078234523535
test,RPM,RPM,1478192682.695161,1478192682.718591,3156800,20,0.3125,0,23.42987060546875,790,0x316,test,1653,RPM,1,0.08180102,0.08180102,1,0.06880078234523535
test,Normal,Fuzzy,1478201101.78747,1478201101.824616,3640640,0,0.0,-1,,304,0x130,test,1654,Normal,0,0.069842674,0.069842674,1,0.06880078234523535
test,Normal,Fuzzy,1478201054.462238,1478201054.49669,3552960,0,0.0,-1,,399,0x18F,test,1655,Normal,0,0.065453425,0.065453425,0,0.06880078234523535
test,Normal,DoS,1478201176.009138,1478201176.045409,3604544,0,0.0,-1,,2,0x002,test,1656,Normal,0,0.07007858,0.07007858,1,0.06880078234523535
test,Fuzzy,Fuzzy,1478197996.844405,1478197997.193393,2710528,34,0.53125,3,327.4829387664795,339,0x153,test,1657,Fuzzy,1,0.10798383,0.10798383,1,0.06880078234523535
test,Gear,Gear,1478194878.652238,1478194878.687146,3089472,20,0.3125,3,34.195899963378906,1087,0x43F,test,1658,Gear,1,0.06721721,0.06721721,0,0.06880078234523535
test,RPM,RPM,1478192819.839369,1478192819.877827,3420736,25,0.390625,1,38.229942321777344,790,0x316,test,1659,RPM,1,0.08511276,0.08511276,1,0.06880078234523535
test,Normal,Fuzzy,1478201113.358504,1478201113.395989,3662080,0,0.0,-1,,2,0x002,test,1660,Normal,0,0.063557096,0.063557096,0,0.06880078234523535
test,Gear,Gear,1478194961.904069,1478194961.929517,3243584,23,0.359375,2,24.98197555541992,1087,0x43F,test,1661,Gear,1,0.06858109,0.06858109,0,0.06880078234523535
test,Fuzzy,Fuzzy,1478197969.797067,1478197970.150093,2685888,30,0.46875,4,330.9931755065918,304,0x130,test,1662,Fuzzy,1,0.08684722,0.08684722,1,0.06880078234523535
test,Fuzzy,Fuzzy,1478197994.227044,1478197994.397735,2709888,16,0.25,3,147.90701866149902,399,0x18F,test,1663,Fuzzy,1,0.08542516,0.08542516,1,0.06880078234523535
test,Normal,Fuzzy,1478201129.077027,1478201129.114582,3691200,0,0.0,-1,,399,0x18F,test,1664,Normal,0,0.06273435,0.06273435,0,0.06880078234523535
test,DoS,DoS,1478200507.219688,1478200507.432634,2521536,31,0.484375,0,212.94617652893064,0,0x000,test,1665,DoS,1,0.05139182,0.05139182,0,0.06880078234523535
test,Normal,RPM,1478201105.971131,1478201106.005794,4431232,0,0.0,-1,,399,0x18F,test,1666,Normal,0,0.06726723,0.06726723,0,0.06880078234523535
test,RPM,RPM,1478192696.962933,1478192696.985679,3189504,20,0.3125,2,22.284984588623047,790,0x316,test,1667,RPM,1,0.08907634,0.08907634,1,0.06880078234523535
test,Gear,Gear,1478195028.928707,1478195028.970824,3365056,19,0.296875,4,41.15009307861328,1087,0x43F,test,1668,Gear,1,0.07061617,0.07061617,1,0.06880078234523535
test,Fuzzy,Fuzzy,1478198134.078203,1478198134.111497,2858496,25,0.390625,1,32.65690803527832,399,0x18F,test,1669,Fuzzy,1,0.09792397,0.09792397,1,0.06880078234523535
test,RPM,RPM,1478192825.302086,1478192825.336036,3431232,21,0.328125,1,33.65302085876465,790,0x316,test,1670,RPM,1,0.08336717,0.08336717,1,0.06880078234523535
test,Normal,RPM,1478201102.618397,1478201102.654668,4425024,0,0.0,-1,,704,0x2C0,test,1671,Normal,0,0.06475429,0.06475429,0,0.06880078234523535
test,DoS,DoS,1478200499.468942,1478200499.536217,2511680,32,0.5,2,66.53904914855957,0,0x000,test,1672,DoS,1,0.049271595,0.049271595,0,0.06880078234523535
test,Normal,DoS,1478201091.47663,1478201091.509444,3448448,0,0.0,-1,,2,0x002,test,1673,Normal,0,0.063076735,0.063076735,0,0.06880078234523535
test,Gear,Gear,1478194987.861155,1478194987.883395,3292352,18,0.28125,9,20.099878311157227,1087,0x43F,test,1674,Gear,1,0.065688156,0.065688156,0,0.06880078234523535
test,RPM,RPM,1478192710.320164,1478192710.342984,3219904,21,0.328125,1,22.593975067138672,790,0x316,test,1675,RPM,1,0.08512265,0.08512265,1,0.06880078234523535
test,RPM,RPM,1478192808.304888,1478192808.345675,3401216,18,0.28125,0,40.7869815826416,790,0x316,test,1676,RPM,1,0.08855031,0.08855031,1,0.06880078234523535
test,Gear,Gear,1478195048.280083,1478195048.314903,3398144,18,0.28125,0,34.8200798034668,1087,0x43F,test,1677,Gear,1,0.06688459,0.06688459,0,0.06880078234523535
test,DoS,DoS,1478200634.946365,1478200635.00917,2659584,32,0.5,1,62.561988830566406,0,0x000,test,1678,DoS,1,0.052655157,0.052655157,0,0.06880078234523535
test,Fuzzy,Fuzzy,1478198166.414184,1478198166.471496,2914368,26,0.40625,10,54.92711067199707,2,0x002,test,1679,Fuzzy,1,0.0927711,0.0927711,1,0.06880078234523535
test,Gear,Gear,1478194917.049877,1478194917.072633,3165248,20,0.3125,7,21.101951599121094,1087,0x43F,test,1680,Gear,1,0.06801153,0.06801153,0,0.06880078234523535
test,DoS,DoS,1478200428.08331,1478200428.102994,2409536,35,0.546875,0,19.6840763092041,0,0x000,test,1681,DoS,1,0.04775818,0.04775818,0,0.06880078234523535
test,Normal,Fuzzy,1478201115.329163,1478201115.366056,3665728,0,0.0,-1,,320,0x140,test,1682,Normal,0,0.061408564,0.061408564,0,0.06880078234523535
test,Fuzzy,Fuzzy,1478198109.766432,1478198109.796403,2820928,18,0.28125,2,29.50382232666016,304,0x130,test,1683,Fuzzy,1,0.08729651,0.08729651,1,0.06880078234523535
test,Gear,Gear,1478194950.849179,1478194950.901983,3223744,22,0.34375,2,52.30307579040527,1087,0x43F,test,1684,Gear,1,0.06772963,0.06772963,0,0.06880078234523535
test,RPM,RPM,1478192737.541068,1478192737.563087,3274496,18,0.28125,4,21.066904067993164,790,0x316,test,1685,RPM,1,0.08087851,0.08087851,1,0.06880078234523535
test,RPM,RPM,1478192709.335335,1478192709.359989,3217216,22,0.34375,1,24.42789077758789,790,0x316,test,1686,RPM,1,0.08206119,0.08206119,1,0.06880078234523535
test,Gear,Gear,1478194872.097776,1478194872.138272,3077824,19,0.296875,6,39.07299041748047,1087,0x43F,test,1687,Gear,1,0.06662023,0.06662023,0,0.06880078234523535
test,Fuzzy,Fuzzy,1478198135.600161,1478198135.632193,2861120,26,0.40625,2,31.576156616210938,790,0x316,test,1688,Fuzzy,1,0.09979204,0.09979204,1,0.06880078234523535
test,RPM,RPM,1478192902.529263,1478192902.558334,3588032,14,0.21875,29,13.992071151733398,790,0x316,test,1689,RPM,1,0.076832026,0.076832026,1,0.06880078234523535
test,Normal,Gear,1478201119.996291,1478201120.029444,4278656,0,0.0,-1,,304,0x130,test,1690,Normal,0,0.06871224,0.06871224,0,0.06880078234523535
test,DoS,DoS,1478200374.920579,1478200374.97491,2335232,37,0.578125,0,54.33106422424317,0,0x000,test,1691,DoS,1,0.049195465,0.049195465,0,0.06880078234523535
test,Gear,Gear,1478194990.012698,1478194990.039288,3297088,19,0.296875,0,26.59010887145996,1087,0x43F,test,1692,Gear,1,0.07124319,0.07124319,1,0.06880078234523535
test,DoS,DoS,1478200633.177049,1478200633.280411,2658432,36,0.5625,7,100.88992118835448,0,0x000,test,1693,DoS,1,0.05866956,0.05866956,0,0.06880078234523535
test,RPM,RPM,1478192905.827584,1478192905.855934,3595200,19,0.296875,1,28.12480926513672,790,0x316,test,1694,RPM,1,0.08590485,0.08590485,1,0.06880078234523535
test,DoS,DoS,1478200388.191678,1478200388.246931,2356928,35,0.546875,0,55.253028869628906,0,0x000,test,1695,DoS,1,0.050758503,0.050758503,0,0.06880078234523535
test,Normal,RPM,1478201147.585515,1478201147.618713,4508288,0,0.0,-1,,2,0x002,test,1696,Normal,0,0.067268826,0.067268826,0,0.06880078234523535
test,Normal,Gear,1478201139.09829,1478201139.13491,4314048,0,0.0,-1,,2,0x002,test,1697,Normal,0,0.061587453,0.061587453,0,0.06880078234523535
test,Normal,Gear,1478201088.217059,1478201088.248957,4219776,0,0.0,-1,,2,0x002,test,1698,Normal,0,0.06948671,0.06948671,1,0.06880078234523535
test,Normal,Fuzzy,1478201039.330993,1478201039.368548,3524928,0,0.0,-1,,304,0x130,test,1699,Normal,0,0.061997958,0.061997958,0,0.06880078234523535
test,Fuzzy,Fuzzy,1478197980.708165,1478197980.79049,2694528,22,0.34375,3,81.4208984375,809,0x329,test,1700,Fuzzy,1,0.08403516,0.08403516,1,0.06880078234523535
test,Gear,Gear,1478194984.270615,1478194984.295765,3285440,15,0.234375,7,23.44489097595215,1087,0x43F,test,1701,Gear,1,0.06580274,0.06580274,0,0.06880078234523535
test,Gear,Gear,1478195026.638911,1478195026.671422,3362304,17,0.265625,8,30.586957931518555,1087,0x43F,test,1702,Gear,1,0.06653422,0.06653422,0,0.06880078234523535
test,Gear,Gear,1478194929.463105,1478194929.486651,3186688,21,0.328125,4,22.587060928344727,1087,0x43F,test,1703,Gear,1,0.07093086,0.07093086,1,0.06880078234523535
test,RPM,RPM,1478192885.3758,1478192885.406317,3552320,23,0.359375,1,30.289888381958008,790,0x316,test,1704,RPM,1,0.08454894,0.08454894,1,0.06880078234523535
test,RPM,RPM,1478192703.303945,1478192703.325971,3203648,19,0.296875,5,20.770788192749023,790,0x316,test,1705,RPM,1,0.08024099,0.08024099,1,0.06880078234523535
test,DoS,DoS,1478200433.921662,1478200433.951717,2419328,36,0.5625,1,29.81281280517578,0,0x000,test,1706,DoS,1,0.04892447,0.04892447,0,0.06880078234523535
test,DoS,DoS,1478200552.239275,1478200552.265266,2569664,33,0.515625,1,25.74491500854492,0,0x000,test,1707,DoS,1,0.05547454,0.05547454,0,0.06880078234523535
test,DoS,DoS,1478200515.057186,1478200515.296872,2529984,38,0.59375,0,239.6860122680664,0,0x000,test,1708,DoS,1,0.049857695,0.049857695,0,0.06880078234523535
test,Gear,Gear,1478194945.393312,1478194945.438974,3214336,19,0.296875,1,45.43185234069824,1087,0x43F,test,1709,Gear,1,0.069941536,0.069941536,1,0.06880078234523535
test,RPM,RPM,1478192898.681918,1478192898.704612,3580416,18,0.28125,9,20.04694938659668,790,0x316,test,1710,RPM,1,0.07857346,0.07857346,1,0.06880078234523535
test,DoS,DoS,1478200488.409185,1478200488.445664,2497600,38,0.59375,0,36.47899627685547,0,0x000,test,1711,DoS,1,0.054360025,0.054360025,0,0.06880078234523535
test,DoS,DoS,1478200649.750839,1478200649.803761,2675136,39,0.609375,0,52.92201042175293,0,0x000,test,1712,DoS,1,0.043497354,0.043497354,0,0.06880078234523535
test,Gear,Gear,1478194975.42097,1478194975.470262,3269504,21,0.328125,1,43.84899139404297,1087,0x43F,test,1713,Gear,1,0.06712806,0.06712806,0,0.06880078234523535
test,Fuzzy,Fuzzy,1478198141.26293,1478198141.297354,2870912,19,0.296875,3,33.60700607299805,848,0x350,test,1714,Fuzzy,1,0.09761674,0.09761674,1,0.06880078234523535
test,Gear,Gear,1478194929.761305,1478194929.784258,3187264,21,0.328125,0,22.952795028686523,1087,0x43F,test,1715,Gear,1,0.072028995,0.072028995,1,0.06880078234523535
test,Normal,RPM,1478201017.381334,1478201017.418039,4267840,0,0.0,-1,,399,0x18F,test,1716,Normal,0,0.061158698,0.061158698,0,0.06880078234523535
test,DoS,DoS,1478200453.281768,1478200453.307913,2446720,33,0.515625,0,26.144981384277344,0,0x000,test,1717,DoS,1,0.050523948,0.050523948,0,0.06880078234523535
test,RPM,RPM,1478192857.407502,1478192857.429774,3493504,21,0.328125,0,22.27210998535156,790,0x316,test,1718,RPM,1,0.08334917,0.08334917,1,0.06880078234523535
test,Gear,Gear,1478194864.375516,1478194864.407457,3061504,1,0.015625,60,1.093149185180664,2,0x002,test,1719,Gear,1,0.061277907,0.061277907,0,0.06880078234523535
test,Normal,RPM,1478201097.196723,1478201097.230668,4414976,0,0.0,-1,,304,0x130,test,1720,Normal,0,0.06505391,0.06505391,0,0.06880078234523535
test,Gear,Gear,1478194910.828261,1478194910.896871,3153856,20,0.3125,2,67.84701347351074,1087,0x43F,test,1721,Gear,1,0.06961431,0.06961431,1,0.06880078234523535
test,Normal,Gear,1478201027.020671,1478201027.052989,4107136,0,0.0,-1,,305,0x131,test,1722,Normal,0,0.059442274,0.059442274,0,0.06880078234523535
test,Gear,Gear,1478195080.908028,1478195080.948872,3458048,18,0.28125,2,40.35305976867676,1087,0x43F,test,1723,Gear,1,0.0709639,0.0709639,1,0.06880078234523535
test,RPM,RPM,1478192742.740923,1478192742.762405,3285312,19,0.296875,7,19.75083351135254,790,0x316,test,1724,RPM,1,0.08227551,0.08227551,1,0.06880078234523535
test,Fuzzy,Fuzzy,1478197952.322238,1478197952.382694,2668352,18,0.28125,11,57.59811401367188,2,0x002,test,1725,Fuzzy,1,0.09230933,0.09230933,1,0.06880078234523535
test,Gear,Gear,1478195098.420744,1478195098.446226,3492096,19,0.296875,2,24.837970733642575,1087,0x43F,test,1726,Gear,1,0.06961477,0.06961477,1,0.06880078234523535
test,RPM,RPM,1478192690.823127,1478192690.845411,3175872,20,0.3125,0,22.28403091430664,790,0x316,test,1727,RPM,1,0.08257363,0.08257363,1,0.06880078234523535
test,Fuzzy,Fuzzy,1478198165.643595,1478198165.692847,2913152,25,0.390625,1,49.03101921081543,2,0x002,test,1728,Fuzzy,1,0.09867122,0.09867122,1,0.06880078234523535
test,Fuzzy,Fuzzy,1478198135.257692,1478198135.283719,2860672,25,0.390625,0,26.02696418762207,399,0x18F,test,1729,Fuzzy,1,0.09362821,0.09362821,1,0.06880078234523535
test,RPM,RPM,1478192679.454532,1478192679.477542,3150592,19,0.296875,1,22.624969482421875,790,0x316,test,1730,RPM,1,0.08209872,0.08209872,1,0.06880078234523535
test,Normal,Fuzzy,1478201122.376823,1478201122.410439,3678784,0,0.0,-1,,305,0x131,test,1731,Normal,0,0.061326418,0.061326418,0,0.06880078234523535
test,Fuzzy,Fuzzy,1478198166.711235,1478198166.733629,2914816,21,0.328125,1,22.175073623657227,2,0x002,test,1732,Fuzzy,1,0.09440486,0.09440486,1,0.06880078234523535
test,DoS,DoS,1478200484.403893,1478200484.459854,2490496,33,0.515625,0,55.960893630981445,0,0x000,test,1733,DoS,1,0.053874534,0.053874534,0,0.06880078234523535
test,Normal,RPM,1478201170.158692,1478201170.191786,4549632,0,0.0,-1,,399,0x18F,test,1734,Normal,0,0.06410827,0.06410827,0,0.06880078234523535
test,Fuzzy,Fuzzy,1478198017.831389,1478198017.989612,2728000,16,0.25,0,158.22315216064453,809,0x329,test,1735,Fuzzy,1,0.07790078,0.07790078,1,0.06880078234523535
test,Gear,Gear,1478195072.586438,1478195072.625983,3443456,19,0.296875,5,38.331031799316406,1087,0x43F,test,1736,Gear,1,0.062651634,0.062651634,0,0.06880078234523535
test,DoS,DoS,1478200450.55645,1478200450.628113,2442752,34,0.53125,0,71.66314125061035,0,0x000,test,1737,DoS,1,0.054953974,0.054953974,0,0.06880078234523535
test,RPM,RPM,1478192916.282875,1478192916.321019,3612288,20,0.3125,4,37.175893783569336,790,0x316,test,1738,RPM,1,0.07796173,0.07796173,1,0.06880078234523535
test,RPM,RPM,1478192857.241245,1478192857.265594,3493056,21,0.328125,0,24.348974227905277,790,0x316,test,1739,RPM,1,0.08079969,0.08079969,1,0.06880078234523535
test,Gear,Gear,1478194936.558239,1478194936.605752,3199104,23,0.359375,3,46.788930892944336,1087,0x43F,test,1740,Gear,1,0.070965335,0.070965335,1,0.06880078234523535
test,Gear,Gear,1478195085.65603,1478195085.701731,3466688,16,0.25,8,42.0229434967041,1087,0x43F,test,1741,Gear,1,0.07694496,0.07694496,1,0.06880078234523535
test,Normal,DoS,1478201143.674264,1478201143.707128,3545152,0,0.0,-1,,2,0x002,test,1742,Normal,0,0.066926,0.066926,0,0.06880078234523535
test,Gear,Gear,1478194904.341433,1478194904.374556,3140160,21,0.328125,1,32.89008140563965,1087,0x43F,test,1743,Gear,1,0.06518389,0.06518389,0,0.06880078234523535
test,Gear,Gear,1478194860.676807,1478194860.698815,3054208,17,0.265625,10,19.63019371032715,1087,0x43F,test,1744,Gear,1,0.06535771,0.06535771,0,0.06880078234523535
test,Fuzzy,Fuzzy,1478197855.696812,1478197855.85657,2576896,25,0.390625,1,159.53707695007324,1087,0x43F,test,1745,Fuzzy,1,0.08592457,0.08592457,1,0.06880078234523535
test,RPM,RPM,1478192941.744124,1478192941.773114,3656192,21,0.328125,1,28.761863708496094,790,0x316,test,1746,RPM,1,0.0815648,0.0815648,1,0.06880078234523535
test,Normal,DoS,1478201152.195885,1478201152.227209,3560896,0,0.0,-1,,320,0x140,test,1747,Normal,0,0.064506784,0.064506784,0,0.06880078234523535
test,Normal,Fuzzy,1478201143.484605,1478201143.517557,3717888,0,0.0,-1,,2,0x002,test,1748,Normal,0,0.0663332,0.0663332,0,0.06880078234523535
test,RPM,RPM,1478192697.430214,1478192697.453403,3190720,20,0.3125,1,22.964954376220703,790,0x316,test,1749,RPM,1,0.08443808,0.08443808,1,0.06880078234523535
test,DoS,DoS,1478200518.395355,1478200518.411483,2535552,35,0.546875,1,15.882015228271484,0,0x000,test,1750,DoS,1,0.05220822,0.05220822,0,0.06880078234523535
test,Gear,Gear,1478194924.057188,1478194924.107611,3177536,19,0.296875,0,50.42290687561035,1087,0x43F,test,1751,Gear,1,0.068227164,0.068227164,0,0.06880078234523535
test,Gear,Gear,1478194918.444826,1478194918.489182,3167552,22,0.34375,1,44.12293434143066,1087,0x43F,test,1752,Gear,1,0.06949787,0.06949787,1,0.06880078234523535
test,RPM,RPM,1478192749.774472,1478192749.815821,3300608,22,0.34375,0,41.348934173583984,790,0x316,test,1753,RPM,1,0.08381168,0.08381168,1,0.06880078234523535
test,RPM,RPM,1478192851.672077,1478192851.701182,3481472,19,0.296875,1,28.879880905151367,790,0x316,test,1754,RPM,1,0.07938976,0.07938976,1,0.06880078234523535
test,Gear,Gear,1478194861.017089,1478194861.048633,3055104,18,0.28125,8,29.636144638061523,1087,0x43F,test,1755,Gear,1,0.0707071,0.0707071,1,0.06880078234523535
test,RPM,RPM,1478192741.014899,1478192741.038617,3281216,22,0.34375,0,23.71788024902344,790,0x316,test,1756,RPM,1,0.08434829,0.08434829,1,0.06880078234523535
test,Normal,Fuzzy,1478201173.643704,1478201173.678019,3773248,0,0.0,-1,,2,0x002,test,1757,Normal,0,0.05954288,0.05954288,0,0.06880078234523535
test,DoS,DoS,1478200407.380526,1478200407.56586,2383360,37,0.578125,0,185.3339672088623,0,0x000,test,1758,DoS,1,0.050160993,0.050160993,0,0.06880078234523535
test,Fuzzy,Fuzzy,1478197929.308286,1478197929.396371,2645184,25,0.390625,0,88.08493614196777,399,0x18F,test,1759,Fuzzy,1,0.09737477,0.09737477,1,0.06880078234523535
test,Fuzzy,Fuzzy,1478198118.702111,1478198118.780186,2834880,28,0.4375,0,78.07493209838867,304,0x130,test,1760,Fuzzy,1,0.09992649,0.09992649,1,0.06880078234523535
test,Fuzzy,Fuzzy,1478198135.873492,1478198135.905397,2861504,22,0.34375,2,31.447887420654297,304,0x130,test,1761,Fuzzy,1,0.090848655,0.090848655,1,0.06880078234523535
test,Normal,DoS,1478201042.422095,1478201042.457128,3357568,0,0.0,-1,,399,0x18F,test,1762,Normal,0,0.061064385,0.061064385,0,0.06880078234523535
test,Fuzzy,Fuzzy,1478198148.967715,1478198149.023615,2884480,24,0.375,0,55.899858474731445,320,0x140,test,1763,Fuzzy,1,0.085243285,0.085243285,1,0.06880078234523535
test,Fuzzy,Fuzzy,1478197849.154093,1478197849.176153,2569472,24,0.375,1,21.622896194458008,2,0x002,test,1764,Fuzzy,1,0.09892955,0.09892955,1,0.06880078234523535
test,Normal,DoS,1478201191.796644,1478201191.832376,3633792,0,0.0,-1,,399,0x18F,test,1765,Normal,0,0.06687647,0.06687647,0,0.06880078234523535
test,DoS,DoS,1478200452.614497,1478200452.629952,2445696,32,0.5,1,15.210866928100586,0,0x000,test,1766,DoS,1,0.052071497,0.052071497,0,0.06880078234523535
test,Normal,RPM,1478201205.84235,1478201205.876283,4615744,0,0.0,-1,,2,0x002,test,1767,Normal,0,0.06480204,0.06480204,0,0.06880078234523535
test,DoS,DoS,1478200613.109282,1478200613.245456,2636864,35,0.546875,0,136.17396354675293,0,0x000,test,1768,DoS,1,0.050904546,0.050904546,0,0.06880078234523535
test,Fuzzy,Fuzzy,1478198140.127325,1478198140.175501,2869056,23,0.359375,0,48.17605018615723,1088,0x440,test,1769,Fuzzy,1,0.09884631,0.09884631,1,0.06880078234523535
test,Gear,Gear,1478194982.72271,1478194982.75164,3282496,20,0.3125,0,28.9301872253418,1087,0x43F,test,1770,Gear,1,0.07271893,0.07271893,1,0.06880078234523535
test,RPM,RPM,1478192774.932426,1478192774.972287,3347520,22,0.34375,0,39.86096382141113,790,0x316,test,1771,RPM,1,0.08528085,0.08528085,1,0.06880078234523535
test,RPM,RPM,1478192768.450271,1478192768.499394,3336704,18,0.28125,6,32.978057861328125,790,0x316,test,1772,RPM,1,0.08272042,0.08272042,1,0.06880078234523535
test,Gear,Gear,1478195091.870197,1478195091.898599,3478976,15,0.234375,0,28.40185165405273,1087,0x43F,test,1773,Gear,1,0.06914041,0.06914041,1,0.06880078234523535
test,RPM,RPM,1478192691.525638,1478192691.549021,3177728,21,0.328125,0,23.382902145385746,790,0x316,test,1774,RPM,1,0.085673355,0.085673355,1,0.06880078234523535
test,Normal,Gear,1478201043.236753,1478201043.271524,4136448,0,0.0,-1,,2,0x002,test,1775,Normal,0,0.064090215,0.064090215,0,0.06880078234523535
test,DoS,DoS,1478200390.973096,1478200391.006082,2360704,38,0.59375,0,32.98616409301758,0,0x000,test,1776,DoS,1,0.04795222,0.04795222,0,0.06880078234523535
test,DoS,DoS,1478200405.627339,1478200405.854974,2382848,42,0.65625,1,227.39005088806152,0,0x000,test,1777,DoS,1,0.0448583,0.0448583,0,0.06880078234523535
test,RPM,RPM,1478192747.739465,1478192747.761622,3295744,19,0.296875,0,22.156953811645508,790,0x316,test,1778,RPM,1,0.082522005,0.082522005,1,0.06880078234523535
test,Normal,RPM,1478201081.167889,1478201081.203813,4385280,0,0.0,-1,,2,0x002,test,1779,Normal,0,0.071743324,0.071743324,1,0.06880078234523535
test,Normal,DoS,1478201119.322138,1478201119.35332,3500032,0,0.0,-1,,399,0x18F,test,1780,Normal,0,0.061596427,0.061596427,0,0.06880078234523535
test,Gear,Gear,1478194905.843406,1478194905.872679,3143936,20,0.3125,0,29.273033142089844,1087,0x43F,test,1781,Gear,1,0.06859392,0.06859392,0,0.06880078234523535
test,RPM,RPM,1478192833.240062,1478192833.270122,3446016,23,0.359375,1,29.835939407348636,790,0x316,test,1782,RPM,1,0.08546011,0.08546011,1,0.06880078234523535
test,Normal,Gear,1478201040.129292,1478201040.161503,4130688,0,0.0,-1,,2,0x002,test,1783,Normal,0,0.062075943,0.062075943,0,0.06880078234523535
test,RPM,RPM,1478192942.981129,1478192943.015866,3658432,18,0.28125,4,33.77199172973633,790,0x316,test,1784,RPM,1,0.07671858,0.07671858,1,0.06880078234523535
test,RPM,RPM,1478192819.470823,1478192819.49599,3419904,23,0.359375,0,25.16698837280273,790,0x316,test,1785,RPM,1,0.08843626,0.08843626,1,0.06880078234523535
test,Fuzzy,Fuzzy,1478198110.381204,1478198110.406025,2821824,25,0.390625,1,24.36184883117676,304,0x130,test,1786,Fuzzy,1,0.09637434,0.09637434,1,0.06880078234523535
test,RPM,RPM,1478192761.52716,1478192761.570488,3325056,20,0.3125,4,42.40894317626953,790,0x316,test,1787,RPM,1,0.080617756,0.080617756,1,0.06880078234523535
test,Gear,Gear,1478195048.407726,1478195048.44747,3398336,20,0.3125,4,38.78283500671387,1087,0x43F,test,1788,Gear,1,0.0725827,0.0725827,1,0.06880078234523535
test,DoS,DoS,1478200598.019512,1478200598.170754,2621568,39,0.609375,1,145.65205574035645,0,0x000,test,1789,DoS,1,0.051170666,0.051170666,0,0.06880078234523535
test,DoS,DoS,1478200544.531357,1478200544.776768,2562176,37,0.578125,0,245.41091918945312,0,0x000,test,1790,DoS,1,0.049788054,0.049788054,0,0.06880078234523535
test,DoS,DoS,1478200388.488227,1478200388.527117,2357312,35,0.546875,0,38.89012336730957,0,0x000,test,1791,DoS,1,0.0467404,0.0467404,0,0.06880078234523535
test,Gear,Gear,1478194936.60607,1478194936.631854,3199168,23,0.359375,0,25.784015655517575,1087,0x43F,test,1792,Gear,1,0.07379911,0.07379911,1,0.06880078234523535
test,DoS,DoS,1478200418.587187,1478200418.696338,2397440,33,0.515625,1,108.90793800354004,0,0x000,test,1793,DoS,1,0.052625656,0.052625656,0,0.06880078234523535
test,Fuzzy,Fuzzy,1478198115.266533,1478198115.287435,2830144,23,0.359375,6,19.498109817504883,399,0x18F,test,1794,Fuzzy,1,0.0796658,0.0796658,1,0.06880078234523535
test,DoS,DoS,1478200635.009416,1478200635.139669,2659648,34,0.53125,0,130.25283813476562,0,0x000,test,1795,DoS,1,0.0494353,0.0494353,0,0.06880078234523535
test,RPM,RPM,1478192689.42401,1478192689.446938,3172096,20,0.3125,2,22.45807647705078,790,0x316,test,1796,RPM,1,0.087251306,0.087251306,1,0.06880078234523535
test,RPM,RPM,1478192787.6743,1478192787.710649,3367424,21,0.328125,1,36.13090515136719,790,0x316,test,1797,RPM,1,0.08293407,0.08293407,1,0.06880078234523535
test,Fuzzy,Fuzzy,1478198074.098973,1478198074.120008,2772288,26,0.40625,1,20.817995071411133,320,0x140,test,1798,Fuzzy,1,0.09373132,0.09373132,1,0.06880078234523535
test,DoS,DoS,1478200435.631022,1478200435.693137,2422080,34,0.53125,0,62.11495399475098,0,0x000,test,1799,DoS,1,0.05314402,0.05314402,0,0.06880078234523535
test,DoS,DoS,1478200472.395255,1478200472.457787,2474688,38,0.59375,0,62.53194808959961,0,0x000,test,1800,DoS,1,0.053858846,0.053858846,0,0.06880078234523535
test,Fuzzy,Fuzzy,1478197980.458575,1478197980.498102,2694144,19,0.296875,13,34.45100784301758,2,0x002,test,1801,Fuzzy,1,0.08405377,0.08405377,1,0.06880078234523535
test,DoS,DoS,1478200520.872926,1478200520.956322,2537024,38,0.59375,0,83.39595794677734,0,0x000,test,1802,DoS,1,0.049909115,0.049909115,0,0.06880078234523535
test,Fuzzy,Fuzzy,1478198085.15867,1478198085.221067,2782272,24,0.375,2,56.29897117614746,848,0x350,test,1803,Fuzzy,1,0.084870376,0.084870376,1,0.06880078234523535
test,Gear,Gear,1478194936.304615,1478194936.32818,3198656,22,0.34375,3,22.86696434020996,1087,0x43F,test,1804,Gear,1,0.0659669,0.0659669,0,0.06880078234523535
test,DoS,DoS,1478200396.413043,1478200396.467763,2370048,34,0.53125,1,54.48102951049805,0,0x000,test,1805,DoS,1,0.048534103,0.048534103,0,0.06880078234523535
test,RPM,RPM,1478192769.034246,1478192769.068836,3337664,22,0.34375,0,34.59000587463379,790,0x316,test,1806,RPM,1,0.086495236,0.086495236,1,0.06880078234523535
test,RPM,RPM,1478192904.238515,1478192904.263998,3592192,19,0.296875,2,24.997949600219727,790,0x316,test,1807,RPM,1,0.08280975,0.08280975,1,0.06880078234523535
test,RPM,RPM,1478192795.910824,1478192795.94455,3380544,22,0.34375,1,33.49804878234863,790,0x316,test,1808,RPM,1,0.08492706,0.08492706,1,0.06880078234523535
test,Fuzzy,Fuzzy,1478197912.066763,1478197912.123455,2629376,26,0.40625,4,55.459022521972656,704,0x2C0,test,1809,Fuzzy,1,0.091389835,0.091389835,1,0.06880078234523535
test,Fuzzy,Fuzzy,1478198140.8735,1478198140.921879,2870336,19,0.296875,0,48.378944396972656,304,0x130,test,1810,Fuzzy,1,0.08326186,0.08326186,1,0.06880078234523535
test,Normal,DoS,1478201026.139493,1478201026.172108,3328128,0,0.0,-1,,399,0x18F,test,1811,Normal,0,0.064926334,0.064926334,0,0.06880078234523535
test,RPM,RPM,1478192730.272565,1478192730.311056,3259520,23,0.359375,1,32.86385536193848,790,0x316,test,1812,RPM,1,0.085554644,0.085554644,1,0.06880078234523535
test,Normal,Gear,1478201122.310399,1478201122.34588,4282944,0,0.0,-1,,672,0x2A0,test,1813,Normal,0,0.06324156,0.06324156,0,0.06880078234523535
test,RPM,RPM,1478192864.225477,1478192864.257068,3508224,22,0.34375,2,31.119823455810547,790,0x316,test,1814,RPM,1,0.089837,0.089837,1,0.06880078234523535
test,Gear,Gear,1478194963.859224,1478194963.890925,3247936,23,0.359375,0,31.70084953308105,1087,0x43F,test,1815,Gear,1,0.068507314,0.068507314,0,0.06880078234523535
test,RPM,RPM,1478192683.312408,1478192683.335737,3158464,20,0.3125,1,22.83191680908203,790,0x316,test,1816,RPM,1,0.0820565,0.0820565,1,0.06880078234523535
test,RPM,RPM,1478192812.356658,1478192812.415018,3407872,24,0.375,1,54.4581413269043,790,0x316,test,1817,RPM,1,0.08352773,0.08352773,1,0.06880078234523535
test,DoS,DoS,1478200456.888225,1478200456.904112,2453248,34,0.53125,0,15.887022018432615,0,0x000,test,1818,DoS,1,0.047223147,0.047223147,0,0.06880078234523535
test,Gear,Gear,1478194878.073573,1478194878.103422,3088512,20,0.3125,0,29.84881401062012,1087,0x43F,test,1819,Gear,1,0.07210479,0.07210479,1,0.06880078234523535
test,Gear,Gear,1478194892.184616,1478194892.213716,3114944,18,0.28125,2,28.17511558532715,1087,0x43F,test,1820,Gear,1,0.06905027,0.06905027,1,0.06880078234523535
test,Fuzzy,Fuzzy,1478198116.232797,1478198116.273957,2831680,21,0.328125,0,41.16010665893555,704,0x2C0,test,1821,Fuzzy,1,0.08746692,0.08746692,1,0.06880078234523535
test,Gear,Gear,1478195016.958437,1478195016.989872,3343872,8,0.125,0,31.43501281738281,1087,0x43F,test,1822,Gear,1,0.06402866,0.06402866,0,0.06880078234523535
test,Normal,Gear,1478201107.906016,1478201107.93939,4256256,0,0.0,-1,,2,0x002,test,1823,Normal,0,0.060704883,0.060704883,0,0.06880078234523535
test,Gear,Gear,1478194880.06056,1478194880.096343,3092032,18,0.28125,5,34.59405899047852,1087,0x43F,test,1824,Gear,1,0.0716244,0.0716244,1,0.06880078234523535
test,Gear,Gear,1478195052.42322,1478195052.447546,3405760,21,0.328125,0,24.326086044311523,1087,0x43F,test,1825,Gear,1,0.06689092,0.06689092,0,0.06880078234523535
test,Fuzzy,Fuzzy,1478198083.170878,1478198083.315038,2781120,29,0.453125,2,143.48888397216797,339,0x153,test,1826,Fuzzy,1,0.09396523,0.09396523,1,0.06880078234523535
test,Normal,Gear,1478201090.94579,1478201090.977154,4224832,0,0.0,-1,,2,0x002,test,1827,Normal,0,0.063239895,0.063239895,0,0.06880078234523535
test,Normal,DoS,1478201056.828417,1478201056.862809,3384256,0,0.0,-1,,2,0x002,test,1828,Normal,0,0.071660794,0.071660794,1,0.06880078234523535
test,DoS,DoS,1478200373.007905,1478200373.063234,2332672,33,0.515625,1,55.078983306884766,0,0x000,test,1829,DoS,1,0.051052183,0.051052183,0,0.06880078234523535
test,Fuzzy,Fuzzy,1478198110.575817,1478198110.625291,2822144,23,0.359375,0,49.47400093078613,304,0x130,test,1830,Fuzzy,1,0.08854421,0.08854421,1,0.06880078234523535
test,RPM,RPM,1478192819.778169,1478192819.799988,3420608,20,0.3125,4,20.884037017822266,790,0x316,test,1831,RPM,1,0.0846748,0.0846748,1,0.06880078234523535
test,Normal,RPM,1478201021.599646,1478201021.631381,4275648,0,0.0,-1,,2,0x002,test,1832,Normal,0,0.061295707,0.061295707,0,0.06880078234523535
test,Normal,Gear,1478201149.48684,1478201149.51889,4333248,0,0.0,-1,,320,0x140,test,1833,Normal,0,0.067219876,0.067219876,0,0.06880078234523535
test,RPM,RPM,1478192883.584052,1478192883.606453,3548032,18,0.28125,9,20.267963409423828,790,0x316,test,1834,RPM,1,0.079965666,0.079965666,1,0.06880078234523535
test,RPM,RPM,1478192715.192787,1478192715.234751,3230400,19,0.296875,2,41.49103164672852,790,0x316,test,1835,RPM,1,0.08327422,0.08327422,1,0.06880078234523535
test,RPM,RPM,1478192968.776478,1478192968.801094,3707328,22,0.34375,0,24.616003036499023,790,0x316,test,1836,RPM,1,0.081616156,0.081616156,1,0.06880078234523535
test,RPM,RPM,1478192892.742504,1478192892.770749,3568000,20,0.3125,3,22.440195083618164,790,0x316,test,1837,RPM,1,0.08261341,0.08261341,1,0.06880078234523535
test,Gear,Gear,1478194897.776863,1478194897.799606,3126848,20,0.3125,4,21.798133850097656,1087,0x43F,test,1838,Gear,1,0.06806461,0.06806461,0,0.06880078234523535
test,DoS,DoS,1478200464.981398,1478200465.080166,2464064,32,0.5,1,98.5250473022461,0,0x000,test,1839,DoS,1,0.05353139,0.05353139,0,0.06880078234523535
test,DoS,DoS,1478200526.227779,1478200526.365407,2543936,32,0.5,1,131.8199634552002,0,0x000,test,1840,DoS,1,0.052547663,0.052547663,0,0.06880078234523535
test,Fuzzy,Fuzzy,1478197971.925077,1478197972.236485,2686336,24,0.375,6,278.872013092041,790,0x316,test,1841,Fuzzy,1,0.09409213,0.09409213,1,0.06880078234523535
test,Fuzzy,Fuzzy,1478197757.370147,1478197757.516,2487232,22,0.34375,3,129.88805770874023,848,0x350,test,1842,Fuzzy,1,0.092787355,0.092787355,1,0.06880078234523535
test,Gear,Gear,1478194905.722295,1478194905.744969,3143616,20,0.3125,0,22.67384529113769,1087,0x43F,test,1843,Gear,1,0.07448886,0.07448886,1,0.06880078234523535
test,DoS,DoS,1478200575.027515,1478200575.076571,2594688,36,0.5625,0,49.05605316162109,0,0x000,test,1844,DoS,1,0.048551355,0.048551355,0,0.06880078234523535
test,RPM,RPM,1478192792.750017,1478192792.793425,3376064,20,0.3125,7,41.661977767944336,790,0x316,test,1845,RPM,1,0.08349771,0.08349771,1,0.06880078234523535
test,DoS,DoS,1478200382.634372,1478200382.673306,2347328,37,0.578125,1,38.68603706359863,0,0x000,test,1846,DoS,1,0.044119645,0.044119645,0,0.06880078234523535
test,Fuzzy,Fuzzy,1478197749.735926,1478197749.848079,2478144,29,0.453125,0,112.1530532836914,704,0x2C0,test,1847,Fuzzy,1,0.09625999,0.09625999,1,0.06880078234523535
test,DoS,DoS,1478200399.432915,1478200399.477108,2374144,36,0.5625,0,44.19302940368652,0,0x000,test,1848,DoS,1,0.0448443,0.0448443,0,0.06880078234523535
test,DoS,DoS,1478200435.485842,1478200435.514763,2421824,35,0.546875,1,28.67722511291504,0,0x000,test,1849,DoS,1,0.050782606,0.050782606,0,0.06880078234523535
test,Normal,RPM,1478201038.434032,1478201038.471119,4306112,0,0.0,-1,,2,0x002,test,1850,Normal,0,0.06281797,0.06281797,0,0.06880078234523535
test,DoS,DoS,1478200428.643179,1478200428.673686,2410624,36,0.5625,0,30.50708770751953,0,0x000,test,1851,DoS,1,0.051047336,0.051047336,0,0.06880078234523535
test,RPM,RPM,1478192845.40806,1478192845.440815,3469376,20,0.3125,2,32.2110652923584,790,0x316,test,1852,RPM,1,0.08166355,0.08166355,1,0.06880078234523535
test,RPM,RPM,1478192800.097832,1478192800.169311,3388160,16,0.25,0,71.47908210754395,790,0x316,test,1853,RPM,1,0.083208516,0.083208516,1,0.06880078234523535
test,Normal,Fuzzy,1478201097.158278,1478201097.191637,3632064,0,0.0,-1,,305,0x131,test,1854,Normal,0,0.06741419,0.06741419,0,0.06880078234523535
test,DoS,DoS,1478200624.187877,1478200624.203872,2650240,34,0.53125,1,15.748977661132812,0,0x000,test,1855,DoS,1,0.05082278,0.05082278,0,0.06880078234523535
test,Gear,Gear,1478194988.095144,1478194988.120427,3292992,22,0.34375,1,25.05278587341309,1087,0x43F,test,1856,Gear,1,0.072559856,0.072559856,1,0.06880078234523535
test,Gear,Gear,1478195046.855988,1478195046.884219,3395776,21,0.328125,0,28.230905532836918,1087,0x43F,test,1857,Gear,1,0.06675227,0.06675227,0,0.06880078234523535
test,Gear,Gear,1478194860.34548,1478194860.368408,3053440,19,0.296875,0,22.92799949645996,1087,0x43F,test,1858,Gear,1,0.06871495,0.06871495,0,0.06880078234523535
test,Gear,Gear,1478195081.313843,1478195081.359091,3458688,19,0.296875,5,44.06499862670898,1087,0x43F,test,1859,Gear,1,0.0675213,0.0675213,0,0.06880078234523535
test,RPM,RPM,1478192747.621785,1478192747.64462,3295424,22,0.34375,1,22.60684967041016,790,0x316,test,1860,RPM,1,0.08601944,0.08601944,1,0.06880078234523535
test,Gear,Gear,1478194861.048878,1478194861.07817,3055168,17,0.265625,1,29.061079025268555,1087,0x43F,test,1861,Gear,1,0.06997883,0.06997883,1,0.06880078234523535
test,Fuzzy,Fuzzy,1478198158.135603,1478198158.195194,2899712,22,0.34375,5,53.308963775634766,608,0x260,test,1862,Fuzzy,1,0.08864651,0.08864651,1,0.06880078234523535
test,Normal,RPM,1478201091.325638,1478201091.3575,4404096,0,0.0,-1,,2,0x002,test,1863,Normal,0,0.06352238,0.06352238,0,0.06880078234523535
test,Fuzzy,Fuzzy,1478197960.301819,1478197960.322768,2676160,23,0.359375,6,19.502878189086918,2,0x002,test,1864,Fuzzy,1,0.08768092,0.08768092,1,0.06880078234523535
test,Gear,Gear,1478195045.737579,1478195045.763244,3393728,21,0.328125,2,25.19083023071289,1087,0x43F,test,1865,Gear,1,0.06888399,0.06888399,1,0.06880078234523535
test,Gear,Gear,1478194845.958342,1478194845.980703,3022080,19,0.296875,8,20.487070083618164,1087,0x43F,test,1866,Gear,1,0.06616404,0.06616404,0,0.06880078234523535
test,RPM,RPM,1478192837.747993,1478192837.771078,3454528,21,0.328125,1,22.85909652709961,790,0x316,test,1867,RPM,1,0.082862675,0.082862675,1,0.06880078234523535
test,DoS,DoS,1478200628.700111,1478200628.781,2652096,9,0.140625,1,80.64484596252441,0,0x000,test,1868,DoS,1,0.060821936,0.060821936,0,0.06880078234523535
test,DoS,DoS,1478200433.900322,1478200433.921411,2419264,33,0.515625,1,20.8430290222168,0,0x000,test,1869,DoS,1,0.05014845,0.05014845,0,0.06880078234523535
test,Fuzzy,Fuzzy,1478197885.874322,1478197885.901275,2606464,24,0.375,2,26.49998664855957,2,0x002,test,1870,Fuzzy,1,0.09593186,0.09593186,1,0.06880078234523535
test,Gear,Gear,1478195009.443372,1478195009.501159,3331392,19,0.296875,5,56.61296844482422,1087,0x43F,test,1871,Gear,1,0.061373826,0.061373826,0,0.06880078234523535
test,RPM,RPM,1478192857.099656,1478192857.123098,3492672,22,0.34375,1,23.209810256958008,790,0x316,test,1872,RPM,1,0.08291455,0.08291455,1,0.06880078234523535
test,Gear,Gear,1478195020.703303,1478195020.739667,3351168,18,0.28125,6,34.54899787902832,1087,0x43F,test,1873,Gear,1,0.072163165,0.072163165,1,0.06880078234523535
test,Gear,Gear,1478195060.3856,1478195060.421826,3421440,19,0.296875,0,36.22579574584961,1087,0x43F,test,1874,Gear,1,0.07192993,0.07192993,1,0.06880078234523535
test,DoS,DoS,1478200566.11517,1478200566.211743,2584256,41,0.640625,0,96.5731143951416,0,0x000,test,1875,DoS,1,0.051841866,0.051841866,0,0.06880078234523535
test,Normal,Fuzzy,1478201081.888847,1478201081.924542,3603776,0,0.0,-1,,304,0x130,test,1876,Normal,0,0.06427996,0.06427996,0,0.06880078234523535
test,Normal,DoS,1478201052.71816,1478201052.750118,3376640,0,0.0,-1,,2,0x002,test,1877,Normal,0,0.064958885,0.064958885,0,0.06880078234523535
test,RPM,RPM,1478192698.924615,1478192698.948931,3194496,21,0.328125,0,24.316072463989254,790,0x316,test,1878,RPM,1,0.08060326,0.08060326,1,0.06880078234523535
test,RPM,RPM,1478192788.657903,1478192788.683145,3368704,22,0.34375,0,25.242090225219727,790,0x316,test,1879,RPM,1,0.08466613,0.08466613,1,0.06880078234523535
test,Normal,RPM,1478201123.175819,1478201123.208035,4463104,0,0.0,-1,,304,0x130,test,1880,Normal,0,0.06312901,0.06312901,0,0.06880078234523535
test,Fuzzy,Fuzzy,1478197873.509546,1478197873.540857,2592768,19,0.296875,4,30.259132385253903,2,0x002,test,1881,Fuzzy,1,0.089218706,0.089218706,1,0.06880078234523535
test,DoS,DoS,1478200415.335866,1478200415.427952,2391360,8,0.125,1,91.84002876281738,0,0x000,test,1882,DoS,1,0.060343377,0.060343377,0,0.06880078234523535
test,Gear,Gear,1478194983.220412,1478194983.241936,3283328,18,0.28125,3,20.82085609436035,1087,0x43F,test,1883,Gear,1,0.06914489,0.06914489,1,0.06880078234523535
test,Fuzzy,Fuzzy,1478198115.81724,1478198115.910355,2831168,21,0.328125,4,86.90714836120605,2,0x002,test,1884,Fuzzy,1,0.08544264,0.08544264,1,0.06880078234523535
test,DoS,DoS,1478200380.945541,1478200381.016772,2345216,35,0.546875,1,70.98603248596191,0,0x000,test,1885,DoS,1,0.052189894,0.052189894,0,0.06880078234523535
test,DoS,DoS,1478200460.939176,1478200460.959448,2456640,33,0.515625,1,20.026206970214844,0,0x000,test,1886,DoS,1,0.04967013,0.04967013,0,0.06880078234523535
test,DoS,DoS,1478200550.18679,1478200550.25582,2568576,38,0.59375,2,68.27998161315918,0,0x000,test,1887,DoS,1,0.048823606,0.048823606,0,0.06880078234523535
test,RPM,RPM,1478192876.777522,1478192876.80081,3533632,20,0.3125,0,23.28801155090332,790,0x316,test,1888,RPM,1,0.085594475,0.085594475,1,0.06880078234523535
test,RPM,RPM,1478192838.730638,1478192838.758169,3456512,21,0.328125,0,27.530908584594727,790,0x316,test,1889,RPM,1,0.08509079,0.08509079,1,0.06880078234523535
test,DoS,DoS,1478200649.996457,1478200650.192651,2675264,39,0.609375,0,196.19393348693848,0,0x000,test,1890,DoS,1,0.047172077,0.047172077,0,0.06880078234523535
test,RPM,RPM,1478192683.620697,1478192683.643739,3159296,20,0.3125,3,22.34792709350586,790,0x316,test,1891,RPM,1,0.08187491,0.08187491,1,0.06880078234523535
test,DoS,DoS,1478200427.282699,1478200427.312234,2407872,36,0.5625,1,29.28996086120605,0,0x000,test,1892,DoS,1,0.046494592,0.046494592,0,0.06880078234523535
test,Fuzzy,Fuzzy,1478198004.12617,1478198004.440408,2716608,31,0.484375,0,314.2380714416504,399,0x18F,test,1893,Fuzzy,1,0.10375836,0.10375836,1,0.06880078234523535
test,DoS,DoS,1478200534.228904,1478200534.329896,2552384,30,0.46875,0,100.99196434020996,0,0x000,test,1894,DoS,1,0.049905855,0.049905855,0,0.06880078234523535
test,Fuzzy,Fuzzy,1478197976.785959,1478197976.876688,2692608,31,0.484375,1,90.51299095153809,1087,0x43F,test,1895,Fuzzy,1,0.10421787,0.10421787,1,0.06880078234523535
test,Fuzzy,Fuzzy,1478197844.424795,1478197844.524787,2568128,21,0.328125,0,99.992036819458,2,0x002,test,1896,Fuzzy,1,0.092437685,0.092437685,1,0.06880078234523535
test,DoS,DoS,1478200472.349121,1478200472.364857,2474560,33,0.515625,0,15.735864639282228,0,0x000,test,1897,DoS,1,0.050757963,0.050757963,0,0.06880078234523535
test,DoS,DoS,1478200427.780997,1478200427.800404,2408960,36,0.5625,1,19.160985946655277,0,0x000,test,1898,DoS,1,0.048905097,0.048905097,0,0.06880078234523535
test,Gear,Gear,1478195035.045161,1478195035.078527,3375424,22,0.34375,0,33.36596488952637,1087,0x43F,test,1899,Gear,1,0.071847185,0.071847185,1,0.06880078234523535
test,DoS,DoS,1478200426.821321,1478200426.852268,2406976,34,0.53125,0,30.946969985961918,0,0x000,test,1900,DoS,1,0.049515944,0.049515944,0,0.06880078234523535
test,Fuzzy,Fuzzy,1478198139.88326,1478198139.904209,2868608,23,0.359375,6,19.517898559570312,2,0x002,test,1901,Fuzzy,1,0.08547405,0.08547405,1,0.06880078234523535
test,Gear,Gear,1478195099.437829,1478195099.466923,3494272,22,0.34375,2,28.49602699279785,1087,0x43F,test,1902,Gear,1,0.06779312,0.06779312,0,0.06880078234523535
test,RPM,RPM,1478192852.460972,1478192852.485106,3483456,22,0.34375,0,24.133920669555664,790,0x316,test,1903,RPM,1,0.083502725,0.083502725,1,0.06880078234523535
test,RPM,RPM,1478192828.060461,1478192828.089253,3436288,20,0.3125,4,27.865886688232425,790,0x316,test,1904,RPM,1,0.083238594,0.083238594,1,0.06880078234523535
test,Normal,Fuzzy,1478201146.317099,1478201146.350139,3723136,0,0.0,-1,,399,0x18F,test,1905,Normal,0,0.06524358,0.06524358,0,0.06880078234523535
test,Gear,Gear,1478195041.760849,1478195041.806899,3386560,20,0.3125,0,46.050071716308594,1087,0x43F,test,1906,Gear,1,0.06957463,0.06957463,1,0.06880078234523535
test,Normal,Fuzzy,1478201176.786049,1478201176.82312,3779072,0,0.0,-1,,704,0x2C0,test,1907,Normal,0,0.07077436,0.07077436,1,0.06880078234523535
test,DoS,DoS,1478200465.216616,1478200465.265994,2464320,32,0.5,0,49.378156661987305,0,0x000,test,1908,DoS,1,0.050375886,0.050375886,0,0.06880078234523535
test,Fuzzy,Fuzzy,1478198148.16527,1478198148.185926,2883200,26,0.40625,1,20.43604850769043,704,0x2C0,test,1909,Fuzzy,1,0.10032162,0.10032162,1,0.06880078234523535
test,Normal,RPM,1478201182.973744,1478201183.009061,4573376,0,0.0,-1,,320,0x140,test,1910,Normal,0,0.06278694,0.06278694,0,0.06880078234523535
test,DoS,DoS,1478200481.554394,1478200481.575605,2488192,33,0.515625,1,20.969867706298828,0,0x000,test,1911,DoS,1,0.048711084,0.048711084,0,0.06880078234523535
test,Normal,Fuzzy,1478201052.389838,1478201052.422118,3549120,0,0.0,-1,,2,0x002,test,1912,Normal,0,0.06586159,0.06586159,0,0.06880078234523535
test,RPM,RPM,1478192722.969113,1478192723.002602,3245184,18,0.28125,1,32.8822135925293,790,0x316,test,1913,RPM,1,0.0861507,0.0861507,1,0.06880078234523535
test,DoS,DoS,1478200389.72633,1478200389.764604,2359040,32,0.5,1,38.02609443664551,0,0x000,test,1914,DoS,1,0.05058683,0.05058683,0,0.06880078234523535
test,DoS,DoS,1478200490.643822,1478200490.706391,2500544,34,0.53125,1,62.32619285583496,0,0x000,test,1915,DoS,1,0.050367225,0.050367225,0,0.06880078234523535
test,Normal,Fuzzy,1478201089.039303,1478201089.076066,3617024,0,0.0,-1,,704,0x2C0,test,1916,Normal,0,0.0641397,0.0641397,0,0.06880078234523535
test,RPM,RPM,1478192754.646025,1478192754.67084,3310720,22,0.34375,0,24.815082550048828,790,0x316,test,1917,RPM,1,0.08194518,0.08194518,1,0.06880078234523535
test,DoS,DoS,1478200466.396941,1478200466.417544,2465792,33,0.515625,1,20.355939865112305,0,0x000,test,1918,DoS,1,0.049956203,0.049956203,0,0.06880078234523535
test,RPM,RPM,1478192742.602076,1478192742.624154,3284992,21,0.328125,1,21.84700965881348,790,0x316,test,1919,RPM,1,0.08205967,0.08205967,1,0.06880078234523535
test,RPM,RPM,1478192704.483291,1478192704.504756,3206848,19,0.296875,5,20.28107643127441,790,0x316,test,1920,RPM,1,0.08474896,0.08474896,1,0.06880078234523535
test,DoS,DoS,1478200449.715005,1478200449.734562,2441600,34,0.53125,0,19.55699920654297,0,0x000,test,1921,DoS,1,0.05059125,0.05059125,0,0.06880078234523535
test,Normal,DoS,1478201136.006388,1478201136.037733,3530944,0,0.0,-1,,304,0x130,test,1922,Normal,0,0.07011127,0.07011127,1,0.06880078234523535
test,Gear,Gear,1478194983.977157,1478194984.023618,3284864,20,0.3125,0,46.460866928100586,1087,0x43F,test,1923,Gear,1,0.06678802,0.06678802,0,0.06880078234523535
test,Gear,Gear,1478195116.933841,1478195116.955957,3519104,17,0.265625,12,19.23203468322754,1087,0x43F,test,1924,Gear,1,0.0669455,0.0669455,0,0.06880078234523535
test,RPM,RPM,1478192892.608126,1478192892.635404,3567744,20,0.3125,2,21.598100662231445,790,0x316,test,1925,RPM,1,0.081460476,0.081460476,1,0.06880078234523535
test,DoS,DoS,1478200399.117682,1478200399.151545,2373696,33,0.515625,1,33.61916542053223,0,0x000,test,1926,DoS,1,0.051166438,0.051166438,0,0.06880078234523535
test,Normal,Gear,1478201178.034207,1478201178.067855,4385664,0,0.0,-1,,304,0x130,test,1927,Normal,0,0.06352222,0.06352222,0,0.06880078234523535
test,Fuzzy,Fuzzy,1478197914.664336,1478197914.934199,2630912,32,0.5,3,263.2730007171631,704,0x2C0,test,1928,Fuzzy,1,0.097603045,0.097603045,1,0.06880078234523535
test,Normal,RPM,1478201084.10372,1478201084.137834,4390720,0,0.0,-1,,2,0x002,test,1929,Normal,0,0.06617783,0.06617783,0,0.06880078234523535
test,Gear,Gear,1478194964.977911,1478194965.002862,3250240,20,0.3125,0,24.95098114013672,1087,0x43F,test,1930,Gear,1,0.068402566,0.068402566,0,0.06880078234523535
test,Gear,Gear,1478194983.893201,1478194983.922545,3284672,22,0.34375,1,29.10184860229492,1087,0x43F,test,1931,Gear,1,0.067058936,0.067058936,0,0.06880078234523535
test,RPM,RPM,1478192890.497616,1478192890.520438,3562944,20,0.3125,0,22.82190322875977,790,0x316,test,1932,RPM,1,0.084345244,0.084345244,1,0.06880078234523535
test,DoS,DoS,1478200466.819587,1478200466.854106,2466432,34,0.53125,0,34.51895713806152,0,0x000,test,1933,DoS,1,0.051191006,0.051191006,0,0.06880078234523535
test,RPM,RPM,1478192760.102401,1478192760.127369,3322304,21,0.328125,3,23.428916931152344,790,0x316,test,1934,RPM,1,0.08619932,0.08619932,1,0.06880078234523535
test,Fuzzy,Fuzzy,1478198174.86167,1478198174.947878,2928320,23,0.359375,0,86.20786666870117,304,0x130,test,1935,Fuzzy,1,0.09922884,0.09922884,1,0.06880078234523535
test,Normal,DoS,1478201129.925555,1478201129.956749,3519680,0,0.0,-1,,2,0x002,test,1936,Normal,0,0.07036025,0.07036025,1,0.06880078234523535
test,Gear,Gear,1478194893.004901,1478194893.027329,3116864,20,0.3125,0,22.428035736083984,1087,0x43F,test,1937,Gear,1,0.06888742,0.06888742,1,0.06880078234523535
test,DoS,DoS,1478200590.850622,1478200590.939017,2612992,9,0.140625,1,77.62908935546875,0,0x000,test,1938,DoS,1,0.058909666,0.058909666,0,0.06880078234523535
test,Normal,Fuzzy,1478201056.015771,1478201056.049179,3555840,0,0.0,-1,,2,0x002,test,1939,Normal,0,0.06789479,0.06789479,0,0.06880078234523535
test,Gear,Gear,1478194864.953332,1478194864.975677,3063040,19,0.296875,5,21.18110656738281,1087,0x43F,test,1940,Gear,1,0.06985712,0.06985712,1,0.06880078234523535
test,DoS,DoS,1478200642.957725,1478200643.11103,2667904,33,0.515625,1,147.63116836547852,0,0x000,test,1941,DoS,1,0.048607193,0.048607193,0,0.06880078234523535
test,Fuzzy,Fuzzy,1478198141.485213,1478198141.528196,2871232,25,0.390625,3,39.25704956054688,672,0x2A0,test,1942,Fuzzy,1,0.09724333,0.09724333,1,0.06880078234523535
test,DoS,DoS,1478200411.3461,1478200411.451458,2389376,32,0.5,0,105.35788536071776,0,0x000,test,1943,DoS,1,0.051452287,0.051452287,0,0.06880078234523535
test,Normal,RPM,1478201052.979156,1478201053.0122,4333056,0,0.0,-1,,304,0x130,test,1944,Normal,0,0.06340074,0.06340074,0,0.06880078234523535
test,Fuzzy,Fuzzy,1478197740.783631,1478197740.942221,2469312,28,0.4375,2,158.13183784484863,704,0x2C0,test,1945,Fuzzy,1,0.09586956,0.09586956,1,0.06880078234523535
test,RPM,RPM,1478192708.702259,1478192708.724505,3215488,20,0.3125,3,21.535873413085938,790,0x316,test,1946,RPM,1,0.08115877,0.08115877,1,0.06880078234523535
test,Fuzzy,Fuzzy,1478198174.06761,1478198174.131871,2927296,25,0.390625,6,62.864065170288086,848,0x350,test,1947,Fuzzy,1,0.09296305,0.09296305,1,0.06880078234523535
test,Fuzzy,Fuzzy,1478198140.067537,1478198140.10309,2868928,28,0.4375,0,35.552978515625,1349,0x545,test,1948,Fuzzy,1,0.102949366,0.102949366,1,0.06880078234523535
test,Fuzzy,Fuzzy,1478198093.944267,1478198093.997431,2794624,26,0.40625,0,53.164005279541016,1088,0x440,test,1949,Fuzzy,1,0.10014662,0.10014662,1,0.06880078234523535
test,Fuzzy,Fuzzy,1478198085.843137,1478198085.891558,2782976,28,0.4375,0,48.42090606689453,2,0x002,test,1950,Fuzzy,1,0.10081188,0.10081188,1,0.06880078234523535
test,Fuzzy,Fuzzy,1478197873.46967,1478197873.509301,2592704,23,0.359375,0,39.630889892578125,2,0x002,test,1951,Fuzzy,1,0.091659784,0.091659784,1,0.06880078234523535
test,Normal,Fuzzy,1478201077.158162,1478201077.189884,3595008,0,0.0,-1,,399,0x18F,test,1952,Normal,0,0.065207876,0.065207876,0,0.06880078234523535
test,Normal,Gear,1478201014.551102,1478201014.582552,4084032,0,0.0,-1,,2,0x002,test,1953,Normal,0,0.06414421,0.06414421,0,0.06880078234523535
test,Normal,Gear,1478201043.858968,1478201043.892171,4137600,0,0.0,-1,,304,0x130,test,1954,Normal,0,0.06570404,0.06570404,0,0.06880078234523535
test,Gear,Gear,1478195071.871603,1478195071.894293,3442048,20,0.3125,4,21.757125854492188,1087,0x43F,test,1955,Gear,1,0.066864215,0.066864215,0,0.06880078234523535
test,RPM,RPM,1478192756.543271,1478192756.565906,3315328,21,0.328125,0,22.63498306274414,790,0x316,test,1956,RPM,1,0.08412413,0.08412413,1,0.06880078234523535
test,RPM,RPM,1478192750.3154,1478192750.34221,3301760,21,0.328125,3,26.114940643310547,790,0x316,test,1957,RPM,1,0.08029339,0.08029339,1,0.06880078234523535
test,RPM,RPM,1478192761.397023,1478192761.435817,3324864,21,0.328125,1,38.568973541259766,790,0x316,test,1958,RPM,1,0.08417955,0.08417955,1,0.06880078234523535
test,DoS,DoS,1478200556.164219,1478200556.270143,2576512,37,0.578125,0,105.92412948608398,0,0x000,test,1959,DoS,1,0.049610615,0.049610615,0,0.06880078234523535
test,Normal,Fuzzy,1478201181.279936,1478201181.311897,3787392,0,0.0,-1,,399,0x18F,test,1960,Normal,0,0.06427011,0.06427011,0,0.06880078234523535
test,Gear,Gear,1478194847.160136,1478194847.185702,3024896,22,0.34375,1,25.333166122436523,1087,0x43F,test,1961,Gear,1,0.06822294,0.06822294,0,0.06880078234523535
test,RPM,RPM,1478192769.83872,1478192769.872675,3339072,18,0.28125,6,32.54389762878418,790,0x316,test,1962,RPM,1,0.08012904,0.08012904,1,0.06880078234523535
test,RPM,RPM,1478192860.497173,1478192860.523685,3500928,22,0.34375,0,26.51190757751465,790,0x316,test,1963,RPM,1,0.087561905,0.087561905,1,0.06880078234523535
test,DoS,DoS,1478200647.760212,1478200647.912048,2674432,44,0.6875,0,151.83615684509277,0,0x000,test,1964,DoS,1,0.046037417,0.046037417,0,0.06880078234523535
test,Gear,Gear,1478194962.426847,1478194962.451071,3244864,19,0.296875,1,23.988962173461918,1087,0x43F,test,1965,Gear,1,0.070151746,0.070151746,1,0.06880078234523535
test,Gear,Gear,1478194944.639612,1478194944.687662,3213184,19,0.296875,2,41.96476936340332,1087,0x43F,test,1966,Gear,1,0.06950091,0.06950091,1,0.06880078234523535
test,DoS,DoS,1478200537.117962,1478200537.248369,2553984,36,0.5625,2,129.65989112854004,0,0x000,test,1967,DoS,1,0.048525173,0.048525173,0,0.06880078234523535
test,RPM,RPM,1478192846.946794,1478192846.968903,3472256,19,0.296875,3,21.399974822998047,790,0x316,test,1968,RPM,1,0.082505904,0.082505904,1,0.06880078234523535
test,Fuzzy,Fuzzy,1478198166.472175,1478198166.494326,2914432,24,0.375,5,20.96819877624512,2,0x002,test,1969,Fuzzy,1,0.0957549,0.0957549,1,0.06880078234523535
test,DoS,DoS,1478200498.478201,1478200498.56448,2510784,38,0.59375,1,80.69705963134766,0,0x000,test,1970,DoS,1,0.05072559,0.05072559,0,0.06880078234523535
test,Normal,Gear,1478201159.929807,1478201159.966398,4352128,0,0.0,-1,,2,0x002,test,1971,Normal,0,0.06436811,0.06436811,0,0.06880078234523535
test,RPM,RPM,1478192703.820167,1478192703.843519,3205056,21,0.328125,0,23.35190773010254,790,0x316,test,1972,RPM,1,0.08879273,0.08879273,1,0.06880078234523535
test,Gear,Gear,1478195073.600424,1478195073.637479,3445184,22,0.34375,3,36.355018615722656,1087,0x43F,test,1973,Gear,1,0.06827159,0.06827159,0,0.06880078234523535
test,Gear,Gear,1478195039.223542,1478195039.25209,3382656,8,0.125,40,8.061885833740234,1087,0x43F,test,1974,Gear,1,0.06654708,0.06654708,0,0.06880078234523535
test,Fuzzy,Fuzzy,1478198124.664022,1478198124.6952,2844032,25,0.390625,2,30.71904182434082,2,0x002,test,1975,Fuzzy,1,0.08864898,0.08864898,1,0.06880078234523535
test,Gear,Gear,1478195060.947695,1478195060.9946,3422400,20,0.3125,3,46.189069747924805,1087,0x43F,test,1976,Gear,1,0.06535488,0.06535488,0,0.06880078234523535
test,DoS,DoS,1478200611.346781,1478200611.472417,2636032,39,0.609375,0,125.63610076904295,0,0x000,test,1977,DoS,1,0.053182483,0.053182483,0,0.06880078234523535
test,Fuzzy,Fuzzy,1478197910.804932,1478197910.839928,2628288,26,0.40625,0,34.99579429626465,304,0x130,test,1978,Fuzzy,1,0.09830449,0.09830449,1,0.06880078234523535
test,RPM,RPM,1478192883.360509,1478192883.384049,3547456,21,0.328125,1,23.3149528503418,790,0x316,test,1979,RPM,1,0.08029523,0.08029523,1,0.06880078234523535
test,Gear,Gear,1478194944.897586,1478194944.926514,3213504,22,0.34375,2,28.461933135986328,1087,0x43F,test,1980,Gear,1,0.070175625,0.070175625,1,0.06880078234523535
test,RPM,RPM,1478192813.737179,1478192813.793762,3409664,20,0.3125,2,55.71198463439941,790,0x316,test,1981,RPM,1,0.08327029,0.08327029,1,0.06880078234523535
test,Normal,Fuzzy,1478201208.430573,1478201208.464164,3837696,0,0.0,-1,,2,0x002,test,1982,Normal,0,0.064443775,0.064443775,0,0.06880078234523535
test,Fuzzy,Fuzzy,1478197961.719776,1478197961.758392,2677888,31,0.484375,0,38.61618041992188,790,0x316,test,1983,Fuzzy,1,0.09441647,0.09441647,1,0.06880078234523535
test,Normal,Fuzzy,1478201036.569761,1478201036.601926,3519808,0,0.0,-1,,2,0x002,test,1984,Normal,0,0.06258355,0.06258355,0,0.06880078234523535
test,RPM,RPM,1478192832.895999,1478192832.925756,3445440,20,0.3125,0,29.757022857666016,790,0x316,test,1985,RPM,1,0.08558454,0.08558454,1,0.06880078234523535
test,RPM,RPM,1478192801.243042,1478192801.282976,3389568,17,0.265625,4,38.99884223937988,790,0x316,test,1986,RPM,1,0.07828444,0.07828444,1,0.06880078234523535
test,Fuzzy,Fuzzy,1478198156.26497,1478198156.314701,2896896,29,0.453125,2,49.26204681396485,704,0x2C0,test,1987,Fuzzy,1,0.099053614,0.099053614,1,0.06880078234523535
test,RPM,RPM,1478192815.325067,1478192815.382302,3411712,18,0.28125,0,57.2350025177002,790,0x316,test,1988,RPM,1,0.0812117,0.0812117,1,0.06880078234523535
test,Normal,Gear,1478201046.969582,1478201047.002332,4143360,0,0.0,-1,,2,0x002,test,1989,Normal,0,0.06689159,0.06689159,0,0.06880078234523535
test,Fuzzy,Fuzzy,1478198036.649172,1478198036.976442,2740544,33,0.515625,4,310.9860420227051,880,0x370,test,1990,Fuzzy,1,0.0993107,0.0993107,1,0.06880078234523535
test,Fuzzy,Fuzzy,1478197962.349698,1478197962.488223,2678912,26,0.40625,0,138.52500915527344,880,0x370,test,1991,Fuzzy,1,0.092407644,0.092407644,1,0.06880078234523535
test,Fuzzy,Fuzzy,1478198175.281717,1478198175.322963,2928832,24,0.375,0,41.24593734741211,304,0x130,test,1992,Fuzzy,1,0.09916568,0.09916568,1,0.06880078234523535
test,RPM,RPM,1478192827.988651,1478192828.022445,3436160,23,0.359375,0,33.79392623901367,790,0x316,test,1993,RPM,1,0.08267919,0.08267919,1,0.06880078234523535
test,RPM,RPM,1478192820.619947,1478192820.645802,3422272,22,0.34375,2,24.91903305053711,790,0x316,test,1994,RPM,1,0.08089761,0.08089761,1,0.06880078234523535
test,DoS,DoS,1478200453.481774,1478200453.557681,2446976,34,0.53125,0,75.90699195861816,0,0x000,test,1995,DoS,1,0.05007558,0.05007558,0,0.06880078234523535
test,Fuzzy,Fuzzy,1478198141.892682,1478198141.915859,2871872,18,0.28125,2,22.36199378967285,672,0x2A0,test,1996,Fuzzy,1,0.08471853,0.08471853,1,0.06880078234523535
test,DoS,DoS,1478200499.115138,1478200499.234954,2511296,34,0.53125,1,119.57120895385742,0,0x000,test,1997,DoS,1,0.04755845,0.04755845,0,0.06880078234523535
test,Gear,Gear,1478195033.30418,1478195033.345622,3372928,18,0.28125,3,40.740013122558594,1087,0x43F,test,1998,Gear,1,0.06627088,0.06627088,0,0.06880078234523535
test,RPM,RPM,1478192721.922671,1478192721.951703,3243200,22,0.34375,2,28.565168380737305,790,0x316,test,1999,RPM,1,0.08104696,0.08104696,1,0.06880078234523535
test,RPM,RPM,1478192916.832288,1478192916.876599,3613248,22,0.34375,5,43.11513900756836,790,0x316,test,2000,RPM,1,0.08100249,0.08100249,1,0.06880078234523535
test,Fuzzy,Fuzzy,1478197786.790279,1478197786.995974,2516160,22,0.34375,8,200.8299827575684,848,0x350,test,2001,Fuzzy,1,0.08898406,0.08898406,1,0.06880078234523535
test,DoS,DoS,1478200511.959665,1478200512.011842,2528576,42,0.65625,0,52.17695236206055,0,0x000,test,2002,DoS,1,0.046108555,0.046108555,0,0.06880078234523535
test,Fuzzy,Fuzzy,1478198095.39437,1478198095.426808,2796672,25,0.390625,0,32.438039779663086,2,0x002,test,2003,Fuzzy,1,0.10679458,0.10679458,1,0.06880078234523535
test,DoS,DoS,1478200395.84552,1478200395.900177,2369280,37,0.578125,1,54.41093444824219,0,0x000,test,2004,DoS,1,0.052414928,0.052414928,0,0.06880078234523535
test,Normal,RPM,1478201205.39294,1478201205.430158,4614912,0,0.0,-1,,304,0x130,test,2005,Normal,0,0.060496837,0.060496837,0,0.06880078234523535
test,RPM,RPM,1478192944.69021,1478192944.730864,3661440,19,0.296875,2,40.18902778625488,790,0x316,test,2006,RPM,1,0.08001819,0.08001819,1,0.06880078234523535
test,RPM,RPM,1478192756.871994,1478192756.900361,3316160,25,0.390625,2,27.888059616088867,790,0x316,test,2007,RPM,1,0.08825234,0.08825234,1,0.06880078234523535
test,DoS,DoS,1478200646.910745,1478200646.926643,2673728,34,0.53125,0,15.897989273071287,0,0x000,test,2008,DoS,1,0.051433284,0.051433284,0,0.06880078234523535
test,Normal,Gear,1478201182.904029,1478201182.939508,4394688,0,0.0,-1,,304,0x130,test,2009,Normal,0,0.069568254,0.069568254,1,0.06880078234523535
test,RPM,RPM,1478192840.668323,1478192840.696929,3460096,22,0.34375,2,28.12790870666504,790,0x316,test,2010,RPM,1,0.08506147,0.08506147,1,0.06880078234523535
test,DoS,DoS,1478200472.504924,1478200472.536057,2474816,34,0.53125,1,30.881881713867188,0,0x000,test,2011,DoS,1,0.054586433,0.054586433,0,0.06880078234523535
test,Normal,RPM,1478201138.787719,1478201138.824976,4492032,0,0.0,-1,,704,0x2C0,test,2012,Normal,0,0.06549119,0.06549119,0,0.06880078234523535
test,Gear,Gear,1478195048.04871,1478195048.079305,3397760,21,0.328125,0,30.594825744628903,1087,0x43F,test,2013,Gear,1,0.06783896,0.06783896,0,0.06880078234523535
test,Fuzzy,Fuzzy,1478198144.151798,1478198144.183726,2875712,20,0.3125,7,30.23219108581543,2,0x002,test,2014,Fuzzy,1,0.088347785,0.088347785,1,0.06880078234523535
test,Gear,Gear,1478194964.287088,1478194964.31139,3248896,19,0.296875,0,24.302005767822266,1087,0x43F,test,2015,Gear,1,0.07081336,0.07081336,1,0.06880078234523535
test,Gear,Gear,1478195007.613049,1478195007.635725,3327424,20,0.3125,0,22.67599105834961,1087,0x43F,test,2016,Gear,1,0.072206594,0.072206594,1,0.06880078234523535
test,Gear,Gear,1478195053.901434,1478195053.926322,3409280,22,0.34375,0,24.888038635253903,1087,0x43F,test,2017,Gear,1,0.07038207,0.07038207,1,0.06880078234523535
test,Gear,Gear,1478194860.02964,1478194860.054247,3052672,22,0.34375,0,24.606943130493164,1087,0x43F,test,2018,Gear,1,0.068931,0.068931,1,0.06880078234523535
test,Normal,DoS,1478201098.35042,1478201098.386383,3461184,0,0.0,-1,,672,0x2A0,test,2019,Normal,0,0.06631634,0.06631634,0,0.06880078234523535
test,Normal,RPM,1478201080.304994,1478201080.337416,4383680,0,0.0,-1,,2,0x002,test,2020,Normal,0,0.06645069,0.06645069,0,0.06880078234523535
test,Gear,Gear,1478194955.586669,1478194955.622321,3232256,20,0.3125,1,35.420894622802734,1087,0x43F,test,2021,Gear,1,0.06927446,0.06927446,1,0.06880078234523535
test,Normal,DoS,1478201061.731877,1478201061.768953,3393344,0,0.0,-1,,2,0x002,test,2022,Normal,0,0.06511455,0.06511455,0,0.06880078234523535
test,Normal,Fuzzy,1478201163.245736,1478201163.279766,3753984,0,0.0,-1,,320,0x140,test,2023,Normal,0,0.066345155,0.066345155,0,0.06880078234523535
test,Normal,DoS,1478201017.328639,1478201017.361099,3311808,0,0.0,-1,,2,0x002,test,2024,Normal,0,0.064326376,0.064326376,0,0.06880078234523535
test,DoS,DoS,1478200389.84582,1478200389.879991,2359168,35,0.546875,1,33.926963806152344,0,0x000,test,2025,DoS,1,0.047856983,0.047856983,0,0.06880078234523535
test,Normal,DoS,1478201102.598189,1478201102.634941,3469056,0,0.0,-1,,704,0x2C0,test,2026,Normal,0,0.06879394,0.06879394,0,0.06880078234523535
test,Fuzzy,Fuzzy,1478198160.403613,1478198160.442233,2903680,27,0.421875,0,38.6199951171875,880,0x370,test,2027,Fuzzy,1,0.093205705,0.093205705,1,0.06880078234523535
test,Fuzzy,Fuzzy,1478197754.772233,1478197754.892708,2485376,26,0.40625,2,120.00799179077148,320,0x140,test,2028,Fuzzy,1,0.09250494,0.09250494,1,0.06880078234523535
test,DoS,DoS,1478200491.386267,1478200491.406154,2501504,36,0.5625,1,19.64402198791504,0,0x000,test,2029,DoS,1,0.049337994,0.049337994,0,0.06880078234523535
test,Gear,Gear,1478194982.751878,1478194982.795496,3282560,19,0.296875,7,41.93902015686035,1087,0x43F,test,2030,Gear,1,0.06709796,0.06709796,0,0.06880078234523535
test,Fuzzy,Fuzzy,1478197737.453564,1478197737.541315,2467328,27,0.421875,2,86.55118942260742,399,0x18F,test,2031,Fuzzy,1,0.090755604,0.090755604,1,0.06880078234523535
test,Fuzzy,Fuzzy,1478197890.653201,1478197890.955373,2608000,27,0.421875,6,277.1601676940918,304,0x130,test,2032,Fuzzy,1,0.09063961,0.09063961,1,0.06880078234523535
test,DoS,DoS,1478200320.096782,1478200320.179361,2289152,37,0.578125,0,82.57913589477539,0,0x000,test,2033,DoS,1,0.04830409,0.04830409,0,0.06880078234523535
test,Fuzzy,Fuzzy,1478197773.915705,1478197774.253081,2503104,30,0.46875,1,331.91919326782227,1087,0x43F,test,2034,Fuzzy,1,0.100649424,0.100649424,1,0.06880078234523535
test,Normal,RPM,1478201028.160241,1478201028.1978,4287808,0,0.0,-1,,304,0x130,test,2035,Normal,0,0.0649869,0.0649869,0,0.06880078234523535
test,RPM,RPM,1478192858.827946,1478192858.858096,3497024,21,0.328125,0,30.14993667602539,790,0x316,test,2036,RPM,1,0.08032493,0.08032493,1,0.06880078234523535
test,DoS,DoS,1478200435.119117,1478200435.160909,2421120,35,0.546875,1,41.54491424560547,0,0x000,test,2037,DoS,1,0.04934789,0.04934789,0,0.06880078234523535
test,Gear,Gear,1478194906.446943,1478194906.489023,3145280,20,0.3125,3,41.2600040435791,1087,0x43F,test,2038,Gear,1,0.06833993,0.06833993,0,0.06880078234523535
test,DoS,DoS,1478200410.910694,1478200411.025459,2389120,37,0.578125,1,109.27915573120116,0,0x000,test,2039,DoS,1,0.053122424,0.053122424,0,0.06880078234523535
test,RPM,RPM,1478192683.834332,1478192683.857686,3159872,21,0.328125,2,22.88198471069336,790,0x316,test,2040,RPM,1,0.085564815,0.085564815,1,0.06880078234523535
test,RPM,RPM,1478192935.50455,1478192935.532454,3645056,22,0.34375,4,26.94106101989746,790,0x316,test,2041,RPM,1,0.08305686,0.08305686,1,0.06880078234523535
test,DoS,DoS,1478200496.803456,1478200496.941538,2509888,34,0.53125,0,138.0820274353027,0,0x000,test,2042,DoS,1,0.053938337,0.053938337,0,0.06880078234523535
test,DoS,DoS,1478200610.910571,1478200611.062579,2635840,32,0.5,0,152.0078182220459,0,0x000,test,2043,DoS,1,0.052402563,0.052402563,0,0.06880078234523535
test,Gear,Gear,1478194923.528231,1478194923.571142,3176704,22,0.34375,0,42.91105270385742,1087,0x43F,test,2044,Gear,1,0.07098404,0.07098404,1,0.06880078234523535
test,Fuzzy,Fuzzy,1478198119.285627,1478198119.322842,2835520,30,0.46875,2,36.75198554992676,320,0x140,test,2045,Fuzzy,1,0.09355752,0.09355752,1,0.06880078234523535
test,Fuzzy,Fuzzy,1478197910.696595,1478197910.71681,2628032,23,0.359375,2,19.761085510253903,608,0x260,test,2046,Fuzzy,1,0.08948246,0.08948246,1,0.06880078234523535
test,Normal,RPM,1478201186.463879,1478201186.497292,4579840,0,0.0,-1,,304,0x130,test,2047,Normal,0,0.06262032,0.06262032,0,0.06880078234523535
test,Gear,Gear,1478195087.499008,1478195087.538561,3470336,24,0.375,3,36.69404983520508,1087,0x43F,test,2048,Gear,1,0.06945594,0.06945594,1,0.06880078234523535
test,DoS,DoS,1478200490.606673,1478200490.64356,2500480,33,0.515625,1,36.64994239807129,0,0x000,test,2049,DoS,1,0.048319876,0.048319876,0,0.06880078234523535
test,Gear,Gear,1478194852.238615,1478194852.262374,3035520,21,0.328125,3,23.0410099029541,1087,0x43F,test,2050,Gear,1,0.06273891,0.06273891,0,0.06880078234523535
test,Gear,Gear,1478195019.959943,1478195019.989493,3349440,14,0.21875,23,15.11693000793457,1087,0x43F,test,2051,Gear,1,0.06610972,0.06610972,0,0.06880078234523535
test,Fuzzy,Fuzzy,1478197873.758565,1478197873.787438,2593216,23,0.359375,1,28.64599227905273,304,0x130,test,2052,Fuzzy,1,0.096971676,0.096971676,1,0.06880078234523535
test,DoS,DoS,1478200412.335574,1478200412.42296,2389888,36,0.5625,0,87.3861312866211,0,0x000,test,2053,DoS,1,0.054719936,0.054719936,0,0.06880078234523535
test,RPM,RPM,1478192845.759301,1478192845.805629,3470016,22,0.34375,2,45.72105407714844,790,0x316,test,2054,RPM,1,0.081015624,0.081015624,1,0.06880078234523535
test,DoS,DoS,1478200427.490498,1478200427.515331,2408320,37,0.578125,0,24.832963943481445,0,0x000,test,2055,DoS,1,0.04326848,0.04326848,0,0.06880078234523535
test,Normal,RPM,1478201149.06899,1478201149.106591,4511040,0,0.0,-1,,2,0x002,test,2056,Normal,0,0.065304585,0.065304585,0,0.06880078234523535
test,Gear,Gear,1478194905.490126,1478194905.512917,3143040,20,0.3125,3,22.08995819091797,1087,0x43F,test,2057,Gear,1,0.06738684,0.06738684,0,0.06880078234523535
test,DoS,DoS,1478200491.436648,1478200491.485533,2501632,31,0.484375,0,48.88510704040527,0,0x000,test,2058,DoS,1,0.050349712,0.050349712,0,0.06880078234523535
test,RPM,RPM,1478192721.404097,1478192721.429568,3241856,22,0.34375,1,25.246143341064453,790,0x316,test,2059,RPM,1,0.08523638,0.08523638,1,0.06880078234523535
test,Normal,DoS,1478201046.120097,1478201046.153089,3364416,0,0.0,-1,,304,0x130,test,2060,Normal,0,0.06452235,0.06452235,0,0.06880078234523535
test,Gear,Gear,1478194851.423783,1478194851.44523,3033408,17,0.265625,8,19.55389976501465,1087,0x43F,test,2061,Gear,1,0.06940626,0.06940626,1,0.06880078234523535
test,RPM,RPM,1478192756.042901,1478192756.075197,3314176,21,0.328125,0,32.295942306518555,790,0x316,test,2062,RPM,1,0.076292746,0.076292746,1,0.06880078234523535
test,DoS,DoS,1478200427.878788,1478200427.909257,2409152,32,0.5,1,30.220985412597656,0,0x000,test,2063,DoS,1,0.054474495,0.054474495,0,0.06880078234523535
test,RPM,RPM,1478192801.144137,1478192801.194887,3389440,18,0.28125,4,43.93482208251953,790,0x316,test,2064,RPM,1,0.07855768,0.07855768,1,0.06880078234523535
test,DoS,DoS,1478200374.605516,1478200374.643736,2334784,36,0.5625,0,38.21992874145508,0,0x000,test,2065,DoS,1,0.05463676,0.05463676,0,0.06880078234523535
test,Fuzzy,Fuzzy,1478197856.373907,1478197856.690022,2577152,26,0.40625,2,305.0200939178467,1087,0x43F,test,2066,Fuzzy,1,0.09985408,0.09985408,1,0.06880078234523535
test,Normal,DoS,1478201182.193297,1478201182.228985,3616000,0,0.0,-1,,304,0x130,test,2067,Normal,0,0.06722145,0.06722145,0,0.06880078234523535
test,DoS,DoS,1478200495.421277,1478200495.437051,2508416,34,0.53125,0,15.774011611938477,0,0x000,test,2068,DoS,1,0.05042262,0.05042262,0,0.06880078234523535
test,DoS,DoS,1478200433.835446,1478200433.851432,2419008,35,0.546875,0,15.986204147338867,0,0x000,test,2069,DoS,1,0.050324365,0.050324365,0,0.06880078234523535
test,Gear,Gear,1478195002.441651,1478195002.479422,3318016,20,0.3125,1,32.105207443237305,1087,0x43F,test,2070,Gear,1,0.06731815,0.06731815,0,0.06880078234523535
test,Normal,Gear,1478201126.59568,1478201126.628061,4290880,0,0.0,-1,,304,0x130,test,2071,Normal,0,0.07178887,0.07178887,1,0.06880078234523535
test,DoS,DoS,1478200380.890692,1478200380.945294,2345152,33,0.515625,2,43.17283630371094,0,0x000,test,2072,DoS,1,0.05143569,0.05143569,0,0.06880078234523535
test,RPM,RPM,1478192860.283571,1478192860.317107,3500416,17,0.265625,9,30.88092803955078,790,0x316,test,2073,RPM,1,0.077900745,0.077900745,1,0.06880078234523535
test,RPM,RPM,1478192718.103645,1478192718.128628,3235648,23,0.359375,1,24.20496940612793,790,0x316,test,2074,RPM,1,0.08369389,0.08369389,1,0.06880078234523535
test,Normal,Fuzzy,1478201042.267639,1478201042.30164,3530368,0,0.0,-1,,2,0x002,test,2075,Normal,0,0.062548414,0.062548414,0,0.06880078234523535
test,Normal,DoS,1478201096.141451,1478201096.174352,3457088,0,0.0,-1,,399,0x18F,test,2076,Normal,0,0.06121777,0.06121777,0,0.06880078234523535
test,Normal,RPM,1478201155.892105,1478201155.924427,4523200,0,0.0,-1,,399,0x18F,test,2077,Normal,0,0.061393198,0.061393198,0,0.06880078234523535
test,Fuzzy,Fuzzy,1478198085.020833,1478198085.072111,2782144,25,0.390625,3,45.854806900024414,304,0x130,test,2078,Fuzzy,1,0.089894734,0.089894734,1,0.06880078234523535
test,Fuzzy,Fuzzy,1478198136.322607,1478198136.398311,2862144,24,0.375,1,75.27494430541992,608,0x260,test,2079,Fuzzy,1,0.09842266,0.09842266,1,0.06880078234523535
test,Fuzzy,Fuzzy,1478198119.233117,1478198119.285385,2835456,17,0.265625,19,34.1949462890625,305,0x131,test,2080,Fuzzy,1,0.088317715,0.088317715,1,0.06880078234523535
test,RPM,RPM,1478192690.348975,1478192690.373518,3174592,21,0.328125,0,24.543046951293945,790,0x316,test,2081,RPM,1,0.08443298,0.08443298,1,0.06880078234523535
test,Fuzzy,Fuzzy,1478198099.379433,1478198099.406855,2804096,25,0.390625,2,26.969194412231445,2,0x002,test,2082,Fuzzy,1,0.099737234,0.099737234,1,0.06880078234523535
test,Gear,Gear,1478195053.518747,1478195053.541173,3408384,21,0.328125,2,21.960973739624023,1087,0x43F,test,2083,Gear,1,0.07319722,0.07319722,1,0.06880078234523535
test,RPM,RPM,1478192683.289146,1478192683.31217,3158400,20,0.3125,0,23.02408218383789,790,0x316,test,2084,RPM,1,0.08214909,0.08214909,1,0.06880078234523535
test,RPM,RPM,1478192691.004431,1478192691.027434,3176320,21,0.328125,2,22.550106048583984,790,0x316,test,2085,RPM,1,0.08383853,0.08383853,1,0.06880078234523535
test,Fuzzy,Fuzzy,1478198159.003454,1478198159.04645,2901056,23,0.359375,1,42.77586936950684,1088,0x440,test,2086,Fuzzy,1,0.098337196,0.098337196,1,0.06880078234523535
test,Gear,Gear,1478195088.037794,1478195088.070855,3471360,14,0.21875,0,33.06078910827637,1087,0x43F,test,2087,Gear,1,0.07238505,0.07238505,1,0.06880078234523535
test,Normal,Fuzzy,1478201137.024988,1478201137.057174,3705920,0,0.0,-1,,2,0x002,test,2088,Normal,0,0.06787738,0.06787738,0,0.06880078234523535
test,RPM,RPM,1478192766.829943,1478192766.894507,3334272,21,0.328125,4,63.60387802124024,790,0x316,test,2089,RPM,1,0.08197195,0.08197195,1,0.06880078234523535
test,Gear,Gear,1478194968.677442,1478194968.70797,3257344,20,0.3125,3,29.352903366088867,1087,0x43F,test,2090,Gear,1,0.06947452,0.06947452,1,0.06880078234523535
test,Fuzzy,Fuzzy,1478198119.006486,1478198119.065108,2835200,21,0.328125,0,58.622121810913086,809,0x329,test,2091,Fuzzy,1,0.089496434,0.089496434,1,0.06880078234523535
test,Normal,Gear,1478201101.724655,1478201101.756252,4244800,0,0.0,-1,,2,0x002,test,2092,Normal,0,0.06491023,0.06491023,0,0.06880078234523535
test,RPM,RPM,1478192722.818696,1478192722.844597,3244928,20,0.3125,0,25.901079177856445,790,0x316,test,2093,RPM,1,0.08372259,0.08372259,1,0.06880078234523535
test,Normal,Fuzzy,1478201110.63012,1478201110.665885,3657024,0,0.0,-1,,672,0x2A0,test,2094,Normal,0,0.065264,0.065264,0,0.06880078234523535
test,Normal,Fuzzy,1478201191.642556,1478201191.674638,3806592,0,0.0,-1,,2,0x002,test,2095,Normal,0,0.063407294,0.063407294,0,0.06880078234523535
test,Gear,Gear,1478194971.493194,1478194971.526263,3262080,19,0.296875,2,32.58609771728516,1087,0x43F,test,2096,Gear,1,0.06567283,0.06567283,0,0.06880078234523535
test,RPM,RPM,1478192717.333134,1478192717.355347,3234240,20,0.3125,5,21.03281021118164,790,0x316,test,2097,RPM,1,0.081169456,0.081169456,1,0.06880078234523535
test,RPM,RPM,1478192754.915429,1478192754.940818,3311424,22,0.34375,2,24.580955505371094,790,0x316,test,2098,RPM,1,0.084963165,0.084963165,1,0.06880078234523535
test,DoS,DoS,1478200559.07816,1478200559.305456,2577536,40,0.625,1,221.62890434265137,0,0x000,test,2099,DoS,1,0.049011916,0.049011916,0,0.06880078234523535
test,Normal,Fuzzy,1478201197.652192,1478201197.684484,3817728,0,0.0,-1,,2,0x002,test,2100,Normal,0,0.062389,0.062389,0,0.06880078234523535
test,Normal,Gear,1478201022.183462,1478201022.220028,4098176,0,0.0,-1,,2,0x002,test,2101,Normal,0,0.058444783,0.058444783,0,0.06880078234523535
test,Normal,Gear,1478201093.637336,1478201093.673623,4229824,0,0.0,-1,,304,0x130,test,2102,Normal,0,0.0698109,0.0698109,1,0.06880078234523535
test,Normal,Gear,1478201207.569936,1478201207.602471,4440384,0,0.0,-1,,339,0x153,test,2103,Normal,0,0.063315466,0.063315466,0,0.06880078234523535
test,Normal,RPM,1478201172.023508,1478201172.058734,4553088,0,0.0,-1,,2,0x002,test,2104,Normal,0,0.069854885,0.069854885,1,0.06880078234523535
test,Gear,Gear,1478195099.631341,1478195099.661135,3494656,20,0.3125,1,28.822898864746094,1087,0x43F,test,2105,Gear,1,0.06781751,0.06781751,0,0.06880078234523535
test,Gear,Gear,1478194898.038649,1478194898.066563,3127296,18,0.28125,2,27.43697166442871,1087,0x43F,test,2106,Gear,1,0.06905813,0.06905813,1,0.06880078234523535
test,Normal,RPM,1478201036.191903,1478201036.222776,4301952,0,0.0,-1,,399,0x18F,test,2107,Normal,0,0.06370647,0.06370647,0,0.06880078234523535
test,Fuzzy,Fuzzy,1478198141.398064,1478198141.435093,2871104,26,0.40625,0,37.02902793884277,2,0x002,test,2108,Fuzzy,1,0.099699326,0.099699326,1,0.06880078234523535
test,DoS,DoS,1478200604.669192,1478200604.828869,2628672,39,0.609375,0,159.67702865600586,0,0x000,test,2109,DoS,1,0.047300156,0.047300156,0,0.06880078234523535
test,DoS,DoS,1478200319.55249,1478200319.618843,2288896,32,0.5,1,61.0191822052002,0,0x000,test,2110,DoS,1,0.051383995,0.051383995,0,0.06880078234523535
test,Fuzzy,Fuzzy,1478197929.506785,1478197929.590907,2645312,23,0.359375,0,84.1221809387207,304,0x130,test,2111,Fuzzy,1,0.09310701,0.09310701,1,0.06880078234523535
test,RPM,RPM,1478192760.172833,1478192760.197775,3322496,22,0.34375,0,24.94192123413086,790,0x316,test,2112,RPM,1,0.08452374,0.08452374,1,0.06880078234523535
test,Normal,RPM,1478201157.237707,1478201157.271794,4525696,0,0.0,-1,,399,0x18F,test,2113,Normal,0,0.0668795,0.0668795,0,0.06880078234523535
test,RPM,RPM,1478192879.110218,1478192879.144871,3538944,23,0.359375,2,34.00897979736328,790,0x316,test,2114,RPM,1,0.085351564,0.085351564,1,0.06880078234523535
test,DoS,DoS,1478200428.395107,1478200428.410712,2410176,32,0.5,1,15.362024307250977,0,0x000,test,2115,DoS,1,0.04980587,0.04980587,0,0.06880078234523535
test,Normal,Fuzzy,1478201073.117416,1478201073.150382,3587520,0,0.0,-1,,2,0x002,test,2116,Normal,0,0.0681357,0.0681357,0,0.06880078234523535
test,Fuzzy,Fuzzy,1478198108.912986,1478198108.947865,2819584,23,0.359375,3,34.16991233825684,304,0x130,test,2117,Fuzzy,1,0.108726725,0.108726725,1,0.06880078234523535
test,DoS,DoS,1478200480.009305,1478200480.02521,2485952,34,0.53125,1,15.657901763916016,0,0x000,test,2118,DoS,1,0.054593954,0.054593954,0,0.06880078234523535
test,DoS,DoS,1478200398.526904,1478200398.560107,2372800,32,0.5,0,33.2028865814209,0,0x000,test,2119,DoS,1,0.04518606,0.04518606,0,0.06880078234523535
test,DoS,DoS,1478200457.328406,1478200457.50266,2453568,30,0.46875,2,173.01392555236816,0,0x000,test,2120,DoS,1,0.058999024,0.058999024,0,0.06880078234523535
test,Gear,Gear,1478195039.277593,1478195039.299299,3382784,19,0.296875,0,21.706104278564453,1087,0x43F,test,2121,Gear,1,0.07292416,0.07292416,1,0.06880078234523535
test,Gear,Gear,1478194860.79571,1478194860.818067,3054528,18,0.28125,0,22.35698699951172,1087,0x43F,test,2122,Gear,1,0.06866369,0.06866369,0,0.06880078234523535
test,DoS,DoS,1478200648.737311,1478200648.86499,2674816,31,0.484375,0,127.67910957336426,0,0x000,test,2123,DoS,1,0.044784985,0.044784985,0,0.06880078234523535
test,RPM,RPM,1478192851.147903,1478192851.186969,3480448,18,0.28125,4,34.70301628112793,790,0x316,test,2124,RPM,1,0.07950321,0.07950321,1,0.06880078234523535
test,DoS,DoS,1478200601.896228,1478200602.006238,2627584,37,0.578125,0,110.00990867614746,0,0x000,test,2125,DoS,1,0.041141868,0.041141868,0,0.06880078234523535
test,DoS,DoS,1478200459.512376,1478200459.542408,2454720,33,0.515625,0,30.03191947937012,0,0x000,test,2126,DoS,1,0.04877362,0.04877362,0,0.06880078234523535
test,DoS,DoS,1478200346.053712,1478200346.220528,2308736,12,0.1875,0,166.81599617004397,0,0x000,test,2127,DoS,1,0.052985236,0.052985236,0,0.06880078234523535
test,Gear,Gear,1478194983.012118,1478194983.056041,3282944,19,0.296875,0,43.92290115356445,1087,0x43F,test,2128,Gear,1,0.06553427,0.06553427,0,0.06880078234523535
test,RPM,RPM,1478192944.604243,1478192944.650469,3661312,22,0.34375,3,45.57394981384277,790,0x316,test,2129,RPM,1,0.0803503,0.0803503,1,0.06880078234523535
test,Normal,RPM,1478201167.292959,1478201167.324464,4544320,0,0.0,-1,,339,0x153,test,2130,Normal,0,0.06303115,0.06303115,0,0.06880078234523535
test,Gear,Gear,1478195072.707387,1478195072.741122,3443648,22,0.34375,1,33.50210189819336,1087,0x43F,test,2131,Gear,1,0.071277566,0.071277566,1,0.06880078234523535
test,Gear,Gear,1478194919.600218,1478194919.654022,3169344,24,0.375,0,53.80392074584961,1087,0x43F,test,2132,Gear,1,0.07309581,0.07309581,1,0.06880078234523535
test,Fuzzy,Fuzzy,1478198151.432188,1478198151.479206,2888064,17,0.265625,0,47.01805114746094,2,0x002,test,2133,Fuzzy,1,0.08078954,0.08078954,1,0.06880078234523535
test,Normal,Fuzzy,1478201008.845,1478201008.880661,3469184,0,0.0,-1,,2,0x002,test,2134,Normal,0,0.065277636,0.065277636,0,0.06880078234523535
test,DoS,DoS,1478200640.687864,1478200640.76775,2666880,39,0.609375,0,79.88595962524414,0,0x000,test,2135,DoS,1,0.04700502,0.04700502,0,0.06880078234523535
test,Gear,Gear,1478194919.369389,1478194919.41589,3168960,18,0.28125,0,46.50092124938965,1087,0x43F,test,2136,Gear,1,0.06343042,0.06343042,0,0.06880078234523535
test,Fuzzy,Fuzzy,1478198123.700745,1478198123.750504,2842944,24,0.375,0,49.7589111328125,809,0x329,test,2137,Fuzzy,1,0.09450682,0.09450682,1,0.06880078234523535
test,RPM,RPM,1478192896.39951,1478192896.423194,3575104,21,0.328125,0,23.684024810791016,790,0x316,test,2138,RPM,1,0.086725354,0.086725354,1,0.06880078234523535
test,Normal,DoS,1478201110.54659,1478201110.579335,3483776,0,0.0,-1,,2,0x002,test,2139,Normal,0,0.066977665,0.066977665,0,0.06880078234523535
test,DoS,DoS,1478200414.821572,1478200414.983835,2391040,41,0.640625,1,162.0168685913086,0,0x000,test,2140,DoS,1,0.051855333,0.051855333,0,0.06880078234523535
test,RPM,RPM,1478192840.434638,1478192840.464034,3459584,22,0.34375,0,29.39605712890625,790,0x316,test,2141,RPM,1,0.08413808,0.08413808,1,0.06880078234523535
test,DoS,DoS,1478200496.642802,1478200496.803207,2509824,34,0.53125,1,160.16292572021484,0,0x000,test,2142,DoS,1,0.055730626,0.055730626,0,0.06880078234523535
test,Gear,Gear,1478194964.262069,1478194964.285929,3248832,22,0.34375,5,22.675037384033203,1087,0x43F,test,2143,Gear,1,0.069930814,0.069930814,1,0.06880078234523535
test,Fuzzy,Fuzzy,1478197794.733793,1478197794.754194,2522816,26,0.40625,1,20.18404006958008,1349,0x545,test,2144,Fuzzy,1,0.09523469,0.09523469,1,0.06880078234523535
test,Fuzzy,Fuzzy,1478198128.260728,1478198128.314809,2847808,28,0.4375,0,54.08120155334473,608,0x260,test,2145,Fuzzy,1,0.092293516,0.092293516,1,0.06880078234523535
test,DoS,DoS,1478200391.006331,1478200391.028962,2360768,37,0.578125,0,22.63092994689941,0,0x000,test,2146,DoS,1,0.05003333,0.05003333,0,0.06880078234523535
test,DoS,DoS,1478200487.782439,1478200487.798407,2496640,35,0.546875,0,15.968084335327148,0,0x000,test,2147,DoS,1,0.04847466,0.04847466,0,0.06880078234523535
test,DoS,DoS,1478200511.475776,1478200511.543678,2528192,32,0.5,0,67.9020881652832,0,0x000,test,2148,DoS,1,0.049241446,0.049241446,0,0.06880078234523535
test,RPM,RPM,1478192799.225941,1478192799.266147,3386816,18,0.28125,0,40.20595550537109,790,0x316,test,2149,RPM,1,0.07564092,0.07564092,1,0.06880078234523535
test,Gear,Gear,1478194942.907879,1478194942.942866,3210432,19,0.296875,8,32.7610969543457,1087,0x43F,test,2150,Gear,1,0.067969784,0.067969784,0,0.06880078234523535
test,Fuzzy,Fuzzy,1478198168.717819,1478198168.747553,2917888,25,0.390625,0,29.734134674072266,2,0x002,test,2151,Fuzzy,1,0.10030067,0.10030067,1,0.06880078234523535
test,Fuzzy,Fuzzy,1478198103.389598,1478198103.465849,2809920,23,0.359375,0,76.25102996826172,880,0x370,test,2152,Fuzzy,1,0.08916397,0.08916397,1,0.06880078234523535
test,Normal,RPM,1478201032.132055,1478201032.169219,4295168,0,0.0,-1,,399,0x18F,test,2153,Normal,0,0.06184311,0.06184311,0,0.06880078234523535
test,Normal,Gear,1478201147.688615,1478201147.724229,4329920,0,0.0,-1,,399,0x18F,test,2154,Normal,0,0.06946048,0.06946048,1,0.06880078234523535
test,Gear,Gear,1478194955.77968,1478194955.809249,3232576,20,0.3125,0,29.568910598754883,1087,0x43F,test,2155,Gear,1,0.06978571,0.06978571,1,0.06880078234523535
test,DoS,DoS,1478200610.287383,1478200610.386573,2635520,36,0.5625,2,93.4591293334961,0,0x000,test,2156,DoS,1,0.05118978,0.05118978,0,0.06880078234523535
test,Normal,Gear,1478201015.724541,1478201015.759052,4086208,0,0.0,-1,,399,0x18F,test,2157,Normal,0,0.06463895,0.06463895,0,0.06880078234523535
test,RPM,RPM,1478192730.049509,1478192730.101541,3259136,23,0.359375,0,52.0319938659668,790,0x316,test,2158,RPM,1,0.08775906,0.08775906,1,0.06880078234523535
test,Fuzzy,Fuzzy,1478198151.794476,1478198151.835052,2888576,22,0.34375,12,37.734031677246094,304,0x130,test,2159,Fuzzy,1,0.094563425,0.094563425,1,0.06880078234523535
test,Normal,Fuzzy,1478201116.537747,1478201116.574587,3667968,0,0.0,-1,,704,0x2C0,test,2160,Normal,0,0.062689155,0.062689155,0,0.06880078234523535
test,RPM,RPM,1478192857.787213,1478192857.809662,3494528,21,0.328125,2,21.90709114074707,790,0x316,test,2161,RPM,1,0.08068544,0.08068544,1,0.06880078234523535
test,Normal,Gear,1478201125.215247,1478201125.246736,4288320,0,0.0,-1,,2,0x002,test,2162,Normal,0,0.06286151,0.06286151,0,0.06880078234523535
test,Gear,Gear,1478195052.257995,1478195052.279633,3405312,19,0.296875,7,19.98305320739746,1087,0x43F,test,2163,Gear,1,0.071657516,0.071657516,1,0.06880078234523535
test,RPM,RPM,1478192865.959595,1478192865.995101,3511808,22,0.34375,1,35.2780818939209,790,0x316,test,2164,RPM,1,0.081235945,0.081235945,1,0.06880078234523535
test,Normal,Fuzzy,1478201024.49817,1478201024.53102,3498176,0,0.0,-1,,2,0x002,test,2165,Normal,0,0.060839374,0.060839374,0,0.06880078234523535
test,Gear,Gear,1478194957.849596,1478194957.880391,3235904,20,0.3125,2,30.3189754486084,1087,0x43F,test,2166,Gear,1,0.06617679,0.06617679,0,0.06880078234523535
test,Fuzzy,Fuzzy,1478198099.30938,1478198099.357412,2803968,22,0.34375,5,46.87714576721192,809,0x329,test,2167,Fuzzy,1,0.08133369,0.08133369,1,0.06880078234523535
test,RPM,RPM,1478192768.92031,1478192768.954695,3337472,18,0.28125,0,34.384965896606445,790,0x316,test,2168,RPM,1,0.07963681,0.07963681,1,0.06880078234523535
test,Normal,Gear,1478201089.838213,1478201089.87028,4222784,0,0.0,-1,,305,0x131,test,2169,Normal,0,0.06200267,0.06200267,0,0.06880078234523535
test,Normal,DoS,1478201046.91298,1478201046.949098,3365888,0,0.0,-1,,399,0x18F,test,2170,Normal,0,0.06649832,0.06649832,0,0.06880078234523535
test,Fuzzy,Fuzzy,1478198156.035338,1478198156.055489,2896320,24,0.375,7,18.47696304321289,304,0x130,test,2171,Fuzzy,1,0.09525903,0.09525903,1,0.06880078234523535
test,Normal,Fuzzy,1478201127.729558,1478201127.766323,3688704,0,0.0,-1,,399,0x18F,test,2172,Normal,0,0.06174775,0.06174775,0,0.06880078234523535
test,RPM,RPM,1478192834.428459,1478192834.456901,3448256,21,0.328125,1,27.96196937561035,790,0x316,test,2173,RPM,1,0.08358595,0.08358595,1,0.06880078234523535
test,Fuzzy,Fuzzy,1478197750.273588,1478197750.414351,2478464,32,0.5,0,140.7630443572998,880,0x370,test,2174,Fuzzy,1,0.109250054,0.109250054,1,0.06880078234523535
test,RPM,RPM,1478192968.439792,1478192968.464027,3706688,19,0.296875,1,24.008989334106445,790,0x316,test,2175,RPM,1,0.07645543,0.07645543,1,0.06880078234523535
test,Fuzzy,Fuzzy,1478198098.71027,1478198098.730027,2802944,23,0.359375,4,18.82004737854004,304,0x130,test,2176,Fuzzy,1,0.09467463,0.09467463,1,0.06880078234523535
test,Fuzzy,Fuzzy,1478197956.817143,1478197956.915895,2670208,20,0.3125,7,96.24004364013672,848,0x350,test,2177,Fuzzy,1,0.088095784,0.088095784,1,0.06880078234523535
test,Fuzzy,Fuzzy,1478198156.791419,1478198156.834817,2897664,18,0.28125,0,43.39790344238281,2,0x002,test,2178,Fuzzy,1,0.087084085,0.087084085,1,0.06880078234523535
test,Gear,Gear,1478195021.295317,1478195021.336616,3352192,21,0.328125,1,40.856122970581055,1087,0x43F,test,2179,Gear,1,0.066275135,0.066275135,0,0.06880078234523535
test,Normal,Fuzzy,1478201123.033809,1478201123.067056,3680000,0,0.0,-1,,2,0x002,test,2180,Normal,0,0.06357091,0.06357091,0,0.06880078234523535
test,Fuzzy,Fuzzy,1478197921.073757,1478197921.339601,2636288,35,0.546875,3,254.29892539978027,1087,0x43F,test,2181,Fuzzy,1,0.11317947,0.11317947,1,0.06880078234523535
test,Gear,Gear,1478194916.497207,1478194916.520961,3164160,21,0.328125,2,23.273944854736328,1087,0x43F,test,2182,Gear,1,0.069374755,0.069374755,1,0.06880078234523535
test,Normal,Fuzzy,1478201013.163371,1478201013.200981,3477184,0,0.0,-1,,2,0x002,test,2183,Normal,0,0.06609352,0.06609352,0,0.06880078234523535
test,Gear,Gear,1478194955.051909,1478194955.084582,3231040,1,0.015625,63,0.0,2,0x002,test,2184,Gear,1,0.06377168,0.06377168,0,0.06880078234523535
test,Fuzzy,Fuzzy,1478198077.050515,1478198077.182697,2773952,26,0.40625,2,131.72316551208496,399,0x18F,test,2185,Fuzzy,1,0.10469043,0.10469043,1,0.06880078234523535
test,RPM,RPM,1478192821.429993,1478192821.462398,3423808,25,0.390625,3,31.70394897460937,790,0x316,test,2186,RPM,1,0.083481975,0.083481975,1,0.06880078234523535
test,Gear,Gear,1478195105.19382,1478195105.291663,3503936,21,0.328125,1,91.83287620544434,1087,0x43F,test,2187,Gear,1,0.0690007,0.0690007,1,0.06880078234523535
test,Fuzzy,Fuzzy,1478197756.054188,1478197756.114166,2486272,21,0.328125,6,58.58492851257324,1087,0x43F,test,2188,Fuzzy,1,0.086605154,0.086605154,1,0.06880078234523535
test,RPM,RPM,1478192728.40459,1478192728.430939,3255808,23,0.359375,2,25.642871856689453,790,0x316,test,2189,RPM,1,0.084413,0.084413,1,0.06880078234523535
test,Gear,Gear,1478195013.928434,1478195013.969236,3340160,19,0.296875,1,40.498971939086914,1087,0x43F,test,2190,Gear,1,0.07115382,0.07115382,1,0.06880078234523535
test,DoS,DoS,1478200398.231139,1478200398.32231,2372480,33,0.515625,0,91.1710262298584,0,0x000,test,2191,DoS,1,0.054426134,0.054426134,0,0.06880078234523535
test,RPM,RPM,1478192754.460091,1478192754.481778,3310208,19,0.296875,2,21.15797996520996,790,0x316,test,2192,RPM,1,0.08049081,0.08049081,1,0.06880078234523535
test,Gear,Gear,1478195104.235044,1478195104.257888,3503360,16,0.25,10,20.444154739379883,1087,0x43F,test,2193,Gear,1,0.066597454,0.066597454,0,0.06880078234523535
test,Gear,Gear,1478194932.262306,1478194932.315909,3191168,18,0.28125,0,53.60293388366699,1087,0x43F,test,2194,Gear,1,0.07111575,0.07111575,1,0.06880078234523535
test,Fuzzy,Fuzzy,1478198101.904132,1478198101.935738,2807744,24,0.375,0,31.60619735717773,339,0x153,test,2195,Fuzzy,1,0.092255354,0.092255354,1,0.06880078234523535
test,Gear,Gear,1478195053.761407,1478195053.792281,3408960,22,0.34375,0,30.87401390075684,1087,0x43F,test,2196,Gear,1,0.06827835,0.06827835,0,0.06880078234523535
test,Gear,Gear,1478194897.267806,1478194897.292317,3125504,23,0.359375,0,24.510860443115234,1087,0x43F,test,2197,Gear,1,0.07522313,0.07522313,1,0.06880078234523535
test,Fuzzy,Fuzzy,1478197928.461486,1478197928.5144,2644160,18,0.28125,3,47.44601249694824,339,0x153,test,2198,Fuzzy,1,0.0832244,0.0832244,1,0.06880078234523535
test,RPM,RPM,1478192897.280776,1478192897.304545,3577152,20,0.3125,1,23.40483665466309,790,0x316,test,2199,RPM,1,0.08263564,0.08263564,1,0.06880078234523535
test,Normal,RPM,1478201193.510778,1478201193.542842,4592896,0,0.0,-1,,399,0x18F,test,2200,Normal,0,0.060534835,0.060534835,0,0.06880078234523535
test,DoS,DoS,1478200518.411722,1478200518.427462,2535616,33,0.515625,1,15.495061874389648,0,0x000,test,2201,DoS,1,0.052196514,0.052196514,0,0.06880078234523535
test,Gear,Gear,1478195061.541208,1478195061.578615,3423424,23,0.359375,0,37.40692138671875,1087,0x43F,test,2202,Gear,1,0.068184204,0.068184204,0,0.06880078234523535
test,RPM,RPM,1478192788.555336,1478192788.616617,3368576,19,0.296875,3,60.57405471801758,790,0x316,test,2203,RPM,1,0.083039835,0.083039835,1,0.06880078234523535
test,RPM,RPM,1478192814.945797,1478192814.994127,3411200,22,0.34375,1,48.11596870422363,790,0x316,test,2204,RPM,1,0.08226403,0.08226403,1,0.06880078234523535
test,Gear,Gear,1478194984.484539,1478194984.53155,3285888,25,0.390625,2,46.53596878051758,1087,0x43F,test,2205,Gear,1,0.07537825,0.07537825,1,0.06880078234523535
test,Gear,Gear,1478194955.56073,1478194955.585539,3232192,22,0.34375,0,24.80912208557129,1087,0x43F,test,2206,Gear,1,0.06816051,0.06816051,0,0.06880078234523535
test,Fuzzy,Fuzzy,1478198139.777167,1478198139.797921,2868288,25,0.390625,3,20.064830780029297,305,0x131,test,2207,Fuzzy,1,0.099471964,0.099471964,1,0.06880078234523535
test,Fuzzy,Fuzzy,1478197937.192096,1478197937.353202,2653248,22,0.34375,5,156.41307830810547,2,0x002,test,2208,Fuzzy,1,0.085901655,0.085901655,1,0.06880078234523535
test,Fuzzy,Fuzzy,1478197936.147953,1478197936.17561,2652352,29,0.453125,0,27.657032012939453,1088,0x440,test,2209,Fuzzy,1,0.1029247,0.1029247,1,0.06880078234523535
test,RPM,RPM,1478192858.157776,1478192858.183043,3495488,21,0.328125,0,25.26688575744629,790,0x316,test,2210,RPM,1,0.08327981,0.08327981,1,0.06880078234523535
test,DoS,DoS,1478200392.042227,1478200392.122841,2362304,38,0.59375,0,80.61385154724121,0,0x000,test,2211,DoS,1,0.046874568,0.046874568,0,0.06880078234523535
test,Gear,Gear,1478195010.023469,1478195010.052219,3332416,22,0.34375,1,26.280879974365234,1087,0x43F,test,2212,Gear,1,0.073010534,0.073010534,1,0.06880078234523535
test,DoS,DoS,1478200487.766513,1478200487.782121,2496576,33,0.515625,1,15.364885330200195,0,0x000,test,2213,DoS,1,0.051543985,0.051543985,0,0.06880078234523535
test,DoS,DoS,1478200420.709713,1478200420.835309,2398592,37,0.578125,0,125.5960464477539,0,0x000,test,2214,DoS,1,0.050456166,0.050456166,0,0.06880078234523535
test,Normal,DoS,1478201069.264635,1478201069.29805,3407296,0,0.0,-1,,2,0x002,test,2215,Normal,0,0.063379265,0.063379265,0,0.06880078234523535
test,RPM,RPM,1478192827.838145,1478192827.872333,3435904,21,0.328125,2,33.71906280517578,790,0x316,test,2216,RPM,1,0.08214089,0.08214089,1,0.06880078234523535
test,Gear,Gear,1478195101.000521,1478195101.053869,3497280,21,0.328125,0,53.34806442260742,1087,0x43F,test,2217,Gear,1,0.07079157,0.07079157,1,0.06880078234523535
test,Fuzzy,Fuzzy,1478197814.375853,1478197814.577327,2541056,28,0.4375,3,200.78396797180176,2,0x002,test,2218,Fuzzy,1,0.096251585,0.096251585,1,0.06880078234523535
test,RPM,RPM,1478192735.859875,1478192735.882205,3270784,20,0.3125,0,22.33004570007324,790,0x316,test,2219,RPM,1,0.085314095,0.085314095,1,0.06880078234523535
test,Fuzzy,Fuzzy,1478197738.17926,1478197738.313355,2467712,12,0.1875,1,133.8820457458496,305,0x131,test,2220,Fuzzy,1,0.082027,0.082027,1,0.06880078234523535
test,Gear,Gear,1478194932.557094,1478194932.589388,3191552,24,0.375,1,26.889801025390625,1087,0x43F,test,2221,Gear,1,0.069842905,0.069842905,1,0.06880078234523535
test,Gear,Gear,1478194925.474166,1478194925.540342,3179520,19,0.296875,2,65.71006774902344,1087,0x43F,test,2222,Gear,1,0.07194656,0.07194656,1,0.06880078234523535
test,Normal,Fuzzy,1478201188.774739,1478201188.805962,3801280,0,0.0,-1,,399,0x18F,test,2223,Normal,0,0.06375716,0.06375716,0,0.06880078234523535
test,Gear,Gear,1478194854.179305,1478194854.203414,3040064,22,0.34375,0,24.10888671875,1087,0x43F,test,2224,Gear,1,0.068518616,0.068518616,0,0.06880078234523535
test,Gear,Gear,1478194904.404166,1478194904.428121,3140288,20,0.3125,1,23.647069931030277,1087,0x43F,test,2225,Gear,1,0.068477385,0.068477385,0,0.06880078234523535
test,DoS,DoS,1478200399.074057,1478200399.117423,2373632,35,0.546875,1,43.1370735168457,0,0x000,test,2226,DoS,1,0.047282897,0.047282897,0,0.06880078234523535
test,Normal,Fuzzy,1478201178.514393,1478201178.546982,3782272,0,0.0,-1,,305,0x131,test,2227,Normal,0,0.062488038,0.062488038,0,0.06880078234523535
test,DoS,DoS,1478200567.995879,1478200568.07162,2585664,35,0.546875,0,75.74105262756348,0,0x000,test,2228,DoS,1,0.045955606,0.045955606,0,0.06880078234523535
test,Fuzzy,Fuzzy,1478198066.402303,1478198066.697117,2766208,39,0.609375,0,294.8141098022461,790,0x316,test,2229,Fuzzy,1,0.10850525,0.10850525,1,0.06880078234523535
test,Gear,Gear,1478194977.520425,1478194977.570313,3272960,26,0.40625,5,48.677921295166016,1087,0x43F,test,2230,Gear,1,0.0695252,0.0695252,1,0.06880078234523535
test,DoS,DoS,1478200389.044892,1478200389.072863,2358080,35,0.546875,1,22.283077239990234,0,0x000,test,2231,DoS,1,0.04917005,0.04917005,0,0.06880078234523535
test,Normal,Fuzzy,1478201079.506388,1478201079.538383,3599360,0,0.0,-1,,2,0x002,test,2232,Normal,0,0.06768623,0.06768623,0,0.06880078234523535
test,Gear,Gear,1478194853.695083,1478194853.724483,3038976,20,0.3125,1,28.928041458129883,1087,0x43F,test,2233,Gear,1,0.06961304,0.06961304,1,0.06880078234523535
test,Gear,Gear,1478194851.72886,1478194851.754323,3034240,21,0.328125,1,24.91593360900879,1087,0x43F,test,2234,Gear,1,0.07010989,0.07010989,1,0.06880078234523535
test,Gear,Gear,1478194865.490441,1478194865.51446,3064256,21,0.328125,0,24.01900291442871,1087,0x43F,test,2235,Gear,1,0.06678887,0.06678887,0,0.06880078234523535
test,RPM,RPM,1478192686.039686,1478192686.073975,3165504,1,0.015625,2,33.82515907287598,790,0x316,test,2236,RPM,1,0.06863176,0.06863176,0,0.06880078234523535
test,RPM,RPM,1478192898.649644,1478192898.681226,3580352,19,0.296875,4,30.622005462646484,790,0x316,test,2237,RPM,1,0.08174511,0.08174511,1,0.06880078234523535
test,Fuzzy,Fuzzy,1478197885.766514,1478197885.787682,2606144,24,0.375,1,20.948171615600582,320,0x140,test,2238,Fuzzy,1,0.08495535,0.08495535,1,0.06880078234523535
test,DoS,DoS,1478200441.442611,1478200441.458719,2428992,35,0.546875,1,15.861988067626951,0,0x000,test,2239,DoS,1,0.05291925,0.05291925,0,0.06880078234523535
test,Gear,Gear,1478194866.265862,1478194866.302939,3066048,19,0.296875,2,36.47804260253906,1087,0x43F,test,2240,Gear,1,0.06670822,0.06670822,0,0.06880078234523535
test,Fuzzy,Fuzzy,1478198164.566155,1478198164.623794,2911616,25,0.390625,2,54.72517013549805,304,0x130,test,2241,Fuzzy,1,0.092753045,0.092753045,1,0.06880078234523535
test,DoS,DoS,1478200481.251267,1478200481.309546,2487872,31,0.484375,1,58.02798271179199,0,0x000,test,2242,DoS,1,0.05337633,0.05337633,0,0.06880078234523535
test,DoS,DoS,1478200441.928565,1478200442.005582,2429696,29,0.453125,0,77.01706886291504,0,0x000,test,2243,DoS,1,0.050593615,0.050593615,0,0.06880078234523535
test,Gear,Gear,1478195117.519057,1478195117.606169,3519808,18,0.28125,0,87.1119499206543,1087,0x43F,test,2244,Gear,1,0.061684057,0.061684057,0,0.06880078234523535
test,Normal,DoS,1478201120.356197,1478201120.391208,3501952,0,0.0,-1,,304,0x130,test,2245,Normal,0,0.06936724,0.06936724,1,0.06880078234523535
test,Fuzzy,Fuzzy,1478198103.267044,1478198103.300301,2809728,29,0.453125,3,32.56106376647949,848,0x350,test,2246,Fuzzy,1,0.10522026,0.10522026,1,0.06880078234523535
test,Gear,Gear,1478194976.784088,1478194976.809266,3271808,23,0.359375,1,24.941205978393555,1087,0x43F,test,2247,Gear,1,0.06786155,0.06786155,0,0.06880078234523535
test,Normal,RPM,1478201199.072889,1478201199.106411,4603200,0,0.0,-1,,304,0x130,test,2248,Normal,0,0.062564105,0.062564105,0,0.06880078234523535
test,Gear,Gear,1478194861.138988,1478194861.167837,3055360,17,0.265625,4,27.89878845214844,1087,0x43F,test,2249,Gear,1,0.07086613,0.07086613,1,0.06880078234523535
test,Normal,Fuzzy,1478201124.035775,1478201124.068708,3681856,0,0.0,-1,,304,0x130,test,2250,Normal,0,0.06760094,0.06760094,0,0.06880078234523535
test,Gear,Gear,1478195059.869634,1478195059.908661,3420544,21,0.328125,1,38.79690170288086,1087,0x43F,test,2251,Gear,1,0.07029045,0.07029045,1,0.06880078234523535
test,DoS,DoS,1478200563.807256,1478200563.876441,2582400,31,0.484375,0,69.18501853942871,0,0x000,test,2252,DoS,1,0.054312717,0.054312717,0,0.06880078234523535
test,Normal,Gear,1478201157.445306,1478201157.480675,4347520,0,0.0,-1,,304,0x130,test,2253,Normal,0,0.06793028,0.06793028,0,0.06880078234523535
test,Fuzzy,Fuzzy,1478197913.280825,1478197913.486968,2630208,28,0.4375,0,206.14314079284668,1087,0x43F,test,2254,Fuzzy,1,0.1005393,0.1005393,1,0.06880078234523535
test,Gear,Gear,1478195065.467646,1478195065.499789,3430592,19,0.296875,2,31.6770076751709,1087,0x43F,test,2255,Gear,1,0.068313666,0.068313666,0,0.06880078234523535
test,Normal,DoS,1478201108.575969,1478201108.610643,3480128,0,0.0,-1,,2,0x002,test,2256,Normal,0,0.06526299,0.06526299,0,0.06880078234523535
test,RPM,RPM,1478192691.61975,1478192691.644156,3177984,20,0.3125,0,24.405956268310547,790,0x316,test,2257,RPM,1,0.08449055,0.08449055,1,0.06880078234523535
test,Fuzzy,Fuzzy,1478197946.976741,1478197947.126299,2661760,32,0.5,0,149.55782890319824,848,0x350,test,2258,Fuzzy,1,0.10802483,0.10802483,1,0.06880078234523535
test,DoS,DoS,1478200511.279496,1478200511.392491,2528064,37,0.578125,1,112.74909973144533,0,0x000,test,2259,DoS,1,0.054372855,0.054372855,0,0.06880078234523535
test,Fuzzy,Fuzzy,1478198151.955187,1478198152.002592,2888832,32,0.5,1,43.241024017333984,704,0x2C0,test,2260,Fuzzy,1,0.101513736,0.101513736,1,0.06880078234523535
test,DoS,DoS,1478200496.300149,1478200496.323966,2509312,36,0.5625,0,23.817062377929688,0,0x000,test,2261,DoS,1,0.04744351,0.04744351,0,0.06880078234523535
test,Normal,DoS,1478201202.37001,1478201202.403228,3653376,0,0.0,-1,,2,0x002,test,2262,Normal,0,0.065104365,0.065104365,0,0.06880078234523535
test,Normal,DoS,1478201044.631977,1478201044.668938,3361664,0,0.0,-1,,399,0x18F,test,2263,Normal,0,0.06320093,0.06320093,0,0.06880078234523535
test,RPM,RPM,1478192718.291957,1478192718.315308,3236032,19,0.296875,2,22.891998291015625,790,0x316,test,2264,RPM,1,0.07973722,0.07973722,1,0.06880078234523535
test,Gear,Gear,1478194893.797453,1478194893.826461,3118784,20,0.3125,0,29.008150100708008,1087,0x43F,test,2265,Gear,1,0.06550374,0.06550374,0,0.06880078234523535
test,Normal,Gear,1478201050.148765,1478201050.180567,4149248,0,0.0,-1,,2,0x002,test,2266,Normal,0,0.067089,0.067089,0,0.06880078234523535
test,Gear,Gear,1478194956.68789,1478194956.723325,3233984,20,0.3125,2,34.96599197387695,1087,0x43F,test,2267,Gear,1,0.07159427,0.07159427,1,0.06880078234523535
test,DoS,DoS,1478200372.28209,1478200372.298207,2331584,35,0.546875,1,15.879154205322266,0,0x000,test,2268,DoS,1,0.046959694,0.046959694,0,0.06880078234523535
test,DoS,DoS,1478200602.006572,1478200602.196731,2627648,39,0.609375,0,190.15908241271973,0,0x000,test,2269,DoS,1,0.044466108,0.044466108,0,0.06880078234523535
test,Gear,Gear,1478194958.053495,1478194958.083267,3236224,20,0.3125,9,26.23605728149414,1087,0x43F,test,2270,Gear,1,0.07322754,0.07322754,1,0.06880078234523535
test,DoS,DoS,1478200388.527364,1478200388.576976,2357376,37,0.578125,1,49.365997314453125,0,0x000,test,2271,DoS,1,0.043376327,0.043376327,0,0.06880078234523535
test,DoS,DoS,1478200512.612003,1478200512.737532,2529088,34,0.53125,1,125.28395652770996,0,0x000,test,2272,DoS,1,0.051743623,0.051743623,0,0.06880078234523535
test,DoS,DoS,1478200388.1474,1478200388.19143,2356864,37,0.578125,0,44.03018951416016,0,0x000,test,2273,DoS,1,0.049717557,0.049717557,0,0.06880078234523535
test,Gear,Gear,1478194879.036291,1478194879.065532,3090176,18,0.28125,4,28.290987014770508,1087,0x43F,test,2274,Gear,1,0.073104575,0.073104575,1,0.06880078234523535
test,DoS,DoS,1478200480.960285,1478200481.002453,2487488,33,0.515625,0,42.16814041137695,0,0x000,test,2275,DoS,1,0.052373357,0.052373357,0,0.06880078234523535
test,Fuzzy,Fuzzy,1478198107.795164,1478198107.838093,2817856,24,0.375,4,41.98503494262695,399,0x18F,test,2276,Fuzzy,1,0.09121052,0.09121052,1,0.06880078234523535
test,Normal,Gear,1478201116.026106,1478201116.057196,4271296,0,0.0,-1,,2,0x002,test,2277,Normal,0,0.06912262,0.06912262,1,0.06880078234523535
test,Fuzzy,Fuzzy,1478197989.830306,1478197989.884441,2702272,21,0.328125,7,52.498817443847656,305,0x131,test,2278,Fuzzy,1,0.09305083,0.09305083,1,0.06880078234523535
test,DoS,DoS,1478200357.435943,1478200357.58344,2319232,37,0.578125,0,147.49717712402344,0,0x000,test,2279,DoS,1,0.052639,0.052639,0,0.06880078234523535
test,Fuzzy,Fuzzy,1478198037.283344,1478198037.618027,2740672,30,0.46875,0,334.6829414367676,1349,0x545,test,2280,Fuzzy,1,0.10741413,0.10741413,1,0.06880078234523535
test,Fuzzy,Fuzzy,1478197979.047149,1478197979.186327,2693440,27,0.421875,1,138.96608352661133,320,0x140,test,2281,Fuzzy,1,0.09301969,0.09301969,1,0.06880078234523535
test,RPM,RPM,1478192930.820405,1478192930.885088,3636928,22,0.34375,2,64.05401229858398,790,0x316,test,2282,RPM,1,0.0840574,0.0840574,1,0.06880078234523535
test,Gear,Gear,1478194919.25849,1478194919.287662,3168768,23,0.359375,6,27.74310111999512,1087,0x43F,test,2283,Gear,1,0.06752338,0.06752338,0,0.06880078234523535
test,Gear,Gear,1478195021.336908,1478195021.360193,3352256,20,0.3125,1,22.427082061767575,1087,0x43F,test,2284,Gear,1,0.06874733,0.06874733,0,0.06880078234523535
test,Gear,Gear,1478194971.025592,1478194971.068462,3261312,20,0.3125,4,41.92686080932617,1087,0x43F,test,2285,Gear,1,0.06676828,0.06676828,0,0.06880078234523535
test,Normal,Gear,1478201208.261711,1478201208.293643,4441664,0,0.0,-1,,2,0x002,test,2286,Normal,0,0.05898894,0.05898894,0,0.06880078234523535
test,Fuzzy,Fuzzy,1478197902.343779,1478197902.364427,2620736,23,0.359375,4,19.689083099365234,305,0x131,test,2287,Fuzzy,1,0.09749621,0.09749621,1,0.06880078234523535
test,DoS,DoS,1478200321.288511,1478200321.459594,2289792,34,0.53125,0,171.0829734802246,0,0x000,test,2288,DoS,1,0.057696722,0.057696722,0,0.06880078234523535
test,DoS,DoS,1478200473.062638,1478200473.151507,2475520,32,0.5,0,88.86885643005371,0,0x000,test,2289,DoS,1,0.054236315,0.054236315,0,0.06880078234523535
test,DoS,DoS,1478200609.191539,1478200609.274487,2635008,34,0.53125,0,82.94796943664551,0,0x000,test,2290,DoS,1,0.051978122,0.051978122,0,0.06880078234523535
test,Gear,Gear,1478194851.494514,1478194851.516939,3033600,20,0.3125,5,21.255016326904297,1087,0x43F,test,2291,Gear,1,0.069524996,0.069524996,1,0.06880078234523535
test,Gear,Gear,1478194970.555804,1478194970.585942,3260544,19,0.296875,5,28.979063034057617,1087,0x43F,test,2292,Gear,1,0.06605417,0.06605417,0,0.06880078234523535
test,Fuzzy,Fuzzy,1478198094.764771,1478198094.836675,2795840,21,0.328125,1,66.4980411529541,608,0x260,test,2293,Fuzzy,1,0.08233811,0.08233811,1,0.06880078234523535
test,RPM,RPM,1478192963.880145,1478192963.904391,3698176,21,0.328125,0,24.2459774017334,790,0x316,test,2294,RPM,1,0.08597994,0.08597994,1,0.06880078234523535
test,Fuzzy,Fuzzy,1478197749.470708,1478197749.583374,2477952,17,0.265625,2,112.2150421142578,320,0x140,test,2295,Fuzzy,1,0.084310256,0.084310256,1,0.06880078234523535
test,DoS,DoS,1478200373.908418,1478200373.963412,2333888,39,0.609375,0,54.99410629272461,0,0x000,test,2296,DoS,1,0.050634146,0.050634146,0,0.06880078234523535
test,Fuzzy,Fuzzy,1478198135.283941,1478198135.310105,2860736,25,0.390625,0,26.16405487060547,399,0x18F,test,2297,Fuzzy,1,0.09645939,0.09645939,1,0.06880078234523535
test,Fuzzy,Fuzzy,1478198160.144766,1478198160.168789,2903232,27,0.421875,5,22.818803787231445,790,0x316,test,2298,Fuzzy,1,0.10092177,0.10092177,1,0.06880078234523535
test,Gear,Gear,1478194899.048375,1478194899.077539,3129088,20,0.3125,1,28.92398834228516,1087,0x43F,test,2299,Gear,1,0.06801148,0.06801148,0,0.06880078234523535
test,RPM,RPM,1478192865.629409,1478192865.6559,3511104,20,0.3125,1,23.360013961791992,790,0x316,test,2300,RPM,1,0.085590065,0.085590065,1,0.06880078234523535
test,Gear,Gear,1478195034.52209,1478195034.577025,3374592,24,0.375,0,54.93497848510742,1087,0x43F,test,2301,Gear,1,0.06601297,0.06601297,0,0.06880078234523535
test,DoS,DoS,1478200403.434839,1478200403.490051,2381376,34,0.53125,1,54.96501922607422,0,0x000,test,2302,DoS,1,0.048286803,0.048286803,0,0.06880078234523535
test,DoS,DoS,1478200514.569487,1478200514.750863,2529792,38,0.59375,0,181.3759803771973,0,0x000,test,2303,DoS,1,0.051142078,0.051142078,0,0.06880078234523535
test,Fuzzy,Fuzzy,1478198029.012753,1478198029.299998,2735424,28,0.4375,0,287.2450351715088,790,0x316,test,2304,Fuzzy,1,0.099375844,0.099375844,1,0.06880078234523535
test,RPM,RPM,1478192697.876261,1478192697.899527,3191808,21,0.328125,0,23.266077041625977,790,0x316,test,2305,RPM,1,0.08208742,0.08208742,1,0.06880078234523535
test,Normal,RPM,1478201096.332183,1478201096.367156,4413376,0,0.0,-1,,809,0x329,test,2306,Normal,0,0.06666424,0.06666424,0,0.06880078234523535
test,Fuzzy,Fuzzy,1478198148.123903,1478198148.144348,2883072,25,0.390625,6,19.0119743347168,304,0x130,test,2307,Fuzzy,1,0.107187025,0.107187025,1,0.06880078234523535
test,RPM,RPM,1478192690.113022,1478192690.135208,3173952,19,0.296875,0,22.1858024597168,790,0x316,test,2308,RPM,1,0.081312016,0.081312016,1,0.06880078234523535
test,Normal,Fuzzy,1478201085.518056,1478201085.550934,3610496,0,0.0,-1,,305,0x131,test,2309,Normal,0,0.062559694,0.062559694,0,0.06880078234523535
test,Fuzzy,Fuzzy,1478198085.751696,1478198085.77597,2782848,20,0.3125,17,17.01188087463379,809,0x329,test,2310,Fuzzy,1,0.090486854,0.090486854,1,0.06880078234523535
test,Gear,Gear,1478195045.857251,1478195045.880366,3394048,20,0.3125,3,22.3391056060791,1087,0x43F,test,2311,Gear,1,0.068429224,0.068429224,0,0.06880078234523535
test,Normal,Gear,1478201078.989107,1478201079.026056,4202688,0,0.0,-1,,305,0x131,test,2312,Normal,0,0.0625229,0.0625229,0,0.06880078234523535
test,DoS,DoS,1478200504.709373,1478200504.777297,2520320,33,0.515625,1,67.68012046813965,0,0x000,test,2313,DoS,1,0.049386818,0.049386818,0,0.06880078234523535
test,Fuzzy,Fuzzy,1478198086.438288,1478198086.511219,2783488,27,0.421875,0,72.93105125427246,704,0x2C0,test,2314,Fuzzy,1,0.08915879,0.08915879,1,0.06880078234523535
test,DoS,DoS,1478200647.072526,1478200647.163942,2674112,38,0.59375,0,91.4161205291748,0,0x000,test,2315,DoS,1,0.047673583,0.047673583,0,0.06880078234523535
test,RPM,RPM,1478192678.711961,1478192678.73676,3148672,18,0.28125,1,24.34682846069336,790,0x316,test,2316,RPM,1,0.08181918,0.08181918,1,0.06880078234523535
test,Fuzzy,Fuzzy,1478198029.954985,1478198030.236382,2735616,29,0.453125,0,281.39710426330566,790,0x316,test,2317,Fuzzy,1,0.09472565,0.09472565,1,0.06880078234523535
test,Fuzzy,Fuzzy,1478198094.273626,1478198094.32276,2795072,24,0.375,0,49.134016036987305,1349,0x545,test,2318,Fuzzy,1,0.09160671,0.09160671,1,0.06880078234523535
test,Fuzzy,Fuzzy,1478197954.377628,1478197954.542945,2669248,32,0.5,0,165.31682014465332,704,0x2C0,test,2319,Fuzzy,1,0.096293226,0.096293226,1,0.06880078234523535
test,RPM,RPM,1478192883.976448,1478192884.000395,3548992,21,0.328125,1,23.72407913208008,790,0x316,test,2320,RPM,1,0.081426136,0.081426136,1,0.06880078234523535
test,DoS,DoS,1478200498.226544,1478200498.375919,2510656,41,0.640625,0,149.37520027160645,0,0x000,test,2321,DoS,1,0.046463735,0.046463735,0,0.06880078234523535
test,RPM,RPM,1478192879.084255,1478192879.109973,3538880,23,0.359375,5,24.50084686279297,790,0x316,test,2322,RPM,1,0.08113922,0.08113922,1,0.06880078234523535
test,Fuzzy,Fuzzy,1478198125.500896,1478198125.553695,2845056,20,0.3125,0,52.79898643493652,304,0x130,test,2323,Fuzzy,1,0.08857956,0.08857956,1,0.06880078234523535
test,RPM,RPM,1478192709.194417,1478192709.219434,3216832,21,0.328125,4,24.071931838989254,790,0x316,test,2324,RPM,1,0.08191621,0.08191621,1,0.06880078234523535
test,RPM,RPM,1478192898.252881,1478192898.274956,3579456,19,0.296875,1,21.847963333129883,790,0x316,test,2325,RPM,1,0.08593611,0.08593611,1,0.06880078234523535
test,Normal,Fuzzy,1478201199.827718,1478201199.863038,3821760,0,0.0,-1,,2,0x002,test,2326,Normal,0,0.06943876,0.06943876,1,0.06880078234523535
test,Normal,DoS,1478201194.320568,1478201194.353019,3638464,0,0.0,-1,,2,0x002,test,2327,Normal,0,0.06512112,0.06512112,0,0.06880078234523535
test,Fuzzy,Fuzzy,1478197910.98106,1478197911.052322,2628480,27,0.421875,0,71.26188278198242,880,0x370,test,2328,Fuzzy,1,0.097994246,0.097994246,1,0.06880078234523535
test,Gear,Gear,1478195055.20609,1478195055.237498,3411840,17,0.265625,2,30.94005584716797,1087,0x43F,test,2329,Gear,1,0.069499254,0.069499254,1,0.06880078234523535
test,DoS,DoS,1478200556.280993,1478200556.353363,2576576,33,0.515625,0,72.37005233764648,0,0x000,test,2330,DoS,1,0.04800478,0.04800478,0,0.06880078234523535
test,Gear,Gear,1478195110.824921,1478195110.877731,3511424,19,0.296875,0,52.8101921081543,1087,0x43F,test,2331,Gear,1,0.06838769,0.06838769,0,0.06880078234523535
test,Normal,Fuzzy,1478201153.329735,1478201153.366012,3736064,0,0.0,-1,,2,0x002,test,2332,Normal,0,0.05990327,0.05990327,0,0.06880078234523535
test,RPM,RPM,1478192956.860042,1478192956.932696,3685312,23,0.359375,1,72.43013381958008,790,0x316,test,2333,RPM,1,0.08125519,0.08125519,1,0.06880078234523535
test,Fuzzy,Fuzzy,1478198125.29611,1478198125.324526,2844800,23,0.359375,3,27.70018577575684,304,0x130,test,2334,Fuzzy,1,0.09923443,0.09923443,1,0.06880078234523535
test,Fuzzy,Fuzzy,1478197911.553775,1478197911.613394,2629056,24,0.375,3,58.91704559326172,320,0x140,test,2335,Fuzzy,1,0.10016058,0.10016058,1,0.06880078234523535
test,DoS,DoS,1478200616.642745,1478200616.658639,2642688,34,0.53125,1,15.645980834960938,0,0x000,test,2336,DoS,1,0.052907806,0.052907806,0,0.06880078234523535
test,RPM,RPM,1478192698.974627,1478192698.998925,3194624,21,0.328125,3,23.60391616821289,790,0x316,test,2337,RPM,1,0.08174839,0.08174839,1,0.06880078234523535
test,DoS,DoS,1478200389.543875,1478200389.598012,2358784,35,0.546875,0,54.13699150085449,0,0x000,test,2338,DoS,1,0.04867645,0.04867645,0,0.06880078234523535
test,Gear,Gear,1478194975.99337,1478194976.021704,3270464,21,0.328125,2,27.85491943359375,1087,0x43F,test,2339,Gear,1,0.06525816,0.06525816,0,0.06880078234523535
test,Gear,Gear,1478194983.74061,1478194983.771339,3284352,17,0.265625,9,28.647899627685547,1087,0x43F,test,2340,Gear,1,0.06798479,0.06798479,0,0.06880078234523535
test,RPM,RPM,1478192685.344577,1478192685.368767,3163712,21,0.328125,0,24.18994903564453,790,0x316,test,2341,RPM,1,0.08329034,0.08329034,1,0.06880078234523535
test,Normal,DoS,1478201138.457467,1478201138.494695,3535488,0,0.0,-1,,2,0x002,test,2342,Normal,0,0.062653586,0.062653586,0,0.06880078234523535
test,Normal,Gear,1478201081.167889,1478201081.203813,4206720,0,0.0,-1,,2,0x002,test,2343,Normal,0,0.071743324,0.071743324,1,0.06880078234523535
test,DoS,DoS,1478200520.474228,1478200520.535815,2536832,40,0.625,1,61.34510040283203,0,0x000,test,2344,DoS,1,0.044239208,0.044239208,0,0.06880078234523535
test,Normal,Fuzzy,1478201114.295538,1478201114.327943,3663808,0,0.0,-1,,2,0x002,test,2345,Normal,0,0.06614159,0.06614159,0,0.06880078234523535
test,Gear,Gear,1478195079.933393,1478195079.962069,3456512,19,0.296875,0,28.67603302001953,1087,0x43F,test,2346,Gear,1,0.0669136,0.0669136,0,0.06880078234523535
test,Normal,DoS,1478201100.596545,1478201100.628885,3465344,0,0.0,-1,,304,0x130,test,2347,Normal,0,0.064353146,0.064353146,0,0.06880078234523535
test,Normal,Fuzzy,1478201158.545756,1478201158.580927,3745280,0,0.0,-1,,320,0x140,test,2348,Normal,0,0.07244259,0.07244259,1,0.06880078234523535
test,Gear,Gear,1478195106.704822,1478195106.803173,3504896,18,0.28125,3,97.62907028198242,1087,0x43F,test,2349,Gear,1,0.06600833,0.06600833,0,0.06880078234523535
test,Normal,DoS,1478201018.330348,1478201018.366007,3313664,0,0.0,-1,,2,0x002,test,2350,Normal,0,0.06540187,0.06540187,0,0.06880078234523535
test,RPM,RPM,1478192878.171174,1478192878.208209,3537024,24,0.375,1,36.80896759033203,790,0x316,test,2351,RPM,1,0.086444944,0.086444944,1,0.06880078234523535
test,DoS,DoS,1478200537.248863,1478200537.371106,2554048,35,0.546875,0,122.24292755126952,0,0x000,test,2352,DoS,1,0.05144476,0.05144476,0,0.06880078234523535
test,Fuzzy,Fuzzy,1478197797.530369,1478197797.611305,2524928,23,0.359375,5,79.78606224060059,1072,0x430,test,2353,Fuzzy,1,0.09360542,0.09360542,1,0.06880078234523535
test,Gear,Gear,1478194984.640827,1478194984.670558,3286208,20,0.3125,4,27.21786499023437,1087,0x43F,test,2354,Gear,1,0.062930055,0.062930055,0,0.06880078234523535
test,Fuzzy,Fuzzy,1478197832.737619,1478197832.99738,2555456,15,0.234375,7,230.7620048522949,704,0x2C0,test,2355,Fuzzy,1,0.07652095,0.07652095,1,0.06880078234523535
test,Gear,Gear,1478195048.820709,1478195048.850163,3399040,20,0.3125,4,28.522968292236328,1087,0x43F,test,2356,Gear,1,0.06701036,0.06701036,0,0.06880078234523535
test,Fuzzy,Fuzzy,1478198165.760202,1478198165.80407,2913280,18,0.28125,1,43.6549186706543,2,0x002,test,2357,Fuzzy,1,0.09343616,0.09343616,1,0.06880078234523535
test,DoS,DoS,1478200467.013162,1478200467.080837,2466688,34,0.53125,0,67.67511367797852,0,0x000,test,2358,DoS,1,0.048437834,0.048437834,0,0.06880078234523535
test,Gear,Gear,1478195097.947999,1478195097.971285,3491008,20,0.3125,0,23.286104202270508,1087,0x43F,test,2359,Gear,1,0.07138114,0.07138114,1,0.06880078234523535
test,DoS,DoS,1478200499.7536,1478200499.783778,2512000,32,0.5,1,29.942035675048828,0,0x000,test,2360,DoS,1,0.05354447,0.05354447,0,0.06880078234523535
test,RPM,RPM,1478192692.164599,1478192692.187399,3179328,22,0.34375,2,22.183895111083984,790,0x316,test,2361,RPM,1,0.08630247,0.08630247,1,0.06880078234523535
test,Fuzzy,Fuzzy,1478197961.82105,1478197961.843417,2678080,19,0.296875,2,21.922826766967773,2,0x002,test,2362,Fuzzy,1,0.08472407,0.08472407,1,0.06880078234523535
test,Normal,Gear,1478201150.764896,1478201150.797247,4335616,0,0.0,-1,,2,0x002,test,2363,Normal,0,0.06546173,0.06546173,0,0.06880078234523535
test,Fuzzy,Fuzzy,1478197763.507904,1478197763.634568,2494912,19,0.296875,0,126.6639232635498,790,0x316,test,2364,Fuzzy,1,0.08054904,0.08054904,1,0.06880078234523535
test,Fuzzy,Fuzzy,1478198124.893989,1478198124.952941,2844288,24,0.375,3,54.50701713562012,1087,0x43F,test,2365,Fuzzy,1,0.08883357,0.08883357,1,0.06880078234523535
test,RPM,RPM,1478192721.47459,1478192721.499466,3242048,22,0.34375,0,24.875879287719727,790,0x316,test,2366,RPM,1,0.08149084,0.08149084,1,0.06880078234523535
test,Fuzzy,Fuzzy,1478197937.643793,1478197937.756529,2653440,23,0.359375,1,108.48307609558104,2,0x002,test,2367,Fuzzy,1,0.092467204,0.092467204,1,0.06880078234523535
test,Gear,Gear,1478195099.75696,1478195099.789578,3494912,19,0.296875,1,32.38797187805176,1087,0x43F,test,2368,Gear,1,0.0671701,0.0671701,0,0.06880078234523535
test,Normal,RPM,1478201091.875901,1478201091.909075,4405120,0,0.0,-1,,2,0x002,test,2369,Normal,0,0.071326256,0.071326256,1,0.06880078234523535
test,DoS,DoS,1478200512.923777,1478200513.024852,2529216,36,0.5625,0,101.0749340057373,0,0x000,test,2370,DoS,1,0.046178084,0.046178084,0,0.06880078234523535
test,Normal,RPM,1478201150.556503,1478201150.588728,4513792,0,0.0,-1,,399,0x18F,test,2371,Normal,0,0.07077253,0.07077253,1,0.06880078234523535
test,DoS,DoS,1478200636.048393,1478200636.163165,2660288,34,0.53125,5,87.34297752380371,0,0x000,test,2372,DoS,1,0.056940254,0.056940254,0,0.06880078234523535
test,DoS,DoS,1478200464.947034,1478200464.981143,2464000,34,0.53125,0,34.10911560058594,0,0x000,test,2373,DoS,1,0.0482928,0.0482928,0,0.06880078234523535
test,Fuzzy,Fuzzy,1478197764.443949,1478197764.584826,2495360,29,0.453125,0,140.87700843811035,848,0x350,test,2374,Fuzzy,1,0.10108809,0.10108809,1,0.06880078234523535
test,Normal,Gear,1478201159.034309,1478201159.06808,4350464,0,0.0,-1,,304,0x130,test,2375,Normal,0,0.06802744,0.06802744,0,0.06880078234523535
test,RPM,RPM,1478192743.998805,1478192744.022027,3288192,20,0.3125,0,23.221969604492188,790,0x316,test,2376,RPM,1,0.08548295,0.08548295,1,0.06880078234523535
test,Gear,Gear,1478195087.90044,1478195087.948256,3471168,24,0.375,0,47.81603813171387,1087,0x43F,test,2377,Gear,1,0.06529724,0.06529724,0,0.06880078234523535
test,RPM,RPM,1478192844.230166,1478192844.255464,3466816,23,0.359375,0,25.298118591308597,790,0x316,test,2378,RPM,1,0.08894614,0.08894614,1,0.06880078234523535
test,Gear,Gear,1478195054.368956,1478195054.404313,3410368,20,0.3125,1,35.125017166137695,1087,0x43F,test,2379,Gear,1,0.06609949,0.06609949,0,0.06880078234523535
test,RPM,RPM,1478192747.270924,1478192747.292905,3294464,18,0.28125,5,20.774126052856445,790,0x316,test,2380,RPM,1,0.07837241,0.07837241,1,0.06880078234523535
test,DoS,DoS,1478200525.920867,1478200525.939321,2543424,27,0.421875,17,12.373924255371094,0,0x000,test,2381,DoS,1,0.05207002,0.05207002,0,0.06880078234523535
test,Gear,Gear,1478194981.176757,1478194981.199738,3279616,20,0.3125,5,21.8050479888916,1087,0x43F,test,2382,Gear,1,0.06885613,0.06885613,1,0.06880078234523535
test,Gear,Gear,1478194871.687806,1478194871.726425,3077056,17,0.265625,4,37.68801689147949,1087,0x43F,test,2383,Gear,1,0.067882486,0.067882486,0,0.06880078234523535
test,Fuzzy,Fuzzy,1478198094.322977,1478198094.372072,2795136,26,0.40625,0,49.09491539001465,1088,0x440,test,2384,Fuzzy,1,0.10529491,0.10529491,1,0.06880078234523535
test,DoS,DoS,1478200641.915267,1478200642.057734,2667456,37,0.578125,0,142.46702194213867,0,0x000,test,2385,DoS,1,0.05234801,0.05234801,0,0.06880078234523535
test,Normal,DoS,1478201059.693362,1478201059.729183,3389568,0,0.0,-1,,2,0x002,test,2386,Normal,0,0.06785873,0.06785873,0,0.06880078234523535
test,Normal,Fuzzy,1478201095.776736,1478201095.811688,3629504,0,0.0,-1,,304,0x130,test,2387,Normal,0,0.067272134,0.067272134,0,0.06880078234523535
test,RPM,RPM,1478192870.927041,1478192870.957988,3522048,21,0.328125,1,30.642986297607425,790,0x316,test,2388,RPM,1,0.080430366,0.080430366,1,0.06880078234523535
test,Fuzzy,Fuzzy,1478198141.529091,1478198141.557762,2871296,24,0.375,0,28.6710262298584,672,0x2A0,test,2389,Fuzzy,1,0.09895494,0.09895494,1,0.06880078234523535
test,Gear,Gear,1478194982.920399,1478194982.95546,3282816,15,0.234375,4,34.089088439941406,1087,0x43F,test,2390,Gear,1,0.06782753,0.06782753,0,0.06880078234523535
test,RPM,RPM,1478192943.911688,1478192943.934659,3660096,20,0.3125,2,22.505998611450195,790,0x316,test,2391,RPM,1,0.08424637,0.08424637,1,0.06880078234523535
test,DoS,DoS,1478200374.819099,1478200374.836602,2335040,35,0.546875,0,17.503023147583008,0,0x000,test,2392,DoS,1,0.047864232,0.047864232,0,0.06880078234523535
test,DoS,DoS,1478200530.073257,1478200530.165842,2545792,38,0.59375,1,92.33999252319336,0,0x000,test,2393,DoS,1,0.046927605,0.046927605,0,0.06880078234523535
test,Gear,Gear,1478194873.678546,1478194873.715707,3080832,24,0.375,0,37.16111183166504,1087,0x43F,test,2394,Gear,1,0.07283245,0.07283245,1,0.06880078234523535
test,Gear,Gear,1478194897.458077,1478194897.482446,3126016,23,0.359375,3,23.6358642578125,1087,0x43F,test,2395,Gear,1,0.06395103,0.06395103,0,0.06880078234523535
test,Normal,Gear,1478201187.186876,1478201187.223342,4402624,0,0.0,-1,,339,0x153,test,2396,Normal,0,0.0660782,0.0660782,0,0.06880078234523535
test,Normal,Gear,1478201128.325371,1478201128.356168,4294080,0,0.0,-1,,2,0x002,test,2397,Normal,0,0.065768555,0.065768555,0,0.06880078234523535
test,DoS,DoS,1478200460.167045,1478200460.229383,2455616,40,0.625,1,62.094926834106445,0,0x000,test,2398,DoS,1,0.046364114,0.046364114,0,0.06880078234523535
test,DoS,DoS,1478200499.057991,1478200499.11489,2511232,35,0.546875,1,56.65206909179688,0,0x000,test,2399,DoS,1,0.05037783,0.05037783,0,0.06880078234523535
test,Fuzzy,Fuzzy,1478198034.788842,1478198035.045769,2740160,23,0.359375,4,255.9809684753418,320,0x140,test,2400,Fuzzy,1,0.10444945,0.10444945,1,0.06880078234523535
test,Fuzzy,Fuzzy,1478198165.968736,1478198165.995532,2913600,28,0.4375,0,26.79610252380371,848,0x350,test,2401,Fuzzy,1,0.0939247,0.0939247,1,0.06880078234523535
test,Normal,DoS,1478201029.007535,1478201029.038387,3333440,0,0.0,-1,,399,0x18F,test,2402,Normal,0,0.06485628,0.06485628,0,0.06880078234523535
test,Fuzzy,Fuzzy,1478197989.88475,1478197989.93268,2702336,24,0.375,0,47.930002212524414,304,0x130,test,2403,Fuzzy,1,0.09318677,0.09318677,1,0.06880078234523535
test,Fuzzy,Fuzzy,1478198110.134792,1478198110.155337,2821440,21,0.328125,3,19.85502243041992,339,0x153,test,2404,Fuzzy,1,0.078540385,0.078540385,1,0.06880078234523535
test,DoS,DoS,1478200475.153619,1478200475.200412,2477952,34,0.53125,0,46.79298400878906,0,0x000,test,2405,DoS,1,0.052398834,0.052398834,0,0.06880078234523535
test,RPM,RPM,1478192938.064612,1478192938.106117,3649216,21,0.328125,2,41.03708267211914,790,0x316,test,2406,RPM,1,0.08340653,0.08340653,1,0.06880078234523535
test,DoS,DoS,1478200619.808552,1478200619.982362,2644224,33,0.515625,0,173.81000518798828,0,0x000,test,2407,DoS,1,0.04638507,0.04638507,0,0.06880078234523535
test,DoS,DoS,1478200443.308678,1478200443.375931,2431360,33,0.515625,0,67.25311279296875,0,0x000,test,2408,DoS,1,0.055770703,0.055770703,0,0.06880078234523535
test,Gear,Gear,1478195091.526334,1478195091.548341,3478208,19,0.296875,3,21.25406265258789,1087,0x43F,test,2409,Gear,1,0.06902462,0.06902462,1,0.06880078234523535
test,RPM,RPM,1478192780.149583,1478192780.192513,3355712,25,0.390625,5,39.8409366607666,790,0x316,test,2410,RPM,1,0.08804096,0.08804096,1,0.06880078234523535
test,Gear,Gear,1478194867.478661,1478194867.502172,3068736,20,0.3125,0,23.51093292236328,1087,0x43F,test,2411,Gear,1,0.07214736,0.07214736,1,0.06880078234523535
test,DoS,DoS,1478200357.593989,1478200357.799055,2319296,35,0.546875,0,205.0662040710449,0,0x000,test,2412,DoS,1,0.04975674,0.04975674,0,0.06880078234523535
test,Normal,RPM,1478201202.043497,1478201202.076189,4608704,0,0.0,-1,,304,0x130,test,2413,Normal,0,0.066133216,0.066133216,0,0.06880078234523535
test,Gear,Gear,1478194905.959544,1478194905.996057,3144192,20,0.3125,3,35.80498695373535,1087,0x43F,test,2414,Gear,1,0.065850444,0.065850444,0,0.06880078234523535
test,DoS,DoS,1478200588.376682,1478200588.451167,2611200,41,0.640625,1,68.88699531555176,0,0x000,test,2415,DoS,1,0.046582006,0.046582006,0,0.06880078234523535
test,DoS,DoS,1478200489.101647,1478200489.190066,2498496,36,0.5625,0,88.41919898986816,0,0x000,test,2416,DoS,1,0.051847525,0.051847525,0,0.06880078234523535
test,DoS,DoS,1478200590.707223,1478200590.764976,2612800,36,0.5625,0,57.75308609008789,0,0x000,test,2417,DoS,1,0.05062586,0.05062586,0,0.06880078234523535
test,DoS,DoS,1478200411.199295,1478200411.345853,2389312,37,0.578125,1,146.31414413452148,0,0x000,test,2418,DoS,1,0.044051908,0.044051908,0,0.06880078234523535
test,Gear,Gear,1478194871.209384,1478194871.233994,3076096,22,0.34375,1,24.19900894165039,1087,0x43F,test,2419,Gear,1,0.06804694,0.06804694,0,0.06880078234523535
test,Normal,Fuzzy,1478201032.232341,1478201032.269456,3512512,0,0.0,-1,,399,0x18F,test,2420,Normal,0,0.06893337,0.06893337,1,0.06880078234523535
test,Normal,RPM,1478201063.030819,1478201063.068399,4351680,0,0.0,-1,,790,0x316,test,2421,Normal,0,0.06430708,0.06430708,0,0.06880078234523535
test,Normal,Gear,1478201092.186902,1478201092.224127,4227136,0,0.0,-1,,2,0x002,test,2422,Normal,0,0.070400655,0.070400655,1,0.06880078234523535
test,RPM,RPM,1478192698.560252,1478192698.583839,3193536,21,0.328125,1,23.3609676361084,790,0x316,test,2423,RPM,1,0.086463585,0.086463585,1,0.06880078234523535
test,Fuzzy,Fuzzy,1478198107.873967,1478198107.922566,2817984,34,0.53125,1,48.37703704833984,704,0x2C0,test,2424,Fuzzy,1,0.10722717,0.10722717,1,0.06880078234523535
test,Gear,Gear,1478194886.628372,1478194886.666374,3104064,19,0.296875,2,37.51587867736816,1087,0x43F,test,2425,Gear,1,0.06804154,0.06804154,0,0.06880078234523535
test,Fuzzy,Fuzzy,1478197774.580825,1478197774.905873,2503232,33,0.515625,1,319.18811798095703,1087,0x43F,test,2426,Fuzzy,1,0.10578112,0.10578112,1,0.06880078234523535
test,Fuzzy,Fuzzy,1478197836.068045,1478197836.090557,2561280,17,0.265625,1,22.294044494628903,304,0x130,test,2427,Fuzzy,1,0.0870939,0.0870939,1,0.06880078234523535
test,Fuzzy,Fuzzy,1478198140.993754,1478198141.024188,2870528,28,0.4375,1,25.02608299255371,2,0x002,test,2428,Fuzzy,1,0.09383921,0.09383921,1,0.06880078234523535
test,DoS,DoS,1478200466.935502,1478200467.012918,2466624,36,0.5625,1,77.17394828796387,0,0x000,test,2429,DoS,1,0.053559553,0.053559553,0,0.06880078234523535
test,DoS,DoS,1478200464.494211,1478200464.519897,2462912,18,0.28125,30,8.485078811645508,0,0x000,test,2430,DoS,1,0.05838154,0.05838154,0,0.06880078234523535
test,Gear,Gear,1478195073.252925,1478195073.277527,3444544,18,0.28125,1,23.28419685363769,1087,0x43F,test,2431,Gear,1,0.06710429,0.06710429,0,0.06880078234523535
test,Fuzzy,Fuzzy,1478197910.67465,1478197910.696362,2627968,26,0.40625,0,21.712064743041992,399,0x18F,test,2432,Fuzzy,1,0.09224846,0.09224846,1,0.06880078234523535
test,Normal,DoS,1478201031.769239,1478201031.801365,3338560,0,0.0,-1,,2,0x002,test,2433,Normal,0,0.06214503,0.06214503,0,0.06880078234523535
test,Normal,DoS,1478201007.621378,1478201007.655369,3293824,0,0.0,-1,,304,0x130,test,2434,Normal,0,0.06449659,0.06449659,0,0.06880078234523535
test,DoS,DoS,1478200382.978349,1478200383.022456,2347904,38,0.59375,0,44.10696029663086,0,0x000,test,2435,DoS,1,0.048216566,0.048216566,0,0.06880078234523535
test,Fuzzy,Fuzzy,1478197820.966657,1478197821.272649,2547776,35,0.546875,0,305.9921264648437,704,0x2C0,test,2436,Fuzzy,1,0.11097332,0.11097332,1,0.06880078234523535
test,RPM,RPM,1478192833.417411,1478192833.4392,3446400,20,0.3125,4,20.457983016967773,790,0x316,test,2437,RPM,1,0.0778029,0.0778029,1,0.06880078234523535
test,Normal,Gear,1478201129.495901,1478201129.530315,4296256,0,0.0,-1,,305,0x131,test,2438,Normal,0,0.065973066,0.065973066,0,0.06880078234523535
test,RPM,RPM,1478192904.652771,1478192904.682132,3593088,21,0.328125,2,28.8999080657959,790,0x316,test,2439,RPM,1,0.0856071,0.0856071,1,0.06880078234523535
test,DoS,DoS,1478200574.577879,1478200574.632351,2594304,36,0.5625,1,54.22496795654297,0,0x000,test,2440,DoS,1,0.049289417,0.049289417,0,0.06880078234523535
test,RPM,RPM,1478192728.542447,1478192728.565376,3256064,19,0.296875,2,22.45712280273437,790,0x316,test,2441,RPM,1,0.08195,0.08195,1,0.06880078234523535
test,Gear,Gear,1478195085.86113,1478195085.919943,3467008,21,0.328125,5,57.38520622253418,1087,0x43F,test,2442,Gear,1,0.071868695,0.071868695,1,0.06880078234523535
test,Gear,Gear,1478195052.470412,1478195052.492327,3405888,20,0.3125,0,21.914958953857425,1087,0x43F,test,2443,Gear,1,0.06356167,0.06356167,0,0.06880078234523535
test,Fuzzy,Fuzzy,1478198150.528447,1478198150.558995,2886720,27,0.421875,0,30.548095703125,848,0x350,test,2444,Fuzzy,1,0.10477849,0.10477849,1,0.06880078234523535
test,Gear,Gear,1478194846.006412,1478194846.029503,3022208,18,0.28125,0,23.09107780456543,1087,0x43F,test,2445,Gear,1,0.069367245,0.069367245,1,0.06880078234523535
test,Normal,Gear,1478201122.865378,1478201122.897071,4283968,0,0.0,-1,,2,0x002,test,2446,Normal,0,0.06585764,0.06585764,0,0.06880078234523535
test,Fuzzy,Fuzzy,1478198135.930487,1478198135.992784,2861632,31,0.484375,0,62.29710578918457,790,0x316,test,2447,Fuzzy,1,0.10417275,0.10417275,1,0.06880078234523535
test,Normal,Gear,1478201176.204078,1478201176.236356,4382272,0,0.0,-1,,2,0x002,test,2448,Normal,0,0.06716648,0.06716648,0,0.06880078234523535
test,Fuzzy,Fuzzy,1478198148.797066,1478198148.834645,2884160,21,0.328125,0,37.57905960083008,2,0x002,test,2449,Fuzzy,1,0.090738475,0.090738475,1,0.06880078234523535
test,Gear,Gear,1478195098.081962,1478195098.106483,3491328,21,0.328125,0,24.5208740234375,1087,0x43F,test,2450,Gear,1,0.068643995,0.068643995,0,0.06880078234523535
test,RPM,RPM,1478192938.270056,1478192938.300844,3649536,21,0.328125,2,29.979944229125977,790,0x316,test,2451,RPM,1,0.08385249,0.08385249,1,0.06880078234523535
test,Gear,Gear,1478195039.887254,1478195039.937036,3383936,20,0.3125,0,49.78203773498535,1087,0x43F,test,2452,Gear,1,0.06868551,0.06868551,0,0.06880078234523535
test,RPM,RPM,1478192684.825195,1478192684.850586,3162432,22,0.34375,1,25.16388893127441,790,0x316,test,2453,RPM,1,0.0862023,0.0862023,1,0.06880078234523535
test,Normal,DoS,1478201078.454899,1478201078.487439,3424320,0,0.0,-1,,399,0x18F,test,2454,Normal,0,0.06516732,0.06516732,0,0.06880078234523535
test,Gear,Gear,1478195110.65676,1478195110.680272,3511232,19,0.296875,3,22.57013320922852,1087,0x43F,test,2455,Gear,1,0.066996396,0.066996396,0,0.06880078234523535
test,Fuzzy,Fuzzy,1478197745.809831,1478197745.952115,2476032,22,0.34375,0,142.28415489196777,2,0x002,test,2456,Fuzzy,1,0.10011844,0.10011844,1,0.06880078234523535
test,Gear,Gear,1478194912.910848,1478194912.960719,3157312,24,0.375,0,49.871206283569336,1087,0x43F,test,2457,Gear,1,0.07545085,0.07545085,1,0.06880078234523535
test,DoS,DoS,1478200519.775308,1478200519.937715,2536512,32,0.5,1,151.5491008758545,0,0x000,test,2458,DoS,1,0.053672772,0.053672772,0,0.06880078234523535
test,RPM,RPM,1478192917.740423,1478192917.775979,3614848,20,0.3125,0,35.55607795715332,790,0x316,test,2459,RPM,1,0.08089381,0.08089381,1,0.06880078234523535
test,RPM,RPM,1478192825.582789,1478192825.613464,3431680,20,0.3125,3,29.98208999633789,790,0x316,test,2460,RPM,1,0.07999262,0.07999262,1,0.06880078234523535
test,RPM,RPM,1478192723.727681,1478192723.762584,3246656,18,0.28125,1,34.67607498168945,790,0x316,test,2461,RPM,1,0.082160674,0.082160674,1,0.06880078234523535
test,Fuzzy,Fuzzy,1478197993.30021,1478197993.320876,2708608,23,0.359375,7,19.01388168334961,2,0x002,test,2462,Fuzzy,1,0.09538526,0.09538526,1,0.06880078234523535
test,Gear,Gear,1478195111.227348,1478195111.316713,3511744,24,0.375,1,83.67705345153809,1087,0x43F,test,2463,Gear,1,0.071029134,0.071029134,1,0.06880078234523535
test,Gear,Gear,1478195060.913593,1478195060.947457,3422336,21,0.328125,1,33.63919258117676,1087,0x43F,test,2464,Gear,1,0.06824565,0.06824565,0,0.06880078234523535
test,Gear,Gear,1478194930.173032,1478194930.203968,3187968,19,0.296875,0,30.93600273132324,1087,0x43F,test,2465,Gear,1,0.06914052,0.06914052,1,0.06880078234523535
test,Normal,DoS,1478201034.469363,1478201034.509125,3342976,0,0.0,-1,,2,0x002,test,2466,Normal,0,0.06614928,0.06614928,0,0.06880078234523535
test,RPM,RPM,1478192857.906774,1478192857.929069,3494848,20,0.3125,3,21.59714698791504,790,0x316,test,2467,RPM,1,0.08114195,0.08114195,1,0.06880078234523535
test,Gear,Gear,1478194910.674165,1478194910.69685,3153472,17,0.265625,3,21.960973739624023,1087,0x43F,test,2468,Gear,1,0.06536626,0.06536626,0,0.06880078234523535
test,Normal,Fuzzy,1478201193.819574,1478201193.851463,3810624,0,0.0,-1,,399,0x18F,test,2469,Normal,0,0.06044951,0.06044951,0,0.06880078234523535
test,RPM,RPM,1478192813.873737,1478192813.922581,3409856,21,0.328125,2,48.30288887023926,790,0x316,test,2470,RPM,1,0.08764805,0.08764805,1,0.06880078234523535
test,Normal,Fuzzy,1478201046.170827,1478201046.203587,3537600,0,0.0,-1,,399,0x18F,test,2471,Normal,0,0.06291274,0.06291274,0,0.06880078234523535
test,DoS,DoS,1478200550.72773,1478200550.880988,2568832,37,0.578125,1,147.83096313476562,0,0x000,test,2472,DoS,1,0.04853577,0.04853577,0,0.06880078234523535
test,Normal,DoS,1478201039.659475,1478201039.69196,3352448,0,0.0,-1,,304,0x130,test,2473,Normal,0,0.060728107,0.060728107,0,0.06880078234523535
test,Fuzzy,Fuzzy,1478197980.079351,1478197980.224695,2693952,23,0.359375,1,139.33992385864258,672,0x2A0,test,2474,Fuzzy,1,0.0966441,0.0966441,1,0.06880078234523535
test,Gear,Gear,1478194926.125369,1478194926.18379,3180480,22,0.34375,1,57.869911193847656,1087,0x43F,test,2475,Gear,1,0.06890299,0.06890299,1,0.06880078234523535
test,Gear,Gear,1478195099.088917,1478195099.121921,3493504,16,0.25,3,27.033090591430664,1087,0x43F,test,2476,Gear,1,0.07009526,0.07009526,1,0.06880078234523535
test,Gear,Gear,1478194864.47818,1478194864.503012,3061760,22,0.34375,3,24.12104606628418,1087,0x43F,test,2477,Gear,1,0.07073355,0.07073355,1,0.06880078234523535
test,DoS,DoS,1478200488.581021,1478200488.631844,2497856,31,0.484375,1,50.57597160339356,0,0x000,test,2478,DoS,1,0.057564925,0.057564925,0,0.06880078234523535
test,Gear,Gear,1478194854.40417,1478194854.439565,3040576,20,0.3125,2,34.78288650512695,1087,0x43F,test,2479,Gear,1,0.067608654,0.067608654,0,0.06880078234523535
test,DoS,DoS,1478200491.278876,1478200491.324799,2501376,34,0.53125,1,45.67408561706543,0,0x000,test,2480,DoS,1,0.05525361,0.05525361,0,0.06880078234523535
test,Fuzzy,Fuzzy,1478198143.761724,1478198143.797819,2875008,21,0.328125,1,35.8738899230957,304,0x130,test,2481,Fuzzy,1,0.08931999,0.08931999,1,0.06880078234523535
test,Normal,Gear,1478201185.633158,1478201185.667878,4399744,0,0.0,-1,,304,0x130,test,2482,Normal,0,0.05889959,0.05889959,0,0.06880078234523535
test,Normal,DoS,1478201118.628577,1478201118.663376,3498752,0,0.0,-1,,304,0x130,test,2483,Normal,0,0.06164524,0.06164524,0,0.06880078234523535
test,DoS,DoS,1478200593.935984,1478200593.951946,2618624,34,0.53125,1,15.71798324584961,0,0x000,test,2484,DoS,1,0.05180677,0.05180677,0,0.06880078234523535
test,Normal,Gear,1478201119.202979,1478201119.236216,4277184,0,0.0,-1,,2,0x002,test,2485,Normal,0,0.07034321,0.07034321,1,0.06880078234523535
test,DoS,DoS,1478200421.102052,1478200421.220942,2398720,33,0.515625,2,108.0620288848877,0,0x000,test,2486,DoS,1,0.052076157,0.052076157,0,0.06880078234523535
test,Fuzzy,Fuzzy,1478198125.356283,1478198125.426446,2844928,24,0.375,2,69.46587562561035,399,0x18F,test,2487,Fuzzy,1,0.09203846,0.09203846,1,0.06880078234523535
test,Normal,Gear,1478201124.832958,1478201124.866735,4287616,0,0.0,-1,,2,0x002,test,2488,Normal,0,0.064359106,0.064359106,0,0.06880078234523535
test,Gear,Gear,1478194962.551978,1478194962.574317,3245120,17,0.265625,11,19.711971282958984,1087,0x43F,test,2489,Gear,1,0.06438584,0.06438584,0,0.06880078234523535
test,Fuzzy,Fuzzy,1478198126.240682,1478198126.288093,2845888,24,0.375,0,47.41120338439941,2,0x002,test,2490,Fuzzy,1,0.101074375,0.101074375,1,0.06880078234523535
test,Normal,Gear,1478201169.261131,1478201169.294213,4369408,0,0.0,-1,,2,0x002,test,2491,Normal,0,0.06634389,0.06634389,0,0.06880078234523535
test,RPM,RPM,1478192847.064528,1478192847.094587,3472512,21,0.328125,4,29.13117408752441,790,0x316,test,2492,RPM,1,0.08109934,0.08109934,1,0.06880078234523535
test,Normal,Gear,1478201116.405759,1478201116.437173,4272000,0,0.0,-1,,2,0x002,test,2493,Normal,0,0.062014453,0.062014453,0,0.06880078234523535
test,Gear,Gear,1478195098.91011,1478195098.946909,3493120,22,0.34375,3,36.06200218200684,1087,0x43F,test,2494,Gear,1,0.070929065,0.070929065,1,0.06880078234523535
test,Normal,DoS,1478201031.250009,1478201031.285589,3337600,0,0.0,-1,,2,0x002,test,2495,Normal,0,0.06895007,0.06895007,1,0.06880078234523535
test,Normal,Gear,1478201019.040296,1478201019.077093,4092352,0,0.0,-1,,304,0x130,test,2496,Normal,0,0.061595354,0.061595354,0,0.06880078234523535
test,DoS,DoS,1478200359.399521,1478200359.609763,2319808,31,0.484375,1,204.6828269958496,0,0x000,test,2497,DoS,1,0.05215872,0.05215872,0,0.06880078234523535
test,Gear,Gear,1478194948.990371,1478194949.052676,3221184,21,0.328125,0,62.30497360229492,1087,0x43F,test,2498,Gear,1,0.06694548,0.06694548,0,0.06880078234523535
test,DoS,DoS,1478200380.487564,1478200380.54203,2344576,35,0.546875,1,48.93207550048828,0,0x000,test,2499,DoS,1,0.050426107,0.050426107,0,0.06880078234523535
test,Fuzzy,Fuzzy,1478197848.128132,1478197848.261493,2569088,26,0.40625,8,131.24489784240723,2,0x002,test,2500,Fuzzy,1,0.08977724,0.08977724,1,0.06880078234523535
test,Gear,Gear,1478194911.194621,1478194911.228512,3154432,18,0.28125,11,21.12007141113281,1087,0x43F,test,2501,Gear,1,0.069895424,0.069895424,1,0.06880078234523535
test,Fuzzy,Fuzzy,1478197780.43455,1478197780.60465,2509760,27,0.421875,3,169.4200038909912,2,0x002,test,2502,Fuzzy,1,0.09577922,0.09577922,1,0.06880078234523535
test,RPM,RPM,1478192768.27285,1478192768.313739,3336448,22,0.34375,0,40.88902473449707,790,0x316,test,2503,RPM,1,0.08386957,0.08386957,1,0.06880078234523535
test,Normal,RPM,1478201170.951374,1478201170.985666,4551104,0,0.0,-1,,2,0x002,test,2504,Normal,0,0.06475637,0.06475637,0,0.06880078234523535
test,Fuzzy,Fuzzy,1478197944.893218,1478197945.108276,2661056,19,0.296875,4,213.608980178833,704,0x2C0,test,2505,Fuzzy,1,0.084365755,0.084365755,1,0.06880078234523535
test,Fuzzy,Fuzzy,1478197937.353451,1478197937.492085,2653312,28,0.4375,4,134.3979835510254,2,0x002,test,2506,Fuzzy,1,0.10239023,0.10239023,1,0.06880078234523535
test,Gear,Gear,1478195033.032918,1478195033.055063,3372416,20,0.3125,0,22.14503288269043,1087,0x43F,test,2507,Gear,1,0.07054719,0.07054719,1,0.06880078234523535
test,Gear,Gear,1478195008.044651,1478195008.068799,3328384,22,0.34375,0,24.147987365722656,1087,0x43F,test,2508,Gear,1,0.06693546,0.06693546,0,0.06880078234523535
test,Fuzzy,Fuzzy,1478197819.862055,1478197820.199342,2547456,32,0.5,1,331.9051265716553,320,0x140,test,2509,Fuzzy,1,0.09524302,0.09524302,1,0.06880078234523535
test,DoS,DoS,1478200445.468967,1478200445.495245,2433984,35,0.546875,0,26.278018951416016,0,0x000,test,2510,DoS,1,0.04864101,0.04864101,0,0.06880078234523535
test,Gear,Gear,1478194943.738904,1478194943.790375,3211776,20,0.3125,2,50.65798759460449,1087,0x43F,test,2511,Gear,1,0.07123179,0.07123179,1,0.06880078234523535
test,DoS,DoS,1478200390.260227,1478200390.298813,2359744,38,0.59375,1,38.340091705322266,0,0x000,test,2512,DoS,1,0.050555907,0.050555907,0,0.06880078234523535
test,Gear,Gear,1478195033.529345,1478195033.574944,3373184,16,0.25,1,45.36700248718262,1087,0x43F,test,2513,Gear,1,0.067654036,0.067654036,0,0.06880078234523535
test,DoS,DoS,1478200372.427264,1478200372.465698,2331840,36,0.5625,0,38.43402862548828,0,0x000,test,2514,DoS,1,0.048866034,0.048866034,0,0.06880078234523535
test,Normal,Fuzzy,1478201044.754256,1478201044.78918,3534976,0,0.0,-1,,399,0x18F,test,2515,Normal,0,0.06132292,0.06132292,0,0.06880078234523535
test,Normal,RPM,1478201122.759345,1478201122.795347,4462336,0,0.0,-1,,2,0x002,test,2516,Normal,0,0.06501061,0.06501061,0,0.06880078234523535
test,Fuzzy,Fuzzy,1478198140.73649,1478198140.77488,2870144,23,0.359375,5,26.9160270690918,880,0x370,test,2517,Fuzzy,1,0.090883724,0.090883724,1,0.06880078234523535
test,DoS,DoS,1478200384.632171,1478200384.682199,2350272,14,0.21875,1,49.77893829345703,0,0x000,test,2518,DoS,1,0.05530607,0.05530607,0,0.06880078234523535
test,DoS,DoS,1478200596.651899,1478200596.72372,2620544,35,0.546875,0,71.82097434997559,0,0x000,test,2519,DoS,1,0.0507117,0.0507117,0,0.06880078234523535
test,RPM,RPM,1478192954.722942,1478192954.746139,3680768,20,0.3125,2,22.7200984954834,790,0x316,test,2520,RPM,1,0.082791984,0.082791984,1,0.06880078234523535
test,Fuzzy,Fuzzy,1478198108.667626,1478198108.717509,2819136,29,0.453125,0,49.883127212524414,305,0x131,test,2521,Fuzzy,1,0.09355783,0.09355783,1,0.06880078234523535
test,Fuzzy,Fuzzy,1478198164.515746,1478198164.54505,2911488,27,0.421875,8,27.408838272094727,880,0x370,test,2522,Fuzzy,1,0.09753048,0.09753048,1,0.06880078234523535
test,Gear,Gear,1478194925.377625,1478194925.435397,3179392,20,0.3125,1,57.54494667053223,1087,0x43F,test,2523,Gear,1,0.07095847,0.07095847,1,0.06880078234523535
test,Gear,Gear,1478194964.915022,1478194964.943392,3250112,20,0.3125,2,27.889013290405277,1087,0x43F,test,2524,Gear,1,0.07146029,0.07146029,1,0.06880078234523535
test,Gear,Gear,1478195084.95235,1478195084.99256,3465472,21,0.328125,1,39.981842041015625,1087,0x43F,test,2525,Gear,1,0.066509835,0.066509835,0,0.06880078234523535
test,RPM,RPM,1478192802.308003,1478192802.355129,3391168,19,0.296875,4,45.3639030456543,790,0x316,test,2526,RPM,1,0.07873063,0.07873063,1,0.06880078234523535
test,DoS,DoS,1478200427.118843,1478200427.154761,2407552,35,0.546875,0,35.91799736022949,0,0x000,test,2527,DoS,1,0.047961045,0.047961045,0,0.06880078234523535
test,Fuzzy,Fuzzy,1478198141.063511,1478198141.099102,2870656,28,0.4375,1,35.37106513977051,399,0x18F,test,2528,Fuzzy,1,0.102276586,0.102276586,1,0.06880078234523535
test,DoS,DoS,1478200337.963884,1478200338.206718,2303040,39,0.609375,1,232.0499420166016,0,0x000,test,2529,DoS,1,0.051270757,0.051270757,0,0.06880078234523535
test,Normal,Gear,1478201196.273492,1478201196.309181,4419456,0,0.0,-1,,320,0x140,test,2530,Normal,0,0.06271316,0.06271316,0,0.06880078234523535
test,DoS,DoS,1478200613.245701,1478200613.418244,2636928,36,0.5625,0,172.54281044006348,0,0x000,test,2531,DoS,1,0.054850142,0.054850142,0,0.06880078234523535
test,DoS,DoS,1478200491.735285,1478200491.80244,2502016,35,0.546875,1,66.9088363647461,0,0x000,test,2532,DoS,1,0.047184274,0.047184274,0,0.06880078234523535
test,Fuzzy,Fuzzy,1478197971.681429,1478197971.9202,2686272,28,0.4375,2,227.94508934021,848,0x350,test,2533,Fuzzy,1,0.09694883,0.09694883,1,0.06880078234523535
test,DoS,DoS,1478200435.550461,1478200435.600478,2421952,33,0.515625,1,49.7739315032959,0,0x000,test,2534,DoS,1,0.05318114,0.05318114,0,0.06880078234523535
test,DoS,DoS,1478200344.930563,1478200345.209946,2308480,34,0.53125,0,279.38294410705566,0,0x000,test,2535,DoS,1,0.052248936,0.052248936,0,0.06880078234523535
test,Normal,Fuzzy,1478201093.15398,1478201093.18564,3624640,0,0.0,-1,,399,0x18F,test,2536,Normal,0,0.0688643,0.0688643,1,0.06880078234523535
test,DoS,DoS,1478200472.678713,1478200472.793668,2475136,33,0.515625,1,114.70913887023926,0,0x000,test,2537,DoS,1,0.055686753,0.055686753,0,0.06880078234523535
test,Fuzzy,Fuzzy,1478198156.139044,1478198156.159544,2896640,26,0.40625,0,20.49994468688965,2,0x002,test,2538,Fuzzy,1,0.09921815,0.09921815,1,0.06880078234523535
test,RPM,RPM,1478192955.103508,1478192955.126261,3681792,19,0.296875,2,22.15290069580078,790,0x316,test,2539,RPM,1,0.08544873,0.08544873,1,0.06880078234523535
test,Gear,Gear,1478194930.688865,1478194930.72886,3188736,20,0.3125,5,38.81692886352539,1087,0x43F,test,2540,Gear,1,0.07079212,0.07079212,1,0.06880078234523535
test,Fuzzy,Fuzzy,1478198165.133569,1478198165.174721,2912384,26,0.40625,0,41.152000427246094,790,0x316,test,2541,Fuzzy,1,0.097242475,0.097242475,1,0.06880078234523535
test,RPM,RPM,1478192838.006394,1478192838.0285,3455232,20,0.3125,4,21.15011215209961,790,0x316,test,2542,RPM,1,0.08365962,0.08365962,1,0.06880078234523535
test,DoS,DoS,1478200427.622235,1478200427.652473,2408640,34,0.53125,0,30.237913131713867,0,0x000,test,2543,DoS,1,0.05272464,0.05272464,0,0.06880078234523535
test,Normal,Gear,1478201154.683228,1478201154.724881,4342528,0,0.0,-1,,608,0x260,test,2544,Normal,0,0.06421829,0.06421829,0,0.06880078234523535
test,Fuzzy,Fuzzy,1478197836.112175,1478197836.134449,2561408,27,0.421875,1,22.057056427001957,848,0x350,test,2545,Fuzzy,1,0.096090175,0.096090175,1,0.06880078234523535
test,Fuzzy,Fuzzy,1478197877.380842,1478197877.413869,2599104,3,0.046875,58,2.772808074951172,399,0x18F,test,2546,Fuzzy,1,0.073465236,0.073465236,1,0.06880078234523535
test,Gear,Gear,1478194872.918808,1478194872.972675,3079360,24,0.375,1,53.63297462463379,1087,0x43F,test,2547,Gear,1,0.07036282,0.07036282,1,0.06880078234523535
test,Normal,Gear,1478201063.37921,1478201063.410825,4173760,0,0.0,-1,,305,0x131,test,2548,Normal,0,0.06495388,0.06495388,0,0.06880078234523535
test,Fuzzy,Fuzzy,1478198143.170324,1478198143.197739,2874048,21,0.328125,1,26.80683135986328,399,0x18F,test,2549,Fuzzy,1,0.08778755,0.08778755,1,0.06880078234523535
test,Fuzzy,Fuzzy,1478197794.649939,1478197794.67073,2522560,26,0.40625,0,20.791053771972656,304,0x130,test,2550,Fuzzy,1,0.09072211,0.09072211,1,0.06880078234523535
test,Fuzzy,Fuzzy,1478197952.27334,1478197952.322,2668288,24,0.375,2,48.20513725280762,608,0x260,test,2551,Fuzzy,1,0.090541884,0.090541884,1,0.06880078234523535
test,Fuzzy,Fuzzy,1478197864.296034,1478197864.322329,2584128,27,0.421875,5,25.10809898376465,1088,0x440,test,2552,Fuzzy,1,0.09504195,0.09504195,1,0.06880078234523535
test,Gear,Gear,1478195015.658089,1478195015.748547,3342016,21,0.328125,7,88.79518508911133,1087,0x43F,test,2553,Gear,1,0.067751646,0.067751646,0,0.06880078234523535
test,RPM,RPM,1478192916.360558,1478192916.402771,3612416,20,0.3125,2,40.64297676086426,790,0x316,test,2554,RPM,1,0.083813,0.083813,1,0.06880078234523535
test,Fuzzy,Fuzzy,1478198134.19667,1478198134.223432,2858752,24,0.375,3,26.060104370117188,399,0x18F,test,2555,Fuzzy,1,0.09581198,0.09581198,1,0.06880078234523535
test,Fuzzy,Fuzzy,1478197952.008844,1478197952.029604,2668032,26,0.40625,0,20.760059356689453,305,0x131,test,2556,Fuzzy,1,0.09091542,0.09091542,1,0.06880078234523535
test,DoS,DoS,1478200375.074495,1478200375.117845,2335424,40,0.625,0,43.3499813079834,0,0x000,test,2557,DoS,1,0.046844948,0.046844948,0,0.06880078234523535
test,Normal,RPM,1478201073.670513,1478201073.707143,4371392,0,0.0,-1,,608,0x260,test,2558,Normal,0,0.0664799,0.0664799,0,0.06880078234523535
test,Fuzzy,Fuzzy,1478197756.629965,1478197756.731845,2486784,22,0.34375,1,101.66192054748537,809,0x329,test,2559,Fuzzy,1,0.08729094,0.08729094,1,0.06880078234523535
test,Gear,Gear,1478195020.351951,1478195020.380475,3350464,21,0.328125,0,28.52416038513184,1087,0x43F,test,2560,Gear,1,0.070238166,0.070238166,1,0.06880078234523535
test,DoS,DoS,1478200391.478748,1478200391.517424,2361408,36,0.5625,0,38.67602348327637,0,0x000,test,2561,DoS,1,0.04635471,0.04635471,0,0.06880078234523535
test,Gear,Gear,1478194880.428918,1478194880.480668,3092672,20,0.3125,0,51.75018310546875,1087,0x43F,test,2562,Gear,1,0.06951053,0.06951053,1,0.06880078234523535
test,DoS,DoS,1478200389.6817,1478200389.726089,2358976,33,0.515625,0,44.38900947570801,0,0x000,test,2563,DoS,1,0.050871477,0.050871477,0,0.06880078234523535
test,Fuzzy,Fuzzy,1478198168.302873,1478198168.334264,2917184,24,0.375,8,29.525041580200195,608,0x260,test,2564,Fuzzy,1,0.093323275,0.093323275,1,0.06880078234523535
test,Fuzzy,Fuzzy,1478198144.04694,1478198144.07213,2875456,30,0.46875,0,25.189876556396484,704,0x2C0,test,2565,Fuzzy,1,0.09741539,0.09741539,1,0.06880078234523535
test,Fuzzy,Fuzzy,1478197936.304132,1478197936.332701,2652608,26,0.40625,14,25.3448486328125,304,0x130,test,2566,Fuzzy,1,0.10527102,0.10527102,1,0.06880078234523535
test,RPM,RPM,1478192961.09349,1478192961.120012,3693120,23,0.359375,2,26.05295181274414,790,0x316,test,2567,RPM,1,0.08303363,0.08303363,1,0.06880078234523535
test,Gear,Gear,1478195092.759628,1478195092.784052,3480768,24,0.375,1,24.18184280395508,1087,0x43F,test,2568,Gear,1,0.0682228,0.0682228,0,0.06880078234523535
test,Normal,Gear,1478201076.399649,1478201076.435906,4197888,0,0.0,-1,,809,0x329,test,2569,Normal,0,0.06848983,0.06848983,0,0.06880078234523535
test,Normal,DoS,1478201013.669824,1478201013.701436,3305024,0,0.0,-1,,2,0x002,test,2570,Normal,0,0.068834044,0.068834044,1,0.06880078234523535
test,Gear,Gear,1478195058.968446,1478195058.999075,3418944,20,0.3125,0,30.62891960144043,1087,0x43F,test,2571,Gear,1,0.0707057,0.0707057,1,0.06880078234523535
test,RPM,RPM,1478192730.813431,1478192730.835618,3260544,19,0.296875,0,22.186994552612305,790,0x316,test,2572,RPM,1,0.08457617,0.08457617,1,0.06880078234523535
test,Gear,Gear,1478195079.00616,1478195079.036346,3455104,20,0.3125,4,29.01697158813477,1087,0x43F,test,2573,Gear,1,0.06675466,0.06675466,0,0.06880078234523535
test,DoS,DoS,1478200586.395077,1478200586.410959,2609856,34,0.53125,0,15.882015228271484,0,0x000,test,2574,DoS,1,0.05024715,0.05024715,0,0.06880078234523535
test,RPM,RPM,1478192690.324698,1478192690.34875,3174528,20,0.3125,4,23.12612533569336,790,0x316,test,2575,RPM,1,0.08086971,0.08086971,1,0.06880078234523535
test,DoS,DoS,1478200542.791939,1478200542.967865,2561536,35,0.546875,0,175.92597007751465,0,0x000,test,2576,DoS,1,0.050611574,0.050611574,0,0.06880078234523535
test,Fuzzy,Fuzzy,1478197896.921555,1478197897.153894,2614464,24,0.375,1,226.9730567932129,790,0x316,test,2577,Fuzzy,1,0.09414906,0.09414906,1,0.06880078234523535
test,RPM,RPM,1478192749.558135,1478192749.587835,3300160,21,0.328125,0,29.700040817260746,790,0x316,test,2578,RPM,1,0.086945765,0.086945765,1,0.06880078234523535
test,RPM,RPM,1478192807.430916,1478192807.477777,3400064,19,0.296875,0,46.86093330383301,790,0x316,test,2579,RPM,1,0.08107013,0.08107013,1,0.06880078234523535
test,RPM,RPM,1478192898.904433,1478192898.928428,3580928,21,0.328125,0,23.994922637939453,790,0x316,test,2580,RPM,1,0.08370132,0.08370132,1,0.06880078234523535
test,RPM,RPM,1478192831.609983,1478192831.632949,3443136,21,0.328125,2,22.498130798339844,790,0x316,test,2581,RPM,1,0.08635037,0.08635037,1,0.06880078234523535
test,Gear,Gear,1478194989.750415,1478194989.773278,3296512,19,0.296875,4,21.89302444458008,1087,0x43F,test,2582,Gear,1,0.06630938,0.06630938,0,0.06880078234523535
test,RPM,RPM,1478192858.632337,1478192858.656337,3496576,20,0.3125,0,23.999929428100582,790,0x316,test,2583,RPM,1,0.08402736,0.08402736,1,0.06880078234523535
test,DoS,DoS,1478200484.07501,1478200484.117399,2490112,33,0.515625,0,42.388916015625,0,0x000,test,2584,DoS,1,0.048360657,0.048360657,0,0.06880078234523535
test,Normal,DoS,1478201154.818933,1478201154.8645,3565376,0,0.0,-1,,399,0x18F,test,2585,Normal,0,0.061522644,0.061522644,0,0.06880078234523535
test,Normal,RPM,1478201128.457974,1478201128.495518,4472896,0,0.0,-1,,2,0x002,test,2586,Normal,0,0.06434905,0.06434905,0,0.06880078234523535
test,DoS,DoS,1478200330.711111,1478200330.866919,2297472,27,0.421875,0,155.8079719543457,0,0x000,test,2587,DoS,1,0.049458634,0.049458634,0,0.06880078234523535
test,Normal,DoS,1478201173.17867,1478201173.211893,3599296,0,0.0,-1,,704,0x2C0,test,2588,Normal,0,0.06575766,0.06575766,0,0.06880078234523535
test,Gear,Gear,1478195065.316761,1478195065.338661,3430336,18,0.28125,10,19.54007148742676,1087,0x43F,test,2589,Gear,1,0.07182755,0.07182755,1,0.06880078234523535
test,Fuzzy,Fuzzy,1478198164.196781,1478198164.216556,2910592,23,0.359375,5,18.57995986938477,790,0x316,test,2590,Fuzzy,1,0.09492998,0.09492998,1,0.06880078234523535
test,Normal,Fuzzy,1478201095.086551,1478201095.120907,3628224,0,0.0,-1,,2,0x002,test,2591,Normal,0,0.06713503,0.06713503,0,0.06880078234523535
test,Gear,Gear,1478195105.513733,1478195105.601846,3504128,20,0.3125,2,71.4259147644043,1087,0x43F,test,2592,Gear,1,0.069093704,0.069093704,1,0.06880078234523535
test,Gear,Gear,1478194873.785445,1478194873.817114,3081024,19,0.296875,1,25.81715583801269,1087,0x43F,test,2593,Gear,1,0.06896901,0.06896901,1,0.06880078234523535
test,RPM,RPM,1478192904.118114,1478192904.147766,3591936,18,0.28125,1,29.426097869873047,790,0x316,test,2594,RPM,1,0.0787874,0.0787874,1,0.06880078234523535
test,Normal,Fuzzy,1478201111.769178,1478201111.806394,3659136,0,0.0,-1,,672,0x2A0,test,2595,Normal,0,0.06447409,0.06447409,0,0.06880078234523535
test,Normal,RPM,1478201134.297248,1478201134.330228,4483712,0,0.0,-1,,399,0x18F,test,2596,Normal,0,0.0632803,0.0632803,0,0.06880078234523535
test,DoS,DoS,1478200391.857557,1478200391.890535,2361984,35,0.546875,0,32.978057861328125,0,0x000,test,2597,DoS,1,0.047383044,0.047383044,0,0.06880078234523535
test,RPM,RPM,1478192698.438584,1478192698.460885,3193216,20,0.3125,2,21.84009552001953,790,0x316,test,2598,RPM,1,0.083178684,0.083178684,1,0.06880078234523535
test,RPM,RPM,1478192698.537919,1478192698.560008,3193472,19,0.296875,4,21.158933639526367,790,0x316,test,2599,RPM,1,0.08364671,0.08364671,1,0.06880078234523535
test,RPM,RPM,1478192806.325053,1478192806.377428,3398400,20,0.3125,2,51.908016204833984,790,0x316,test,2600,RPM,1,0.081957765,0.081957765,1,0.06880078234523535
test,Gear,Gear,1478195003.867123,1478195003.908507,3320128,21,0.328125,0,41.384220123291016,1087,0x43F,test,2601,Gear,1,0.06774646,0.06774646,0,0.06880078234523535
test,Fuzzy,Fuzzy,1478197778.896726,1478197779.075935,2509312,19,0.296875,3,163.15293312072754,672,0x2A0,test,2602,Fuzzy,1,0.08674511,0.08674511,1,0.06880078234523535
test,RPM,RPM,1478192806.579604,1478192806.629247,3398784,20,0.3125,1,49.41701889038086,790,0x316,test,2603,RPM,1,0.08370278,0.08370278,1,0.06880078234523535
test,DoS,DoS,1478200589.515867,1478200589.598366,2611968,35,0.546875,0,82.49902725219727,0,0x000,test,2604,DoS,1,0.047613144,0.047613144,0,0.06880078234523535
test,Gear,Gear,1478195087.198193,1478195087.236691,3469696,19,0.296875,3,32.48000144958496,1087,0x43F,test,2605,Gear,1,0.06832061,0.06832061,0,0.06880078234523535
test,Normal,DoS,1478201096.830925,1478201096.864881,3458368,0,0.0,-1,,399,0x18F,test,2606,Normal,0,0.07035442,0.07035442,1,0.06880078234523535
test,Gear,Gear,1478194945.012357,1478194945.04668,3213760,17,0.265625,3,31.7380428314209,1087,0x43F,test,2607,Gear,1,0.06397505,0.06397505,0,0.06880078234523535
test,Gear,Gear,1478195079.076321,1478195079.105545,3455232,19,0.296875,9,26.95608139038086,1087,0x43F,test,2608,Gear,1,0.066837646,0.066837646,0,0.06880078234523535
test,Fuzzy,Fuzzy,1478198150.302856,1478198150.336871,2886400,19,0.296875,2,33.557891845703125,2,0x002,test,2609,Fuzzy,1,0.08895121,0.08895121,1,0.06880078234523535
test,Normal,Gear,1478201172.473483,1478201172.508259,4375360,0,0.0,-1,,304,0x130,test,2610,Normal,0,0.06878356,0.06878356,0,0.06880078234523535
test,Fuzzy,Fuzzy,1478197880.234557,1478197880.590014,2600128,34,0.53125,3,338.8168811798096,1087,0x43F,test,2611,Fuzzy,1,0.11788363,0.11788363,1,0.06880078234523535
test,Normal,DoS,1478201008.760626,1478201008.794395,3295936,0,0.0,-1,,304,0x130,test,2612,Normal,0,0.061229657,0.061229657,0,0.06880078234523535
test,RPM,RPM,1478192748.162403,1478192748.186907,3296896,20,0.3125,1,24.27816390991211,790,0x316,test,2613,RPM,1,0.08286496,0.08286496,1,0.06880078234523535
test,DoS,DoS,1478200396.728459,1478200396.78338,2370496,36,0.5625,0,54.92115020751953,0,0x000,test,2614,DoS,1,0.044983983,0.044983983,0,0.06880078234523535
test,Fuzzy,Fuzzy,1478198009.930481,1478198010.173727,2721984,22,0.34375,1,243.0260181427002,608,0x260,test,2615,Fuzzy,1,0.09146246,0.09146246,1,0.06880078234523535
test,Gear,Gear,1478195091.573286,1478195091.596382,3478336,19,0.296875,0,23.09584617614746,1087,0x43F,test,2616,Gear,1,0.07204436,0.07204436,1,0.06880078234523535
test,DoS,DoS,1478200398.721175,1478200398.769885,2373120,39,0.609375,0,48.71010780334473,0,0x000,test,2617,DoS,1,0.048081845,0.048081845,0,0.06880078234523535
test,Normal,Fuzzy,1478201174.404149,1478201174.437599,3774656,0,0.0,-1,,2,0x002,test,2618,Normal,0,0.0669829,0.0669829,0,0.06880078234523535
test,Normal,Fuzzy,1478201020.039718,1478201020.072489,3489920,0,0.0,-1,,2,0x002,test,2619,Normal,0,0.06487665,0.06487665,0,0.06880078234523535
test,DoS,DoS,1478200434.269895,1478200434.33262,2419776,33,0.515625,0,62.72482872009277,0,0x000,test,2620,DoS,1,0.05291772,0.05291772,0,0.06880078234523535
test,Fuzzy,Fuzzy,1478198152.408231,1478198152.445531,2889600,24,0.375,1,37.08887100219727,320,0x140,test,2621,Fuzzy,1,0.09676512,0.09676512,1,0.06880078234523535
test,RPM,RPM,1478192837.672367,1478192837.700822,3454336,10,0.15625,37,10.419130325317385,790,0x316,test,2622,RPM,1,0.07475522,0.07475522,1,0.06880078234523535
test,Fuzzy,Fuzzy,1478197739.637927,1478197739.743158,2468608,21,0.328125,3,104.54607009887695,672,0x2A0,test,2623,Fuzzy,1,0.08881745,0.08881745,1,0.06880078234523535
test,Fuzzy,Fuzzy,1478198107.373858,1478198107.401402,2817152,32,0.5,2,27.07695960998535,320,0x140,test,2624,Fuzzy,1,0.09742429,0.09742429,1,0.06880078234523535
test,Fuzzy,Fuzzy,1478197775.154671,1478197775.248607,2503360,3,0.046875,4,71.66790962219238,2,0x002,test,2625,Fuzzy,1,0.06936968,0.06936968,1,0.06880078234523535
test,Fuzzy,Fuzzy,1478197782.993458,1478197783.299771,2510336,23,0.359375,2,295.0711250305176,304,0x130,test,2626,Fuzzy,1,0.09844804,0.09844804,1,0.06880078234523535
test,Normal,Gear,1478201151.696754,1478201151.727759,4337344,0,0.0,-1,,790,0x316,test,2627,Normal,0,0.06684156,0.06684156,0,0.06880078234523535
test,Gear,Gear,1478194948.804052,1478194948.826956,3220736,21,0.328125,4,21.96693420410156,1087,0x43F,test,2628,Gear,1,0.06527928,0.06527928,0,0.06880078234523535
test,DoS,DoS,1478200389.880236,1478200389.913961,2359232,33,0.515625,1,33.47492218017578,0,0x000,test,2629,DoS,1,0.050183166,0.050183166,0,0.06880078234523535
test,Normal,DoS,1478201111.130599,1478201111.166867,3484864,0,0.0,-1,,2,0x002,test,2630,Normal,0,0.06542331,0.06542331,0,0.06880078234523535
test,Fuzzy,Fuzzy,1478198115.954599,1478198115.982531,2831296,30,0.46875,0,27.932167053222656,704,0x2C0,test,2631,Fuzzy,1,0.10089935,0.10089935,1,0.06880078234523535
test,Fuzzy,Fuzzy,1478198164.487828,1478198164.515517,2911424,24,0.375,1,27.103900909423828,2,0x002,test,2632,Fuzzy,1,0.09831824,0.09831824,1,0.06880078234523535
test,DoS,DoS,1478200445.787896,1478200445.803821,2434368,34,0.53125,1,15.679121017456056,0,0x000,test,2633,DoS,1,0.052324135,0.052324135,0,0.06880078234523535
test,Normal,DoS,1478201038.59062,1478201038.621591,3350464,0,0.0,-1,,304,0x130,test,2634,Normal,0,0.06344265,0.06344265,0,0.06880078234523535
test,Normal,RPM,1478201136.716651,1478201136.748072,4488192,0,0.0,-1,,399,0x18F,test,2635,Normal,0,0.06140295,0.06140295,0,0.06880078234523535
test,Gear,Gear,1478194867.85662,1478194867.886106,3069632,19,0.296875,2,29.0069580078125,1087,0x43F,test,2636,Gear,1,0.07074302,0.07074302,1,0.06880078234523535
test,Fuzzy,Fuzzy,1478197929.014608,1478197929.081287,2644864,34,0.53125,0,66.67900085449219,339,0x153,test,2637,Fuzzy,1,0.10225062,0.10225062,1,0.06880078234523535
test,Fuzzy,Fuzzy,1478198156.076615,1478198156.09717,2896448,27,0.421875,1,20.33209800720215,848,0x350,test,2638,Fuzzy,1,0.09658985,0.09658985,1,0.06880078234523535
test,DoS,DoS,1478200434.616957,1478200434.632829,2420224,35,0.546875,0,15.87200164794922,0,0x000,test,2639,DoS,1,0.04843517,0.04843517,0,0.06880078234523535
test,Fuzzy,Fuzzy,1478197738.886647,1478197738.970131,2468096,27,0.421875,0,83.48393440246582,399,0x18F,test,2640,Fuzzy,1,0.09338331,0.09338331,1,0.06880078234523535
test,Fuzzy,Fuzzy,1478197894.042754,1478197894.062753,2613248,26,0.40625,0,19.999027252197266,672,0x2A0,test,2641,Fuzzy,1,0.10622017,0.10622017,1,0.06880078234523535
test,Fuzzy,Fuzzy,1478197877.616149,1478197877.974613,2599552,34,0.53125,1,352.8449535369873,848,0x350,test,2642,Fuzzy,1,0.10468201,0.10468201,1,0.06880078234523535
test,Fuzzy,Fuzzy,1478197846.032863,1478197846.308365,2568640,34,0.53125,1,274.9640941619873,1088,0x440,test,2643,Fuzzy,1,0.1060281,0.1060281,1,0.06880078234523535
test,Gear,Gear,1478194970.011708,1478194970.057733,3259584,21,0.328125,3,45.30596733093262,1087,0x43F,test,2644,Gear,1,0.0698915,0.0698915,1,0.06880078234523535
test,Fuzzy,Fuzzy,1478197756.732098,1478197756.849369,2486848,25,0.390625,3,116.5621280670166,305,0x131,test,2645,Fuzzy,1,0.09681787,0.09681787,1,0.06880078234523535
test,Fuzzy,Fuzzy,1478198136.193299,1478198136.226623,2861952,22,0.34375,0,33.32400321960449,339,0x153,test,2646,Fuzzy,1,0.089183785,0.089183785,1,0.06880078234523535
test,DoS,DoS,1478200492.042341,1478200492.094549,2502336,37,0.578125,1,51.962852478027344,0,0x000,test,2647,DoS,1,0.05195251,0.05195251,0,0.06880078234523535
test,Normal,Gear,1478201071.978946,1478201072.012307,4189696,0,0.0,-1,,304,0x130,test,2648,Normal,0,0.062461734,0.062461734,0,0.06880078234523535
test,Gear,Gear,1478195026.569426,1478195026.59155,3362112,18,0.28125,10,19.756078720092773,1087,0x43F,test,2649,Gear,1,0.06477616,0.06477616,0,0.06880078234523535
test,DoS,DoS,1478200374.516693,1478200374.545329,2334656,34,0.53125,0,28.63597869873047,0,0x000,test,2650,DoS,1,0.046601124,0.046601124,0,0.06880078234523535
test,DoS,DoS,1478200572.901654,1478200572.950422,2593024,35,0.546875,1,48.52509498596192,0,0x000,test,2651,DoS,1,0.05025816,0.05025816,0,0.06880078234523535
test,RPM,RPM,1478192967.427457,1478192967.45128,3704704,21,0.328125,0,23.823022842407227,790,0x316,test,2652,RPM,1,0.08301344,0.08301344,1,0.06880078234523535
test,Normal,Gear,1478201097.64644,1478201097.678653,4237248,0,0.0,-1,,2,0x002,test,2653,Normal,0,0.06335577,0.06335577,0,0.06880078234523535
test,Normal,RPM,1478201113.745227,1478201113.777326,4445632,0,0.0,-1,,2,0x002,test,2654,Normal,0,0.068247266,0.068247266,0,0.06880078234523535
test,RPM,RPM,1478192925.169845,1478192925.211713,3628416,20,0.3125,4,40.92597961425781,790,0x316,test,2655,RPM,1,0.08145842,0.08145842,1,0.06880078234523535
test,DoS,DoS,1478200484.267066,1478200484.328164,2490304,33,0.515625,1,60.85419654846192,0,0x000,test,2656,DoS,1,0.05111276,0.05111276,0,0.06880078234523535
test,Normal,Fuzzy,1478201202.384328,1478201202.420248,3826496,0,0.0,-1,,305,0x131,test,2657,Normal,0,0.06786333,0.06786333,0,0.06880078234523535
test,RPM,RPM,1478192864.817861,1478192864.853944,3509376,19,0.296875,3,35.34197807312012,790,0x316,test,2658,RPM,1,0.08240914,0.08240914,1,0.06880078234523535
test,RPM,RPM,1478192685.178715,1478192685.201216,3163264,19,0.296875,6,21.091938018798828,790,0x316,test,2659,RPM,1,0.08082578,0.08082578,1,0.06880078234523535
test,RPM,RPM,1478192730.561574,1478192730.586526,3260032,17,0.265625,7,23.21696281433105,790,0x316,test,2660,RPM,1,0.081799336,0.081799336,1,0.06880078234523535
test,DoS,DoS,1478200374.545571,1478200374.605274,2334720,36,0.5625,1,59.46087837219238,0,0x000,test,2661,DoS,1,0.052836817,0.052836817,0,0.06880078234523535
test,RPM,RPM,1478192825.707307,1478192825.732613,3431872,20,0.3125,3,24.59406852722168,790,0x316,test,2662,RPM,1,0.08528849,0.08528849,1,0.06880078234523535
test,Fuzzy,Fuzzy,1478198135.064193,1478198135.096358,2860352,21,0.328125,4,31.23712539672852,339,0x153,test,2663,Fuzzy,1,0.087055415,0.087055415,1,0.06880078234523535
test,Gear,Gear,1478195022.811967,1478195022.834148,3355008,20,0.3125,0,22.18103408813477,1087,0x43F,test,2664,Gear,1,0.07043745,0.07043745,1,0.06880078234523535
test,Fuzzy,Fuzzy,1478197837.706669,1478197837.977345,2562368,31,0.484375,1,265.3019428253174,304,0x130,test,2665,Fuzzy,1,0.09946715,0.09946715,1,0.06880078234523535
test,Normal,DoS,1478201157.044893,1478201157.080862,3569408,0,0.0,-1,,2,0x002,test,2666,Normal,0,0.067621015,0.067621015,0,0.06880078234523535
test,DoS,DoS,1478200434.332868,1478200434.364158,2419840,33,0.515625,0,31.28981590270996,0,0x000,test,2667,DoS,1,0.057717204,0.057717204,0,0.06880078234523535
test,Normal,RPM,1478201115.266023,1478201115.297705,4448448,0,0.0,-1,,2,0x002,test,2668,Normal,0,0.06268298,0.06268298,0,0.06880078234523535
test,Fuzzy,Fuzzy,1478198043.533598,1478198043.809114,2746112,28,0.4375,0,275.5160331726074,304,0x130,test,2669,Fuzzy,1,0.09967422,0.09967422,1,0.06880078234523535
test,Gear,Gear,1478195085.536654,1478195085.596554,3466496,23,0.359375,1,53.52497100830078,1087,0x43F,test,2670,Gear,1,0.073271796,0.073271796,1,0.06880078234523535
test,Normal,Gear,1478201032.235643,1478201032.271582,4116800,0,0.0,-1,,2,0x002,test,2671,Normal,0,0.06880489,0.06880489,1,0.06880078234523535
test,Normal,Gear,1478201070.459222,1478201070.493342,4186880,0,0.0,-1,,305,0x131,test,2672,Normal,0,0.06623274,0.06623274,0,0.06880078234523535
test,DoS,DoS,1478200410.808106,1478200410.824054,2388992,35,0.546875,0,15.948057174682615,0,0x000,test,2673,DoS,1,0.04695009,0.04695009,0,0.06880078234523535
test,DoS,DoS,1478200519.312655,1478200519.44395,2536320,33,0.515625,1,131.04796409606934,0,0x000,test,2674,DoS,1,0.047173284,0.047173284,0,0.06880078234523535
test,Gear,Gear,1478194987.791673,1478194987.81408,3292160,18,0.28125,9,20.15995979309082,1087,0x43F,test,2675,Gear,1,0.06972825,0.06972825,1,0.06880078234523535
test,DoS,DoS,1478200458.673272,1478200458.842176,2454208,32,0.5,3,146.30794525146484,0,0x000,test,2676,DoS,1,0.055832647,0.055832647,0,0.06880078234523535
test,Gear,Gear,1478194958.108739,1478194958.154429,3236352,21,0.328125,0,45.690059661865234,1087,0x43F,test,2677,Gear,1,0.07001464,0.07001464,1,0.06880078234523535
test,RPM,RPM,1478192774.972511,1478192775.019577,3347584,24,0.375,0,47.06597328186035,790,0x316,test,2678,RPM,1,0.08666348,0.08666348,1,0.06880078234523535
test,Fuzzy,Fuzzy,1478197927.630536,1478197927.694202,2643264,30,0.46875,2,63.01093101501465,399,0x18F,test,2679,Fuzzy,1,0.095463775,0.095463775,1,0.06880078234523535
test,RPM,RPM,1478192960.971885,1478192961.001255,3692800,28,0.4375,1,29.135942459106445,790,0x316,test,2680,RPM,1,0.08660014,0.08660014,1,0.06880078234523535
test,Gear,Gear,1478194989.693758,1478194989.723737,3296384,22,0.34375,5,28.528928756713867,1087,0x43F,test,2681,Gear,1,0.069689766,0.069689766,1,0.06880078234523535
test,Normal,Fuzzy,1478201188.015181,1478201188.046311,3799872,0,0.0,-1,,399,0x18F,test,2682,Normal,0,0.06246645,0.06246645,0,0.06880078234523535
test,DoS,DoS,1478200473.482627,1478200473.524617,2475968,35,0.546875,0,41.990041732788086,0,0x000,test,2683,DoS,1,0.055577062,0.055577062,0,0.06880078234523535
test,Fuzzy,Fuzzy,1478197795.263463,1478197795.386654,2523200,27,0.421875,1,122.79295921325684,399,0x18F,test,2684,Fuzzy,1,0.09908058,0.09908058,1,0.06880078234523535
test,DoS,DoS,1478200556.604043,1478200556.755849,2576768,27,0.421875,4,129.91976737976074,0,0x000,test,2685,DoS,1,0.054412972,0.054412972,0,0.06880078234523535
test,Normal,RPM,1478201151.594363,1478201151.62647,4515712,0,0.0,-1,,304,0x130,test,2686,Normal,0,0.06348374,0.06348374,0,0.06880078234523535
test,Gear,Gear,1478195060.347174,1478195060.38164,3421376,21,0.328125,0,34.46602821350098,1087,0x43F,test,2687,Gear,1,0.0664039,0.0664039,0,0.06880078234523535
test,RPM,RPM,1478192754.811973,1478192754.838539,3311168,22,0.34375,4,25.5429744720459,790,0x316,test,2688,RPM,1,0.083259344,0.083259344,1,0.06880078234523535
test,DoS,DoS,1478200320.786135,1478200320.874102,2289536,35,0.546875,0,87.9671573638916,0,0x000,test,2689,DoS,1,0.0510952,0.0510952,0,0.06880078234523535
test,Fuzzy,Fuzzy,1478197749.223741,1478197749.362807,2477824,25,0.390625,0,139.06598091125488,2,0x002,test,2690,Fuzzy,1,0.096520625,0.096520625,1,0.06880078234523535
test,Normal,RPM,1478201101.724655,1478201101.756252,4423360,0,0.0,-1,,2,0x002,test,2691,Normal,0,0.06491023,0.06491023,0,0.06880078234523535
test,Gear,Gear,1478195081.116704,1478195081.148989,3458368,21,0.328125,1,32.05084800720215,1087,0x43F,test,2692,Gear,1,0.0686645,0.0686645,0,0.06880078234523535
test,DoS,DoS,1478200434.883099,1478200434.912758,2420672,34,0.53125,0,29.659032821655277,0,0x000,test,2693,DoS,1,0.05206732,0.05206732,0,0.06880078234523535
test,Gear,Gear,1478195000.645494,1478195000.670631,3316416,22,0.34375,0,25.136947631835938,1087,0x43F,test,2694,Gear,1,0.067952536,0.067952536,0,0.06880078234523535
test,Fuzzy,Fuzzy,1478198043.814804,1478198044.173035,2746176,38,0.59375,0,358.2308292388916,790,0x316,test,2695,Fuzzy,1,0.11834316,0.11834316,1,0.06880078234523535
test,Normal,DoS,1478201166.614529,1478201166.646702,3587136,0,0.0,-1,,305,0x131,test,2696,Normal,0,0.06479473,0.06479473,0,0.06880078234523535
test,Fuzzy,Fuzzy,1478198140.407825,1478198140.463729,2869568,24,0.375,0,55.90391159057617,2,0x002,test,2697,Fuzzy,1,0.10409403,0.10409403,1,0.06880078234523535
test,DoS,DoS,1478200351.46515,1478200351.649336,2313728,39,0.609375,0,184.18598175048828,0,0x000,test,2698,DoS,1,0.04832437,0.04832437,0,0.06880078234523535
test,Fuzzy,Fuzzy,1478197943.688971,1478197943.709669,2660224,23,0.359375,5,19.54007148742676,399,0x18F,test,2699,Fuzzy,1,0.0894818,0.0894818,1,0.06880078234523535
test,Gear,Gear,1478195092.229723,1478195092.256026,3479680,18,0.28125,2,25.815963745117188,1087,0x43F,test,2700,Gear,1,0.07041705,0.07041705,1,0.06880078234523535
test,Gear,Gear,1478194865.778176,1478194865.815285,3064960,22,0.34375,0,37.1088981628418,1087,0x43F,test,2701,Gear,1,0.07173535,0.07173535,1,0.06880078234523535
test,Gear,Gear,1478194879.688469,1478194879.721355,3091392,20,0.3125,1,32.64498710632324,1087,0x43F,test,2702,Gear,1,0.07368948,0.07368948,1,0.06880078234523535
test,RPM,RPM,1478192936.501205,1478192936.547235,3646656,17,0.265625,2,45.567989349365234,790,0x316,test,2703,RPM,1,0.076771535,0.076771535,1,0.06880078234523535
test,Normal,Gear,1478201120.895432,1478201120.927791,4280320,0,0.0,-1,,2,0x002,test,2704,Normal,0,0.06932314,0.06932314,1,0.06880078234523535
test,DoS,DoS,1478200529.125828,1478200529.278931,2545152,36,0.5625,1,152.85587310791016,0,0x000,test,2705,DoS,1,0.04687838,0.04687838,0,0.06880078234523535
test,Normal,DoS,1478201170.070052,1478201170.103368,3593536,0,0.0,-1,,399,0x18F,test,2706,Normal,0,0.06918229,0.06918229,1,0.06880078234523535
test,DoS,DoS,1478200391.890781,1478200391.935227,2362048,41,0.640625,0,44.44599151611328,0,0x000,test,2707,DoS,1,0.0512173,0.0512173,0,0.06880078234523535
test,DoS,DoS,1478200451.829057,1478200451.85835,2444416,38,0.59375,1,29.04510498046875,0,0x000,test,2708,DoS,1,0.049349792,0.049349792,0,0.06880078234523535
test,Gear,Gear,1478194978.074593,1478194978.102145,3273920,18,0.28125,0,27.551889419555664,1087,0x43F,test,2709,Gear,1,0.06651522,0.06651522,0,0.06880078234523535
test,Normal,DoS,1478201147.014574,1478201147.046616,3551296,0,0.0,-1,,304,0x130,test,2710,Normal,0,0.06744953,0.06744953,0,0.06880078234523535
test,Normal,Gear,1478201005.087003,1478201005.119728,4066496,0,0.0,-1,,399,0x18F,test,2711,Normal,0,0.059319943,0.059319943,0,0.06880078234523535
test,Normal,Fuzzy,1478201173.368143,1478201173.401538,3772736,0,0.0,-1,,672,0x2A0,test,2712,Normal,0,0.06567028,0.06567028,0,0.06880078234523535
test,Gear,Gear,1478194924.155711,1478194924.183311,3177664,21,0.328125,3,26.894092559814453,1087,0x43F,test,2713,Gear,1,0.06943309,0.06943309,1,0.06880078234523535
test,Normal,RPM,1478201060.093254,1478201060.129991,4346240,0,0.0,-1,,2,0x002,test,2714,Normal,0,0.06697273,0.06697273,0,0.06880078234523535
test,DoS,DoS,1478200552.435412,1478200552.472059,2569920,37,0.578125,1,36.40294075012207,0,0x000,test,2715,DoS,1,0.05059485,0.05059485,0,0.06880078234523535
test,Fuzzy,Fuzzy,1478197797.121372,1478197797.178414,2524480,22,0.34375,1,56.82706832885742,304,0x130,test,2716,Fuzzy,1,0.08185631,0.08185631,1,0.06880078234523535
test,RPM,RPM,1478192852.860929,1478192852.888706,3484416,20,0.3125,3,27.065038681030277,790,0x316,test,2717,RPM,1,0.08081219,0.08081219,1,0.06880078234523535
test,Gear,Gear,1478194991.025363,1478194991.048738,3299328,20,0.3125,3,22.671937942504883,1087,0x43F,test,2718,Gear,1,0.067089595,0.067089595,0,0.06880078234523535
test,DoS,DoS,1478200442.322014,1478200442.362365,2430016,32,0.5,0,40.35091400146485,0,0x000,test,2719,DoS,1,0.052460253,0.052460253,0,0.06880078234523535
test,DoS,DoS,1478200533.486945,1478200533.502901,2551680,35,0.546875,0,15.95616340637207,0,0x000,test,2720,DoS,1,0.048385233,0.048385233,0,0.06880078234523535
test,Normal,RPM,1478201084.864026,1478201084.89782,4392128,0,0.0,-1,,2,0x002,test,2721,Normal,0,0.065775074,0.065775074,0,0.06880078234523535
test,RPM,RPM,1478192702.405086,1478192702.429926,3201280,22,0.34375,3,24.14202690124512,790,0x316,test,2722,RPM,1,0.08723867,0.08723867,1,0.06880078234523535
test,Fuzzy,Fuzzy,1478197980.795833,1478197981.069451,2694592,28,0.4375,0,273.6179828643799,399,0x18F,test,2723,Fuzzy,1,0.09544158,0.09544158,1,0.06880078234523535
test,Gear,Gear,1478194853.389715,1478194853.414345,3038272,21,0.328125,1,24.03903007507324,1087,0x43F,test,2724,Gear,1,0.068530336,0.068530336,0,0.06880078234523535
test,DoS,DoS,1478200334.919185,1478200335.119813,2302208,34,0.53125,1,200.3798484802246,0,0x000,test,2725,DoS,1,0.044426832,0.044426832,0,0.06880078234523535
test,RPM,RPM,1478192689.660568,1478192689.684251,3172736,20,0.3125,0,23.68307113647461,790,0x316,test,2726,RPM,1,0.08145125,0.08145125,1,0.06880078234523535
test,Fuzzy,Fuzzy,1478198042.108877,1478198042.378697,2745792,29,0.453125,3,263.25488090515137,2,0x002,test,2727,Fuzzy,1,0.09832133,0.09832133,1,0.06880078234523535
test,Gear,Gear,1478194911.712443,1478194911.778863,3155264,23,0.359375,0,66.41983985900879,1087,0x43F,test,2728,Gear,1,0.07135659,0.07135659,1,0.06880078234523535
test,RPM,RPM,1478192814.332031,1478192814.368133,3410432,18,0.28125,4,35.18199920654297,790,0x316,test,2729,RPM,1,0.084287725,0.084287725,1,0.06880078234523535
test,Fuzzy,Fuzzy,1478198095.261779,1478198095.304594,2796480,20,0.3125,2,42.350053787231445,399,0x18F,test,2730,Fuzzy,1,0.08516137,0.08516137,1,0.06880078234523535
test,Gear,Gear,1478194977.85086,1478194977.882945,3273536,20,0.3125,2,31.519174575805664,1087,0x43F,test,2731,Gear,1,0.07442061,0.07442061,1,0.06880078234523535
test,Normal,Gear,1478201011.891511,1478201011.922972,4079104,0,0.0,-1,,2,0x002,test,2732,Normal,0,0.064091206,0.064091206,0,0.06880078234523535
test,Normal,DoS,1478201064.531208,1478201064.568608,3398528,0,0.0,-1,,305,0x131,test,2733,Normal,0,0.07219182,0.07219182,1,0.06880078234523535
test,RPM,RPM,1478192890.960115,1478192890.989476,3564096,20,0.3125,1,29.13498878479004,790,0x316,test,2734,RPM,1,0.087075084,0.087075084,1,0.06880078234523535
test,Normal,DoS,1478201122.980327,1478201123.016563,3506816,0,0.0,-1,,2,0x002,test,2735,Normal,0,0.06293832,0.06293832,0,0.06880078234523535
test,Normal,RPM,1478201038.952538,1478201038.9901,4307072,0,0.0,-1,,305,0x131,test,2736,Normal,0,0.064208165,0.064208165,0,0.06880078234523535
test,Gear,Gear,1478195079.320951,1478195079.37077,3455680,20,0.3125,0,49.818992614746094,1087,0x43F,test,2737,Gear,1,0.066808365,0.066808365,0,0.06880078234523535
test,Normal,Gear,1478201156.341619,1478201156.37442,4345472,0,0.0,-1,,2,0x002,test,2738,Normal,0,0.06554398,0.06554398,0,0.06880078234523535
test,RPM,RPM,1478192924.793145,1478192924.839999,3627776,24,0.375,2,46.386003494262695,790,0x316,test,2739,RPM,1,0.08193024,0.08193024,1,0.06880078234523535
test,Normal,DoS,1478201180.122589,1478201180.154609,3612160,0,0.0,-1,,2,0x002,test,2740,Normal,0,0.06558651,0.06558651,0,0.06880078234523535
test,Fuzzy,Fuzzy,1478197887.922119,1478197888.180456,2607168,25,0.390625,0,258.33702087402344,339,0x153,test,2741,Fuzzy,1,0.09376327,0.09376327,1,0.06880078234523535
test,Fuzzy,Fuzzy,1478197968.421937,1478197968.442909,2685312,23,0.359375,5,19.7908878326416,2,0x002,test,2742,Fuzzy,1,0.09002166,0.09002166,1,0.06880078234523535
test,Normal,Gear,1478201157.860531,1478201157.894347,4348288,0,0.0,-1,,2,0x002,test,2743,Normal,0,0.065126926,0.065126926,0,0.06880078234523535
test,Fuzzy,Fuzzy,1478197852.549572,1478197852.56982,2575616,22,0.34375,1,20.02882957458496,880,0x370,test,2744,Fuzzy,1,0.093946,0.093946,1,0.06880078234523535
test,Fuzzy,Fuzzy,1478198142.412906,1478198142.442181,2872768,24,0.375,0,29.27517890930176,320,0x140,test,2745,Fuzzy,1,0.09096601,0.09096601,1,0.06880078234523535
test,RPM,RPM,1478192870.812727,1478192870.836144,3521792,20,0.3125,0,23.416996002197266,790,0x316,test,2746,RPM,1,0.085674904,0.085674904,1,0.06880078234523535
test,Gear,Gear,1478194931.057804,1478194931.09395,3189248,17,0.265625,8,34.23309326171875,1087,0x43F,test,2747,Gear,1,0.06523491,0.06523491,0,0.06880078234523535
test,DoS,DoS,1478200564.476323,1478200564.578387,2582912,37,0.578125,0,102.06413269042967,0,0x000,test,2748,DoS,1,0.055415638,0.055415638,0,0.06880078234523535
test,Normal,Fuzzy,1478201062.408675,1478201062.440411,3567680,0,0.0,-1,,2,0x002,test,2749,Normal,0,0.06633474,0.06633474,0,0.06880078234523535
test,RPM,RPM,1478192937.458902,1478192937.490678,3648192,21,0.328125,0,31.77618980407715,790,0x316,test,2750,RPM,1,0.08291844,0.08291844,1,0.06880078234523535
test,Gear,Gear,1478194866.415046,1478194866.438187,3066368,19,0.296875,0,23.140907287597656,1087,0x43F,test,2751,Gear,1,0.06773937,0.06773937,0,0.06880078234523535
test,DoS,DoS,1478200490.982665,1478200491.013139,2500992,36,0.5625,0,30.47394752502441,0,0x000,test,2752,DoS,1,0.048550952,0.048550952,0,0.06880078234523535
test,Fuzzy,Fuzzy,1478197973.311764,1478197973.664493,2686656,29,0.453125,1,346.7741012573242,305,0x131,test,2753,Fuzzy,1,0.091247775,0.091247775,1,0.06880078234523535
test,Fuzzy,Fuzzy,1478197904.720825,1478197904.897227,2621632,21,0.328125,0,176.40209197998047,305,0x131,test,2754,Fuzzy,1,0.0864195,0.0864195,1,0.06880078234523535
test,Gear,Gear,1478194987.909811,1478194987.931622,3292480,18,0.28125,0,21.81100845336914,1087,0x43F,test,2755,Gear,1,0.06783785,0.06783785,0,0.06880078234523535
test,RPM,RPM,1478192690.980738,1478192691.00422,3176256,19,0.296875,1,22.96590805053711,790,0x316,test,2756,RPM,1,0.08264518,0.08264518,1,0.06880078234523535
test,DoS,DoS,1478200552.089215,1478200552.156678,2569472,35,0.546875,0,67.46292114257812,0,0x000,test,2757,DoS,1,0.046502255,0.046502255,0,0.06880078234523535
test,Fuzzy,Fuzzy,1478197757.516826,1478197757.55988,2487296,26,0.40625,0,43.05410385131836,2,0x002,test,2758,Fuzzy,1,0.09830658,0.09830658,1,0.06880078234523535
test,Fuzzy,Fuzzy,1478198086.048059,1478198086.121924,2783168,22,0.34375,6,70.25599479675293,339,0x153,test,2759,Fuzzy,1,0.08575666,0.08575666,1,0.06880078234523535
test,Fuzzy,Fuzzy,1478198027.756277,1478198028.12158,2735168,31,0.484375,0,365.30280113220215,399,0x18F,test,2760,Fuzzy,1,0.10624012,0.10624012,1,0.06880078234523535
test,Normal,Fuzzy,1478201133.810565,1478201133.845373,3699968,0,0.0,-1,,608,0x260,test,2761,Normal,0,0.06485416,0.06485416,0,0.06880078234523535
test,DoS,DoS,1478200498.376172,1478200498.477948,2510720,38,0.59375,1,101.531982421875,0,0x000,test,2762,DoS,1,0.04251367,0.04251367,0,0.06880078234523535
test,RPM,RPM,1478192753.893798,1478192753.916475,3308672,21,0.328125,1,22.45116233825684,790,0x316,test,2763,RPM,1,0.08454163,0.08454163,1,0.06880078234523535
test,Normal,RPM,1478201109.426437,1478201109.460237,4437632,0,0.0,-1,,2,0x002,test,2764,Normal,0,0.06773485,0.06773485,0,0.06880078234523535
test,Normal,RPM,1478201074.777649,1478201074.810057,4373440,0,0.0,-1,,304,0x130,test,2765,Normal,0,0.070576005,0.070576005,1,0.06880078234523535
test,Fuzzy,Fuzzy,1478198094.965331,1478198095.016133,2796032,25,0.390625,1,45.42207717895508,2,0x002,test,2766,Fuzzy,1,0.09118988,0.09118988,1,0.06880078234523535
test,Gear,Gear,1478195000.833293,1478195000.887588,3316928,26,0.40625,1,54.06403541564941,1087,0x43F,test,2767,Gear,1,0.07238631,0.07238631,1,0.06880078234523535
test,RPM,RPM,1478192879.610499,1478192879.635178,3540032,21,0.328125,0,24.679183959960938,790,0x316,test,2768,RPM,1,0.085905306,0.085905306,1,0.06880078234523535
test,Gear,Gear,1478194865.625408,1478194865.657157,3064576,19,0.296875,0,31.74901008605957,1087,0x43F,test,2769,Gear,1,0.06420504,0.06420504,0,0.06880078234523535
test,Gear,Gear,1478194944.443053,1478194944.467241,3212928,21,0.328125,3,23.28014373779297,1087,0x43F,test,2770,Gear,1,0.07148353,0.07148353,1,0.06880078234523535
test,Gear,Gear,1478195086.820244,1478195086.851072,3468864,18,0.28125,1,30.59601783752441,1087,0x43F,test,2771,Gear,1,0.068761185,0.068761185,0,0.06880078234523535
test,Fuzzy,Fuzzy,1478198168.560388,1478198168.600532,2917568,25,0.390625,1,39.79802131652832,339,0x153,test,2772,Fuzzy,1,0.09054246,0.09054246,1,0.06880078234523535
test,DoS,DoS,1478200624.171678,1478200624.187637,2650176,35,0.546875,1,15.712976455688477,0,0x000,test,2773,DoS,1,0.050388917,0.050388917,0,0.06880078234523535
test,RPM,RPM,1478192749.19675,1478192749.221535,3299328,21,0.328125,0,24.78504180908203,790,0x316,test,2774,RPM,1,0.083886825,0.083886825,1,0.06880078234523535
test,Normal,Gear,1478201016.59012,1478201016.621557,4087808,0,0.0,-1,,2,0x002,test,2775,Normal,0,0.062725514,0.062725514,0,0.06880078234523535
test,DoS,DoS,1478200490.711665,1478200490.78038,2500608,33,0.515625,0,68.71509552001953,0,0x000,test,2776,DoS,1,0.046561223,0.046561223,0,0.06880078234523535
test,DoS,DoS,1478200387.653446,1478200387.670106,2355840,36,0.5625,0,16.659975051879883,0,0x000,test,2777,DoS,1,0.0492581,0.0492581,0,0.06880078234523535
test,Gear,Gear,1478194945.157953,1478194945.235831,3214016,17,0.265625,0,77.87799835205078,1087,0x43F,test,2778,Gear,1,0.07054937,0.07054937,1,0.06880078234523535
test,Normal,DoS,1478201179.465145,1478201179.499095,3610944,0,0.0,-1,,304,0x130,test,2779,Normal,0,0.06595768,0.06595768,0,0.06880078234523535
test,RPM,RPM,1478192851.645352,1478192851.671835,3481408,18,0.28125,5,25.276899337768555,790,0x316,test,2780,RPM,1,0.079724975,0.079724975,1,0.06880078234523535
test,Fuzzy,Fuzzy,1478198144.183967,1478198144.243824,2875776,28,0.4375,7,58.16507339477539,399,0x18F,test,2781,Fuzzy,1,0.09244653,0.09244653,1,0.06880078234523535
test,RPM,RPM,1478192691.754666,1478192691.784171,3178304,21,0.328125,2,28.97500991821289,790,0x316,test,2782,RPM,1,0.0851751,0.0851751,1,0.06880078234523535
test,Gear,Gear,1478194893.616954,1478194893.640046,3118336,19,0.296875,2,22.62282371520996,1087,0x43F,test,2783,Gear,1,0.06894923,0.06894923,1,0.06880078234523535
test,DoS,DoS,1478200383.920221,1478200383.953387,2349248,34,0.53125,1,32.913923263549805,0,0x000,test,2784,DoS,1,0.050478004,0.050478004,0,0.06880078234523535
test,Fuzzy,Fuzzy,1478198175.604056,1478198175.653302,2929344,25,0.390625,0,49.24607276916504,399,0x18F,test,2785,Fuzzy,1,0.09401254,0.09401254,1,0.06880078234523535
test,RPM,RPM,1478192896.135537,1478192896.160864,3574400,23,0.359375,0,25.327205657958984,790,0x316,test,2786,RPM,1,0.08515649,0.08515649,1,0.06880078234523535
test,Normal,DoS,1478201204.339873,1478201204.372275,3657024,0,0.0,-1,,2,0x002,test,2787,Normal,0,0.06007628,0.06007628,0,0.06880078234523535
test,Fuzzy,Fuzzy,1478197861.759093,1478197861.956182,2583424,28,0.4375,0,197.0889568328857,2,0x002,test,2788,Fuzzy,1,0.107844554,0.107844554,1,0.06880078234523535
test,DoS,DoS,1478200427.800649,1478200427.847671,2409024,32,0.5,1,46.7839241027832,0,0x000,test,2789,DoS,1,0.047216438,0.047216438,0,0.06880078234523535
test,Normal,RPM,1478201052.737975,1478201052.770222,4332608,0,0.0,-1,,2,0x002,test,2790,Normal,0,0.0628049,0.0628049,0,0.06880078234523535
test,Fuzzy,Fuzzy,1478197745.3399,1478197745.390638,2475776,26,0.40625,2,50.27222633361816,305,0x131,test,2791,Fuzzy,1,0.08814522,0.08814522,1,0.06880078234523535
test,Normal,RPM,1478201056.675189,1478201056.708896,4339904,0,0.0,-1,,339,0x153,test,2792,Normal,0,0.06916118,0.06916118,1,0.06880078234523535
test,RPM,RPM,1478192762.085607,1478192762.126841,3325824,21,0.328125,2,40.76814651489258,790,0x316,test,2793,RPM,1,0.08349295,0.08349295,1,0.06880078234523535
test,DoS,DoS,1478200451.02922,1478200451.110427,2443392,35,0.546875,0,81.2067985534668,0,0x000,test,2794,DoS,1,0.05317132,0.05317132,0,0.06880078234523535
test,DoS,DoS,1478200429.929539,1478200429.949001,2412160,34,0.53125,0,19.462108612060547,0,0x000,test,2795,DoS,1,0.049914632,0.049914632,0,0.06880078234523535
test,DoS,DoS,1478200366.461941,1478200366.678292,2325760,35,0.546875,1,216.1049842834473,0,0x000,test,2796,DoS,1,0.051662702,0.051662702,0,0.06880078234523535
test,DoS,DoS,1478200388.416192,1478200388.449434,2357184,36,0.5625,0,33.241987228393555,0,0x000,test,2797,DoS,1,0.04538851,0.04538851,0,0.06880078234523535
test,DoS,DoS,1478200484.216152,1478200484.266816,2490240,35,0.546875,0,50.66394805908203,0,0x000,test,2798,DoS,1,0.046398968,0.046398968,0,0.06880078234523535
test,Gear,Gear,1478195066.136623,1478195066.171979,3431744,20,0.3125,4,32.23395347595215,1087,0x43F,test,2799,Gear,1,0.07120305,0.07120305,1,0.06880078234523535
test,Normal,Gear,1478201204.360114,1478201204.392301,4434432,0,0.0,-1,,2,0x002,test,2800,Normal,0,0.05927694,0.05927694,0,0.06880078234523535
test,RPM,RPM,1478192716.835897,1478192716.875353,3233344,18,0.28125,1,39.0009880065918,790,0x316,test,2801,RPM,1,0.08100685,0.08100685,1,0.06880078234523535
test,RPM,RPM,1478192774.265208,1478192774.295451,3346688,18,0.28125,4,29.3118953704834,790,0x316,test,2802,RPM,1,0.07605652,0.07605652,1,0.06880078234523535
test,Normal,Fuzzy,1478201098.367713,1478201098.400717,3634304,0,0.0,-1,,304,0x130,test,2803,Normal,0,0.066410065,0.066410065,0,0.06880078234523535
test,DoS,DoS,1478200634.067038,1478200634.166119,2658944,35,0.546875,0,99.08103942871094,0,0x000,test,2804,DoS,1,0.047624145,0.047624145,0,0.06880078234523535
test,Gear,Gear,1478195060.497028,1478195060.521077,3421632,21,0.328125,2,23.581981658935547,1087,0x43F,test,2805,Gear,1,0.06835661,0.06835661,0,0.06880078234523535
test,Normal,Fuzzy,1478201018.138769,1478201018.172241,3486400,0,0.0,-1,,2,0x002,test,2806,Normal,0,0.06340482,0.06340482,0,0.06880078234523535
test,RPM,RPM,1478192708.610217,1478192708.632188,3215232,20,0.3125,1,21.744966506958008,790,0x316,test,2807,RPM,1,0.08838483,0.08838483,1,0.06880078234523535
test,DoS,DoS,1478200505.103908,1478200505.353409,2520832,37,0.578125,0,249.50098991394043,0,0x000,test,2808,DoS,1,0.051913004,0.051913004,0,0.06880078234523535
test,DoS,DoS,1478200631.804339,1478200631.820424,2657728,35,0.546875,0,16.085147857666016,0,0x000,test,2809,DoS,1,0.048967514,0.048967514,0,0.06880078234523535
test,Normal,RPM,1478201191.922388,1478201191.954172,4589952,0,0.0,-1,,2,0x002,test,2810,Normal,0,0.059138462,0.059138462,0,0.06880078234523535
test,Gear,Gear,1478194880.769301,1478194880.817208,3093312,19,0.296875,0,47.90711402893066,1087,0x43F,test,2811,Gear,1,0.06848015,0.06848015,0,0.06880078234523535
test,RPM,RPM,1478192756.280978,1478192756.307953,3314688,20,0.3125,4,25.88677406311035,790,0x316,test,2812,RPM,1,0.08628806,0.08628806,1,0.06880078234523535
test,DoS,DoS,1478200612.564171,1478200612.715935,2636608,34,0.53125,1,151.5181064605713,0,0x000,test,2813,DoS,1,0.050674446,0.050674446,0,0.06880078234523535
test,DoS,DoS,1478200392.123086,1478200392.150853,2362368,38,0.59375,0,27.766942977905277,0,0x000,test,2814,DoS,1,0.048606247,0.048606247,0,0.06880078234523535
test,Normal,DoS,1478201191.419216,1478201191.453017,3633088,0,0.0,-1,,2,0x002,test,2815,Normal,0,0.06280558,0.06280558,0,0.06880078234523535
test,Gear,Gear,1478194974.715424,1478194974.739753,3268032,22,0.34375,1,24.090051651000977,1087,0x43F,test,2816,Gear,1,0.06690883,0.06690883,0,0.06880078234523535
test,Fuzzy,Fuzzy,1478197873.955342,1478197873.987241,2593408,22,0.34375,1,31.67605400085449,304,0x130,test,2817,Fuzzy,1,0.0970516,0.0970516,1,0.06880078234523535
test,Gear,Gear,1478194964.208272,1478194964.239896,3248704,20,0.3125,0,31.62407875061035,1087,0x43F,test,2818,Gear,1,0.06853647,0.06853647,0,0.06880078234523535
test,DoS,DoS,1478200565.017141,1478200565.087588,2583296,34,0.53125,0,70.44696807861328,0,0x000,test,2819,DoS,1,0.049216587,0.049216587,0,0.06880078234523535
test,RPM,RPM,1478192840.761071,1478192840.795404,3460288,20,0.3125,2,33.86497497558594,790,0x316,test,2820,RPM,1,0.07966574,0.07966574,1,0.06880078234523535
test,Fuzzy,Fuzzy,1478198119.822888,1478198119.863858,2836096,21,0.328125,13,37.89401054382324,304,0x130,test,2821,Fuzzy,1,0.08842439,0.08842439,1,0.06880078234523535
test,DoS,DoS,1478200605.819373,1478200606.043053,2629120,35,0.546875,1,212.66889572143555,0,0x000,test,2822,DoS,1,0.057367932,0.057367932,0,0.06880078234523535
test,Fuzzy,Fuzzy,1478198092.665061,1478198092.740157,2792768,27,0.421875,3,70.7387924194336,790,0x316,test,2823,Fuzzy,1,0.087141596,0.087141596,1,0.06880078234523535
test,Gear,Gear,1478194853.773265,1478194853.812996,3039168,22,0.34375,2,39.263010025024414,1087,0x43F,test,2824,Gear,1,0.07014925,0.07014925,1,0.06880078234523535
test,Fuzzy,Fuzzy,1478197919.565127,1478197919.659468,2635904,29,0.453125,1,88.52195739746094,704,0x2C0,test,2825,Fuzzy,1,0.09897163,0.09897163,1,0.06880078234523535
test,Fuzzy,Fuzzy,1478198125.208846,1478198125.25696,2844672,28,0.4375,3,47.518014907836914,809,0x329,test,2826,Fuzzy,1,0.097891636,0.097891636,1,0.06880078234523535
test,Normal,Gear,1478201165.114991,1478201165.146899,4361728,0,0.0,-1,,399,0x18F,test,2827,Normal,0,0.06794097,0.06794097,0,0.06880078234523535
test,Gear,Gear,1478194943.467375,1478194943.497588,3211328,22,0.34375,1,29.915809631347656,1087,0x43F,test,2828,Gear,1,0.06941128,0.06941128,1,0.06880078234523535
test,RPM,RPM,1478192904.0074,1478192904.040676,3591680,20,0.3125,4,32.340049743652344,790,0x316,test,2829,RPM,1,0.086685084,0.086685084,1,0.06880078234523535
test,Normal,RPM,1478201184.459761,1478201184.493193,4576128,0,0.0,-1,,2,0x002,test,2830,Normal,0,0.06930253,0.06930253,1,0.06880078234523535
test,Fuzzy,Fuzzy,1478198005.806987,1478198006.134586,2716992,27,0.421875,3,326.9040584564209,339,0x153,test,2831,Fuzzy,1,0.10615951,0.10615951,1,0.06880078234523535
test,Gear,Gear,1478195008.7616,1478195008.790632,3329984,20,0.3125,0,29.031991958618164,1087,0x43F,test,2832,Gear,1,0.07213614,0.07213614,1,0.06880078234523535
test,RPM,RPM,1478192684.142131,1478192684.166433,3160704,21,0.328125,1,23.61702919006348,790,0x316,test,2833,RPM,1,0.08324693,0.08324693,1,0.06880078234523535
test,DoS,DoS,1478200349.771105,1478200349.907474,2313152,36,0.5625,0,136.368989944458,0,0x000,test,2834,DoS,1,0.051558595,0.051558595,0,0.06880078234523535
test,Gear,Gear,1478195020.105562,1478195020.129491,3349824,21,0.328125,0,23.929119110107425,1087,0x43F,test,2835,Gear,1,0.06896038,0.06896038,1,0.06880078234523535
test,Fuzzy,Fuzzy,1478197737.113168,1478197737.185325,2467072,17,0.265625,2,60.884952545166016,1087,0x43F,test,2836,Fuzzy,1,0.07952487,0.07952487,1,0.06880078234523535
test,DoS,DoS,1478200443.201977,1478200443.237606,2431168,31,0.484375,1,35.382986068725586,0,0x000,test,2837,DoS,1,0.051336437,0.051336437,0,0.06880078234523535
test,DoS,DoS,1478200520.53607,1478200520.751654,2536896,32,0.5,2,214.85280990600583,0,0x000,test,2838,DoS,1,0.050332125,0.050332125,0,0.06880078234523535
test,DoS,DoS,1478200473.652664,1478200473.715551,2476160,35,0.546875,1,62.63899803161621,0,0x000,test,2839,DoS,1,0.052776437,0.052776437,0,0.06880078234523535
test,Normal,Fuzzy,1478201147.16735,1478201147.204352,3724672,0,0.0,-1,,399,0x18F,test,2840,Normal,0,0.066296004,0.066296004,0,0.06880078234523535
test,Gear,Gear,1478194923.053601,1478194923.076439,3175744,19,0.296875,4,21.872997283935547,1087,0x43F,test,2841,Gear,1,0.064401574,0.064401574,0,0.06880078234523535
test,DoS,DoS,1478200550.256304,1478200550.419956,2568640,32,0.5,1,158.2958698272705,0,0x000,test,2842,DoS,1,0.04732154,0.04732154,0,0.06880078234523535
test,RPM,RPM,1478192852.888996,1478192852.916797,3484480,20,0.3125,1,27.206897735595703,790,0x316,test,2843,RPM,1,0.085839786,0.085839786,1,0.06880078234523535
test,DoS,DoS,1478200581.39213,1478200581.544319,2603200,38,0.59375,1,151.94296836853027,0,0x000,test,2844,DoS,1,0.05179262,0.05179262,0,0.06880078234523535
test,Normal,Gear,1478201084.45016,1478201084.482659,4212800,0,0.0,-1,,399,0x18F,test,2845,Normal,0,0.06699343,0.06699343,0,0.06880078234523535
test,Gear,Gear,1478194867.43175,1478194867.455078,3068608,20,0.3125,3,22.623777389526367,1087,0x43F,test,2846,Gear,1,0.06773457,0.06773457,0,0.06880078234523535
test,RPM,RPM,1478192950.020371,1478192950.051498,3671488,21,0.328125,3,29.65784072875977,790,0x316,test,2847,RPM,1,0.08082674,0.08082674,1,0.06880078234523535
test,DoS,DoS,1478200398.477101,1478200398.526652,2372736,32,0.5,4,42.92917251586914,0,0x000,test,2848,DoS,1,0.055620443,0.055620443,0,0.06880078234523535
test,DoS,DoS,1478200449.142708,1478200449.158755,2440512,35,0.546875,0,16.047000885009766,0,0x000,test,2849,DoS,1,0.052899644,0.052899644,0,0.06880078234523535
test,Fuzzy,Fuzzy,1478197919.021099,1478197919.159345,2635712,29,0.453125,0,138.2458209991455,399,0x18F,test,2850,Fuzzy,1,0.10090395,0.10090395,1,0.06880078234523535
test,DoS,DoS,1478200513.211692,1478200513.392151,2529344,33,0.515625,0,180.45902252197263,0,0x000,test,2851,DoS,1,0.049683247,0.049683247,0,0.06880078234523535
test,Gear,Gear,1478194930.81649,1478194930.879129,3188928,21,0.328125,0,62.63899803161621,1087,0x43F,test,2852,Gear,1,0.06895188,0.06895188,1,0.06880078234523535
test,DoS,DoS,1478200541.398885,1478200541.533117,2560896,40,0.625,0,134.2320442199707,0,0x000,test,2853,DoS,1,0.04755057,0.04755057,0,0.06880078234523535
test,Normal,Gear,1478201189.33002,1478201189.365415,4406592,0,0.0,-1,,2,0x002,test,2854,Normal,0,0.059033927,0.059033927,0,0.06880078234523535
test,Fuzzy,Fuzzy,1478197749.583689,1478197749.644106,2478016,28,0.4375,0,60.41693687438965,399,0x18F,test,2855,Fuzzy,1,0.10265435,0.10265435,1,0.06880078234523535
test,Normal,RPM,1478201089.564053,1478201089.597007,4400832,0,0.0,-1,,2,0x002,test,2856,Normal,0,0.0634526,0.0634526,0,0.06880078234523535
test,DoS,DoS,1478200491.802687,1478200491.885744,2502080,35,0.546875,0,83.05716514587402,0,0x000,test,2857,DoS,1,0.05496776,0.05496776,0,0.06880078234523535
test,RPM,RPM,1478192831.897369,1478192831.950004,3443712,25,0.390625,1,52.15716361999512,790,0x316,test,2858,RPM,1,0.08919202,0.08919202,1,0.06880078234523535
test,RPM,RPM,1478192931.340256,1478192931.40704,3637376,18,0.28125,1,65.85001945495605,790,0x316,test,2859,RPM,1,0.07838919,0.07838919,1,0.06880078234523535
test,Gear,Gear,1478194964.424358,1478194964.46756,3249152,17,0.265625,0,43.20216178894043,1087,0x43F,test,2860,Gear,1,0.072157495,0.072157495,1,0.06880078234523535
test,Gear,Gear,1478195033.009166,1478195033.031798,3372352,21,0.328125,2,22.154808044433597,1087,0x43F,test,2861,Gear,1,0.06996653,0.06996653,1,0.06880078234523535
test,Fuzzy,Fuzzy,1478198123.876858,1478198123.920274,2843136,27,0.421875,0,43.41602325439453,790,0x316,test,2862,Fuzzy,1,0.09227237,0.09227237,1,0.06880078234523535
test,RPM,RPM,1478192847.036486,1478192847.063845,3472448,21,0.328125,4,26.408910751342773,790,0x316,test,2863,RPM,1,0.08379279,0.08379279,1,0.06880078234523535
test,Fuzzy,Fuzzy,1478198093.819108,1478198093.847028,2794368,23,0.359375,0,27.92000770568848,304,0x130,test,2864,Fuzzy,1,0.09536991,0.09536991,1,0.06880078234523535
test,Normal,DoS,1478201124.94892,1478201124.98597,3510464,0,0.0,-1,,339,0x153,test,2865,Normal,0,0.065621704,0.065621704,0,0.06880078234523535
test,RPM,RPM,1478192871.415222,1478192871.446915,3523072,22,0.34375,5,30.508995056152344,790,0x316,test,2866,RPM,1,0.083685584,0.083685584,1,0.06880078234523535
test,Fuzzy,Fuzzy,1478197961.914497,1478197961.943855,2678272,31,0.484375,6,27.924060821533203,2,0x002,test,2867,Fuzzy,1,0.098792404,0.098792404,1,0.06880078234523535
test,RPM,RPM,1478192741.539392,1478192741.573939,3282560,20,0.3125,0,34.54709053039551,790,0x316,test,2868,RPM,1,0.08099061,0.08099061,1,0.06880078234523535
test,Gear,Gear,1478195119.443586,1478195119.567996,3520768,25,0.390625,0,124.40991401672365,1087,0x43F,test,2869,Gear,1,0.06602306,0.06602306,0,0.06880078234523535
test,Normal,RPM,1478201088.318751,1478201088.353941,4398528,0,0.0,-1,,608,0x260,test,2870,Normal,0,0.06317236,0.06317236,0,0.06880078234523535
test,DoS,DoS,1478200411.607318,1478200411.7279,2389504,33,0.515625,1,120.33700942993164,0,0x000,test,2871,DoS,1,0.049696166,0.049696166,0,0.06880078234523535
test,Gear,Gear,1478195072.343231,1478195072.376872,3443008,21,0.328125,1,33.408164978027344,1087,0x43F,test,2872,Gear,1,0.06823541,0.06823541,0,0.06880078234523535
test,DoS,DoS,1478200441.737893,1478200441.793259,2429568,37,0.578125,0,55.365800857543945,0,0x000,test,2873,DoS,1,0.055918522,0.055918522,0,0.06880078234523535
test,DoS,DoS,1478200481.508376,1478200481.554138,2488128,32,0.5,0,45.76206207275391,0,0x000,test,2874,DoS,1,0.04683964,0.04683964,0,0.06880078234523535
test,Gear,Gear,1478194892.861795,1478194892.894946,3116544,21,0.328125,1,32.91916847229004,1087,0x43F,test,2875,Gear,1,0.06765228,0.06765228,0,0.06880078234523535
test,Fuzzy,Fuzzy,1478198009.229021,1478198009.299983,2721728,15,0.234375,21,59.773921966552734,2,0x002,test,2876,Fuzzy,1,0.0811576,0.0811576,1,0.06880078234523535
test,Gear,Gear,1478194918.655568,1478194918.693785,3167936,20,0.3125,2,37.74690628051758,1087,0x43F,test,2877,Gear,1,0.07167095,0.07167095,1,0.06880078234523535
test,DoS,DoS,1478200512.419052,1478200512.518715,2528896,38,0.59375,0,99.66301918029784,0,0x000,test,2878,DoS,1,0.050073724,0.050073724,0,0.06880078234523535
test,Gear,Gear,1478194930.135562,1478194930.172805,3187904,19,0.296875,2,36.56005859375,1087,0x43F,test,2879,Gear,1,0.067082874,0.067082874,0,0.06880078234523535
test,DoS,DoS,1478200468.227722,1478200468.290278,2468160,33,0.515625,0,62.55602836608887,0,0x000,test,2880,DoS,1,0.051878326,0.051878326,0,0.06880078234523535
test,Normal,RPM,1478201204.114581,1478201204.15178,4612544,0,0.0,-1,,704,0x2C0,test,2881,Normal,0,0.06417191,0.06417191,0,0.06880078234523535
test,Fuzzy,Fuzzy,1478198141.623248,1478198141.673984,2871488,20,0.3125,2,50.27914047241211,339,0x153,test,2882,Fuzzy,1,0.09142427,0.09142427,1,0.06880078234523535
test,DoS,DoS,1478200419.085202,1478200419.235783,2397760,30,0.46875,0,150.58112144470215,0,0x000,test,2883,DoS,1,0.05072479,0.05072479,0,0.06880078234523535
test,Gear,Gear,1478194958.352016,1478194958.379835,3236736,16,0.25,7,26.132822036743164,1087,0x43F,test,2884,Gear,1,0.06799286,0.06799286,0,0.06880078234523535
test,Fuzzy,Fuzzy,1478197912.123702,1478197912.220345,2629440,31,0.484375,3,95.93796730041504,2,0x002,test,2885,Fuzzy,1,0.09773247,0.09773247,1,0.06880078234523535
test,RPM,RPM,1478192892.856598,1478192892.896809,3568256,20,0.3125,5,38.37418556213379,790,0x316,test,2886,RPM,1,0.086989105,0.086989105,1,0.06880078234523535
test,Gear,Gear,1478195007.272711,1478195007.295649,3326592,21,0.328125,0,22.938013076782227,1087,0x43F,test,2887,Gear,1,0.07235374,0.07235374,1,0.06880078234523535
test,RPM,RPM,1478192684.704729,1478192684.728559,3162112,20,0.3125,3,22.89104461669922,790,0x316,test,2888,RPM,1,0.080822505,0.080822505,1,0.06880078234523535
test,Normal,Fuzzy,1478201091.18431,1478201091.216597,3620992,0,0.0,-1,,399,0x18F,test,2889,Normal,0,0.06464177,0.06464177,0,0.06880078234523535
test,Gear,Gear,1478194872.51638,1478194872.546807,3078592,20,0.3125,11,27.807950973510746,1087,0x43F,test,2890,Gear,1,0.06537478,0.06537478,0,0.06880078234523535
test,Gear,Gear,1478195015.91082,1478195015.999253,3342208,18,0.28125,1,82.60798454284668,1087,0x43F,test,2891,Gear,1,0.06762631,0.06762631,0,0.06880078234523535
test,Normal,RPM,1478201055.605719,1478201055.636704,4337920,0,0.0,-1,,672,0x2A0,test,2892,Normal,0,0.0632487,0.0632487,0,0.06880078234523535
test,Gear,Gear,1478194969.972751,1478194970.011461,3259520,18,0.28125,2,37.7659797668457,1087,0x43F,test,2893,Gear,1,0.06299479,0.06299479,0,0.06880078234523535
test,DoS,DoS,1478200322.009495,1478200322.138533,2290112,33,0.515625,0,129.03809547424316,0,0x000,test,2894,DoS,1,0.04920146,0.04920146,0,0.06880078234523535
test,Normal,RPM,1478201129.220577,1478201129.254605,4474304,0,0.0,-1,,399,0x18F,test,2895,Normal,0,0.06350132,0.06350132,0,0.06880078234523535
test,Normal,DoS,1478201117.075218,1478201117.107349,3495872,0,0.0,-1,,2,0x002,test,2896,Normal,0,0.064415194,0.064415194,0,0.06880078234523535
test,DoS,DoS,1478200322.471141,1478200322.543038,2290304,33,0.515625,1,71.65384292602539,0,0x000,test,2897,DoS,1,0.058012888,0.058012888,0,0.06880078234523535
test,Gear,Gear,1478194916.662136,1478194916.685069,3164608,21,0.328125,1,22.704124450683597,1087,0x43F,test,2898,Gear,1,0.067493305,0.067493305,0,0.06880078234523535
test,DoS,DoS,1478200399.477365,1478200399.525943,2374208,35,0.546875,1,48.33006858825684,0,0x000,test,2899,DoS,1,0.04972652,0.04972652,0,0.06880078234523535
test,RPM,RPM,1478192866.815401,1478192866.838911,3513664,19,0.296875,4,22.55415916442871,790,0x316,test,2900,RPM,1,0.08395212,0.08395212,1,0.06880078234523535
test,Normal,Fuzzy,1478201135.639491,1478201135.676014,3703360,0,0.0,-1,,2,0x002,test,2901,Normal,0,0.06212663,0.06212663,0,0.06880078234523535
test,DoS,DoS,1478200510.898478,1478200510.915112,2527616,36,0.5625,0,16.633987426757812,0,0x000,test,2902,DoS,1,0.049089167,0.049089167,0,0.06880078234523535
test,Fuzzy,Fuzzy,1478197770.870507,1478197771.013304,2501888,28,0.4375,0,142.79699325561523,339,0x153,test,2903,Fuzzy,1,0.099642865,0.099642865,1,0.06880078234523535
test,RPM,RPM,1478192961.071802,1478192961.093241,3693056,20,0.3125,2,20.72906494140625,790,0x316,test,2904,RPM,1,0.076678455,0.076678455,1,0.06880078234523535
test,Normal,Fuzzy,1478201055.395232,1478201055.428472,3554688,0,0.0,-1,,399,0x18F,test,2905,Normal,0,0.06329007,0.06329007,0,0.06880078234523535
test,Gear,Gear,1478194996.699478,1478194996.73355,3309440,20,0.3125,0,34.072160720825195,1087,0x43F,test,2906,Gear,1,0.06848729,0.06848729,0,0.06880078234523535
test,Normal,RPM,1478201075.950235,1478201075.987342,4375616,0,0.0,-1,,790,0x316,test,2907,Normal,0,0.06587692,0.06587692,0,0.06880078234523535
test,Gear,Gear,1478194861.217047,1478194861.240277,3055552,18,0.28125,2,22.771120071411133,1087,0x43F,test,2908,Gear,1,0.06349728,0.06349728,0,0.06880078234523535
test,Fuzzy,Fuzzy,1478198116.345499,1478198116.372746,2831872,27,0.421875,5,26.0770320892334,880,0x370,test,2909,Fuzzy,1,0.092183486,0.092183486,1,0.06880078234523535
test,Normal,Gear,1478201153.229773,1478201153.26599,4340160,0,0.0,-1,,339,0x153,test,2910,Normal,0,0.06130457,0.06130457,0,0.06880078234523535
test,Normal,Gear,1478201183.978503,1478201184.009695,4396672,0,0.0,-1,,399,0x18F,test,2911,Normal,0,0.0590821,0.0590821,0,0.06880078234523535
test,DoS,DoS,1478200626.662828,1478200626.763812,2651328,41,0.640625,0,100.9840965270996,0,0x000,test,2912,DoS,1,0.044610094,0.044610094,0,0.06880078234523535
test,Fuzzy,Fuzzy,1478198174.428205,1478198174.466502,2927808,26,0.40625,1,36.473989486694336,399,0x18F,test,2913,Fuzzy,1,0.1051538,0.1051538,1,0.06880078234523535
test,DoS,DoS,1478200389.149998,1478200389.221052,2358208,35,0.546875,0,71.05398178100586,0,0x000,test,2914,DoS,1,0.048104018,0.048104018,0,0.06880078234523535
test,Fuzzy,Fuzzy,1478197939.212713,1478197939.442013,2654080,28,0.4375,4,223.07491302490237,399,0x18F,test,2915,Fuzzy,1,0.09021969,0.09021969,1,0.06880078234523535
test,Normal,DoS,1478201077.139284,1478201077.175505,3421888,0,0.0,-1,,809,0x329,test,2916,Normal,0,0.06407505,0.06407505,0,0.06880078234523535
test,DoS,DoS,1478200449.883447,1478200449.923678,2441856,33,0.515625,1,39.981842041015625,0,0x000,test,2917,DoS,1,0.057989664,0.057989664,0,0.06880078234523535
test,RPM,RPM,1478192705.084373,1478192705.112999,3208320,20,0.3125,3,27.781009674072266,790,0x316,test,2918,RPM,1,0.08338704,0.08338704,1,0.06880078234523535
test,Fuzzy,Fuzzy,1478197782.128828,1478197782.452941,2510144,21,0.328125,6,280.4949283599853,704,0x2C0,test,2919,Fuzzy,1,0.086752795,0.086752795,1,0.06880078234523535
test,RPM,RPM,1478192723.378177,1478192723.420073,3246016,21,0.328125,0,41.89610481262207,790,0x316,test,2920,RPM,1,0.08244619,0.08244619,1,0.06880078234523535
test,Fuzzy,Fuzzy,1478197896.463098,1478197896.705074,2614336,28,0.4375,0,241.9760227203369,305,0x131,test,2921,Fuzzy,1,0.100748,0.100748,1,0.06880078234523535
test,Fuzzy,Fuzzy,1478197770.092222,1478197770.115626,2501376,17,0.265625,10,16.877174377441406,399,0x18F,test,2922,Fuzzy,1,0.081972025,0.081972025,1,0.06880078234523535
test,RPM,RPM,1478192961.142379,1478192961.164476,3693248,19,0.296875,7,20.416975021362305,790,0x316,test,2923,RPM,1,0.080379345,0.080379345,1,0.06880078234523535
test,DoS,DoS,1478200530.166103,1478200530.264858,2545856,42,0.65625,1,98.5109806060791,0,0x000,test,2924,DoS,1,0.04609053,0.04609053,0,0.06880078234523535
test,RPM,RPM,1478192898.833102,1478192898.856948,3580736,21,0.328125,0,23.845911026000977,790,0x316,test,2925,RPM,1,0.08544942,0.08544942,1,0.06880078234523535
test,RPM,RPM,1478192891.658085,1478192891.685332,3565632,20,0.3125,2,26.781082153320312,790,0x316,test,2926,RPM,1,0.083510734,0.083510734,1,0.06880078234523535
test,Gear,Gear,1478195048.72501,1478195048.777114,3398912,22,0.34375,0,52.10399627685547,1087,0x43F,test,2927,Gear,1,0.065949,0.065949,0,0.06880078234523535
test,RPM,RPM,1478192902.984968,1478192903.009126,3589248,20,0.3125,3,23.45800399780273,790,0x316,test,2928,RPM,1,0.08316493,0.08316493,1,0.06880078234523535
test,Normal,DoS,1478201092.204384,1478201092.235819,3449792,0,0.0,-1,,399,0x18F,test,2929,Normal,0,0.06886194,0.06886194,1,0.06880078234523535
test,Gear,Gear,1478195060.841005,1478195060.875127,3422208,21,0.328125,1,28.501033782958984,1087,0x43F,test,2930,Gear,1,0.06894803,0.06894803,1,0.06880078234523535
test,Gear,Gear,1478195060.471181,1478195060.49678,3421568,20,0.3125,0,25.59900283813477,1087,0x43F,test,2931,Gear,1,0.06712248,0.06712248,0,0.06880078234523535
test,DoS,DoS,1478200349.404119,1478200349.556002,2313024,40,0.625,0,151.88288688659668,0,0x000,test,2932,DoS,1,0.04727331,0.04727331,0,0.06880078234523535
test,Normal,DoS,1478201099.456832,1478201099.489046,3463232,0,0.0,-1,,304,0x130,test,2933,Normal,0,0.06534151,0.06534151,0,0.06880078234523535
test,Fuzzy,Fuzzy,1478197746.090748,1478197746.263393,2476160,28,0.4375,2,170.25089263916016,880,0x370,test,2934,Fuzzy,1,0.09823937,0.09823937,1,0.06880078234523535
test,RPM,RPM,1478192923.701406,1478192923.734768,3625920,16,0.25,2,32.90295600891113,790,0x316,test,2935,RPM,1,0.08101201,0.08101201,1,0.06880078234523535
test,Gear,Gear,1478195074.797244,1478195074.846794,3447232,21,0.328125,0,49.54981803894043,1087,0x43F,test,2936,Gear,1,0.07371384,0.07371384,1,0.06880078234523535
test,RPM,RPM,1478192685.439424,1478192685.462135,3163968,20,0.3125,1,22.411108016967773,790,0x316,test,2937,RPM,1,0.084567755,0.084567755,1,0.06880078234523535
test,Gear,Gear,1478195045.952091,1478195045.975151,3394304,20,0.3125,0,23.060083389282227,1087,0x43F,test,2938,Gear,1,0.0662522,0.0662522,0,0.06880078234523535
test,Fuzzy,Fuzzy,1478198094.621834,1478198094.658924,2795584,19,0.296875,2,36.6201400756836,672,0x2A0,test,2939,Fuzzy,1,0.087263785,0.087263785,1,0.06880078234523535
test,Fuzzy,Fuzzy,1478197952.211907,1478197952.273108,2668224,30,0.46875,1,55.45306205749512,339,0x153,test,2940,Fuzzy,1,0.10211158,0.10211158,1,0.06880078234523535
test,RPM,RPM,1478192857.620042,1478192857.645692,3494080,22,0.34375,0,25.6500244140625,790,0x316,test,2941,RPM,1,0.08211521,0.08211521,1,0.06880078234523535
test,Normal,Fuzzy,1478201149.20708,1478201149.238491,3728448,0,0.0,-1,,399,0x18F,test,2942,Normal,0,0.062785506,0.062785506,0,0.06880078234523535
test,Fuzzy,Fuzzy,1478197811.902687,1478197812.090695,2540096,24,0.375,0,188.00783157348636,608,0x260,test,2943,Fuzzy,1,0.08943002,0.08943002,1,0.06880078234523535
test,Gear,Gear,1478195098.152751,1478195098.177458,3491520,21,0.328125,0,24.70707893371582,1087,0x43F,test,2944,Gear,1,0.07304195,0.07304195,1,0.06880078234523535
test,Fuzzy,Fuzzy,1478197930.86065,1478197931.16663,2646016,28,0.4375,0,305.9799671173096,2,0x002,test,2945,Fuzzy,1,0.095380165,0.095380165,1,0.06880078234523535
test,Gear,Gear,1478194963.740141,1478194963.766791,3247680,22,0.34375,1,26.417016983032227,1087,0x43F,test,2946,Gear,1,0.06812982,0.06812982,0,0.06880078234523535
test,Fuzzy,Fuzzy,1478197930.355882,1478197930.518448,2645824,28,0.4375,0,162.5661849975586,704,0x2C0,test,2947,Fuzzy,1,0.097115844,0.097115844,1,0.06880078234523535
test,Normal,RPM,1478201054.670509,1478201054.706517,4336192,0,0.0,-1,,320,0x140,test,2948,Normal,0,0.06504895,0.06504895,0,0.06880078234523535
test,Fuzzy,Fuzzy,1478197820.655826,1478197820.961157,2547712,32,0.5,0,305.3309917449951,790,0x316,test,2949,Fuzzy,1,0.11328611,0.11328611,1,0.06880078234523535
test,Fuzzy,Fuzzy,1478198069.799662,1478198070.044078,2767040,24,0.375,0,244.4159984588623,790,0x316,test,2950,Fuzzy,1,0.09895949,0.09895949,1,0.06880078234523535
test,DoS,DoS,1478200495.469669,1478200495.485219,2508608,33,0.515625,0,15.549898147583008,0,0x000,test,2951,DoS,1,0.049743615,0.049743615,0,0.06880078234523535
test,Normal,DoS,1478201032.90968,1478201032.941619,3340672,0,0.0,-1,,2,0x002,test,2952,Normal,0,0.06418568,0.06418568,0,0.06880078234523535
test,Fuzzy,Fuzzy,1478198144.347664,1478198144.394139,2876032,17,0.265625,0,46.47493362426758,608,0x260,test,2953,Fuzzy,1,0.076167226,0.076167226,1,0.06880078234523535
test,Gear,Gear,1478195059.791458,1478195059.815589,3420416,20,0.3125,5,22.955894470214844,1087,0x43F,test,2954,Gear,1,0.0647712,0.0647712,0,0.06880078234523535
test,Gear,Gear,1478194858.497232,1478194858.519936,3048960,20,0.3125,0,22.704124450683597,1087,0x43F,test,2955,Gear,1,0.06809397,0.06809397,0,0.06880078234523535
test,Fuzzy,Fuzzy,1478197812.357282,1478197812.483192,2540224,32,0.5,2,109.70306396484376,704,0x2C0,test,2956,Fuzzy,1,0.09972657,0.09972657,1,0.06880078234523535
test,Fuzzy,Fuzzy,1478198092.793805,1478198092.878834,2792896,26,0.40625,0,85.02912521362305,399,0x18F,test,2957,Fuzzy,1,0.10163107,0.10163107,1,0.06880078234523535
test,Fuzzy,Fuzzy,1478197923.39289,1478197923.729426,2636864,39,0.609375,1,330.46698570251465,2,0x002,test,2958,Fuzzy,1,0.107084125,0.107084125,1,0.06880078234523535
test,Gear,Gear,1478194936.239378,1478194936.263701,3198528,21,0.328125,0,24.322986602783203,1087,0x43F,test,2959,Gear,1,0.06932477,0.06932477,1,0.06880078234523535
test,RPM,RPM,1478192703.49286,1478192703.515081,3204160,18,0.28125,1,21.994829177856445,790,0x316,test,2960,RPM,1,0.08476465,0.08476465,1,0.06880078234523535
test,RPM,RPM,1478192754.884253,1478192754.915178,3311360,23,0.359375,2,30.483007431030277,790,0x316,test,2961,RPM,1,0.08302736,0.08302736,1,0.06880078234523535
test,DoS,DoS,1478200395.96299,1478200396.027694,2369472,39,0.609375,1,64.45193290710449,0,0x000,test,2962,DoS,1,0.04532442,0.04532442,0,0.06880078234523535
test,Fuzzy,Fuzzy,1478197929.591135,1478197929.680835,2645376,23,0.359375,1,89.47992324829102,399,0x18F,test,2963,Fuzzy,1,0.0866822,0.0866822,1,0.06880078234523535
test,Gear,Gear,1478194877.631284,1478194877.65471,3087680,21,0.328125,0,23.426055908203125,1087,0x43F,test,2964,Gear,1,0.06760926,0.06760926,0,0.06880078234523535
test,RPM,RPM,1478192864.366439,1478192864.397558,3508480,21,0.328125,3,25.091886520385746,790,0x316,test,2965,RPM,1,0.08448667,0.08448667,1,0.06880078234523535
test,Fuzzy,Fuzzy,1478197927.282372,1478197927.302725,2642880,24,0.375,3,19.659996032714844,399,0x18F,test,2966,Fuzzy,1,0.091827475,0.091827475,1,0.06880078234523535
test,Fuzzy,Fuzzy,1478198159.529779,1478198159.573152,2901952,23,0.359375,2,42.922019958496094,304,0x130,test,2967,Fuzzy,1,0.08695183,0.08695183,1,0.06880078234523535
test,Gear,Gear,1478195080.868323,1478195080.907543,3457984,23,0.359375,1,38.63787651062012,1087,0x43F,test,2968,Gear,1,0.06895595,0.06895595,1,0.06880078234523535
test,Gear,Gear,1478195097.547264,1478195097.570692,3489920,21,0.328125,3,22.716045379638672,1087,0x43F,test,2969,Gear,1,0.067531034,0.067531034,0,0.06880078234523535
test,Gear,Gear,1478194951.933658,1478194951.971988,3225344,20,0.3125,0,38.330078125,1087,0x43F,test,2970,Gear,1,0.072082855,0.072082855,1,0.06880078234523535
test,Gear,Gear,1478194906.169851,1478194906.198387,3144640,22,0.34375,4,27.565956115722656,1087,0x43F,test,2971,Gear,1,0.0690669,0.0690669,1,0.06880078234523535
test,Fuzzy,Fuzzy,1478198134.806385,1478198134.833427,2859904,27,0.421875,0,27.041912078857425,399,0x18F,test,2972,Fuzzy,1,0.09736997,0.09736997,1,0.06880078234523535
test,Normal,RPM,1478201203.424314,1478201203.461929,4611264,0,0.0,-1,,305,0x131,test,2973,Normal,0,0.06327093,0.06327093,0,0.06880078234523535
test,DoS,DoS,1478200383.697486,1478200383.742355,2348928,36,0.5625,1,44.634103775024414,0,0x000,test,2974,DoS,1,0.04905419,0.04905419,0,0.06880078234523535
test,DoS,DoS,1478200527.588306,1478200527.775497,2544512,41,0.640625,0,187.1910095214844,0,0x000,test,2975,DoS,1,0.04642697,0.04642697,0,0.06880078234523535
test,Normal,RPM,1478201027.508615,1478201027.53928,4286592,0,0.0,-1,,399,0x18F,test,2976,Normal,0,0.060734257,0.060734257,0,0.06880078234523535
test,Fuzzy,Fuzzy,1478198132.922355,1478198132.943649,2856384,24,0.375,1,21.075963973999023,809,0x329,test,2977,Fuzzy,1,0.10188853,0.10188853,1,0.06880078234523535
test,Fuzzy,Fuzzy,1478198003.20393,1478198003.507091,2716416,28,0.4375,3,291.7709350585937,790,0x316,test,2978,Fuzzy,1,0.090708494,0.090708494,1,0.06880078234523535
test,DoS,DoS,1478200430.561027,1478200430.585358,2412864,34,0.53125,1,24.084806442260746,0,0x000,test,2979,DoS,1,0.05008918,0.05008918,0,0.06880078234523535
test,Gear,Gear,1478194867.45531,1478194867.478428,3068672,19,0.296875,0,23.117780685424805,1087,0x43F,test,2980,Gear,1,0.06848871,0.06848871,0,0.06880078234523535
test,DoS,DoS,1478200489.55866,1478200489.600335,2499136,32,0.5,0,41.67485237121582,0,0x000,test,2981,DoS,1,0.05142327,0.05142327,0,0.06880078234523535
test,RPM,RPM,1478192826.189589,1478192826.215889,3432768,23,0.359375,1,26.072978973388672,790,0x316,test,2982,RPM,1,0.084608346,0.084608346,1,0.06880078234523535
test,Gear,Gear,1478194852.26353,1478194852.285974,3035584,20,0.3125,0,22.44400978088379,1087,0x43F,test,2983,Gear,1,0.06803715,0.06803715,0,0.06880078234523535
test,RPM,RPM,1478192729.754623,1478192729.793439,3258560,21,0.328125,1,38.5899543762207,790,0x316,test,2984,RPM,1,0.086537994,0.086537994,1,0.06880078234523535
test,DoS,DoS,1478200464.649298,1478200464.665435,2463488,35,0.546875,1,15.894174575805664,0,0x000,test,2985,DoS,1,0.05179455,0.05179455,0,0.06880078234523535
test,Normal,Fuzzy,1478201058.294343,1478201058.33001,3560064,0,0.0,-1,,2,0x002,test,2986,Normal,0,0.073844664,0.073844664,1,0.06880078234523535
test,RPM,RPM,1478192911.84979,1478192911.892774,3603904,16,0.25,7,40.856122970581055,790,0x316,test,2987,RPM,1,0.076959245,0.076959245,1,0.06880078234523535
test,RPM,RPM,1478192698.151421,1478192698.187185,3192512,21,0.328125,1,35.42113304138184,790,0x316,test,2988,RPM,1,0.08363055,0.08363055,1,0.06880078234523535
test,DoS,DoS,1478200474.183001,1478200474.230192,2476800,35,0.546875,1,46.94390296936035,0,0x000,test,2989,DoS,1,0.055537328,0.055537328,0,0.06880078234523535
test,Normal,RPM,1478201181.972857,1478201182.004598,4571520,0,0.0,-1,,2,0x002,test,2990,Normal,0,0.0639194,0.0639194,0,0.06880078234523535
test,Fuzzy,Fuzzy,1478197989.620091,1478197989.676062,2702016,25,0.390625,0,55.97114562988281,304,0x130,test,2991,Fuzzy,1,0.11045463,0.11045463,1,0.06880078234523535
test,Normal,DoS,1478201168.721855,1478201168.754447,3591040,0,0.0,-1,,2,0x002,test,2992,Normal,0,0.06715044,0.06715044,0,0.06880078234523535
test,DoS,DoS,1478200491.959521,1478200492.042033,2502272,38,0.59375,0,82.51190185546875,0,0x000,test,2993,DoS,1,0.048148453,0.048148453,0,0.06880078234523535
test,DoS,DoS,1478200376.801544,1478200376.867043,2337728,31,0.484375,1,65.25492668151855,0,0x000,test,2994,DoS,1,0.047417272,0.047417272,0,0.06880078234523535
test,DoS,DoS,1478200404.924949,1478200405.094314,2382656,38,0.59375,1,169.11602020263672,0,0x000,test,2995,DoS,1,0.054664306,0.054664306,0,0.06880078234523535
test,Gear,Gear,1478194970.197119,1478194970.224202,3259904,21,0.328125,1,26.852846145629883,1087,0x43F,test,2996,Gear,1,0.07448796,0.07448796,1,0.06880078234523535
test,Gear,Gear,1478194964.050581,1478194964.073007,3248384,19,0.296875,1,22.166013717651367,1087,0x43F,test,2997,Gear,1,0.068909265,0.068909265,1,0.06880078234523535
test,RPM,RPM,1478192697.120228,1478192697.143052,3189888,20,0.3125,4,21.865129470825195,790,0x316,test,2998,RPM,1,0.08695997,0.08695997,1,0.06880078234523535
test,Normal,RPM,1478201097.818204,1478201097.850932,4416128,0,0.0,-1,,320,0x140,test,2999,Normal,0,0.0648446,0.0648446,0,0.06880078234523535
test,DoS,DoS,1478200476.537428,1478200476.578336,2479552,34,0.53125,1,35.90893745422363,0,0x000,test,3000,DoS,1,0.054900702,0.054900702,0,0.06880078234523535
test,RPM,RPM,1478192703.234076,1478192703.256346,3203456,19,0.296875,7,20.61700820922852,790,0x316,test,3001,RPM,1,0.08195383,0.08195383,1,0.06880078234523535
test,Fuzzy,Fuzzy,1478197854.076406,1478197854.328769,2576448,33,0.515625,3,251.65891647338867,320,0x140,test,3002,Fuzzy,1,0.10273262,0.10273262,1,0.06880078234523535
test,RPM,RPM,1478192871.858954,1478192871.888726,3523968,18,0.28125,1,24.667978286743164,790,0x316,test,3003,RPM,1,0.08127627,0.08127627,1,0.06880078234523535
test,Gear,Gear,1478194893.371468,1478194893.404669,3117760,21,0.328125,0,33.200979232788086,1087,0x43F,test,3004,Gear,1,0.06909463,0.06909463,1,0.06880078234523535
test,Gear,Gear,1478194990.572221,1478194990.593898,3298240,19,0.296875,5,20.46513557434082,1087,0x43F,test,3005,Gear,1,0.06702874,0.06702874,0,0.06880078234523535
test,Normal,DoS,1478201105.396902,1478201105.433954,3474240,0,0.0,-1,,305,0x131,test,3006,Normal,0,0.05937446,0.05937446,0,0.06880078234523535
test,Gear,Gear,1478194866.355056,1478194866.379465,3066240,20,0.3125,0,24.409055709838867,1087,0x43F,test,3007,Gear,1,0.06872794,0.06872794,0,0.06880078234523535
test,Fuzzy,Fuzzy,1478198176.578233,1478198176.72696,2929920,17,0.265625,0,148.7269401550293,304,0x130,test,3008,Fuzzy,1,0.09019168,0.09019168,1,0.06880078234523535
test,Gear,Gear,1478195008.634185,1478195008.670957,3329728,19,0.296875,4,35.835981369018555,1087,0x43F,test,3009,Gear,1,0.066206805,0.066206805,0,0.06880078234523535
test,DoS,DoS,1478200326.433825,1478200326.638949,2296256,44,0.6875,0,205.1239013671875,0,0x000,test,3010,DoS,1,0.047501814,0.047501814,0,0.06880078234523535
test,RPM,RPM,1478192721.592222,1478192721.614861,3242368,20,0.3125,4,21.68107032775879,790,0x316,test,3011,RPM,1,0.0812232,0.0812232,1,0.06880078234523535
test,DoS,DoS,1478200395.757561,1478200395.796291,2369152,37,0.578125,1,38.48099708557129,0,0x000,test,3012,DoS,1,0.048260212,0.048260212,0,0.06880078234523535
test,RPM,RPM,1478192886.276116,1478192886.303159,3554432,22,0.34375,1,26.80802345275879,790,0x316,test,3013,RPM,1,0.083572716,0.083572716,1,0.06880078234523535
test,Normal,RPM,1478201144.351567,1478201144.384928,4502336,0,0.0,-1,,399,0x18F,test,3014,Normal,0,0.06504699,0.06504699,0,0.06880078234523535
test,Fuzzy,Fuzzy,1478197794.877142,1478197794.949152,2522944,21,0.328125,3,71.30599021911621,704,0x2C0,test,3015,Fuzzy,1,0.09519243,0.09519243,1,0.06880078234523535
test,Normal,Gear,1478201208.743331,1478201208.779007,4442560,0,0.0,-1,,304,0x130,test,3016,Normal,0,0.06545073,0.06545073,0,0.06880078234523535
test,Fuzzy,Fuzzy,1478198070.346597,1478198070.618525,2767168,24,0.375,1,266.430139541626,304,0x130,test,3017,Fuzzy,1,0.09219444,0.09219444,1,0.06880078234523535
test,DoS,DoS,1478200410.759541,1478200410.775398,2388800,35,0.546875,0,15.85698127746582,0,0x000,test,3018,DoS,1,0.054006014,0.054006014,0,0.06880078234523535
test,RPM,RPM,1478192883.147805,1478192883.170725,3546880,23,0.359375,0,22.92013168334961,790,0x316,test,3019,RPM,1,0.08843035,0.08843035,1,0.06880078234523535
test,Gear,Gear,1478195110.680508,1478195110.723863,3511296,24,0.375,1,43.1218147277832,1087,0x43F,test,3020,Gear,1,0.06845049,0.06845049,0,0.06880078234523535
test,Normal,Gear,1478201163.423896,1478201163.456107,4358592,0,0.0,-1,,2,0x002,test,3021,Normal,0,0.062453374,0.062453374,0,0.06880078234523535
test,DoS,DoS,1478200594.940622,1478200595.05075,2619520,32,0.5,1,109.88211631774902,0,0x000,test,3022,DoS,1,0.052110717,0.052110717,0,0.06880078234523535
test,DoS,DoS,1478200571.268674,1478200571.288579,2591360,29,0.453125,14,13.210058212280272,0,0x000,test,3023,DoS,1,0.05594474,0.05594474,0,0.06880078234523535
test,Fuzzy,Fuzzy,1478198116.878803,1478198116.914048,2832704,23,0.359375,0,35.24494171142578,399,0x18F,test,3024,Fuzzy,1,0.089147605,0.089147605,1,0.06880078234523535
test,Gear,Gear,1478194878.717635,1478194878.757995,3089600,19,0.296875,4,39.3979549407959,1087,0x43F,test,3025,Gear,1,0.06561219,0.06561219,0,0.06880078234523535
test,RPM,RPM,1478192756.824088,1478192756.849434,3316032,22,0.34375,3,24.53398704528809,790,0x316,test,3026,RPM,1,0.08260213,0.08260213,1,0.06880078234523535
test,Normal,DoS,1478201182.710724,1478201182.744511,3616960,0,0.0,-1,,2,0x002,test,3027,Normal,0,0.0692162,0.0692162,1,0.06880078234523535
test,RPM,RPM,1478192962.422742,1478192962.449286,3695616,20,0.3125,1,26.319026947021484,790,0x316,test,3028,RPM,1,0.08333458,0.08333458,1,0.06880078234523535
test,Normal,DoS,1478201101.148444,1478201101.184822,3466368,0,0.0,-1,,399,0x18F,test,3029,Normal,0,0.06848052,0.06848052,0,0.06880078234523535
test,RPM,RPM,1478192885.123073,1478192885.148378,3551744,20,0.3125,3,24.60193634033203,790,0x316,test,3030,RPM,1,0.08161406,0.08161406,1,0.06880078234523535
test,Gear,Gear,1478194944.926805,1478194944.949644,3213568,19,0.296875,5,21.661043167114254,1087,0x43F,test,3031,Gear,1,0.07145588,0.07145588,1,0.06880078234523535
test,DoS,DoS,1478200399.610278,1478200399.659151,2374400,34,0.53125,0,48.8731861114502,0,0x000,test,3032,DoS,1,0.050912857,0.050912857,0,0.06880078234523535
test,Fuzzy,Fuzzy,1478198110.937954,1478198110.997461,2822656,26,0.40625,0,59.507131576538086,704,0x2C0,test,3033,Fuzzy,1,0.0983149,0.0983149,1,0.06880078234523535
test,Gear,Gear,1478194847.458907,1478194847.496472,3025664,21,0.328125,4,36.62896156311035,1087,0x43F,test,3034,Gear,1,0.06758688,0.06758688,0,0.06880078234523535
test,DoS,DoS,1478200480.755935,1478200480.815696,2487232,33,0.515625,1,59.51499938964844,0,0x000,test,3035,DoS,1,0.05087808,0.05087808,0,0.06880078234523535
test,Gear,Gear,1478195075.01629,1478195075.041255,3447552,19,0.296875,2,24.49488639831543,1087,0x43F,test,3036,Gear,1,0.07055369,0.07055369,1,0.06880078234523535
test,Fuzzy,Fuzzy,1478198109.261874,1478198109.302693,2820160,26,0.40625,2,40.36188125610352,809,0x329,test,3037,Fuzzy,1,0.09554855,0.09554855,1,0.06880078234523535
test,Normal,DoS,1478201193.143329,1478201193.180079,3636288,0,0.0,-1,,2,0x002,test,3038,Normal,0,0.06396059,0.06396059,0,0.06880078234523535
test,RPM,RPM,1478192883.314817,1478192883.336392,3547328,20,0.3125,0,21.574974060058597,790,0x316,test,3039,RPM,1,0.0810312,0.0810312,1,0.06880078234523535
test,Normal,RPM,1478201019.040296,1478201019.077093,4270912,0,0.0,-1,,304,0x130,test,3040,Normal,0,0.061595354,0.061595354,0,0.06880078234523535
test,Gear,Gear,1478194950.38314,1478194950.428657,3223104,24,0.375,5,44.33417320251465,1087,0x43F,test,3041,Gear,1,0.06682692,0.06682692,0,0.06880078234523535
test,Fuzzy,Fuzzy,1478198134.686398,1478198134.722895,2859648,26,0.40625,0,36.496877670288086,320,0x140,test,3042,Fuzzy,1,0.096588455,0.096588455,1,0.06880078234523535
test,Fuzzy,Fuzzy,1478197993.797496,1478197993.832688,2709696,22,0.34375,5,34.03615951538086,2,0x002,test,3043,Fuzzy,1,0.08487551,0.08487551,1,0.06880078234523535
test,Gear,Gear,1478194854.853352,1478194854.876925,3041664,21,0.328125,0,23.572921752929688,1087,0x43F,test,3044,Gear,1,0.067454755,0.067454755,0,0.06880078234523535
test,Normal,RPM,1478201176.996673,1478201177.033051,4562304,0,0.0,-1,,2,0x002,test,3045,Normal,0,0.06397108,0.06397108,0,0.06880078234523535
test,DoS,DoS,1478200444.777393,1478200444.806369,2433152,33,0.515625,1,28.733015060424805,0,0x000,test,3046,DoS,1,0.051554304,0.051554304,0,0.06880078234523535
test,Gear,Gear,1478195034.919929,1478195034.960229,3375232,22,0.34375,0,40.29989242553711,1087,0x43F,test,3047,Gear,1,0.07177946,0.07177946,1,0.06880078234523535
test,Gear,Gear,1478194911.347867,1478194911.38969,3154688,16,0.25,0,41.82291030883789,1087,0x43F,test,3048,Gear,1,0.06680925,0.06680925,0,0.06880078234523535
test,Gear,Gear,1478194957.465011,1478194957.48976,3235264,21,0.328125,1,23.972034454345703,1087,0x43F,test,3049,Gear,1,0.06360876,0.06360876,0,0.06880078234523535
test,Gear,Gear,1478194910.965136,1478194911.014127,3154048,17,0.265625,5,47.82509803771973,1087,0x43F,test,3050,Gear,1,0.06745794,0.06745794,0,0.06880078234523535
test,DoS,DoS,1478200451.573517,1478200451.620336,2444032,34,0.53125,0,46.81897163391113,0,0x000,test,3051,DoS,1,0.050540537,0.050540537,0,0.06880078234523535
test,Normal,RPM,1478201095.054539,1478201095.087748,4411008,0,0.0,-1,,2,0x002,test,3052,Normal,0,0.06667419,0.06667419,0,0.06880078234523535
test,DoS,DoS,1478200443.10289,1478200443.201725,2431104,35,0.546875,0,98.83499145507812,0,0x000,test,3053,DoS,1,0.0463068,0.0463068,0,0.06880078234523535
test,Gear,Gear,1478194892.697152,1478194892.720555,3116160,20,0.3125,1,23.170948028564453,1087,0x43F,test,3054,Gear,1,0.066196084,0.066196084,0,0.06880078234523535
test,DoS,DoS,1478200380.604146,1478200380.64287,2344768,38,0.59375,0,38.72394561767578,0,0x000,test,3055,DoS,1,0.050594788,0.050594788,0,0.06880078234523535
test,Normal,Fuzzy,1478201201.693792,1478201201.726493,3825216,0,0.0,-1,,399,0x18F,test,3056,Normal,0,0.058960743,0.058960743,0,0.06880078234523535
test,Normal,RPM,1478201135.196343,1478201135.228997,4485376,0,0.0,-1,,790,0x316,test,3057,Normal,0,0.07085724,0.07085724,1,0.06880078234523535
test,Gear,Gear,1478194916.768972,1478194916.816989,3164800,21,0.328125,0,48.01702499389648,1087,0x43F,test,3058,Gear,1,0.076459594,0.076459594,1,0.06880078234523535
test,DoS,DoS,1478200573.498024,1478200573.58937,2593536,39,0.609375,0,91.34602546691896,0,0x000,test,3059,DoS,1,0.050862987,0.050862987,0,0.06880078234523535
test,Fuzzy,Fuzzy,1478197846.641517,1478197846.933538,2568768,30,0.46875,0,292.0210361480713,339,0x153,test,3060,Fuzzy,1,0.10175833,0.10175833,1,0.06880078234523535
test,RPM,RPM,1478192782.298482,1478192782.361093,3358592,22,0.34375,2,57.2819709777832,790,0x316,test,3061,RPM,1,0.0876801,0.0876801,1,0.06880078234523535
test,Gear,Gear,1478194957.291571,1478194957.341805,3234944,17,0.265625,4,43.87998580932617,1087,0x43F,test,3062,Gear,1,0.07142997,0.07142997,1,0.06880078234523535
test,Gear,Gear,1478195098.369718,1478195098.397208,3491968,20,0.3125,6,26.07893943786621,1087,0x43F,test,3063,Gear,1,0.06839012,0.06839012,0,0.06880078234523535
test,Gear,Gear,1478195042.299861,1478195042.328774,3387392,19,0.296875,0,28.913021087646484,1087,0x43F,test,3064,Gear,1,0.07535062,0.07535062,1,0.06880078234523535
test,DoS,DoS,1478200391.385671,1478200391.44537,2361280,37,0.578125,1,59.45587158203125,0,0x000,test,3065,DoS,1,0.05082086,0.05082086,0,0.06880078234523535
test,Normal,DoS,1478201030.387679,1478201030.419542,3336000,0,0.0,-1,,2,0x002,test,3066,Normal,0,0.05850851,0.05850851,0,0.06880078234523535
test,Normal,Fuzzy,1478201008.364266,1478201008.398054,3468288,0,0.0,-1,,399,0x18F,test,3067,Normal,0,0.06314421,0.06314421,0,0.06880078234523535
test,Gear,Gear,1478194925.155399,1478194925.187081,3179072,16,0.25,12,21.4841365814209,1087,0x43F,test,3068,Gear,1,0.06318797,0.06318797,0,0.06880078234523535
test,Gear,Gear,1478194955.369935,1478194955.413033,3231872,19,0.296875,1,42.86503791809082,1087,0x43F,test,3069,Gear,1,0.07132105,0.07132105,1,0.06880078234523535
test,DoS,DoS,1478200564.583839,1478200564.612045,2582976,36,0.5625,2,27.471065521240234,0,0x000,test,3070,DoS,1,0.04824372,0.04824372,0,0.06880078234523535
test,DoS,DoS,1478200450.781813,1478200450.828663,2443072,33,0.515625,0,46.85020446777344,0,0x000,test,3071,DoS,1,0.050781805,0.050781805,0,0.06880078234523535
test,Gear,Gear,1478195085.466068,1478195085.505827,3466368,23,0.359375,2,33.48398208618164,1087,0x43F,test,3072,Gear,1,0.0699876,0.0699876,1,0.06880078234523535
test,Gear,Gear,1478194990.621096,1478194990.642771,3298368,20,0.3125,2,21.192073822021484,1087,0x43F,test,3073,Gear,1,0.06655203,0.06655203,0,0.06880078234523535
test,Fuzzy,Fuzzy,1478198020.821598,1478198021.122227,2728832,28,0.4375,0,300.6289005279541,1087,0x43F,test,3074,Fuzzy,1,0.09721638,0.09721638,1,0.06880078234523535
test,Gear,Gear,1478195084.887513,1478195084.921187,3465344,18,0.28125,9,27.24289894104004,1087,0x43F,test,3075,Gear,1,0.0747016,0.0747016,1,0.06880078234523535
test,Gear,Gear,1478195087.143649,1478195087.170869,3469568,20,0.3125,0,27.22001075744629,1087,0x43F,test,3076,Gear,1,0.0690026,0.0690026,1,0.06880078234523535
test,Normal,Fuzzy,1478201189.363481,1478201189.394874,3802368,0,0.0,-1,,2,0x002,test,3077,Normal,0,0.06355843,0.06355843,0,0.06880078234523535
test,DoS,DoS,1478200609.136102,1478200609.191039,2634944,35,0.546875,0,54.937124252319336,0,0x000,test,3078,DoS,1,0.046166886,0.046166886,0,0.06880078234523535
test,Normal,RPM,1478201058.023235,1478201058.054841,4342400,0,0.0,-1,,399,0x18F,test,3079,Normal,0,0.062358897,0.062358897,0,0.06880078234523535
test,RPM,RPM,1478192951.264029,1478192951.288897,3674048,21,0.328125,0,24.86801147460937,790,0x316,test,3080,RPM,1,0.08470825,0.08470825,1,0.06880078234523535
test,Gear,Gear,1478194969.046724,1478194969.078206,3257984,19,0.296875,4,27.590036392211918,1087,0x43F,test,3081,Gear,1,0.06759284,0.06759284,0,0.06880078234523535
test,Gear,Gear,1478194970.932184,1478194970.955716,3261120,20,0.3125,1,23.295879364013672,1087,0x43F,test,3082,Gear,1,0.06755134,0.06755134,0,0.06880078234523535
test,Fuzzy,Fuzzy,1478197911.362594,1478197911.454891,2628864,28,0.4375,1,92.07606315612792,2,0x002,test,3083,Fuzzy,1,0.095386356,0.095386356,1,0.06880078234523535
test,RPM,RPM,1478192904.58042,1478192904.609511,3592960,21,0.328125,3,28.293848037719727,790,0x316,test,3084,RPM,1,0.08437623,0.08437623,1,0.06880078234523535
test,Fuzzy,Fuzzy,1478197979.325024,1478197979.476074,2693568,25,0.390625,2,150.33197402954102,320,0x140,test,3085,Fuzzy,1,0.09576279,0.09576279,1,0.06880078234523535
test,DoS,DoS,1478200649.189886,1478200649.475776,2675008,39,0.609375,0,285.8898639678955,0,0x000,test,3086,DoS,1,0.0512349,0.0512349,0,0.06880078234523535
test,Normal,DoS,1478201006.412391,1478201006.446574,3291584,0,0.0,-1,,304,0x130,test,3087,Normal,0,0.06427204,0.06427204,0,0.06880078234523535
test,RPM,RPM,1478192831.469772,1478192831.491255,3442752,19,0.296875,3,20.771026611328125,790,0x316,test,3088,RPM,1,0.083735496,0.083735496,1,0.06880078234523535
test,Gear,Gear,1478195003.938785,1478195003.98171,3320256,17,0.265625,1,42.6938533782959,1087,0x43F,test,3089,Gear,1,0.070278876,0.070278876,1,0.06880078234523535
test,Normal,Gear,1478201199.486114,1478201199.519878,4425408,0,0.0,-1,,608,0x260,test,3090,Normal,0,0.06677014,0.06677014,0,0.06880078234523535
test,RPM,RPM,1478192827.187614,1478192827.238833,3434624,17,0.265625,4,50.2629280090332,790,0x316,test,3091,RPM,1,0.07450785,0.07450785,1,0.06880078234523535
test,Gear,Gear,1478195053.372778,1478195053.396706,3408064,21,0.328125,0,23.928165435791016,1087,0x43F,test,3092,Gear,1,0.07257483,0.07257483,1,0.06880078234523535
test,RPM,RPM,1478192948.270895,1478192948.308473,3668288,21,0.328125,7,35.839080810546875,790,0x316,test,3093,RPM,1,0.07967339,0.07967339,1,0.06880078234523535
test,Fuzzy,Fuzzy,1478198172.351693,1478198172.386056,2924928,24,0.375,0,34.3630313873291,2,0x002,test,3094,Fuzzy,1,0.093313,0.093313,1,0.06880078234523535
test,Fuzzy,Fuzzy,1478198026.189501,1478198026.412327,2734784,32,0.5,1,217.2181606292725,704,0x2C0,test,3095,Fuzzy,1,0.09985506,0.09985506,1,0.06880078234523535
test,Fuzzy,Fuzzy,1478197847.255395,1478197847.546248,2568896,33,0.515625,2,274.8720645904541,305,0x131,test,3096,Fuzzy,1,0.101212166,0.101212166,1,0.06880078234523535
test,Fuzzy,Fuzzy,1478197796.813798,1478197796.859372,2523968,22,0.34375,0,45.57394981384277,305,0x131,test,3097,Fuzzy,1,0.09125368,0.09125368,1,0.06880078234523535
test,DoS,DoS,1478200410.775689,1478200410.791503,2388864,33,0.515625,1,15.570878982543944,0,0x000,test,3098,DoS,1,0.050673675,0.050673675,0,0.06880078234523535
test,Fuzzy,Fuzzy,1478198106.87724,1478198106.912995,2816064,2,0.03125,58,1.435995101928711,304,0x130,test,3099,Fuzzy,1,0.07227999,0.07227999,1,0.06880078234523535
test,DoS,DoS,1478200527.775738,1478200527.887161,2544576,31,0.484375,2,110.6870174407959,0,0x000,test,3100,DoS,1,0.05122425,0.05122425,0,0.06880078234523535
test,DoS,DoS,1478200382.813364,1478200382.873073,2347648,36,0.5625,0,59.70907211303711,0,0x000,test,3101,DoS,1,0.048616752,0.048616752,0,0.06880078234523535
test,Gear,Gear,1478195117.864345,1478195118.013063,3520000,21,0.328125,3,147.9969024658203,1087,0x43F,test,3102,Gear,1,0.065570846,0.065570846,0,0.06880078234523535
test,DoS,DoS,1478200549.017312,1478200549.249291,2568128,33,0.515625,1,226.301908493042,0,0x000,test,3103,DoS,1,0.049868245,0.049868245,0,0.06880078234523535
test,Normal,RPM,1478201163.354254,1478201163.386439,4537024,0,0.0,-1,,304,0x130,test,3104,Normal,0,0.07004209,0.07004209,1,0.06880078234523535
test,DoS,DoS,1478200473.763024,1478200473.794222,2476288,32,0.5,0,31.19802474975586,0,0x000,test,3105,DoS,1,0.056668162,0.056668162,0,0.06880078234523535
test,Normal,Gear,1478201068.14512,1478201068.178937,4182592,0,0.0,-1,,2,0x002,test,3106,Normal,0,0.06300363,0.06300363,0,0.06880078234523535
test,RPM,RPM,1478192704.754955,1478192704.777653,3207552,21,0.328125,2,22.21989631652832,790,0x316,test,3107,RPM,1,0.08584905,0.08584905,1,0.06880078234523535
test,Gear,Gear,1478195029.141669,1478195029.206203,3365440,24,0.375,2,64.0709400177002,1087,0x43F,test,3108,Gear,1,0.06938147,0.06938147,1,0.06880078234523535
test,Gear,Gear,1478194899.8075,1478194899.834398,3130880,23,0.359375,0,26.89814567565918,1087,0x43F,test,3109,Gear,1,0.072472915,0.072472915,1,0.06880078234523535
test,Gear,Gear,1478195023.138842,1478195023.188289,3355712,18,0.28125,9,36.38982772827149,1087,0x43F,test,3110,Gear,1,0.06932824,0.06932824,1,0.06880078234523535
test,Gear,Gear,1478194897.75426,1478194897.776631,3126784,18,0.28125,5,21.155118942260746,1087,0x43F,test,3111,Gear,1,0.069255136,0.069255136,1,0.06880078234523535
test,RPM,RPM,1478192766.674837,1478192766.70067,3333888,22,0.34375,2,25.248050689697266,790,0x316,test,3112,RPM,1,0.09082001,0.09082001,1,0.06880078234523535
test,DoS,DoS,1478200453.685759,1478200453.731607,2447232,33,0.515625,0,45.84789276123047,0,0x000,test,3113,DoS,1,0.0487614,0.0487614,0,0.06880078234523535
test,Normal,Fuzzy,1478201177.06449,1478201177.096737,3779584,0,0.0,-1,,304,0x130,test,3114,Normal,0,0.06824439,0.06824439,0,0.06880078234523535
test,Normal,DoS,1478201198.672418,1478201198.706492,3646528,0,0.0,-1,,304,0x130,test,3115,Normal,0,0.061339635,0.061339635,0,0.06880078234523535
test,DoS,DoS,1478200387.986998,1478200388.030492,2356608,34,0.53125,1,43.25103759765625,0,0x000,test,3116,DoS,1,0.046522293,0.046522293,0,0.06880078234523535
test,Gear,Gear,1478194877.465137,1478194877.487334,3087232,20,0.3125,8,18.76997947692871,1087,0x43F,test,3117,Gear,1,0.067863956,0.067863956,0,0.06880078234523535
test,Normal,RPM,1478201140.756967,1478201140.794477,4495680,0,0.0,-1,,704,0x2C0,test,3118,Normal,0,0.06320893,0.06320893,0,0.06880078234523535
test,Normal,Fuzzy,1478201088.31732,1478201088.349125,3615680,0,0.0,-1,,304,0x130,test,3119,Normal,0,0.06397901,0.06397901,0,0.06880078234523535
test,Fuzzy,Fuzzy,1478198158.720897,1478198158.752752,2900608,24,0.375,2,31.391143798828125,790,0x316,test,3120,Fuzzy,1,0.08866159,0.08866159,1,0.06880078234523535
test,Fuzzy,Fuzzy,1478197993.217272,1478197993.237407,2708352,25,0.390625,0,20.13492584228516,790,0x316,test,3121,Fuzzy,1,0.09691579,0.09691579,1,0.06880078234523535
test,DoS,DoS,1478200484.578185,1478200484.681891,2490688,35,0.546875,1,103.46198081970216,0,0x000,test,3122,DoS,1,0.052032482,0.052032482,0,0.06880078234523535
test,Fuzzy,Fuzzy,1478198127.352481,1478198127.461713,2846912,28,0.4375,0,109.23218727111816,304,0x130,test,3123,Fuzzy,1,0.10350735,0.10350735,1,0.06880078234523535
test,Fuzzy,Fuzzy,1478198100.909295,1478198100.951572,2806400,28,0.4375,1,42.05989837646485,848,0x350,test,3124,Fuzzy,1,0.09729972,0.09729972,1,0.06880078234523535
test,Fuzzy,Fuzzy,1478198012.152729,1478198012.481418,2722560,18,0.28125,2,306.55598640441895,304,0x130,test,3125,Fuzzy,1,0.08819849,0.08819849,1,0.06880078234523535
test,RPM,RPM,1478192795.537602,1478192795.577756,3379968,17,0.265625,6,38.71488571166992,790,0x316,test,3126,RPM,1,0.080811135,0.080811135,1,0.06880078234523535
test,Fuzzy,Fuzzy,1478197749.853417,1478197750.002584,2478208,23,0.359375,1,143.56708526611328,320,0x140,test,3127,Fuzzy,1,0.08774673,0.08774673,1,0.06880078234523535
test,Fuzzy,Fuzzy,1478198091.374021,1478198091.466372,2791104,26,0.40625,0,92.35095977783205,880,0x370,test,3128,Fuzzy,1,0.09937076,0.09937076,1,0.06880078234523535
test,Gear,Gear,1478194996.295351,1478194996.332004,3308864,18,0.28125,1,36.42010688781738,1087,0x43F,test,3129,Gear,1,0.06859032,0.06859032,0,0.06880078234523535
test,RPM,RPM,1478192690.016724,1478192690.039486,3173696,20,0.3125,1,22.5369930267334,790,0x316,test,3130,RPM,1,0.08260878,0.08260878,1,0.06880078234523535
test,Fuzzy,Fuzzy,1478198090.386135,1478198090.406884,2790016,25,0.390625,5,19.56105232238769,304,0x130,test,3131,Fuzzy,1,0.102772586,0.102772586,1,0.06880078234523535
test,Fuzzy,Fuzzy,1478197922.702654,1478197922.893803,2636672,23,0.359375,15,187.17598915100095,704,0x2C0,test,3132,Fuzzy,1,0.093688294,0.093688294,1,0.06880078234523535
test,Fuzzy,Fuzzy,1478197739.504036,1478197739.637594,2468544,30,0.46875,1,133.1479549407959,704,0x2C0,test,3133,Fuzzy,1,0.105709754,0.105709754,1,0.06880078234523535
test,Normal,Fuzzy,1478201034.910317,1478201034.942168,3516736,0,0.0,-1,,2,0x002,test,3134,Normal,0,0.06678182,0.06678182,0,0.06880078234523535
test,Gear,Gear,1478194910.419243,1478194910.446073,3153024,23,0.359375,1,26.59916877746582,1087,0x43F,test,3135,Gear,1,0.070758246,0.070758246,1,0.06880078234523535
test,Normal,DoS,1478201051.198648,1478201051.231067,3373824,0,0.0,-1,,304,0x130,test,3136,Normal,0,0.064431384,0.064431384,0,0.06880078234523535
test,Gear,Gear,1478195016.660196,1478195016.683352,3343168,21,0.328125,3,22.4459171295166,1087,0x43F,test,3137,Gear,1,0.07143876,0.07143876,1,0.06880078234523535
test,Fuzzy,Fuzzy,1478198054.457192,1478198054.640857,2754112,23,0.359375,6,166.27192497253418,672,0x2A0,test,3138,Fuzzy,1,0.08883799,0.08883799,1,0.06880078234523535
test,Fuzzy,Fuzzy,1478198013.843342,1478198014.08303,2722880,20,0.3125,4,217.1630859375,2,0x002,test,3139,Fuzzy,1,0.10268569,0.10268569,1,0.06880078234523535
test,RPM,RPM,1478192955.056386,1478192955.080882,3681664,21,0.328125,1,24.271011352539062,790,0x316,test,3140,RPM,1,0.07999429,0.07999429,1,0.06880078234523535
test,Gear,Gear,1478195079.888393,1478195079.932232,3456448,19,0.296875,2,43.35379600524902,1087,0x43F,test,3141,Gear,1,0.06810803,0.06810803,0,0.06880078234523535
test,Normal,Gear,1478201174.95889,1478201174.99417,4379968,0,0.0,-1,,2,0x002,test,3142,Normal,0,0.06260573,0.06260573,0,0.06880078234523535
test,Normal,Gear,1478201037.364323,1478201037.400892,4125568,0,0.0,-1,,2,0x002,test,3143,Normal,0,0.0641974,0.0641974,0,0.06880078234523535
test,Normal,Fuzzy,1478201131.356697,1478201131.392832,3695424,0,0.0,-1,,399,0x18F,test,3144,Normal,0,0.069017254,0.069017254,1,0.06880078234523535
test,RPM,RPM,1478192760.316076,1478192760.338825,3322880,20,0.3125,0,22.748947143554688,790,0x316,test,3145,RPM,1,0.08313874,0.08313874,1,0.06880078234523535
test,DoS,DoS,1478200398.004299,1478200398.053672,2372160,37,0.578125,1,49.12710189819336,0,0x000,test,3146,DoS,1,0.05225844,0.05225844,0,0.06880078234523535
test,Gear,Gear,1478194866.877332,1478194866.906572,3067456,19,0.296875,0,29.240131378173828,1087,0x43F,test,3147,Gear,1,0.07064442,0.07064442,1,0.06880078234523535
test,DoS,DoS,1478200399.389148,1478200399.432669,2374080,38,0.59375,1,43.26987266540527,0,0x000,test,3148,DoS,1,0.052235745,0.052235745,0,0.06880078234523535
test,Gear,Gear,1478194975.501243,1478194975.532629,3269632,21,0.328125,0,31.38589859008789,1087,0x43F,test,3149,Gear,1,0.07070474,0.07070474,1,0.06880078234523535
test,Fuzzy,Fuzzy,1478197943.754465,1478197943.775801,2660416,24,0.375,1,21.10886573791504,1088,0x440,test,3150,Fuzzy,1,0.09619162,0.09619162,1,0.06880078234523535
test,Fuzzy,Fuzzy,1478198127.897394,1478198127.970984,2847360,25,0.390625,1,73.37307929992676,1088,0x440,test,3151,Fuzzy,1,0.096100725,0.096100725,1,0.06880078234523535
test,RPM,RPM,1478192761.361694,1478192761.396781,3324800,20,0.3125,1,34.69085693359375,790,0x316,test,3152,RPM,1,0.084231794,0.084231794,1,0.06880078234523535
test,DoS,DoS,1478200384.019002,1478200384.062917,2349376,36,0.5625,3,37.74595260620117,0,0x000,test,3153,DoS,1,0.049895104,0.049895104,0,0.06880078234523535
test,Normal,DoS,1478201022.302961,1478201022.334036,3321024,0,0.0,-1,,399,0x18F,test,3154,Normal,0,0.06615245,0.06615245,0,0.06880078234523535
test,RPM,RPM,1478192820.988943,1478192821.017721,3422976,21,0.328125,3,28.069019317626957,790,0x316,test,3155,RPM,1,0.08038092,0.08038092,1,0.06880078234523535
test,Normal,RPM,1478201118.165952,1478201118.197631,4453824,0,0.0,-1,,2,0x002,test,3156,Normal,0,0.06298034,0.06298034,0,0.06880078234523535
test,RPM,RPM,1478192950.478242,1478192950.510542,3672320,20,0.3125,0,32.29999542236328,790,0x316,test,3157,RPM,1,0.078111894,0.078111894,1,0.06880078234523535
test,DoS,DoS,1478200453.218713,1478200453.281525,2446656,35,0.546875,0,62.81185150146485,0,0x000,test,3158,DoS,1,0.048078567,0.048078567,0,0.06880078234523535
test,Fuzzy,Fuzzy,1478197921.345217,1478197921.596053,2636352,34,0.53125,1,244.92478370666504,1087,0x43F,test,3159,Fuzzy,1,0.11461148,0.11461148,1,0.06880078234523535
test,Fuzzy,Fuzzy,1478197945.59266,1478197945.789547,2661312,28,0.4375,1,196.66290283203125,880,0x370,test,3160,Fuzzy,1,0.10141403,0.10141403,1,0.06880078234523535
test,Gear,Gear,1478194879.405265,1478194879.448475,3090880,18,0.28125,1,42.72890090942383,1087,0x43F,test,3161,Gear,1,0.068000175,0.068000175,0,0.06880078234523535
test,RPM,RPM,1478192964.304794,1478192964.341801,3698944,24,0.375,0,37.00685501098633,790,0x316,test,3162,RPM,1,0.08397624,0.08397624,1,0.06880078234523535
test,DoS,DoS,1478200474.109079,1478200474.135417,2476672,33,0.515625,1,20.956993103027344,0,0x000,test,3163,DoS,1,0.049588595,0.049588595,0,0.06880078234523535
test,Gear,Gear,1478194996.450558,1478194996.497815,3309056,20,0.3125,3,46.52285575866699,1087,0x43F,test,3164,Gear,1,0.06864774,0.06864774,0,0.06880078234523535
test,Normal,RPM,1478201094.673922,1478201094.707776,4410304,0,0.0,-1,,2,0x002,test,3165,Normal,0,0.06714243,0.06714243,0,0.06880078234523535
test,DoS,DoS,1478200360.425561,1478200360.63101,2320128,34,0.53125,1,205.2030563354492,0,0x000,test,3166,DoS,1,0.05066072,0.05066072,0,0.06880078234523535
test,Normal,DoS,1478201092.787608,1478201092.824851,3450880,0,0.0,-1,,2,0x002,test,3167,Normal,0,0.06387419,0.06387419,0,0.06880078234523535
test,Gear,Gear,1478195023.258586,1478195023.290306,3355840,22,0.34375,5,30.485153198242188,1087,0x43F,test,3168,Gear,1,0.068813406,0.068813406,1,0.06880078234523535
test,Gear,Gear,1478194918.362673,1478194918.389405,3167360,20,0.3125,0,26.73196792602539,1087,0x43F,test,3169,Gear,1,0.07487357,0.07487357,1,0.06880078234523535
test,Fuzzy,Fuzzy,1478197865.227591,1478197865.250202,2585536,20,0.3125,6,19.59085464477539,305,0x131,test,3170,Fuzzy,1,0.089660116,0.089660116,1,0.06880078234523535
test,Fuzzy,Fuzzy,1478198111.205028,1478198111.255565,2822976,23,0.359375,0,50.5368709564209,2,0x002,test,3171,Fuzzy,1,0.09483413,0.09483413,1,0.06880078234523535
test,Gear,Gear,1478194865.815672,1478194865.838653,3065024,19,0.296875,1,22.750139236450195,1087,0x43F,test,3172,Gear,1,0.0669472,0.0669472,0,0.06880078234523535
test,Gear,Gear,1478195106.22611,1478195106.364823,3504640,18,0.28125,1,138.48114013671875,1087,0x43F,test,3173,Gear,1,0.07438132,0.07438132,1,0.06880078234523535
test,Normal,DoS,1478201073.237898,1478201073.270833,3414656,0,0.0,-1,,304,0x130,test,3174,Normal,0,0.062429115,0.062429115,0,0.06880078234523535
test,RPM,RPM,1478192889.636323,1478192889.661774,3560832,23,0.359375,0,25.45094490051269,790,0x316,test,3175,RPM,1,0.084730044,0.084730044,1,0.06880078234523535
test,Gear,Gear,1478194847.186491,1478194847.212646,3024960,19,0.296875,2,25.68602561950684,1087,0x43F,test,3176,Gear,1,0.06938104,0.06938104,1,0.06880078234523535
test,Fuzzy,Fuzzy,1478198107.555133,1478198107.604256,2817472,29,0.453125,4,48.175811767578125,2,0x002,test,3177,Fuzzy,1,0.10151471,0.10151471,1,0.06880078234523535
test,DoS,DoS,1478200518.494886,1478200518.614835,2535872,34,0.53125,1,119.7030544281006,0,0x000,test,3178,DoS,1,0.044469442,0.044469442,0,0.06880078234523535
test,Gear,Gear,1478195058.777942,1478195058.802904,3418432,21,0.328125,2,24.487972259521484,1087,0x43F,test,3179,Gear,1,0.07204348,0.07204348,1,0.06880078234523535
test,RPM,RPM,1478192844.106144,1478192844.135634,3466496,26,0.40625,0,29.489994049072266,790,0x316,test,3180,RPM,1,0.08641311,0.08641311,1,0.06880078234523535
test,DoS,DoS,1478200449.499642,1478200449.525941,2441280,34,0.53125,1,26.054859161376957,0,0x000,test,3181,DoS,1,0.053524718,0.053524718,0,0.06880078234523535
test,DoS,DoS,1478200632.413958,1478200632.558133,2658112,32,0.5,0,144.17481422424316,0,0x000,test,3182,DoS,1,0.0499881,0.0499881,0,0.06880078234523535
test,RPM,RPM,1478192812.878322,1478192812.920543,3408512,21,0.328125,2,41.571855545043945,790,0x316,test,3183,RPM,1,0.08590716,0.08590716,1,0.06880078234523535
test,RPM,RPM,1478192737.640921,1478192737.670402,3274752,18,0.28125,2,29.02007102966309,790,0x316,test,3184,RPM,1,0.08045384,0.08045384,1,0.06880078234523535
test,RPM,RPM,1478192928.587379,1478192928.610563,3634816,21,0.328125,3,22.483110427856445,790,0x316,test,3185,RPM,1,0.08200214,0.08200214,1,0.06880078234523535
test,Gear,Gear,1478195067.285507,1478195067.315467,3433536,20,0.3125,9,26.31497383117676,1087,0x43F,test,3186,Gear,1,0.06839141,0.06839141,0,0.06880078234523535
test,Normal,DoS,1478201040.902002,1478201040.937713,3354752,0,0.0,-1,,399,0x18F,test,3187,Normal,0,0.06157145,0.06157145,0,0.06880078234523535
test,Fuzzy,Fuzzy,1478197978.158676,1478197978.384872,2693120,29,0.453125,0,226.1960506439209,672,0x2A0,test,3188,Fuzzy,1,0.10542976,0.10542976,1,0.06880078234523535
test,DoS,DoS,1478200582.224843,1478200582.320189,2603648,38,0.59375,0,95.34597396850586,0,0x000,test,3189,DoS,1,0.05537569,0.05537569,0,0.06880078234523535
test,RPM,RPM,1478192866.060329,1478192866.094868,3512000,22,0.34375,2,33.91098976135254,790,0x316,test,3190,RPM,1,0.08307737,0.08307737,1,0.06880078234523535
test,DoS,DoS,1478200434.943846,1478200434.988309,2420800,37,0.578125,0,44.46291923522949,0,0x000,test,3191,DoS,1,0.050108116,0.050108116,0,0.06880078234523535
test,Normal,DoS,1478201158.529957,1478201158.564814,3572160,0,0.0,-1,,2,0x002,test,3192,Normal,0,0.06658499,0.06658499,0,0.06880078234523535
test,RPM,RPM,1478192722.751437,1478192722.788833,3244800,17,0.265625,7,35.684823989868164,790,0x316,test,3193,RPM,1,0.074724145,0.074724145,1,0.06880078234523535
test,Normal,Gear,1478201103.688926,1478201103.725906,4248448,0,0.0,-1,,305,0x131,test,3194,Normal,0,0.06541909,0.06541909,0,0.06880078234523535
test,RPM,RPM,1478192938.344321,1478192938.39156,3649664,15,0.234375,0,47.239065170288086,790,0x316,test,3195,RPM,1,0.079608746,0.079608746,1,0.06880078234523535
test,Normal,Gear,1478201029.407463,1478201029.438226,4111552,0,0.0,-1,,608,0x260,test,3196,Normal,0,0.06263701,0.06263701,0,0.06880078234523535
test,DoS,DoS,1478200321.879952,1478200322.009248,2290048,40,0.625,0,129.29606437683103,0,0x000,test,3197,DoS,1,0.053435206,0.053435206,0,0.06880078234523535
test,Normal,DoS,1478201023.71982,1478201023.752234,3323648,0,0.0,-1,,304,0x130,test,3198,Normal,0,0.063326485,0.063326485,0,0.06880078234523535
test,Fuzzy,Fuzzy,1478197928.933626,1478197928.965003,2644736,23,0.359375,6,29.64997291564941,304,0x130,test,3199,Fuzzy,1,0.104323864,0.104323864,1,0.06880078234523535
test,Fuzzy,Fuzzy,1478198165.839098,1478198165.886571,2913408,31,0.484375,0,47.47295379638672,704,0x2C0,test,3200,Fuzzy,1,0.10657506,0.10657506,1,0.06880078234523535
test,DoS,DoS,1478200464.584839,1478200464.60061,2463232,33,0.515625,1,15.523910522460938,0,0x000,test,3201,DoS,1,0.04771482,0.04771482,0,0.06880078234523535
test,DoS,DoS,1478200525.972082,1478200525.987753,2543616,34,0.53125,0,15.671014785766602,0,0x000,test,3202,DoS,1,0.050137382,0.050137382,0,0.06880078234523535
test,Fuzzy,Fuzzy,1478198133.330089,1478198133.357647,2857152,23,0.359375,0,27.557849884033203,608,0x260,test,3203,Fuzzy,1,0.090523124,0.090523124,1,0.06880078234523535
test,Fuzzy,Fuzzy,1478197964.216969,1478197964.55399,2679552,27,0.421875,0,337.0208740234375,704,0x2C0,test,3204,Fuzzy,1,0.09670457,0.09670457,1,0.06880078234523535
test,Normal,Gear,1478201090.287701,1478201090.324289,4223616,0,0.0,-1,,2,0x002,test,3205,Normal,0,0.067889966,0.067889966,0,0.06880078234523535
test,DoS,DoS,1478200467.260622,1478200467.285694,2467008,34,0.53125,0,25.07185935974121,0,0x000,test,3206,DoS,1,0.05053247,0.05053247,0,0.06880078234523535
test,Normal,DoS,1478201115.036997,1478201115.068897,3492096,0,0.0,-1,,305,0x131,test,3207,Normal,0,0.06485218,0.06485218,0,0.06880078234523535
test,RPM,RPM,1478192858.607173,1478192858.629863,3496512,18,0.28125,4,21.74997329711914,790,0x316,test,3208,RPM,1,0.081500225,0.081500225,1,0.06880078234523535
test,RPM,RPM,1478192826.306137,1478192826.340569,3432960,22,0.34375,1,34.20710563659668,790,0x316,test,3209,RPM,1,0.08586756,0.08586756,1,0.06880078234523535
test,Gear,Gear,1478194988.670853,1478194988.69897,3294272,21,0.328125,11,25.463104248046875,1087,0x43F,test,3210,Gear,1,0.07089865,0.07089865,1,0.06880078234523535
test,Fuzzy,Fuzzy,1478198166.150038,1478198166.181639,2913920,27,0.421875,1,31.041860580444336,704,0x2C0,test,3211,Fuzzy,1,0.09247209,0.09247209,1,0.06880078234523535
test,Normal,RPM,1478201108.90694,1478201108.94139,4436672,0,0.0,-1,,2,0x002,test,3212,Normal,0,0.059885137,0.059885137,0,0.06880078234523535
test,DoS,DoS,1478200446.003835,1478200446.034746,2434688,32,0.5,0,30.910968780517575,0,0x000,test,3213,DoS,1,0.04820165,0.04820165,0,0.06880078234523535
test,RPM,RPM,1478192695.681659,1478192695.704062,3186048,19,0.296875,2,21.924972534179688,790,0x316,test,3214,RPM,1,0.08467042,0.08467042,1,0.06880078234523535
test,RPM,RPM,1478192769.261655,1478192769.309983,3338048,23,0.359375,1,48.10190200805664,790,0x316,test,3215,RPM,1,0.08311392,0.08311392,1,0.06880078234523535
test,RPM,RPM,1478192892.204092,1478192892.235312,3566912,20,0.3125,2,30.744075775146484,790,0x316,test,3216,RPM,1,0.08563825,0.08563825,1,0.06880078234523535
test,Fuzzy,Fuzzy,1478197807.617021,1478197807.727465,2534336,21,0.328125,1,110.22782325744627,339,0x153,test,3217,Fuzzy,1,0.08623142,0.08623142,1,0.06880078234523535
test,Fuzzy,Fuzzy,1478198132.299977,1478198132.336142,2855232,23,0.359375,1,35.81404685974121,399,0x18F,test,3218,Fuzzy,1,0.09287932,0.09287932,1,0.06880078234523535
test,Normal,DoS,1478201083.289071,1478201083.323649,3433280,0,0.0,-1,,305,0x131,test,3219,Normal,0,0.05986317,0.05986317,0,0.06880078234523535
test,DoS,DoS,1478200449.606812,1478200449.690019,2441472,34,0.53125,0,83.2068920135498,0,0x000,test,3220,DoS,1,0.04864137,0.04864137,0,0.06880078234523535
test,RPM,RPM,1478192692.449103,1478192692.48388,3179968,20,0.3125,2,34.30604934692383,790,0x316,test,3221,RPM,1,0.08016877,0.08016877,1,0.06880078234523535
test,RPM,RPM,1478192837.793983,1478192837.817447,3454656,21,0.328125,0,23.463964462280277,790,0x316,test,3222,RPM,1,0.08459279,0.08459279,1,0.06880078234523535
test,RPM,RPM,1478192788.970874,1478192789.012402,3369152,21,0.328125,1,41.30315780639648,790,0x316,test,3223,RPM,1,0.07788941,0.07788941,1,0.06880078234523535
test,Gear,Gear,1478194905.356073,1478194905.38386,3142720,21,0.328125,1,27.55904197692871,1087,0x43F,test,3224,Gear,1,0.06967691,0.06967691,1,0.06880078234523535
test,Fuzzy,Fuzzy,1478197957.061267,1478197957.163642,2670336,17,0.265625,11,98.79589080810548,304,0x130,test,3225,Fuzzy,1,0.07806761,0.07806761,1,0.06880078234523535
test,Normal,Fuzzy,1478201049.761301,1478201049.798474,3544256,0,0.0,-1,,2,0x002,test,3226,Normal,0,0.062765755,0.062765755,0,0.06880078234523535
test,Fuzzy,Fuzzy,1478197913.041042,1478197913.133613,2630080,18,0.28125,0,92.57102012634276,704,0x2C0,test,3227,Fuzzy,1,0.083236314,0.083236314,1,0.06880078234523535
test,RPM,RPM,1478192852.592316,1478192852.617352,3483776,22,0.34375,0,25.036096572875977,790,0x316,test,3228,RPM,1,0.08635196,0.08635196,1,0.06880078234523535
test,Gear,Gear,1478194864.433425,1478194864.455461,3061632,20,0.3125,0,22.036075592041016,1087,0x43F,test,3229,Gear,1,0.06770597,0.06770597,0,0.06880078234523535
test,Gear,Gear,1478195008.790871,1478195008.824975,3330048,18,0.28125,1,33.872127532958984,1087,0x43F,test,3230,Gear,1,0.06868326,0.06868326,0,0.06880078234523535
test,RPM,RPM,1478192937.619242,1478192937.644049,3648448,16,0.25,0,24.80697631835937,790,0x316,test,3231,RPM,1,0.07651996,0.07651996,1,0.06880078234523535
test,DoS,DoS,1478200379.940496,1478200379.956456,2343424,34,0.53125,1,15.710830688476562,0,0x000,test,3232,DoS,1,0.047520585,0.047520585,0,0.06880078234523535
test,Fuzzy,Fuzzy,1478198066.031157,1478198066.051727,2765824,27,0.421875,0,20.570039749145508,2,0x002,test,3233,Fuzzy,1,0.093467996,0.093467996,1,0.06880078234523535
test,Normal,DoS,1478201040.419554,1478201040.452112,3353856,0,0.0,-1,,304,0x130,test,3234,Normal,0,0.06082704,0.06082704,0,0.06880078234523535
test,Normal,Gear,1478201140.896104,1478201140.928069,4317376,0,0.0,-1,,320,0x140,test,3235,Normal,0,0.06223032,0.06223032,0,0.06880078234523535
test,Normal,DoS,1478201076.485823,1478201076.518997,3420672,0,0.0,-1,,2,0x002,test,3236,Normal,0,0.06598242,0.06598242,0,0.06880078234523535
test,RPM,RPM,1478192735.834779,1478192735.859197,3270720,21,0.328125,0,24.417877197265625,790,0x316,test,3237,RPM,1,0.08401865,0.08401865,1,0.06880078234523535
test,Normal,DoS,1478201069.853017,1478201069.884676,3408384,0,0.0,-1,,399,0x18F,test,3238,Normal,0,0.06599991,0.06599991,0,0.06880078234523535
test,Gear,Gear,1478194904.611542,1478194904.636451,3140800,19,0.296875,0,24.909019470214844,1087,0x43F,test,3239,Gear,1,0.06886701,0.06886701,1,0.06880078234523535
test,Normal,Gear,1478201031.375184,1478201031.409516,4115200,0,0.0,-1,,399,0x18F,test,3240,Normal,0,0.06054925,0.06054925,0,0.06880078234523535
test,RPM,RPM,1478192747.457934,1478192747.481028,3294976,21,0.328125,1,22.86815643310547,790,0x316,test,3241,RPM,1,0.0838475,0.0838475,1,0.06880078234523535
test,RPM,RPM,1478192705.259813,1478192705.283302,3208768,21,0.328125,2,22.845983505249023,790,0x316,test,3242,RPM,1,0.087327,0.087327,1,0.06880078234523535
test,RPM,RPM,1478192749.062707,1478192749.091132,3299008,23,0.359375,0,28.424978256225582,790,0x316,test,3243,RPM,1,0.082405016,0.082405016,1,0.06880078234523535
test,Normal,RPM,1478201033.783171,1478201033.814913,4297856,0,0.0,-1,,399,0x18F,test,3244,Normal,0,0.06083748,0.06083748,0,0.06880078234523535
test,Normal,Gear,1478201013.031254,1478201013.062896,4081216,0,0.0,-1,,2,0x002,test,3245,Normal,0,0.06658699,0.06658699,0,0.06880078234523535
test,Fuzzy,Fuzzy,1478197873.849139,1478197873.955127,2593344,29,0.453125,0,105.9880256652832,1349,0x545,test,3246,Fuzzy,1,0.09733,0.09733,1,0.06880078234523535
test,Fuzzy,Fuzzy,1478197730.641485,1478197730.918832,2460160,34,0.53125,3,260.9879970550537,2,0x002,test,3247,Fuzzy,1,0.106793106,0.106793106,1,0.06880078234523535
test,RPM,RPM,1478192702.005642,1478192702.032703,3200256,21,0.328125,6,22.85385131835937,790,0x316,test,3248,RPM,1,0.083870314,0.083870314,1,0.06880078234523535
test,Normal,Gear,1478201091.566144,1478201091.597803,4225984,0,0.0,-1,,2,0x002,test,3249,Normal,0,0.07101033,0.07101033,1,0.06880078234523535
test,Gear,Gear,1478195027.899866,1478195027.981127,3363840,21,0.328125,2,80.79195022583008,1087,0x43F,test,3250,Gear,1,0.07154322,0.07154322,1,0.06880078234523535
test,RPM,RPM,1478192923.735007,1478192923.783586,3625984,20,0.3125,3,47.85990715026856,790,0x316,test,3251,RPM,1,0.08537959,0.08537959,1,0.06880078234523535
test,DoS,DoS,1478200418.506979,1478200418.586933,2397376,31,0.484375,1,79.70595359802246,0,0x000,test,3252,DoS,1,0.05175346,0.05175346,0,0.06880078234523535
test,RPM,RPM,1478192754.201318,1478192754.223497,3309504,20,0.3125,1,21.956920623779297,790,0x316,test,3253,RPM,1,0.08326223,0.08326223,1,0.06880078234523535
test,Normal,RPM,1478201067.83317,1478201067.867948,4360576,0,0.0,-1,,399,0x18F,test,3254,Normal,0,0.06388532,0.06388532,0,0.06880078234523535
test,Normal,RPM,1478201120.617138,1478201120.651445,4458368,0,0.0,-1,,320,0x140,test,3255,Normal,0,0.062296838,0.062296838,0,0.06880078234523535
test,DoS,DoS,1478200436.558462,1478200436.718604,2422656,38,0.59375,0,160.142183303833,0,0x000,test,3256,DoS,1,0.0459176,0.0459176,0,0.06880078234523535
test,Gear,Gear,1478195091.28845,1478195091.310925,3477568,21,0.328125,0,22.475004196166992,1087,0x43F,test,3257,Gear,1,0.06975231,0.06975231,1,0.06880078234523535
test,RPM,RPM,1478192749.948348,1478192749.97927,3300992,20,0.3125,0,30.92193603515625,790,0x316,test,3258,RPM,1,0.0804167,0.0804167,1,0.06880078234523535
test,Gear,Gear,1478194983.593502,1478194983.625299,3284032,19,0.296875,0,31.796932220458984,1087,0x43F,test,3259,Gear,1,0.065925136,0.065925136,0,0.06880078234523535
test,DoS,DoS,1478200595.679771,1478200595.857725,2620032,35,0.546875,1,177.71482467651367,0,0x000,test,3260,DoS,1,0.054438762,0.054438762,0,0.06880078234523535
test,DoS,DoS,1478200500.023514,1478200500.084025,2512448,24,0.375,1,60.26291847229004,0,0x000,test,3261,DoS,1,0.059701435,0.059701435,0,0.06880078234523535
test,Fuzzy,Fuzzy,1478198127.787563,1478198127.853087,2847232,25,0.390625,1,65.3078556060791,809,0x329,test,3262,Fuzzy,1,0.10020535,0.10020535,1,0.06880078234523535
test,Gear,Gear,1478194942.308403,1478194942.330542,3209216,19,0.296875,9,19.989013671875,1087,0x43F,test,3263,Gear,1,0.06780937,0.06780937,0,0.06880078234523535
test,RPM,RPM,1478192969.664876,1478192969.700603,3708800,19,0.296875,3,32.959938049316406,790,0x316,test,3264,RPM,1,0.07907274,0.07907274,1,0.06880078234523535
test,RPM,RPM,1478192961.234553,1478192961.260309,3693504,23,0.359375,0,25.755882263183597,790,0x316,test,3265,RPM,1,0.083781965,0.083781965,1,0.06880078234523535
test,Gear,Gear,1478195072.74136,1478195072.814722,3443712,23,0.359375,2,72.89505004882812,1087,0x43F,test,3266,Gear,1,0.06891744,0.06891744,1,0.06880078234523535
test,Normal,Fuzzy,1478201182.693277,1478201182.729022,3790016,0,0.0,-1,,304,0x130,test,3267,Normal,0,0.068303466,0.068303466,0,0.06880078234523535
test,Normal,DoS,1478201201.124707,1478201201.159946,3651072,0,0.0,-1,,399,0x18F,test,3268,Normal,0,0.0633072,0.0633072,0,0.06880078234523535
test,Fuzzy,Fuzzy,1478197906.746499,1478197907.021437,2622208,30,0.46875,0,274.93786811828613,2,0x002,test,3269,Fuzzy,1,0.107855245,0.107855245,1,0.06880078234523535
test,DoS,DoS,1478200380.176507,1478200380.204298,2344064,32,0.5,1,27.545928955078125,0,0x000,test,3270,DoS,1,0.04850628,0.04850628,0,0.06880078234523535
test,Gear,Gear,1478194938.213541,1478194938.248262,3201856,23,0.359375,1,34.48987007141113,1087,0x43F,test,3271,Gear,1,0.06853191,0.06853191,0,0.06880078234523535
test,RPM,RPM,1478192683.431371,1478192683.454612,3158784,20,0.3125,0,23.241043090820312,790,0x316,test,3272,RPM,1,0.082145326,0.082145326,1,0.06880078234523535
test,Gear,Gear,1478194944.753084,1478194944.857132,3213376,19,0.296875,2,103.56402397155762,1087,0x43F,test,3273,Gear,1,0.07269175,0.07269175,1,0.06880078234523535
test,Gear,Gear,1478194955.413666,1478194955.449853,3231936,20,0.3125,4,35.240888595581055,1087,0x43F,test,3274,Gear,1,0.0659006,0.0659006,0,0.06880078234523535
test,RPM,RPM,1478192766.723209,1478192766.745702,3334016,20,0.3125,4,21.522998809814453,790,0x316,test,3275,RPM,1,0.07898592,0.07898592,1,0.06880078234523535
test,Fuzzy,Fuzzy,1478197993.382039,1478197993.402898,2708864,27,0.421875,0,20.8590030670166,704,0x2C0,test,3276,Fuzzy,1,0.094981596,0.094981596,1,0.06880078234523535
test,DoS,DoS,1478200428.262357,1478200428.296847,2409920,33,0.515625,0,34.490108489990234,0,0x000,test,3277,DoS,1,0.054196045,0.054196045,0,0.06880078234523535
test,Fuzzy,Fuzzy,1478197976.877363,1478197976.967899,2692672,21,0.328125,7,84.4120979309082,304,0x130,test,3278,Fuzzy,1,0.09370279,0.09370279,1,0.06880078234523535
test,Normal,RPM,1478201179.10471,1478201179.138827,4566208,0,0.0,-1,,2,0x002,test,3279,Normal,0,0.065502234,0.065502234,0,0.06880078234523535
test,Gear,Gear,1478194910.754123,1478194910.777031,3153664,15,0.234375,4,21.93689346313477,1087,0x43F,test,3280,Gear,1,0.06265237,0.06265237,0,0.06880078234523535
test,Normal,DoS,1478201009.45237,1478201009.486425,3297216,0,0.0,-1,,304,0x130,test,3281,Normal,0,0.064743705,0.064743705,0,0.06880078234523535
test,RPM,RPM,1478192724.316943,1478192724.352997,3247744,19,0.296875,2,35.59112548828125,790,0x316,test,3282,RPM,1,0.08467766,0.08467766,1,0.06880078234523535
test,Fuzzy,Fuzzy,1478198093.254301,1478198093.27919,2793472,18,0.28125,7,23.262977600097656,2,0x002,test,3283,Fuzzy,1,0.0883433,0.0883433,1,0.06880078234523535
test,Gear,Gear,1478194846.079695,1478194846.120156,3022400,21,0.328125,2,39.988040924072266,1087,0x43F,test,3284,Gear,1,0.06726737,0.06726737,0,0.06880078234523535
test,Normal,Gear,1478201168.052117,1478201168.084154,4367168,0,0.0,-1,,339,0x153,test,3285,Normal,0,0.062054686,0.062054686,0,0.06880078234523535
test,Gear,Gear,1478195087.086959,1478195087.109328,3469440,19,0.296875,5,21.14295959472656,1087,0x43F,test,3286,Gear,1,0.072649114,0.072649114,1,0.06880078234523535
test,Normal,Gear,1478201152.247458,1478201152.285068,4338368,0,0.0,-1,,2,0x002,test,3287,Normal,0,0.0626425,0.0626425,0,0.06880078234523535
test,Normal,DoS,1478201011.66207,1478201011.696449,3301312,0,0.0,-1,,399,0x18F,test,3288,Normal,0,0.060894497,0.060894497,0,0.06880078234523535
test,Normal,RPM,1478201060.922779,1478201060.959223,4347776,0,0.0,-1,,2,0x002,test,3289,Normal,0,0.06467786,0.06467786,0,0.06880078234523535
test,DoS,DoS,1478200636.163402,1478200636.314543,2660352,38,0.59375,1,150.8960723876953,0,0x000,test,3290,DoS,1,0.0469019,0.0469019,0,0.06880078234523535
test,Normal,Gear,1478201150.07445,1478201150.107538,4334336,0,0.0,-1,,304,0x130,test,3291,Normal,0,0.06546879,0.06546879,0,0.06880078234523535
test,Fuzzy,Fuzzy,1478198110.73229,1478198110.777503,2822400,21,0.328125,3,44.50511932373047,2,0x002,test,3292,Fuzzy,1,0.09131731,0.09131731,1,0.06880078234523535
test,DoS,DoS,1478200364.993381,1478200365.027118,2325184,32,0.5,1,33.49494934082031,0,0x000,test,3293,DoS,1,0.050182745,0.050182745,0,0.06880078234523535
test,DoS,DoS,1478200399.736705,1478200399.801594,2374592,36,0.5625,0,64.88895416259766,0,0x000,test,3294,DoS,1,0.0481912,0.0481912,0,0.06880078234523535
test,Fuzzy,Fuzzy,1478198124.433782,1478198124.480493,2843776,25,0.390625,0,46.710968017578125,880,0x370,test,3295,Fuzzy,1,0.097468466,0.097468466,1,0.06880078234523535
test,DoS,DoS,1478200414.98409,1478200415.045607,2391104,36,0.5625,1,61.27214431762695,0,0x000,test,3296,DoS,1,0.049939584,0.049939584,0,0.06880078234523535
test,Gear,Gear,1478194845.78701,1478194845.829693,3021760,19,0.296875,0,42.68312454223633,1087,0x43F,test,3297,Gear,1,0.06795292,0.06795292,0,0.06880078234523535
test,Gear,Gear,1478195021.665599,1478195021.748204,3352960,23,0.359375,0,82.60488510131836,1087,0x43F,test,3298,Gear,1,0.06539984,0.06539984,0,0.06880078234523535
test,Fuzzy,Fuzzy,1478198111.776771,1478198111.819663,2823872,25,0.390625,1,42.66810417175293,320,0x140,test,3299,Fuzzy,1,0.09367307,0.09367307,1,0.06880078234523535
test,Gear,Gear,1478194866.495333,1478194866.518197,3066560,19,0.296875,3,22.1250057220459,1087,0x43F,test,3300,Gear,1,0.06801392,0.06801392,0,0.06880078234523535
test,Fuzzy,Fuzzy,1478197886.86431,1478197887.092336,2606848,30,0.46875,1,222.8379249572754,304,0x130,test,3301,Fuzzy,1,0.10426773,0.10426773,1,0.06880078234523535
test,RPM,RPM,1478192748.579575,1478192748.602315,3297920,20,0.3125,0,22.739887237548828,790,0x316,test,3302,RPM,1,0.0809804,0.0809804,1,0.06880078234523535
test,RPM,RPM,1478192821.835533,1478192821.888327,3424512,8,0.125,3,52.095890045166016,790,0x316,test,3303,RPM,1,0.07655749,0.07655749,1,0.06880078234523535
test,DoS,DoS,1478200589.369908,1478200589.463609,2611840,36,0.5625,0,93.70088577270508,0,0x000,test,3304,DoS,1,0.05168163,0.05168163,0,0.06880078234523535
test,DoS,DoS,1478200368.200224,1478200368.462684,2326272,36,0.5625,0,262.4599933624268,0,0x000,test,3305,DoS,1,0.04964465,0.04964465,0,0.06880078234523535
test,Normal,DoS,1478201183.403511,1478201183.43907,3618240,0,0.0,-1,,2,0x002,test,3306,Normal,0,0.06476573,0.06476573,0,0.06880078234523535
test,Fuzzy,Fuzzy,1478198149.924323,1478198149.98487,2885888,24,0.375,2,60.083866119384766,305,0x131,test,3307,Fuzzy,1,0.09606907,0.09606907,1,0.06880078234523535
test,RPM,RPM,1478192696.174575,1478192696.197979,3187392,21,0.328125,3,22.701025009155277,790,0x316,test,3308,RPM,1,0.084904656,0.084904656,1,0.06880078234523535
test,DoS,DoS,1478200496.324209,1478200496.379832,2509376,34,0.53125,0,55.62305450439453,0,0x000,test,3309,DoS,1,0.04947866,0.04947866,0,0.06880078234523535
test,Gear,Gear,1478195078.87471,1478195078.925782,3454912,18,0.28125,0,51.071882247924805,1087,0x43F,test,3310,Gear,1,0.06565745,0.06565745,0,0.06880078234523535
test,Fuzzy,Fuzzy,1478198101.22139,1478198101.27186,2806784,23,0.359375,0,50.46987533569336,2,0x002,test,3311,Fuzzy,1,0.09620435,0.09620435,1,0.06880078234523535
test,Gear,Gear,1478194982.578366,1478194982.622313,3282304,20,0.3125,0,43.94698143005371,1087,0x43F,test,3312,Gear,1,0.07114555,0.07114555,1,0.06880078234523535
test,DoS,DoS,1478200533.551545,1478200533.567457,2551936,34,0.53125,1,15.668869018554688,0,0x000,test,3313,DoS,1,0.050566122,0.050566122,0,0.06880078234523535
test,DoS,DoS,1478200453.557936,1478200453.608621,2447040,32,0.5,1,50.44293403625488,0,0x000,test,3314,DoS,1,0.049824376,0.049824376,0,0.06880078234523535
test,RPM,RPM,1478192768.043713,1478192768.073248,3336064,24,0.375,1,29.3118953704834,790,0x316,test,3315,RPM,1,0.085611515,0.085611515,1,0.06880078234523535
test,Normal,Gear,1478201041.167238,1478201041.199078,4132608,0,0.0,-1,,2,0x002,test,3316,Normal,0,0.06494595,0.06494595,0,0.06880078234523535
test,DoS,DoS,1478200442.973915,1478200443.018188,2430848,32,0.5,1,44.03090476989746,0,0x000,test,3317,DoS,1,0.044188745,0.044188745,0,0.06880078234523535
test,Fuzzy,Fuzzy,1478198090.343519,1478198090.36302,2789888,24,0.375,1,19.12689208984375,2,0x002,test,3318,Fuzzy,1,0.08855481,0.08855481,1,0.06880078234523535
test,Fuzzy,Fuzzy,1478198011.124493,1478198011.363138,2722304,28,0.4375,0,238.64507675170896,608,0x260,test,3319,Fuzzy,1,0.089522816,0.089522816,1,0.06880078234523535
test,DoS,DoS,1478200490.901172,1478200490.94192,2500864,34,0.53125,1,40.502071380615234,0,0x000,test,3320,DoS,1,0.05448973,0.05448973,0,0.06880078234523535
test,Normal,Fuzzy,1478201130.943467,1478201130.976452,3694656,0,0.0,-1,,2,0x002,test,3321,Normal,0,0.060704418,0.060704418,0,0.06880078234523535
test,Normal,Fuzzy,1478201080.577157,1478201080.60934,3601344,0,0.0,-1,,2,0x002,test,3322,Normal,0,0.062776186,0.062776186,0,0.06880078234523535
test,DoS,DoS,1478200459.985961,1478200460.032427,2455360,36,0.5625,1,41.08119010925293,0,0x000,test,3323,DoS,1,0.04904287,0.04904287,0,0.06880078234523535
test,Normal,DoS,1478201154.273619,1478201154.306316,3564416,0,0.0,-1,,2,0x002,test,3324,Normal,0,0.06401709,0.06401709,0,0.06880078234523535
test,DoS,DoS,1478200459.653961,1478200459.748685,2454976,39,0.609375,1,94.47884559631348,0,0x000,test,3325,DoS,1,0.049487125,0.049487125,0,0.06880078234523535
test,RPM,RPM,1478192877.134353,1478192877.157286,3534592,20,0.3125,1,22.575855255126957,790,0x316,test,3326,RPM,1,0.08442634,0.08442634,1,0.06880078234523535
test,RPM,RPM,1478192825.211191,1478192825.234116,3431040,21,0.328125,0,22.925138473510746,790,0x316,test,3327,RPM,1,0.08441582,0.08441582,1,0.06880078234523535
test,RPM,RPM,1478192704.294059,1478192704.316323,3206336,20,0.3125,0,22.26400375366211,790,0x316,test,3328,RPM,1,0.08480918,0.08480918,1,0.06880078234523535
test,Normal,Gear,1478201194.029826,1478201194.062547,4415296,0,0.0,-1,,399,0x18F,test,3329,Normal,0,0.0644032,0.0644032,0,0.06880078234523535
test,RPM,RPM,1478192806.990368,1478192807.027181,3399488,19,0.296875,2,36.09895706176758,790,0x316,test,3330,RPM,1,0.08608682,0.08608682,1,0.06880078234523535
test,Gear,Gear,1478194879.560987,1478194879.595481,3091136,19,0.296875,5,31.029939651489254,1087,0x43F,test,3331,Gear,1,0.064837724,0.064837724,0,0.06880078234523535
test,Normal,RPM,1478201116.60907,1478201116.645355,4450944,0,0.0,-1,,320,0x140,test,3332,Normal,0,0.06412434,0.06412434,0,0.06880078234523535
test,DoS,DoS,1478200376.867291,1478200376.916665,2337792,30,0.46875,0,49.37410354614258,0,0x000,test,3333,DoS,1,0.051918324,0.051918324,0,0.06880078234523535
test,DoS,DoS,1478200572.149863,1478200572.198694,2592448,36,0.5625,0,48.83098602294922,0,0x000,test,3334,DoS,1,0.050803304,0.050803304,0,0.06880078234523535
test,Normal,Gear,1478201050.838422,1478201050.871087,4150528,0,0.0,-1,,2,0x002,test,3335,Normal,0,0.06169741,0.06169741,0,0.06880078234523535
test,Normal,DoS,1478201178.047863,1478201178.084248,3608320,0,0.0,-1,,2,0x002,test,3336,Normal,0,0.06887086,0.06887086,1,0.06880078234523535
test,DoS,DoS,1478200396.25857,1478200396.324398,2369856,34,0.53125,1,65.58513641357422,0,0x000,test,3337,DoS,1,0.04957095,0.04957095,0,0.06880078234523535
test,Normal,RPM,1478201139.617407,1478201139.648717,4493568,0,0.0,-1,,880,0x370,test,3338,Normal,0,0.06598027,0.06598027,0,0.06880078234523535
test,Gear,Gear,1478195040.238382,1478195040.279517,3384384,17,0.265625,7,39.48092460632324,1087,0x43F,test,3339,Gear,1,0.071049035,0.071049035,1,0.06880078234523535
test,Gear,Gear,1478194906.109903,1478194906.144801,3144512,21,0.328125,1,34.665822982788086,1087,0x43F,test,3340,Gear,1,0.072012626,0.072012626,1,0.06880078234523535
test,DoS,DoS,1478200609.410643,1478200609.577688,2635136,36,0.5625,2,166.29695892333984,0,0x000,test,3341,DoS,1,0.047358867,0.047358867,0,0.06880078234523535
test,DoS,DoS,1478200428.359287,1478200428.394845,2410112,35,0.546875,0,35.55798530578613,0,0x000,test,3342,DoS,1,0.05215374,0.05215374,0,0.06880078234523535
test,RPM,RPM,1478192768.832035,1478192768.874796,3337344,17,0.265625,6,41.32294654846192,790,0x316,test,3343,RPM,1,0.07960174,0.07960174,1,0.06880078234523535
test,RPM,RPM,1478192892.898002,1478192892.933858,3568320,19,0.296875,1,35.47382354736328,790,0x316,test,3344,RPM,1,0.08378902,0.08378902,1,0.06880078234523535
test,Normal,DoS,1478201038.970299,1478201039.001771,3351168,0,0.0,-1,,2,0x002,test,3345,Normal,0,0.06052513,0.06052513,0,0.06880078234523535
test,Gear,Gear,1478195059.143369,1478195059.170702,3419264,19,0.296875,1,26.985883712768555,1087,0x43F,test,3346,Gear,1,0.07008046,0.07008046,1,0.06880078234523535
test,Normal,RPM,1478201019.594902,1478201019.628614,4271936,0,0.0,-1,,399,0x18F,test,3347,Normal,0,0.06200412,0.06200412,0,0.06880078234523535
test,Gear,Gear,1478194865.972759,1478194866.001224,3065344,21,0.328125,4,27.52399444580078,1087,0x43F,test,3348,Gear,1,0.065132774,0.065132774,0,0.06880078234523535
test,DoS,DoS,1478200389.642135,1478200389.681452,2358912,38,0.59375,1,39.06607627868652,0,0x000,test,3349,DoS,1,0.04948319,0.04948319,0,0.06880078234523535
test,Fuzzy,Fuzzy,1478197745.952348,1478197746.090519,2476096,26,0.40625,2,137.71390914916992,2,0x002,test,3350,Fuzzy,1,0.1002408,0.1002408,1,0.06880078234523535
test,Fuzzy,Fuzzy,1478198144.072374,1478198144.104225,2875520,22,0.34375,10,25.050878524780277,2,0x002,test,3351,Fuzzy,1,0.09073092,0.09073092,1,0.06880078234523535
test,RPM,RPM,1478192885.803353,1478192885.825294,3553280,19,0.296875,1,21.713972091674805,790,0x316,test,3352,RPM,1,0.08248017,0.08248017,1,0.06880078234523535
test,Gear,Gear,1478195094.472632,1478195094.497743,3484224,17,0.265625,6,21.571874618530277,1087,0x43F,test,3353,Gear,1,0.07140005,0.07140005,1,0.06880078234523535
test,Gear,Gear,1478194955.886531,1478194955.937622,3232768,18,0.28125,1,50.187110900878906,1087,0x43F,test,3354,Gear,1,0.06517302,0.06517302,0,0.06880078234523535
test,Gear,Gear,1478195099.146935,1478195099.169546,3493632,19,0.296875,0,22.610902786254883,1087,0x43F,test,3355,Gear,1,0.07150368,0.07150368,1,0.06880078234523535
test,Normal,Fuzzy,1478201132.635478,1478201132.669252,3697792,0,0.0,-1,,304,0x130,test,3356,Normal,0,0.067632265,0.067632265,0,0.06880078234523535
test,DoS,DoS,1478200567.590099,1478200567.70779,2585344,36,0.5625,0,117.6908016204834,0,0x000,test,3357,DoS,1,0.047260087,0.047260087,0,0.06880078234523535
test,RPM,RPM,1478192911.430352,1478192911.493329,3603584,21,0.328125,2,62.50405311584473,790,0x316,test,3358,RPM,1,0.0833393,0.0833393,1,0.06880078234523535
test,RPM,RPM,1478192941.462168,1478192941.484342,3655488,20,0.3125,0,22.17411994934082,790,0x316,test,3359,RPM,1,0.08035463,0.08035463,1,0.06880078234523535
test,Normal,Fuzzy,1478201084.308826,1478201084.342073,3608256,0,0.0,-1,,304,0x130,test,3360,Normal,0,0.066975996,0.066975996,0,0.06880078234523535
test,RPM,RPM,1478192947.931651,1478192947.961061,3667392,26,0.40625,4,26.727914810180664,790,0x316,test,3361,RPM,1,0.08476833,0.08476833,1,0.06880078234523535
test,Normal,DoS,1478201075.550505,1478201075.587606,3418944,0,0.0,-1,,809,0x329,test,3362,Normal,0,0.06980187,0.06980187,1,0.06880078234523535
test,Normal,DoS,1478201021.231402,1478201021.264748,3319040,0,0.0,-1,,304,0x130,test,3363,Normal,0,0.06291584,0.06291584,0,0.06880078234523535
test,Gear,Gear,1478195000.622528,1478195000.644444,3316352,22,0.34375,0,21.915912628173828,1087,0x43F,test,3364,Gear,1,0.070625246,0.070625246,1,0.06880078234523535
test,Fuzzy,Fuzzy,1478198075.410081,1478198075.578954,2773376,32,0.5,3,168.1690216064453,1072,0x430,test,3365,Fuzzy,1,0.10623151,0.10623151,1,0.06880078234523535
test,RPM,RPM,1478192715.007916,1478192715.032204,3229952,21,0.328125,1,23.82493019104004,790,0x316,test,3366,RPM,1,0.085476495,0.085476495,1,0.06880078234523535
test,Gear,Gear,1478195029.307285,1478195029.33869,3365632,21,0.328125,2,26.2601375579834,1087,0x43F,test,3367,Gear,1,0.07113185,0.07113185,1,0.06880078234523535
test,Normal,Fuzzy,1478201054.079658,1478201054.116777,3552256,0,0.0,-1,,399,0x18F,test,3368,Normal,0,0.06526942,0.06526942,0,0.06880078234523535
test,DoS,DoS,1478200361.109794,1478200361.273628,2320320,35,0.546875,0,163.8340950012207,0,0x000,test,3369,DoS,1,0.04758978,0.04758978,0,0.06880078234523535
test,Gear,Gear,1478195055.59893,1478195055.639033,3412480,24,0.375,0,40.10319709777832,1087,0x43F,test,3370,Gear,1,0.07009682,0.07009682,1,0.06880078234523535
test,Fuzzy,Fuzzy,1478198157.614093,1478198157.660103,2898752,30,0.46875,0,46.01001739501953,304,0x130,test,3371,Fuzzy,1,0.09867692,0.09867692,1,0.06880078234523535
test,Gear,Gear,1478194858.165135,1478194858.188798,3048064,21,0.328125,0,23.66304397583008,1087,0x43F,test,3372,Gear,1,0.069526285,0.069526285,1,0.06880078234523535
test,DoS,DoS,1478200521.465882,1478200521.692933,2537344,35,0.546875,0,227.0510196685791,0,0x000,test,3373,DoS,1,0.05147172,0.05147172,0,0.06880078234523535
test,RPM,RPM,1478192883.924275,1478192883.953756,3548864,21,0.328125,5,28.293132781982425,790,0x316,test,3374,RPM,1,0.08536586,0.08536586,1,0.06880078234523535
test,Normal,Gear,1478201137.305513,1478201137.336943,4310720,0,0.0,-1,,2,0x002,test,3375,Normal,0,0.06940317,0.06940317,1,0.06880078234523535
test,Gear,Gear,1478194890.616362,1478194890.639574,3111488,21,0.328125,1,22.97806739807129,1087,0x43F,test,3376,Gear,1,0.070709385,0.070709385,1,0.06880078234523535
test,DoS,DoS,1478200496.577658,1478200496.602437,2509696,36,0.5625,1,24.53303337097168,0,0x000,test,3377,DoS,1,0.051323947,0.051323947,0,0.06880078234523535
test,RPM,RPM,1478192928.517464,1478192928.540886,3634624,21,0.328125,2,22.958993911743164,790,0x316,test,3378,RPM,1,0.08125611,0.08125611,1,0.06880078234523535
test,Normal,Gear,1478201160.485757,1478201160.51903,4353152,0,0.0,-1,,320,0x140,test,3379,Normal,0,0.066507936,0.066507936,0,0.06880078234523535
test,DoS,DoS,1478200441.491045,1478200441.507109,2429184,35,0.546875,1,15.815019607543944,0,0x000,test,3380,DoS,1,0.053392574,0.053392574,0,0.06880078234523535
test,DoS,DoS,1478200375.151761,1478200375.191066,2335552,32,0.5,1,39.05606269836426,0,0x000,test,3381,DoS,1,0.053078316,0.053078316,0,0.06880078234523535
test,DoS,DoS,1478200472.999505,1478200473.06239,2475456,33,0.515625,1,62.63613700866699,0,0x000,test,3382,DoS,1,0.04706254,0.04706254,0,0.06880078234523535
test,DoS,DoS,1478200611.477984,1478200611.613951,2636096,34,0.53125,1,130.3579807281494,0,0x000,test,3383,DoS,1,0.052462276,0.052462276,0,0.06880078234523535
test,Normal,Gear,1478201193.200866,1478201193.232418,4413760,0,0.0,-1,,2,0x002,test,3384,Normal,0,0.0615722,0.0615722,0,0.06880078234523535
test,RPM,RPM,1478192832.511271,1478192832.5402,3444736,22,0.34375,2,27.586936950683597,790,0x316,test,3385,RPM,1,0.08442651,0.08442651,1,0.06880078234523535
test,DoS,DoS,1478200429.994671,1478200430.082536,2412288,36,0.5625,0,87.86487579345703,0,0x000,test,3386,DoS,1,0.04871748,0.04871748,0,0.06880078234523535
test,Fuzzy,Fuzzy,1478198158.36298,1478198158.388139,2900032,28,0.4375,3,24.466991424560547,304,0x130,test,3387,Fuzzy,1,0.093605675,0.093605675,1,0.06880078234523535
test,RPM,RPM,1478192870.317428,1478192870.341089,3520448,21,0.328125,3,22.64595031738281,790,0x316,test,3388,RPM,1,0.08630186,0.08630186,1,0.06880078234523535
test,Gear,Gear,1478195029.206792,1478195029.269045,3365504,20,0.3125,2,60.33921241760254,1087,0x43F,test,3389,Gear,1,0.06945244,0.06945244,1,0.06880078234523535
test,Normal,Fuzzy,1478201025.323042,1478201025.360546,3499712,0,0.0,-1,,2,0x002,test,3390,Normal,0,0.06916194,0.06916194,1,0.06880078234523535
test,Gear,Gear,1478195053.850701,1478195053.875,3409152,22,0.34375,0,24.298906326293945,1087,0x43F,test,3391,Gear,1,0.0730053,0.0730053,1,0.06880078234523535
test,RPM,RPM,1478192702.724549,1478192702.750085,3202112,22,0.34375,4,24.596214294433597,790,0x316,test,3392,RPM,1,0.087381296,0.087381296,1,0.06880078234523535
test,Gear,Gear,1478194971.592196,1478194971.642832,3262272,16,0.25,0,50.63605308532715,1087,0x43F,test,3393,Gear,1,0.066714145,0.066714145,0,0.06880078234523535
test,RPM,RPM,1478192736.278485,1478192736.307884,3271744,21,0.328125,1,29.1750431060791,790,0x316,test,3394,RPM,1,0.08437283,0.08437283,1,0.06880078234523535
test,Fuzzy,Fuzzy,1478197951.946269,1478197951.966745,2667840,26,0.40625,1,20.25794982910156,2,0x002,test,3395,Fuzzy,1,0.09648818,0.09648818,1,0.06880078234523535
test,RPM,RPM,1478192711.687178,1478192711.710038,3223552,21,0.328125,3,22.169828414916992,790,0x316,test,3396,RPM,1,0.08800856,0.08800856,1,0.06880078234523535
test,DoS,DoS,1478200443.861761,1478200443.90195,2432064,35,0.546875,1,39.94393348693848,0,0x000,test,3397,DoS,1,0.052851733,0.052851733,0,0.06880078234523535
test,Gear,Gear,1478195003.525152,1478195003.58093,3319680,23,0.359375,0,55.77802658081055,1087,0x43F,test,3398,Gear,1,0.06969335,0.06969335,1,0.06880078234523535
test,DoS,DoS,1478200511.803745,1478200511.865478,2528448,35,0.546875,0,61.73300743103027,0,0x000,test,3399,DoS,1,0.04831221,0.04831221,0,0.06880078234523535
test,DoS,DoS,1478200383.438595,1478200383.47769,2348608,35,0.546875,2,38.34700584411621,0,0x000,test,3400,DoS,1,0.05527801,0.05527801,0,0.06880078234523535
test,Fuzzy,Fuzzy,1478198123.96397,1478198124.010787,2843264,25,0.390625,0,46.81706428527832,304,0x130,test,3401,Fuzzy,1,0.09509357,0.09509357,1,0.06880078234523535
test,Fuzzy,Fuzzy,1478198108.811748,1478198108.834218,2819392,24,0.375,8,20.587921142578125,399,0x18F,test,3402,Fuzzy,1,0.09216231,0.09216231,1,0.06880078234523535
test,RPM,RPM,1478192865.420131,1478192865.446103,3510592,22,0.34375,1,25.742053985595703,790,0x316,test,3403,RPM,1,0.08053521,0.08053521,1,0.06880078234523535
test,Gear,Gear,1478195065.710603,1478195065.739849,3431040,19,0.296875,1,28.998136520385746,1087,0x43F,test,3404,Gear,1,0.068617724,0.068617724,0,0.06880078234523535
test,Normal,DoS,1478201160.429268,1478201160.4655,3575680,0,0.0,-1,,2,0x002,test,3405,Normal,0,0.06784525,0.06784525,0,0.06880078234523535
test,RPM,RPM,1478192860.474561,1478192860.49672,3500864,20,0.3125,0,22.159099578857425,790,0x316,test,3406,RPM,1,0.08284275,0.08284275,1,0.06880078234523535
test,RPM,RPM,1478192695.89355,1478192695.915478,3186624,20,0.3125,3,21.213054656982425,790,0x316,test,3407,RPM,1,0.0809266,0.0809266,1,0.06880078234523535
test,DoS,DoS,1478200472.332844,1478200472.348797,2474496,34,0.53125,1,15.709161758422852,0,0x000,test,3408,DoS,1,0.052689128,0.052689128,0,0.06880078234523535
test,Normal,Fuzzy,1478201119.406713,1478201119.439133,3673280,0,0.0,-1,,2,0x002,test,3409,Normal,0,0.06707036,0.06707036,0,0.06880078234523535
test,RPM,RPM,1478192757.074456,1478192757.099687,3316672,22,0.34375,1,25.010108947753903,790,0x316,test,3410,RPM,1,0.08566954,0.08566954,1,0.06880078234523535
test,Normal,Fuzzy,1478201155.36857,1478201155.40447,3739392,0,0.0,-1,,399,0x18F,test,3411,Normal,0,0.07072651,0.07072651,1,0.06880078234523535
test,Fuzzy,Fuzzy,1478197802.845546,1478197802.868108,2531904,15,0.234375,16,18.746137619018555,399,0x18F,test,3412,Fuzzy,1,0.08445554,0.08445554,1,0.06880078234523535
test,Gear,Gear,1478194893.086118,1478194893.109696,3117056,21,0.328125,2,23.00286293029785,1087,0x43F,test,3413,Gear,1,0.067719065,0.067719065,0,0.06880078234523535
test,DoS,DoS,1478200426.918845,1478200426.948555,2407168,34,0.53125,0,29.710054397583008,0,0x000,test,3414,DoS,1,0.046388455,0.046388455,0,0.06880078234523535
test,RPM,RPM,1478192916.578385,1478192916.612418,3612800,21,0.328125,1,33.483028411865234,790,0x316,test,3415,RPM,1,0.08222977,0.08222977,1,0.06880078234523535
test,Normal,DoS,1478201103.465519,1478201103.497125,3470656,0,0.0,-1,,2,0x002,test,3416,Normal,0,0.065096974,0.065096974,0,0.06880078234523535
test,Normal,DoS,1478201049.471025,1478201049.502213,3370624,0,0.0,-1,,608,0x260,test,3417,Normal,0,0.062814355,0.062814355,0,0.06880078234523535
test,RPM,RPM,1478192826.389158,1478192826.442676,3433088,21,0.328125,1,48.08497428894043,790,0x316,test,3418,RPM,1,0.085320786,0.085320786,1,0.06880078234523535
test,RPM,RPM,1478192690.254555,1478192690.276755,3174336,19,0.296875,0,22.20010757446289,790,0x316,test,3419,RPM,1,0.08216434,0.08216434,1,0.06880078234523535
test,DoS,DoS,1478200383.64222,1478200383.697235,2348864,32,0.5,0,55.01508712768555,0,0x000,test,3420,DoS,1,0.04793566,0.04793566,0,0.06880078234523535
test,DoS,DoS,1478200604.979393,1478200605.155637,2628800,37,0.578125,0,176.24402046203613,0,0x000,test,3421,DoS,1,0.048841078,0.048841078,0,0.06880078234523535
test,Gear,Gear,1478194892.674704,1478194892.696909,3116096,19,0.296875,4,21.237850189208984,1087,0x43F,test,3422,Gear,1,0.066627964,0.066627964,0,0.06880078234523535
test,DoS,DoS,1478200578.892024,1478200578.908065,2601152,34,0.53125,1,15.793085098266602,0,0x000,test,3423,DoS,1,0.048421666,0.048421666,0,0.06880078234523535
test,Normal,Gear,1478201100.514947,1478201100.547715,4242560,0,0.0,-1,,2,0x002,test,3424,Normal,0,0.07033123,0.07033123,1,0.06880078234523535
test,Gear,Gear,1478194852.913616,1478194852.936024,3037184,20,0.3125,4,21.359920501708984,1087,0x43F,test,3425,Gear,1,0.067724265,0.067724265,0,0.06880078234523535
test,RPM,RPM,1478192889.809696,1478192889.83208,3561280,20,0.3125,2,21.686792373657227,790,0x316,test,3426,RPM,1,0.08569361,0.08569361,1,0.06880078234523535
test,Fuzzy,Fuzzy,1478197729.632103,1478197729.783417,2459776,29,0.453125,1,151.0910987854004,608,0x260,test,3427,Fuzzy,1,0.096642375,0.096642375,1,0.06880078234523535
test,DoS,DoS,1478200373.436645,1478200373.476128,2333248,40,0.625,0,39.48307037353516,0,0x000,test,3428,DoS,1,0.047316916,0.047316916,0,0.06880078234523535
test,Normal,Fuzzy,1478201100.647659,1478201100.678891,3638528,0,0.0,-1,,304,0x130,test,3429,Normal,0,0.06665317,0.06665317,0,0.06880078234523535
test,Normal,Gear,1478201130.395,1478201130.427219,4297920,0,0.0,-1,,2,0x002,test,3430,Normal,0,0.06646259,0.06646259,0,0.06880078234523535
test,Gear,Gear,1478194984.591205,1478194984.615627,3286080,18,0.28125,6,22.233963012695312,1087,0x43F,test,3431,Gear,1,0.07335538,0.07335538,1,0.06880078234523535
test,Normal,DoS,1478201167.272774,1478201167.304466,3588352,0,0.0,-1,,339,0x153,test,3432,Normal,0,0.06267096,0.06267096,0,0.06880078234523535
test,Normal,DoS,1478201141.876675,1478201141.914321,3541824,0,0.0,-1,,399,0x18F,test,3433,Normal,0,0.063469395,0.063469395,0,0.06880078234523535
test,Fuzzy,Fuzzy,1478198167.380877,1478198167.433819,2915776,25,0.390625,1,52.73199081420898,2,0x002,test,3434,Fuzzy,1,0.086878024,0.086878024,1,0.06880078234523535
test,Normal,DoS,1478201062.010523,1478201062.042852,3393856,0,0.0,-1,,320,0x140,test,3435,Normal,0,0.06634251,0.06634251,0,0.06880078234523535
test,Normal,Gear,1478201190.539438,1478201190.573663,4408832,0,0.0,-1,,2,0x002,test,3436,Normal,0,0.06850147,0.06850147,0,0.06880078234523535
test,Normal,DoS,1478201181.641303,1478201181.674224,3614976,0,0.0,-1,,2,0x002,test,3437,Normal,0,0.06339213,0.06339213,0,0.06880078234523535
test,DoS,DoS,1478200476.141995,1478200476.200767,2479104,32,0.5,1,58.52699279785156,0,0x000,test,3438,DoS,1,0.057285182,0.057285182,0,0.06880078234523535
test,DoS,DoS,1478200427.909505,1478200427.960726,2409216,31,0.484375,0,51.22113227844238,0,0x000,test,3439,DoS,1,0.053976983,0.053976983,0,0.06880078234523535
test,RPM,RPM,1478192851.9997,1478192852.022469,3482240,20,0.3125,0,22.76897430419922,790,0x316,test,3440,RPM,1,0.0831596,0.0831596,1,0.06880078234523535
test,Fuzzy,Fuzzy,1478197960.204562,1478197960.236005,2675904,5,0.078125,52,3.734111785888672,399,0x18F,test,3441,Fuzzy,1,0.07505135,0.07505135,1,0.06880078234523535
test,RPM,RPM,1478192724.640323,1478192724.668081,3248384,20,0.3125,0,27.75812149047852,790,0x316,test,3442,RPM,1,0.086360894,0.086360894,1,0.06880078234523535
test,Gear,Gear,1478194950.902457,1478194950.939715,3223808,17,0.265625,4,30.267000198364254,1087,0x43F,test,3443,Gear,1,0.06725344,0.06725344,0,0.06880078234523535
test,Gear,Gear,1478194898.959274,1478194898.986625,3128896,19,0.296875,1,27.118921279907227,1087,0x43F,test,3444,Gear,1,0.065399125,0.065399125,0,0.06880078234523535
test,Gear,Gear,1478194904.684926,1478194904.712039,3140992,19,0.296875,2,26.443958282470703,1087,0x43F,test,3445,Gear,1,0.06364202,0.06364202,0,0.06880078234523535
test,Normal,DoS,1478201184.958492,1478201184.989619,3621120,0,0.0,-1,,672,0x2A0,test,3446,Normal,0,0.06845186,0.06845186,0,0.06880078234523535
test,Gear,Gear,1478195045.763479,1478195045.785301,3393792,19,0.296875,5,20.64204216003418,1087,0x43F,test,3447,Gear,1,0.06512,0.06512,0,0.06880078234523535
test,Fuzzy,Fuzzy,1478197935.513033,1478197935.533864,2651904,22,0.34375,0,20.83110809326172,304,0x130,test,3448,Fuzzy,1,0.08820639,0.08820639,1,0.06880078234523535
test,Normal,DoS,1478201123.637257,1478201123.669506,3508032,0,0.0,-1,,320,0x140,test,3449,Normal,0,0.062046736,0.062046736,0,0.06880078234523535
test,DoS,DoS,1478200583.300392,1478200583.367094,2604096,31,0.484375,1,66.45798683166504,0,0x000,test,3450,DoS,1,0.05253223,0.05253223,0,0.06880078234523535
test,Normal,DoS,1478201128.437762,1478201128.475556,3516928,0,0.0,-1,,2,0x002,test,3451,Normal,0,0.061864287,0.061864287,0,0.06880078234523535
test,Gear,Gear,1478194936.26395,1478194936.304383,3198592,20,0.3125,1,40.19999504089356,1087,0x43F,test,3452,Gear,1,0.069251396,0.069251396,1,0.06880078234523535
test,Fuzzy,Fuzzy,1478197786.609334,1478197786.630469,2516032,25,0.390625,11,18.53299140930176,399,0x18F,test,3453,Fuzzy,1,0.0953397,0.0953397,1,0.06880078234523535
test,DoS,DoS,1478200566.288045,1478200566.321998,2584384,36,0.5625,1,33.70499610900879,0,0x000,test,3454,DoS,1,0.048150975,0.048150975,0,0.06880078234523535
test,DoS,DoS,1478200489.468976,1478200489.531975,2499008,31,0.484375,1,62.75701522827149,0,0x000,test,3455,DoS,1,0.055156827,0.055156827,0,0.06880078234523535
test,RPM,RPM,1478192858.385283,1478192858.407648,3496000,18,0.28125,8,20.44606208801269,790,0x316,test,3456,RPM,1,0.07731049,0.07731049,1,0.06880078234523535
test,RPM,RPM,1478192857.809911,1478192857.835736,3494592,21,0.328125,1,25.60210227966309,790,0x316,test,3457,RPM,1,0.08724662,0.08724662,1,0.06880078234523535
test,Normal,Gear,1478201162.144433,1478201162.177883,4356224,0,0.0,-1,,2,0x002,test,3458,Normal,0,0.06290372,0.06290372,0,0.06880078234523535
test,Gear,Gear,1478194937.855996,1478194937.878781,3201216,22,0.34375,0,22.785186767578125,1087,0x43F,test,3459,Gear,1,0.069271624,0.069271624,1,0.06880078234523535
test,Normal,RPM,1478201041.371554,1478201041.407517,4311552,0,0.0,-1,,399,0x18F,test,3460,Normal,0,0.064076155,0.064076155,0,0.06880078234523535
test,DoS,DoS,1478200390.774101,1478200390.829431,2360448,31,0.484375,0,55.33003807067871,0,0x000,test,3461,DoS,1,0.058740173,0.058740173,0,0.06880078234523535
test,Gear,Gear,1478194873.366134,1478194873.399501,3080256,20,0.3125,7,31.71706199645996,1087,0x43F,test,3462,Gear,1,0.062276363,0.062276363,0,0.06880078234523535
test,Normal,DoS,1478201063.669344,1478201063.700442,3396928,0,0.0,-1,,304,0x130,test,3463,Normal,0,0.062104844,0.062104844,0,0.06880078234523535
test,DoS,DoS,1478200383.809742,1478200383.870506,2349120,39,0.609375,0,60.76407432556152,0,0x000,test,3464,DoS,1,0.044751894,0.044751894,0,0.06880078234523535
test,Normal,Gear,1478201046.382043,1478201046.413628,4142272,0,0.0,-1,,399,0x18F,test,3465,Normal,0,0.058075603,0.058075603,0,0.06880078234523535
test,Gear,Gear,1478195120.004287,1478195120.112684,3521024,21,0.328125,5,107.17105865478516,1087,0x43F,test,3466,Gear,1,0.07040403,0.07040403,1,0.06880078234523535
test,Gear,Gear,1478195072.436874,1478195072.47597,3443200,21,0.328125,0,39.09611701965332,1087,0x43F,test,3467,Gear,1,0.06472945,0.06472945,0,0.06880078234523535
test,Gear,Gear,1478194976.362662,1478194976.390989,3271104,20,0.3125,2,27.85801887512207,1087,0x43F,test,3468,Gear,1,0.06481604,0.06481604,0,0.06880078234523535
test,DoS,DoS,1478200390.38698,1478200390.436985,2359936,36,0.5625,0,50.00495910644531,0,0x000,test,3469,DoS,1,0.050885163,0.050885163,0,0.06880078234523535
test,Gear,Gear,1478194846.206531,1478194846.23106,3022656,19,0.296875,2,23.96202087402344,1087,0x43F,test,3470,Gear,1,0.0658863,0.0658863,0,0.06880078234523535
test,Normal,Gear,1478201106.213793,1478201106.246571,4253120,0,0.0,-1,,672,0x2A0,test,3471,Normal,0,0.06486936,0.06486936,0,0.06880078234523535
test,Gear,Gear,1478194955.25164,1478194955.273955,3231552,19,0.296875,5,21.099090576171875,1087,0x43F,test,3472,Gear,1,0.06445516,0.06445516,0,0.06880078234523535
test,Fuzzy,Fuzzy,1478198139.992979,1478198140.046024,2868800,19,0.296875,1,52.8261661529541,304,0x130,test,3473,Fuzzy,1,0.091443844,0.091443844,1,0.06880078234523535
test,RPM,RPM,1478192834.457134,1478192834.479013,3448320,20,0.3125,2,21.409034729003903,790,0x316,test,3474,RPM,1,0.08205636,0.08205636,1,0.06880078234523535
test,Fuzzy,Fuzzy,1478198158.561144,1478198158.597043,2900352,24,0.375,2,35.43806076049805,809,0x329,test,3475,Fuzzy,1,0.09073148,0.09073148,1,0.06880078234523535
test,DoS,DoS,1478200376.35398,1478200376.408861,2337216,35,0.546875,0,54.88085746765137,0,0x000,test,3476,DoS,1,0.05297956,0.05297956,0,0.06880078234523535
test,RPM,RPM,1478192801.120518,1478192801.143893,3389376,20,0.3125,1,22.85599708557129,790,0x316,test,3477,RPM,1,0.08052806,0.08052806,1,0.06880078234523535
test,Gear,Gear,1478194923.665229,1478194923.687209,3176896,20,0.3125,5,20.78390121459961,1087,0x43F,test,3478,Gear,1,0.07075258,0.07075258,1,0.06880078234523535
test,DoS,DoS,1478200472.862686,1478200472.883515,2475264,32,0.5,0,20.828962326049805,0,0x000,test,3479,DoS,1,0.051163863,0.051163863,0,0.06880078234523535
test,RPM,RPM,1478192721.758599,1478192721.780169,3242816,19,0.296875,4,20.641088485717773,790,0x316,test,3480,RPM,1,0.084210195,0.084210195,1,0.06880078234523535
test,Fuzzy,Fuzzy,1478198110.702735,1478198110.732032,2822336,25,0.390625,2,28.83315086364746,2,0x002,test,3481,Fuzzy,1,0.09532285,0.09532285,1,0.06880078234523535
test,Gear,Gear,1478194891.882918,1478194891.91193,3114240,18,0.28125,0,29.01220321655273,1087,0x43F,test,3482,Gear,1,0.064998984,0.064998984,0,0.06880078234523535
test,Normal,Gear,1478201036.779016,1478201036.81163,4124480,0,0.0,-1,,2,0x002,test,3483,Normal,0,0.060314212,0.060314212,0,0.06880078234523535
test,Normal,Gear,1478201141.314033,1478201141.345304,4318144,0,0.0,-1,,399,0x18F,test,3484,Normal,0,0.06714604,0.06714604,0,0.06880078234523535
test,DoS,DoS,1478200582.599569,1478200582.804993,2603840,31,0.484375,0,205.4238319396973,0,0x000,test,3485,DoS,1,0.0539811,0.0539811,0,0.06880078234523535
test,Fuzzy,Fuzzy,1478197798.861381,1478197798.980915,2525824,20,0.3125,0,119.53401565551758,809,0x329,test,3486,Fuzzy,1,0.0873893,0.0873893,1,0.06880078234523535
test,DoS,DoS,1478200456.951545,1478200457.097494,2453376,37,0.578125,0,145.9488868713379,0,0x000,test,3487,DoS,1,0.048670184,0.048670184,0,0.06880078234523535
test,RPM,RPM,1478192793.701542,1478192793.758181,3377408,26,0.40625,1,56.41412734985352,790,0x316,test,3488,RPM,1,0.08906287,0.08906287,1,0.06880078234523535
test,Gear,Gear,1478195093.985951,1478195094.037027,3483264,21,0.328125,4,44.10696029663086,1087,0x43F,test,3489,Gear,1,0.06986904,0.06986904,1,0.06880078234523535
test,DoS,DoS,1478200406.687136,1478200406.908114,2383168,34,0.53125,1,220.7338809967041,0,0x000,test,3490,DoS,1,0.04861668,0.04861668,0,0.06880078234523535
test,Fuzzy,Fuzzy,1478198165.886887,1478198165.925771,2913472,25,0.390625,0,38.88392448425293,304,0x130,test,3491,Fuzzy,1,0.09849846,0.09849846,1,0.06880078234523535
test,RPM,RPM,1478192698.462006,1478192698.49071,3193280,20,0.3125,1,28.47909927368164,790,0x316,test,3492,RPM,1,0.08298793,0.08298793,1,0.06880078234523535
test,Gear,Gear,1478195041.428586,1478195041.458388,3386048,19,0.296875,3,29.076099395751957,1087,0x43F,test,3493,Gear,1,0.067932025,0.067932025,0,0.06880078234523535
test,RPM,RPM,1478192724.725788,1478192724.758982,3248576,21,0.328125,0,33.19382667541504,790,0x316,test,3494,RPM,1,0.08386349,0.08386349,1,0.06880078234523535
test,Gear,Gear,1478194897.030017,1478194897.056164,3124864,23,0.359375,0,26.147127151489254,1087,0x43F,test,3495,Gear,1,0.068297006,0.068297006,0,0.06880078234523535
test,DoS,DoS,1478200594.893895,1478200594.940368,2619456,35,0.546875,0,46.473026275634766,0,0x000,test,3496,DoS,1,0.050630778,0.050630778,0,0.06880078234523535
test,Normal,Gear,1478201080.614966,1478201080.647914,4205696,0,0.0,-1,,339,0x153,test,3497,Normal,0,0.06452272,0.06452272,0,0.06880078234523535
test,RPM,RPM,1478192763.519673,1478192763.549861,3328000,21,0.328125,2,29.38985824584961,790,0x316,test,3498,RPM,1,0.08013594,0.08013594,1,0.06880078234523535
test,Gear,Gear,1478194919.13581,1478194919.215015,3168640,26,0.40625,1,78.97496223449707,1087,0x43F,test,3499,Gear,1,0.0699404,0.0699404,1,0.06880078234523535
test,RPM,RPM,1478192704.732566,1478192704.754718,3207488,19,0.296875,4,21.229028701782227,790,0x316,test,3500,RPM,1,0.08005702,0.08005702,1,0.06880078234523535
test,RPM,RPM,1478192711.357783,1478192711.380107,3222720,20,0.3125,3,21.629810333251957,790,0x316,test,3501,RPM,1,0.08887326,0.08887326,1,0.06880078234523535
test,RPM,RPM,1478192838.537686,1478192838.562629,3456128,22,0.34375,0,24.942874908447266,790,0x316,test,3502,RPM,1,0.08205632,0.08205632,1,0.06880078234523535
test,DoS,DoS,1478200518.443822,1478200518.459823,2535744,34,0.53125,1,15.756845474243164,0,0x000,test,3503,DoS,1,0.047610674,0.047610674,0,0.06880078234523535
test,DoS,DoS,1478200573.448485,1478200573.497779,2593472,32,0.5,1,49.043893814086914,0,0x000,test,3504,DoS,1,0.051438127,0.051438127,0,0.06880078234523535
test,Gear,Gear,1478194848.169513,1478194848.194257,3027200,22,0.34375,0,24.74403381347656,1087,0x43F,test,3505,Gear,1,0.07501431,0.07501431,1,0.06880078234523535
test,RPM,RPM,1478192943.240546,1478192943.271595,3658880,18,0.28125,1,30.824899673461918,790,0x316,test,3506,RPM,1,0.079331696,0.079331696,1,0.06880078234523535
test,Gear,Gear,1478195026.473562,1478195026.497268,3361856,22,0.34375,0,23.70595932006836,1087,0x43F,test,3507,Gear,1,0.07135384,0.07135384,1,0.06880078234523535
test,Normal,RPM,1478201130.736703,1478201130.773783,4477120,0,0.0,-1,,399,0x18F,test,3508,Normal,0,0.06841962,0.06841962,0,0.06880078234523535
test,RPM,RPM,1478192904.716806,1478192904.739999,3593216,19,0.296875,4,21.635055541992188,790,0x316,test,3509,RPM,1,0.083833255,0.083833255,1,0.06880078234523535
test,RPM,RPM,1478192911.760289,1478192911.840951,3603840,20,0.3125,1,80.43694496154785,790,0x316,test,3510,RPM,1,0.07594804,0.07594804,1,0.06880078234523535
test,RPM,RPM,1478192872.513648,1478192872.536354,3525248,19,0.296875,5,21.522045135498047,790,0x316,test,3511,RPM,1,0.08403105,0.08403105,1,0.06880078234523535
test,Gear,Gear,1478195055.368352,1478195055.404378,3412096,20,0.3125,1,35.79282760620117,1087,0x43F,test,3512,Gear,1,0.06955708,0.06955708,1,0.06880078234523535
test,Gear,Gear,1478194950.34836,1478194950.382899,3223040,16,0.25,0,34.538984298706055,1087,0x43F,test,3513,Gear,1,0.068122916,0.068122916,0,0.06880078234523535
test,Normal,Gear,1478201075.120496,1478201075.157851,4195520,0,0.0,-1,,2,0x002,test,3514,Normal,0,0.06553768,0.06553768,0,0.06880078234523535
test,Fuzzy,Fuzzy,1478198109.201777,1478198109.230174,2820032,21,0.328125,2,27.95100212097168,305,0x131,test,3515,Fuzzy,1,0.09553654,0.09553654,1,0.06880078234523535
test,Normal,DoS,1478201018.9864,1478201019.02053,3314880,0,0.0,-1,,2,0x002,test,3516,Normal,0,0.0622469,0.0622469,0,0.06880078234523535
test,RPM,RPM,1478192915.871069,1478192915.893655,3611456,20,0.3125,0,22.58610725402832,790,0x316,test,3517,RPM,1,0.08001566,0.08001566,1,0.06880078234523535
test,Fuzzy,Fuzzy,1478198093.196239,1478198093.253885,2793408,25,0.390625,0,57.64603614807129,304,0x130,test,3518,Fuzzy,1,0.09283788,0.09283788,1,0.06880078234523535
test,DoS,DoS,1478200335.125408,1478200335.338579,2302272,36,0.5625,1,207.48090744018555,0,0x000,test,3519,DoS,1,0.053157926,0.053157926,0,0.06880078234523535
test,Fuzzy,Fuzzy,1478198120.093512,1478198120.132271,2836416,20,0.3125,3,33.04910659790039,399,0x18F,test,3520,Fuzzy,1,0.09080192,0.09080192,1,0.06880078234523535
test,Normal,Fuzzy,1478201190.329444,1478201190.363927,3804160,0,0.0,-1,,2,0x002,test,3521,Normal,0,0.062457953,0.062457953,0,0.06880078234523535
test,RPM,RPM,1478192734.781044,1478192734.812866,3268416,25,0.390625,2,31.35991096496582,790,0x316,test,3522,RPM,1,0.08769078,0.08769078,1,0.06880078234523535
test,Fuzzy,Fuzzy,1478198090.774824,1478198090.846398,2790592,24,0.375,0,71.57421112060547,2,0x002,test,3523,Fuzzy,1,0.10306622,0.10306622,1,0.06880078234523535
test,Normal,Fuzzy,1478201166.424743,1478201166.458094,3759872,0,0.0,-1,,2,0x002,test,3524,Normal,0,0.06524034,0.06524034,0,0.06880078234523535
test,RPM,RPM,1478192902.865813,1478192902.8896,3588928,21,0.328125,0,23.78702163696289,790,0x316,test,3525,RPM,1,0.081068136,0.081068136,1,0.06880078234523535
test,Fuzzy,Fuzzy,1478197864.664785,1478197864.796263,2584448,28,0.4375,5,123.11697006225586,608,0x260,test,3526,Fuzzy,1,0.09151198,0.09151198,1,0.06880078234523535
test,Gear,Gear,1478194942.237498,1478194942.25991,3209024,19,0.296875,0,22.41206169128418,1087,0x43F,test,3527,Gear,1,0.069258764,0.069258764,1,0.06880078234523535
test,DoS,DoS,1478200574.215837,1478200574.26991,2594048,35,0.546875,0,54.07309532165527,0,0x000,test,3528,DoS,1,0.054932356,0.054932356,0,0.06880078234523535
test,Fuzzy,Fuzzy,1478197772.547427,1478197772.859133,2502784,27,0.421875,0,311.7060661315918,339,0x153,test,3529,Fuzzy,1,0.10075385,0.10075385,1,0.06880078234523535
test,RPM,RPM,1478192865.257924,1478192865.282174,3510272,21,0.328125,2,23.77915382385254,790,0x316,test,3530,RPM,1,0.08597845,0.08597845,1,0.06880078234523535
test,Gear,Gear,1478194981.294182,1478194981.317911,3279936,20,0.3125,2,23.236989974975582,1087,0x43F,test,3531,Gear,1,0.06558182,0.06558182,0,0.06880078234523535
test,Fuzzy,Fuzzy,1478198134.655392,1478198134.686079,2859584,27,0.421875,1,30.46703338623047,320,0x140,test,3532,Fuzzy,1,0.09584894,0.09584894,1,0.06880078234523535
test,DoS,DoS,1478200467.11644,1478200467.157048,2466816,31,0.484375,1,35.06803512573242,0,0x000,test,3533,DoS,1,0.046222314,0.046222314,0,0.06880078234523535
test,Fuzzy,Fuzzy,1478198131.523941,1478198131.544675,2853760,24,0.375,10,18.336057662963867,304,0x130,test,3534,Fuzzy,1,0.09244683,0.09244683,1,0.06880078234523535
test,Fuzzy,Fuzzy,1478198085.780892,1478198085.842676,2782912,23,0.359375,3,49.50404167175293,399,0x18F,test,3535,Fuzzy,1,0.096365064,0.096365064,1,0.06880078234523535
test,Gear,Gear,1478194997.48349,1478194997.534288,3310720,18,0.28125,4,47.358036041259766,1087,0x43F,test,3536,Gear,1,0.06746463,0.06746463,0,0.06880078234523535
test,Gear,Gear,1478194987.673092,1478194987.695615,3291840,22,0.34375,3,21.69108390808105,1087,0x43F,test,3537,Gear,1,0.07133374,0.07133374,1,0.06880078234523535
test,Gear,Gear,1478195061.243478,1478195061.285136,3422912,19,0.296875,1,41.05997085571289,1087,0x43F,test,3538,Gear,1,0.066014595,0.066014595,0,0.06880078234523535
test,DoS,DoS,1478200391.287625,1478200391.33085,2361152,37,0.578125,0,43.22481155395508,0,0x000,test,3539,DoS,1,0.04825319,0.04825319,0,0.06880078234523535
test,Normal,RPM,1478201054.188523,1478201054.222215,4335296,0,0.0,-1,,2,0x002,test,3540,Normal,0,0.06816226,0.06816226,0,0.06880078234523535
test,Gear,Gear,1478194971.395633,1478194971.425064,3261888,20,0.3125,2,28.96404266357422,1087,0x43F,test,3541,Gear,1,0.07250154,0.07250154,1,0.06880078234523535
test,Fuzzy,Fuzzy,1478198124.109154,1478198124.16251,2843456,24,0.375,4,37.94384002685547,672,0x2A0,test,3542,Fuzzy,1,0.08125245,0.08125245,1,0.06880078234523535
test,Normal,Fuzzy,1478201169.188078,1478201169.221655,3764992,0,0.0,-1,,399,0x18F,test,3543,Normal,0,0.06678422,0.06678422,0,0.06880078234523535
test,Fuzzy,Fuzzy,1478197787.485773,1478197787.723604,2516352,31,0.484375,1,226.3810634613037,704,0x2C0,test,3544,Fuzzy,1,0.10295569,0.10295569,1,0.06880078234523535
test,Gear,Gear,1478194865.425294,1478194865.453309,3064128,18,0.28125,7,26.196956634521484,1087,0x43F,test,3545,Gear,1,0.069275714,0.069275714,1,0.06880078234523535
test,Fuzzy,Fuzzy,1478198159.925462,1478198159.947169,2902784,25,0.390625,2,21.23808860778809,704,0x2C0,test,3546,Fuzzy,1,0.09202754,0.09202754,1,0.06880078234523535
test,DoS,DoS,1478200389.770188,1478200389.845572,2359104,33,0.515625,0,75.38390159606934,0,0x000,test,3547,DoS,1,0.05279731,0.05279731,0,0.06880078234523535
test,Fuzzy,Fuzzy,1478198124.829836,1478198124.893654,2844224,29,0.453125,0,63.81821632385254,848,0x350,test,3548,Fuzzy,1,0.10017202,0.10017202,1,0.06880078234523535
test,Gear,Gear,1478194860.316916,1478194860.345244,3053376,20,0.3125,9,26.196956634521484,1087,0x43F,test,3549,Gear,1,0.06789497,0.06789497,0,0.06880078234523535
test,DoS,DoS,1478200391.161323,1478200391.210757,2361024,38,0.59375,0,49.43394660949707,0,0x000,test,3550,DoS,1,0.052264195,0.052264195,0,0.06880078234523535
test,RPM,RPM,1478192754.412506,1478192754.434635,3310080,20,0.3125,2,21.669864654541016,790,0x316,test,3551,RPM,1,0.081186555,0.081186555,1,0.06880078234523535
test,DoS,DoS,1478200464.600872,1478200464.616986,2463296,35,0.546875,1,15.883922576904297,0,0x000,test,3552,DoS,1,0.051280543,0.051280543,0,0.06880078234523535
test,RPM,RPM,1478192767.601517,1478192767.644381,3335360,20,0.3125,2,42.407989501953125,790,0x316,test,3553,RPM,1,0.08131454,0.08131454,1,0.06880078234523535
test,Fuzzy,Fuzzy,1478197755.635617,1478197755.721679,2485888,19,0.296875,3,85.28804779052734,2,0x002,test,3554,Fuzzy,1,0.088846564,0.088846564,1,0.06880078234523535
test,RPM,RPM,1478192755.021732,1478192755.044857,3311680,20,0.3125,3,22.35698699951172,790,0x316,test,3555,RPM,1,0.08438868,0.08438868,1,0.06880078234523535
test,RPM,RPM,1478192820.18786,1478192820.210203,3421504,19,0.296875,5,21.057844161987305,790,0x316,test,3556,RPM,1,0.07835112,0.07835112,1,0.06880078234523535
test,RPM,RPM,1478192916.050826,1478192916.080948,3611840,22,0.34375,1,29.89721298217773,790,0x316,test,3557,RPM,1,0.08589858,0.08589858,1,0.06880078234523535
test,DoS,DoS,1478200488.017538,1478200488.048373,2497024,35,0.546875,1,30.592918395996094,0,0x000,test,3558,DoS,1,0.05219552,0.05219552,0,0.06880078234523535
test,Normal,Fuzzy,1478201018.726372,1478201018.760292,3487488,0,0.0,-1,,2,0x002,test,3559,Normal,0,0.0660167,0.0660167,0,0.06880078234523535
test,Normal,Fuzzy,1478201031.475425,1478201031.509731,3511104,0,0.0,-1,,399,0x18F,test,3560,Normal,0,0.05907745,0.05907745,0,0.06880078234523535
test,Normal,RPM,1478201152.4564,1478201152.490129,4517312,0,0.0,-1,,704,0x2C0,test,3561,Normal,0,0.07038611,0.07038611,1,0.06880078234523535
test,RPM,RPM,1478192936.384067,1478192936.40938,3646400,21,0.328125,5,24.116992950439453,790,0x316,test,3562,RPM,1,0.08322185,0.08322185,1,0.06880078234523535
test,DoS,DoS,1478200414.685143,1478200414.82133,2390976,32,0.5,1,135.94317436218262,0,0x000,test,3563,DoS,1,0.055940002,0.055940002,0,0.06880078234523535
test,Normal,RPM,1478201199.315772,1478201199.347024,4603648,0,0.0,-1,,399,0x18F,test,3564,Normal,0,0.064581655,0.064581655,0,0.06880078234523535
test,Fuzzy,Fuzzy,1478197796.999694,1478197797.060503,2524288,23,0.359375,0,60.80889701843262,399,0x18F,test,3565,Fuzzy,1,0.09308666,0.09308666,1,0.06880078234523535
test,Fuzzy,Fuzzy,1478198001.808201,1478198002.000731,2716032,24,0.375,0,192.5299167633057,2,0x002,test,3566,Fuzzy,1,0.09407508,0.09407508,1,0.06880078234523535
test,DoS,DoS,1478200373.476456,1478200373.541824,2333312,35,0.546875,0,65.3681755065918,0,0x000,test,3567,DoS,1,0.050699364,0.050699364,0,0.06880078234523535
test,RPM,RPM,1478192679.243801,1478192679.266364,3150080,19,0.296875,8,20.61605453491211,790,0x316,test,3568,RPM,1,0.08177083,0.08177083,1,0.06880078234523535
test,Gear,Gear,1478195097.854564,1478195097.877699,3490752,20,0.3125,0,23.13494682312012,1087,0x43F,test,3569,Gear,1,0.06773998,0.06773998,0,0.06880078234523535
test,Normal,Gear,1478201045.552034,1478201045.588652,4140736,0,0.0,-1,,399,0x18F,test,3570,Normal,0,0.060866766,0.060866766,0,0.06880078234523535
test,RPM,RPM,1478192779.513656,1478192779.542946,3354688,19,0.296875,14,18.3260440826416,790,0x316,test,3571,RPM,1,0.081432246,0.081432246,1,0.06880078234523535
test,Normal,Fuzzy,1478201090.318543,1478201090.354581,3619392,0,0.0,-1,,809,0x329,test,3572,Normal,0,0.06422515,0.06422515,0,0.06880078234523535
test,Normal,DoS,1478201010.660959,1478201010.693788,3299456,0,0.0,-1,,304,0x130,test,3573,Normal,0,0.064379066,0.064379066,0,0.06880078234523535
test,Fuzzy,Fuzzy,1478198058.364718,1478198058.508315,2759680,29,0.453125,0,143.59712600708008,809,0x329,test,3574,Fuzzy,1,0.098591425,0.098591425,1,0.06880078234523535
test,Gear,Gear,1478194853.992898,1478194854.017908,3039616,19,0.296875,2,22.260189056396484,1087,0x43F,test,3575,Gear,1,0.06564975,0.06564975,0,0.06880078234523535
test,Gear,Gear,1478194859.797354,1478194859.829408,3052096,19,0.296875,0,32.05394744873047,1087,0x43F,test,3576,Gear,1,0.07279332,0.07279332,1,0.06880078234523535
test,RPM,RPM,1478192716.903936,1478192716.942509,3233472,19,0.296875,2,38.110971450805664,790,0x316,test,3577,RPM,1,0.08731777,0.08731777,1,0.06880078234523535
test,Gear,Gear,1478194997.577684,1478194997.620729,3310848,11,0.171875,0,43.0450439453125,1087,0x43F,test,3578,Gear,1,0.07027808,0.07027808,1,0.06880078234523535
test,DoS,DoS,1478200422.648858,1478200422.727465,2399488,36,0.5625,0,78.60684394836426,0,0x000,test,3579,DoS,1,0.051731132,0.051731132,0,0.06880078234523535
test,Normal,DoS,1478201043.00974,1478201043.045496,3358656,0,0.0,-1,,2,0x002,test,3580,Normal,0,0.06670896,0.06670896,0,0.06880078234523535
test,DoS,DoS,1478200399.867768,1478200399.911627,2374720,36,0.5625,1,43.6100959777832,0,0x000,test,3581,DoS,1,0.05225895,0.05225895,0,0.06880078234523535
test,Normal,Fuzzy,1478201041.369311,1478201041.402413,3528704,0,0.0,-1,,2,0x002,test,3582,Normal,0,0.065354675,0.065354675,0,0.06880078234523535
test,Fuzzy,Fuzzy,1478197943.932017,1478197944.040452,2660672,21,0.328125,5,106.76288604736328,305,0x131,test,3583,Fuzzy,1,0.08674535,0.08674535,1,0.06880078234523535
test,RPM,RPM,1478192957.808515,1478192957.873225,3687040,22,0.34375,0,64.70990180969238,790,0x316,test,3584,RPM,1,0.08686971,0.08686971,1,0.06880078234523535
test,RPM,RPM,1478192909.177987,1478192909.202791,3601472,22,0.34375,1,24.307966232299805,790,0x316,test,3585,RPM,1,0.08620004,0.08620004,1,0.06880078234523535
test,Fuzzy,Fuzzy,1478198133.17651,1478198133.216969,2856896,20,0.3125,1,40.2379035949707,399,0x18F,test,3586,Fuzzy,1,0.08416579,0.08416579,1,0.06880078234523535
test,Gear,Gear,1478195091.644612,1478195091.668134,3478528,17,0.265625,10,20.848989486694336,1087,0x43F,test,3587,Gear,1,0.060782716,0.060782716,0,0.06880078234523535
test,DoS,DoS,1478200373.343313,1478200373.387405,2333120,34,0.53125,0,44.09193992614746,0,0x000,test,3588,DoS,1,0.05229625,0.05229625,0,0.06880078234523535
test,Normal,Gear,1478201077.057925,1478201077.089696,4199104,0,0.0,-1,,399,0x18F,test,3589,Normal,0,0.06405312,0.06405312,0,0.06880078234523535
test,Fuzzy,Fuzzy,1478197955.649359,1478197955.827567,2669696,20,0.3125,5,146.73209190368652,790,0x316,test,3590,Fuzzy,1,0.09300046,0.09300046,1,0.06880078234523535
test,RPM,RPM,1478192749.245977,1478192749.268248,3299456,19,0.296875,4,21.340131759643555,790,0x316,test,3591,RPM,1,0.082527764,0.082527764,1,0.06880078234523535
test,Normal,Fuzzy,1478201033.279415,1478201033.323958,3514304,0,0.0,-1,,304,0x130,test,3592,Normal,0,0.063666314,0.063666314,0,0.06880078234523535
test,Gear,Gear,1478194997.119784,1478194997.153658,3310144,19,0.296875,9,31.714916229248047,1087,0x43F,test,3593,Gear,1,0.066713355,0.066713355,0,0.06880078234523535
test,DoS,DoS,1478200452.547598,1478200452.614255,2445632,37,0.578125,1,66.41101837158203,0,0x000,test,3594,DoS,1,0.050559044,0.050559044,0,0.06880078234523535
test,Gear,Gear,1478194891.222127,1478194891.251282,3112832,23,0.359375,3,28.4419059753418,1087,0x43F,test,3595,Gear,1,0.06740774,0.06740774,0,0.06880078234523535
test,Normal,RPM,1478201098.164721,1478201098.197352,4416768,0,0.0,-1,,2,0x002,test,3596,Normal,0,0.068277165,0.068277165,0,0.06880078234523535
test,Normal,Fuzzy,1478201023.803132,1478201023.839798,3496896,0,0.0,-1,,2,0x002,test,3597,Normal,0,0.063316315,0.063316315,0,0.06880078234523535
test,DoS,DoS,1478200552.405127,1478200552.435169,2569856,34,0.53125,1,29.79588508605957,0,0x000,test,3598,DoS,1,0.04939705,0.04939705,0,0.06880078234523535
test,Normal,Fuzzy,1478201010.540479,1478201010.573558,3472320,0,0.0,-1,,304,0x130,test,3599,Normal,0,0.06316764,0.06316764,0,0.06880078234523535
test,DoS,DoS,1478200556.761199,1478200556.943407,2576832,35,0.546875,0,182.2080612182617,0,0x000,test,3600,DoS,1,0.047014304,0.047014304,0,0.06880078234523535
test,Gear,Gear,1478194892.616914,1478194892.650395,3115968,22,0.34375,2,33.00786018371582,1087,0x43F,test,3601,Gear,1,0.06946972,0.06946972,1,0.06880078234523535
test,Fuzzy,Fuzzy,1478198144.503651,1478198144.543706,2876224,25,0.390625,0,40.055036544799805,1087,0x43F,test,3602,Fuzzy,1,0.09420458,0.09420458,1,0.06880078234523535
test,DoS,DoS,1478200458.223249,1478200458.322348,2454016,37,0.578125,0,99.09915924072266,0,0x000,test,3603,DoS,1,0.04920389,0.04920389,0,0.06880078234523535
test,Normal,Fuzzy,1478201102.167636,1478201102.204456,3641344,0,0.0,-1,,2,0x002,test,3604,Normal,0,0.065429315,0.065429315,0,0.06880078234523535
test,Fuzzy,Fuzzy,1478198131.629684,1478198131.651228,2854080,26,0.40625,0,21.54397964477539,704,0x2C0,test,3605,Fuzzy,1,0.093628906,0.093628906,1,0.06880078234523535
test,DoS,DoS,1478200490.47585,1478200490.506494,2500288,34,0.53125,1,30.3950309753418,0,0x000,test,3606,DoS,1,0.04665079,0.04665079,0,0.06880078234523535
test,DoS,DoS,1478200368.462932,1478200368.667904,2326336,37,0.578125,0,204.9717903137207,0,0x000,test,3607,DoS,1,0.05024099,0.05024099,0,0.06880078234523535
test,Gear,Gear,1478195009.070945,1478195009.094455,3330624,17,0.265625,0,23.509979248046875,1087,0x43F,test,3608,Gear,1,0.07122063,0.07122063,1,0.06880078234523535
test,DoS,DoS,1478200438.31669,1478200438.450882,2423488,25,0.390625,1,133.94784927368164,0,0x000,test,3609,DoS,1,0.054087147,0.054087147,0,0.06880078234523535
test,DoS,DoS,1478200519.081931,1478200519.249317,2536192,34,0.53125,0,167.38581657409668,0,0x000,test,3610,DoS,1,0.05237172,0.05237172,0,0.06880078234523535
test,Normal,Fuzzy,1478201080.267175,1478201080.298389,3600768,0,0.0,-1,,2,0x002,test,3611,Normal,0,0.06329137,0.06329137,0,0.06880078234523535
test,RPM,RPM,1478192695.916094,1478192695.940033,3186688,21,0.328125,2,23.421049118041992,790,0x316,test,3612,RPM,1,0.08200432,0.08200432,1,0.06880078234523535
test,Fuzzy,Fuzzy,1478198119.959975,1478198119.992791,2836288,37,0.578125,0,32.81593322753906,399,0x18F,test,3613,Fuzzy,1,0.108884595,0.108884595,1,0.06880078234523535
test,Fuzzy,Fuzzy,1478197736.96053,1478197736.981492,2466688,24,0.375,10,18.57209205627441,2,0x002,test,3614,Fuzzy,1,0.09255368,0.09255368,1,0.06880078234523535
test,DoS,DoS,1478200578.843245,1478200578.859459,2600960,36,0.5625,0,16.21389389038086,0,0x000,test,3615,DoS,1,0.04984165,0.04984165,0,0.06880078234523535
test,Fuzzy,Fuzzy,1478198095.372101,1478198095.394151,2796608,22,0.34375,1,21.82888984680176,399,0x18F,test,3616,Fuzzy,1,0.09150014,0.09150014,1,0.06880078234523535
test,Normal,DoS,1478201198.153481,1478201198.187614,3645568,0,0.0,-1,,320,0x140,test,3617,Normal,0,0.06020659,0.06020659,0,0.06880078234523535
test,DoS,DoS,1478200390.724817,1478200390.773604,2360384,34,0.53125,0,48.78687858581543,0,0x000,test,3618,DoS,1,0.054798562,0.054798562,0,0.06880078234523535
test,Fuzzy,Fuzzy,1478198111.745717,1478198111.776527,2823808,23,0.359375,1,30.59601783752441,672,0x2A0,test,3619,Fuzzy,1,0.09071618,0.09071618,1,0.06880078234523535
test,RPM,RPM,1478192846.346594,1478192846.37871,3471104,16,0.25,5,30.90500831604004,790,0x316,test,3620,RPM,1,0.08104374,0.08104374,1,0.06880078234523535
test,Normal,RPM,1478201206.53252,1478201206.568074,4617024,0,0.0,-1,,304,0x130,test,3621,Normal,0,0.067720026,0.067720026,0,0.06880078234523535
test,Fuzzy,Fuzzy,1478197939.706285,1478197939.890065,2654208,24,0.375,1,178.40003967285156,672,0x2A0,test,3622,Fuzzy,1,0.09360358,0.09360358,1,0.06880078234523535
test,RPM,RPM,1478192755.238358,1478192755.261239,3312192,20,0.3125,0,22.881031036376957,790,0x316,test,3623,RPM,1,0.08235816,0.08235816,1,0.06880078234523535
test,Fuzzy,Fuzzy,1478198141.916082,1478198141.938551,2871936,23,0.359375,6,21.03590965270996,790,0x316,test,3624,Fuzzy,1,0.091676824,0.091676824,1,0.06880078234523535
test,Fuzzy,Fuzzy,1478198151.191316,1478198151.256548,2887744,15,0.234375,0,65.2320384979248,2,0x002,test,3625,Fuzzy,1,0.08146365,0.08146365,1,0.06880078234523535
test,Fuzzy,Fuzzy,1478198172.885262,1478198172.919093,2925696,23,0.359375,0,33.830881118774414,790,0x316,test,3626,Fuzzy,1,0.084705964,0.084705964,1,0.06880078234523535
test,Normal,RPM,1478201056.295293,1478201056.329193,4339200,0,0.0,-1,,2,0x002,test,3627,Normal,0,0.06460798,0.06460798,0,0.06880078234523535
test,Gear,Gear,1478194963.103489,1478194963.129573,3246336,24,0.375,1,25.85315704345703,1087,0x43F,test,3628,Gear,1,0.07172594,0.07172594,1,0.06880078234523535
test,Fuzzy,Fuzzy,1478197986.930177,1478197987.095939,2701184,20,0.3125,1,165.09294509887695,1072,0x430,test,3629,Fuzzy,1,0.08851421,0.08851421,1,0.06880078234523535
test,RPM,RPM,1478192853.709576,1478192853.737624,3486272,19,0.296875,3,27.357816696166992,790,0x316,test,3630,RPM,1,0.08399908,0.08399908,1,0.06880078234523535
test,Normal,Gear,1478201023.392957,1478201023.429822,4100416,0,0.0,-1,,704,0x2C0,test,3631,Normal,0,0.06474342,0.06474342,0,0.06880078234523535
test,DoS,DoS,1478200398.560353,1478200398.599023,2372864,35,0.546875,1,38.42306137084961,0,0x000,test,3632,DoS,1,0.049175046,0.049175046,0,0.06880078234523535
test,RPM,RPM,1478192898.590143,1478192898.62344,3580224,21,0.328125,0,33.297061920166016,790,0x316,test,3633,RPM,1,0.08488301,0.08488301,1,0.06880078234523535
test,Gear,Gear,1478195066.969071,1478195067.017617,3432960,21,0.328125,0,48.54607582092285,1087,0x43F,test,3634,Gear,1,0.06954281,0.06954281,1,0.06880078234523535
test,RPM,RPM,1478192806.699595,1478192806.739548,3398976,17,0.265625,0,39.952993392944336,790,0x316,test,3635,RPM,1,0.079789735,0.079789735,1,0.06880078234523535
test,Gear,Gear,1478194880.580409,1478194880.616964,3092928,21,0.328125,4,35.616159439086914,1087,0x43F,test,3636,Gear,1,0.069547534,0.069547534,1,0.06880078234523535
test,DoS,DoS,1478200634.412676,1478200634.532922,2659200,34,0.53125,0,120.24593353271484,0,0x000,test,3637,DoS,1,0.05607313,0.05607313,0,0.06880078234523535
test,Normal,Fuzzy,1478201172.08945,1478201172.123493,3770368,0,0.0,-1,,704,0x2C0,test,3638,Normal,0,0.065049976,0.065049976,0,0.06880078234523535
test,DoS,DoS,1478200467.63328,1478200467.682658,2467520,36,0.5625,0,49.3779182434082,0,0x000,test,3639,DoS,1,0.047711045,0.047711045,0,0.06880078234523535
test,Fuzzy,Fuzzy,1478197985.240457,1478197985.441895,2700672,18,0.28125,6,199.9979019165039,2,0x002,test,3640,Fuzzy,1,0.08716792,0.08716792,1,0.06880078234523535
test,Fuzzy,Fuzzy,1478198128.365654,1478198128.387246,2847936,21,0.328125,1,21.371841430664062,320,0x140,test,3641,Fuzzy,1,0.09163057,0.09163057,1,0.06880078234523535
test,RPM,RPM,1478192763.088734,1478192763.112198,3327424,20,0.3125,0,23.46420288085937,790,0x316,test,3642,RPM,1,0.07958272,0.07958272,1,0.06880078234523535
test,RPM,RPM,1478192705.033271,1478192705.058589,3208192,19,0.296875,7,20.899057388305664,790,0x316,test,3643,RPM,1,0.079419486,0.079419486,1,0.06880078234523535
test,Normal,DoS,1478201101.703907,1478201101.73647,3467392,0,0.0,-1,,2,0x002,test,3644,Normal,0,0.064638905,0.064638905,0,0.06880078234523535
test,DoS,DoS,1478200373.146105,1478200373.184778,2332864,38,0.59375,0,38.67292404174805,0,0x000,test,3645,DoS,1,0.05363434,0.05363434,0,0.06880078234523535
test,Gear,Gear,1478194968.179855,1478194968.202243,3256256,19,0.296875,2,21.906137466430664,1087,0x43F,test,3646,Gear,1,0.07089205,0.07089205,1,0.06880078234523535
test,Normal,Fuzzy,1478201099.544736,1478201099.577052,3636480,0,0.0,-1,,2,0x002,test,3647,Normal,0,0.06733769,0.06733769,0,0.06880078234523535
test,DoS,DoS,1478200399.207184,1478200399.256471,2373824,36,0.5625,0,49.286842346191406,0,0x000,test,3648,DoS,1,0.045854498,0.045854498,0,0.06880078234523535
test,Normal,Gear,1478201024.709775,1478201024.740729,4102848,0,0.0,-1,,2,0x002,test,3649,Normal,0,0.06747021,0.06747021,0,0.06880078234523535
test,Normal,Fuzzy,1478201031.74996,1478201031.785078,3511616,0,0.0,-1,,2,0x002,test,3650,Normal,0,0.06968397,0.06968397,1,0.06880078234523535
test,Fuzzy,Fuzzy,1478198100.069684,1478198100.097302,2805120,24,0.375,0,27.6179313659668,339,0x153,test,3651,Fuzzy,1,0.09535638,0.09535638,1,0.06880078234523535
test,DoS,DoS,1478200579.051744,1478200579.117019,2601408,31,0.484375,0,65.27495384216309,0,0x000,test,3652,DoS,1,0.049087275,0.049087275,0,0.06880078234523535
test,Fuzzy,Fuzzy,1478198158.680695,1478198158.720664,2900544,26,0.40625,2,39.518117904663086,399,0x18F,test,3653,Fuzzy,1,0.09224106,0.09224106,1,0.06880078234523535
test,Fuzzy,Fuzzy,1478197861.43617,1478197861.748347,2583360,29,0.453125,1,306.535005569458,672,0x2A0,test,3654,Fuzzy,1,0.10109312,0.10109312,1,0.06880078234523535
test,Normal,Gear,1478201191.023673,1478201191.056447,4409728,0,0.0,-1,,2,0x002,test,3655,Normal,0,0.066638514,0.066638514,0,0.06880078234523535
test,DoS,DoS,1478200491.522529,1478200491.566706,2501760,33,0.515625,1,43.93100738525391,0,0x000,test,3656,DoS,1,0.04827118,0.04827118,0,0.06880078234523535
test,Fuzzy,Fuzzy,1478198136.089138,1478198136.156397,2861824,21,0.328125,10,60.73808670043945,304,0x130,test,3657,Fuzzy,1,0.098011516,0.098011516,1,0.06880078234523535
test,Fuzzy,Fuzzy,1478197865.058889,1478197865.084223,2585152,21,0.328125,0,25.33411979675293,399,0x18F,test,3658,Fuzzy,1,0.09253949,0.09253949,1,0.06880078234523535
test,Gear,Gear,1478195073.556488,1478195073.600193,3445120,18,0.28125,4,42.75202751159668,1087,0x43F,test,3659,Gear,1,0.06962313,0.06962313,1,0.06880078234523535
test,RPM,RPM,1478192853.848725,1478192853.879085,3486528,21,0.328125,1,30.135154724121094,790,0x316,test,3660,RPM,1,0.08481149,0.08481149,1,0.06880078234523535
test,RPM,RPM,1478192846.703393,1478192846.736067,3471808,18,0.28125,1,31.954050064086918,790,0x316,test,3661,RPM,1,0.07666149,0.07666149,1,0.06880078234523535
test,RPM,RPM,1478192884.513515,1478192884.536202,3550272,19,0.296875,9,20.541906356811523,790,0x316,test,3662,RPM,1,0.08080629,0.08080629,1,0.06880078234523535
test,Fuzzy,Fuzzy,1478197880.919893,1478197881.212703,2600256,33,0.515625,0,292.8099632263184,339,0x153,test,3663,Fuzzy,1,0.107988834,0.107988834,1,0.06880078234523535
test,RPM,RPM,1478192756.951139,1478192756.973198,3316352,19,0.296875,1,21.83985710144043,790,0x316,test,3664,RPM,1,0.0796871,0.0796871,1,0.06880078234523535
test,Gear,Gear,1478195119.182409,1478195119.31951,3520640,20,0.3125,6,132.4450969696045,1087,0x43F,test,3665,Gear,1,0.068745635,0.068745635,0,0.06880078234523535
test,DoS,DoS,1478200433.786835,1478200433.802969,2418816,36,0.5625,0,16.134023666381836,0,0x000,test,3666,DoS,1,0.05322073,0.05322073,0,0.06880078234523535
test,Fuzzy,Fuzzy,1478198166.858049,1478198166.894104,2915008,27,0.421875,1,35.83502769470215,304,0x130,test,3667,Fuzzy,1,0.09262699,0.09262699,1,0.06880078234523535
test,Normal,RPM,1478201175.027361,1478201175.063863,4558656,0,0.0,-1,,339,0x153,test,3668,Normal,0,0.07253142,0.07253142,1,0.06880078234523535
test,DoS,DoS,1478200482.566203,1478200482.712952,2489024,35,0.546875,1,146.5048789978027,0,0x000,test,3669,DoS,1,0.047160726,0.047160726,0,0.06880078234523535
test,Fuzzy,Fuzzy,1478197930.519018,1478197930.662385,2645888,29,0.453125,0,143.36705207824707,790,0x316,test,3670,Fuzzy,1,0.101188384,0.101188384,1,0.06880078234523535
test,RPM,RPM,1478192690.444644,1478192690.466751,3174848,19,0.296875,5,20.93219757080078,790,0x316,test,3671,RPM,1,0.07802426,0.07802426,1,0.06880078234523535
test,Normal,RPM,1478201068.938104,1478201068.973824,4362624,0,0.0,-1,,304,0x130,test,3672,Normal,0,0.06776287,0.06776287,0,0.06880078234523535
test,Gear,Gear,1478195028.790976,1478195028.848746,3364864,21,0.328125,0,57.7700138092041,1087,0x43F,test,3673,Gear,1,0.06548252,0.06548252,0,0.06880078234523535
test,Gear,Gear,1478194891.013531,1478194891.043412,3112384,20,0.3125,0,29.881000518798828,1087,0x43F,test,3674,Gear,1,0.06822126,0.06822126,0,0.06880078234523535
test,DoS,DoS,1478200464.665687,1478200464.690063,2463552,33,0.515625,1,24.13201332092285,0,0x000,test,3675,DoS,1,0.051898938,0.051898938,0,0.06880078234523535
test,RPM,RPM,1478192903.757296,1478192903.786297,3591104,19,0.296875,5,27.69017219543457,790,0x316,test,3676,RPM,1,0.08219558,0.08219558,1,0.06880078234523535
test,Normal,Fuzzy,1478201065.966957,1478201065.998098,3574272,0,0.0,-1,,2,0x002,test,3677,Normal,0,0.06486676,0.06486676,0,0.06880078234523535
test,Normal,Fuzzy,1478201175.543827,1478201175.576902,3776768,0,0.0,-1,,2,0x002,test,3678,Normal,0,0.066622004,0.066622004,0,0.06880078234523535
test,Normal,Gear,1478201038.990333,1478201039.021277,4128576,0,0.0,-1,,2,0x002,test,3679,Normal,0,0.058323972,0.058323972,0,0.06880078234523535
test,Fuzzy,Fuzzy,1478198126.288336,1478198126.31471,2845952,27,0.421875,1,26.1538028717041,339,0x153,test,3680,Fuzzy,1,0.101208344,0.101208344,1,0.06880078234523535
test,DoS,DoS,1478200491.161662,1478200491.186988,2501184,32,0.5,0,25.32601356506348,0,0x000,test,3681,DoS,1,0.052832074,0.052832074,0,0.06880078234523535
test,Gear,Gear,1478194911.036542,1478194911.065429,3154176,18,0.28125,4,27.93598175048828,1087,0x43F,test,3682,Gear,1,0.071270525,0.071270525,1,0.06880078234523535
test,DoS,DoS,1478200556.051474,1478200556.082718,2576128,4,0.0625,57,1.4688968658447266,0,0x000,test,3683,DoS,1,0.06190705,0.06190705,0,0.06880078234523535
test,RPM,RPM,1478192728.353184,1478192728.379677,3255680,19,0.296875,6,25.005102157592773,790,0x316,test,3684,RPM,1,0.08300239,0.08300239,1,0.06880078234523535
test,Normal,Fuzzy,1478201082.477304,1478201082.513061,3604864,0,0.0,-1,,304,0x130,test,3685,Normal,0,0.06745014,0.06745014,0,0.06880078234523535
test,RPM,RPM,1478192917.211605,1478192917.238187,3613888,20,0.3125,2,26.09705924987793,790,0x316,test,3686,RPM,1,0.07997281,0.07997281,1,0.06880078234523535
test,Normal,Fuzzy,1478201060.058284,1478201060.09157,3563328,0,0.0,-1,,304,0x130,test,3687,Normal,0,0.07091748,0.07091748,1,0.06880078234523535
test,Normal,RPM,1478201057.50455,1478201057.538371,4341440,0,0.0,-1,,2,0x002,test,3688,Normal,0,0.06987797,0.06987797,1,0.06880078234523535
test,DoS,DoS,1478200633.794249,1478200633.830368,2658752,34,0.53125,0,36.11898422241211,0,0x000,test,3689,DoS,1,0.044889394,0.044889394,0,0.06880078234523535
test,Fuzzy,Fuzzy,1478197895.025138,1478197895.184608,2613888,29,0.453125,2,159.013032913208,790,0x316,test,3690,Fuzzy,1,0.0861825,0.0861825,1,0.06880078234523535
test,DoS,DoS,1478200535.239908,1478200535.368308,2552960,34,0.53125,0,128.40008735656738,0,0x000,test,3691,DoS,1,0.05020522,0.05020522,0,0.06880078234523535
test,Gear,Gear,1478195013.739252,1478195013.761398,3339648,18,0.28125,1,21.91615104675293,1087,0x43F,test,3692,Gear,1,0.06946993,0.06946993,1,0.06880078234523535
test,Gear,Gear,1478194949.863663,1478194949.930424,3222400,21,0.328125,3,50.18305778503418,1087,0x43F,test,3693,Gear,1,0.0709208,0.0709208,1,0.06880078234523535
test,RPM,RPM,1478192820.332987,1478192820.366515,3421760,23,0.359375,1,33.12802314758301,790,0x316,test,3694,RPM,1,0.08727177,0.08727177,1,0.06880078234523535
test,DoS,DoS,1478200476.749779,1478200476.807159,2479808,36,0.5625,0,57.379961013793945,0,0x000,test,3695,DoS,1,0.049076557,0.049076557,0,0.06880078234523535
test,Gear,Gear,1478194905.333074,1478194905.355827,3142656,19,0.296875,0,22.75300025939941,1087,0x43F,test,3696,Gear,1,0.068955004,0.068955004,1,0.06880078234523535
test,Normal,DoS,1478201087.399582,1478201087.434418,3440896,0,0.0,-1,,672,0x2A0,test,3697,Normal,0,0.0705887,0.0705887,1,0.06880078234523535
test,Fuzzy,Fuzzy,1478198124.162937,1478198124.256797,2843520,25,0.390625,2,93.38903427124023,304,0x130,test,3698,Fuzzy,1,0.10028225,0.10028225,1,0.06880078234523535
test,DoS,DoS,1478200449.441861,1478200449.499405,2441216,34,0.53125,0,57.54399299621582,0,0x000,test,3699,DoS,1,0.054612856,0.054612856,0,0.06880078234523535
test,Gear,Gear,1478194982.23242,1478194982.254073,3281664,19,0.296875,7,19.960880279541016,1087,0x43F,test,3700,Gear,1,0.070565455,0.070565455,1,0.06880078234523535
test,DoS,DoS,1478200449.337215,1478200449.378787,2441088,32,0.5,0,41.57209396362305,0,0x000,test,3701,DoS,1,0.048985727,0.048985727,0,0.06880078234523535
test,RPM,RPM,1478192941.881674,1478192941.916621,3656448,15,0.234375,9,32.29808807373047,790,0x316,test,3702,RPM,1,0.076048106,0.076048106,1,0.06880078234523535
test,Normal,DoS,1478201095.034279,1478201095.067755,3455040,0,0.0,-1,,2,0x002,test,3703,Normal,0,0.06714977,0.06714977,0,0.06880078234523535
test,Fuzzy,Fuzzy,1478197940.129886,1478197940.370208,2654528,24,0.375,0,240.32211303710935,305,0x131,test,3704,Fuzzy,1,0.086915776,0.086915776,1,0.06880078234523535
test,Gear,Gear,1478194867.528162,1478194867.552715,3068864,20,0.3125,2,24.08099174499512,1087,0x43F,test,3705,Gear,1,0.06693866,0.06693866,0,0.06880078234523535
test,Fuzzy,Fuzzy,1478198164.672841,1478198164.693704,2911744,25,0.390625,3,20.15900611877441,2,0x002,test,3706,Fuzzy,1,0.09279392,0.09279392,1,0.06880078234523535
test,Fuzzy,Fuzzy,1478197802.892398,1478197802.917205,2532032,19,0.296875,1,24.02806282043457,608,0x260,test,3707,Fuzzy,1,0.087791726,0.087791726,1,0.06880078234523535
test,Gear,Gear,1478194983.373064,1478194983.411596,3283648,19,0.296875,2,38.06209564208984,1087,0x43F,test,3708,Gear,1,0.06812322,0.06812322,0,0.06880078234523535
test,DoS,DoS,1478200491.406411,1478200491.436407,2501568,35,0.546875,1,29.75010871887207,0,0x000,test,3709,DoS,1,0.047570556,0.047570556,0,0.06880078234523535
test,Normal,Gear,1478201034.842451,1478201034.877752,4120896,0,0.0,-1,,399,0x18F,test,3710,Normal,0,0.061060905,0.061060905,0,0.06880078234523535
test,DoS,DoS,1478200529.728897,1478200529.785651,2545536,28,0.4375,1,47.371864318847656,0,0x000,test,3711,DoS,1,0.051733814,0.051733814,0,0.06880078234523535
test,RPM,RPM,1478192865.523582,1478192865.547388,3510848,19,0.296875,1,23.427963256835938,790,0x316,test,3712,RPM,1,0.083316065,0.083316065,1,0.06880078234523535
test,Gear,Gear,1478194858.710842,1478194858.734729,3049536,21,0.328125,1,23.68903160095215,1087,0x43F,test,3713,Gear,1,0.06954143,0.06954143,1,0.06880078234523535
test,Normal,RPM,1478201173.370151,1478201173.405184,4555584,0,0.0,-1,,2,0x002,test,3714,Normal,0,0.06450762,0.06450762,0,0.06880078234523535
test,RPM,RPM,1478192683.597256,1478192683.620452,3159232,20,0.3125,1,22.97091484069824,790,0x316,test,3715,RPM,1,0.08334512,0.08334512,1,0.06880078234523535
test,Gear,Gear,1478194847.682207,1478194847.708367,3026112,21,0.328125,1,25.23016929626465,1087,0x43F,test,3716,Gear,1,0.072688594,0.072688594,1,0.06880078234523535
test,Gear,Gear,1478194989.201651,1478194989.237124,3295360,22,0.34375,5,33.792972564697266,1087,0x43F,test,3717,Gear,1,0.07082099,0.07082099,1,0.06880078234523535
test,Gear,Gear,1478195052.517989,1478195052.540122,3406016,19,0.296875,7,20.49112319946289,1087,0x43F,test,3718,Gear,1,0.06454703,0.06454703,0,0.06880078234523535
test,Normal,Gear,1478201110.946384,1478201110.979493,4261888,0,0.0,-1,,2,0x002,test,3719,Normal,0,0.06352138,0.06352138,0,0.06880078234523535
test,DoS,DoS,1478200434.697293,1478200434.727455,2420352,33,0.515625,0,30.16185760498047,0,0x000,test,3720,DoS,1,0.051750343,0.051750343,0,0.06880078234523535
test,Fuzzy,Fuzzy,1478198061.559971,1478198061.841702,2760448,35,0.546875,1,275.99596977233887,2,0x002,test,3721,Fuzzy,1,0.10667318,0.10667318,1,0.06880078234523535
test,Fuzzy,Fuzzy,1478197912.865116,1478197912.940394,2629952,18,0.28125,3,72.4029541015625,1087,0x43F,test,3722,Fuzzy,1,0.09107163,0.09107163,1,0.06880078234523535
test,Fuzzy,Fuzzy,1478198050.529371,1478198050.677226,2752640,27,0.421875,0,147.85504341125488,880,0x370,test,3723,Fuzzy,1,0.089749016,0.089749016,1,0.06880078234523535
test,RPM,RPM,1478192857.976911,1478192857.999384,3495040,20,0.3125,1,22.16792106628418,790,0x316,test,3724,RPM,1,0.08175786,0.08175786,1,0.06880078234523535
test,Normal,DoS,1478201131.306719,1478201131.342135,3522240,0,0.0,-1,,304,0x130,test,3725,Normal,0,0.06520362,0.06520362,0,0.06880078234523535
test,Fuzzy,Fuzzy,1478197803.885659,1478197803.961624,2532992,26,0.40625,0,75.96492767333984,304,0x130,test,3726,Fuzzy,1,0.09574374,0.09574374,1,0.06880078234523535
test,RPM,RPM,1478192793.250593,1478192793.301455,3376768,20,0.3125,4,49.83592033386231,790,0x316,test,3727,RPM,1,0.07965301,0.07965301,1,0.06880078234523535
test,DoS,DoS,1478200601.468816,1478200601.504001,2627264,6,0.09375,52,2.7229785919189453,0,0x000,test,3728,DoS,1,0.06504465,0.06504465,0,0.06880078234523535
test,RPM,RPM,1478192961.024221,1478192961.046992,3692928,21,0.328125,1,22.58014678955078,790,0x316,test,3729,RPM,1,0.086360574,0.086360574,1,0.06880078234523535
test,Normal,DoS,1478201187.169028,1478201187.203352,3625216,0,0.0,-1,,339,0x153,test,3730,Normal,0,0.062100455,0.062100455,0,0.06880078234523535
test,RPM,RPM,1478192936.644226,1478192936.70174,3646848,24,0.375,0,57.51395225524902,790,0x316,test,3731,RPM,1,0.082628965,0.082628965,1,0.06880078234523535
test,Fuzzy,Fuzzy,1478198164.624115,1478198164.67259,2911680,25,0.390625,0,48.475027084350586,399,0x18F,test,3732,Fuzzy,1,0.09973032,0.09973032,1,0.06880078234523535
test,Gear,Gear,1478194848.096383,1478194848.123028,3027008,19,0.296875,0,26.64494514465332,1087,0x43F,test,3733,Gear,1,0.06212487,0.06212487,0,0.06880078234523535
test,DoS,DoS,1478200418.366277,1478200418.393392,2396864,19,0.296875,34,8.03518295288086,0,0x000,test,3734,DoS,1,0.05739535,0.05739535,0,0.06880078234523535
test,Normal,RPM,1478201104.79586,1478201104.828213,4429056,0,0.0,-1,,2,0x002,test,3735,Normal,0,0.06856613,0.06856613,0,0.06880078234523535
test,Normal,DoS,1478201171.279282,1478201171.31126,3595776,0,0.0,-1,,399,0x18F,test,3736,Normal,0,0.061912864,0.061912864,0,0.06880078234523535
test,Normal,DoS,1478201188.863014,1478201188.894642,3628352,0,0.0,-1,,2,0x002,test,3737,Normal,0,0.06133042,0.06133042,0,0.06880078234523535
test,Fuzzy,Fuzzy,1478198117.653106,1478198117.727875,2833920,31,0.484375,2,74.30100440979004,809,0x329,test,3738,Fuzzy,1,0.09762845,0.09762845,1,0.06880078234523535
test,DoS,DoS,1478200511.865965,1478200511.959421,2528512,33,0.515625,2,87.64481544494629,0,0x000,test,3739,DoS,1,0.052149482,0.052149482,0,0.06880078234523535
test,DoS,DoS,1478200557.700717,1478200557.95373,2577216,37,0.578125,0,253.01313400268555,0,0x000,test,3740,DoS,1,0.051339254,0.051339254,0,0.06880078234523535
test,Normal,Fuzzy,1478201160.447868,1478201160.483752,3748800,0,0.0,-1,,399,0x18F,test,3741,Normal,0,0.06752657,0.06752657,0,0.06880078234523535
test,DoS,DoS,1478200500.004176,1478200500.023265,2512384,35,0.546875,1,18.845796585083008,0,0x000,test,3742,DoS,1,0.05422183,0.05422183,0,0.06880078234523535
test,Gear,Gear,1478194847.029119,1478194847.052603,3024576,21,0.328125,1,23.25296401977539,1087,0x43F,test,3743,Gear,1,0.0706107,0.0706107,1,0.06880078234523535
test,Normal,DoS,1478201159.395017,1478201159.428056,3573760,0,0.0,-1,,704,0x2C0,test,3744,Normal,0,0.0667211,0.0667211,0,0.06880078234523535
test,Fuzzy,Fuzzy,1478197815.007026,1478197815.28124,2541248,31,0.484375,0,274.2140293121338,608,0x260,test,3745,Fuzzy,1,0.102237046,0.102237046,1,0.06880078234523535
test,DoS,DoS,1478200434.633087,1478200434.697052,2420288,31,0.484375,1,63.71808052062988,0,0x000,test,3746,DoS,1,0.05347982,0.05347982,0,0.06880078234523535
test,Fuzzy,Fuzzy,1478197872.72949,1478197872.926151,2592320,29,0.453125,1,196.4449882507324,339,0x153,test,3747,Fuzzy,1,0.100090854,0.100090854,1,0.06880078234523535
test,Gear,Gear,1478194905.770065,1478194905.79412,3143744,20,0.3125,3,23.35810661315918,1087,0x43F,test,3748,Gear,1,0.06600779,0.06600779,0,0.06880078234523535
test,Gear,Gear,1478194897.197866,1478194897.219768,3125312,20,0.3125,4,20.93696594238281,1087,0x43F,test,3749,Gear,1,0.06568978,0.06568978,0,0.06880078234523535
test,Normal,Fuzzy,1478201062.028434,1478201062.06061,3566976,0,0.0,-1,,2,0x002,test,3750,Normal,0,0.066429675,0.066429675,0,0.06880078234523535
test,DoS,DoS,1478200627.585996,1478200627.77692,2651712,35,0.546875,0,190.92416763305664,0,0x000,test,3751,DoS,1,0.05354627,0.05354627,0,0.06880078234523535
test,Fuzzy,Fuzzy,1478197885.787933,1478197885.808729,2606208,23,0.359375,4,19.862890243530277,704,0x2C0,test,3752,Fuzzy,1,0.099626824,0.099626824,1,0.06880078234523535
test,Normal,DoS,1478201206.619863,1478201206.651504,3661248,0,0.0,-1,,399,0x18F,test,3753,Normal,0,0.062547505,0.062547505,0,0.06880078234523535
test,DoS,DoS,1478200429.623649,1478200429.67924,2411840,32,0.5,0,55.59110641479492,0,0x000,test,3754,DoS,1,0.051285755,0.051285755,0,0.06880078234523535
test,RPM,RPM,1478192839.193936,1478192839.227531,3457408,20,0.3125,0,33.59484672546387,790,0x316,test,3755,RPM,1,0.08094317,0.08094317,1,0.06880078234523535
test,DoS,DoS,1478200472.568332,1478200472.604736,2474944,35,0.546875,0,36.40413284301758,0,0x000,test,3756,DoS,1,0.047709662,0.047709662,0,0.06880078234523535
test,Normal,RPM,1478201158.793828,1478201158.825599,4528576,0,0.0,-1,,2,0x002,test,3757,Normal,0,0.06182919,0.06182919,0,0.06880078234523535
test,DoS,DoS,1478200499.784026,1478200499.856098,2512064,36,0.5625,1,71.82502746582031,0,0x000,test,3758,DoS,1,0.05246956,0.05246956,0,0.06880078234523535
test,RPM,RPM,1478192685.510386,1478192685.534244,3164160,20,0.3125,0,23.85807037353516,790,0x316,test,3759,RPM,1,0.082291625,0.082291625,1,0.06880078234523535
test,DoS,DoS,1478200473.883619,1478200473.94661,2476416,31,0.484375,1,62.74294853210449,0,0x000,test,3760,DoS,1,0.05730136,0.05730136,0,0.06880078234523535
test,Gear,Gear,1478195104.187897,1478195104.210063,3503232,20,0.3125,1,21.925926208496094,1087,0x43F,test,3761,Gear,1,0.07039849,0.07039849,1,0.06880078234523535
test,DoS,DoS,1478200536.990385,1478200537.117713,2553920,34,0.53125,3,120.97907066345216,0,0x000,test,3762,DoS,1,0.04643498,0.04643498,0,0.06880078234523535
test,DoS,DoS,1478200421.647373,1478200421.736425,2398976,36,0.5625,0,89.05196189880371,0,0x000,test,3763,DoS,1,0.046466958,0.046466958,0,0.06880078234523535
test,Normal,DoS,1478201105.016953,1478201105.052317,3473536,0,0.0,-1,,305,0x131,test,3764,Normal,0,0.0630451,0.0630451,0,0.06880078234523535
test,Normal,Gear,1478201012.170072,1478201012.201522,4079616,0,0.0,-1,,2,0x002,test,3765,Normal,0,0.06340996,0.06340996,0,0.06880078234523535
test,DoS,DoS,1478200582.958166,1478200583.094556,2603968,43,0.671875,0,136.39020919799805,0,0x000,test,3766,DoS,1,0.04756957,0.04756957,0,0.06880078234523535
test,RPM,RPM,1478192820.957306,1478192820.988694,3422912,23,0.359375,1,31.16297721862793,790,0x316,test,3767,RPM,1,0.081372075,0.081372075,1,0.06880078234523535
test,Fuzzy,Fuzzy,1478198085.600951,1478198085.676659,2782720,22,0.34375,8,69.2281723022461,880,0x370,test,3768,Fuzzy,1,0.09104357,0.09104357,1,0.06880078234523535
test,Fuzzy,Fuzzy,1478198010.676348,1478198010.941685,2722176,27,0.421875,0,265.3369903564453,848,0x350,test,3769,Fuzzy,1,0.100087225,0.100087225,1,0.06880078234523535
test,Gear,Gear,1478195124.856093,1478195125.014745,3527936,22,0.34375,1,153.47695350646973,1087,0x43F,test,3770,Gear,1,0.07354988,0.07354988,1,0.06880078234523535
test,DoS,DoS,1478200397.943171,1478200398.004055,2372096,35,0.546875,0,60.88399887084961,0,0x000,test,3771,DoS,1,0.049786102,0.049786102,0,0.06880078234523535
test,DoS,DoS,1478200457.097992,1478200457.153507,2453440,34,0.53125,8,40.93098640441895,0,0x000,test,3772,DoS,1,0.054552406,0.054552406,0,0.06880078234523535
test,DoS,DoS,1478200335.781353,1478200335.957698,2302464,37,0.578125,0,176.3451099395752,0,0x000,test,3773,DoS,1,0.054183636,0.054183636,0,0.06880078234523535
test,Normal,Fuzzy,1478201157.647929,1478201157.684129,3743616,0,0.0,-1,,399,0x18F,test,3774,Normal,0,0.06332441,0.06332441,0,0.06880078234523535
test,Normal,Gear,1478201008.64185,1478201008.675206,4073088,0,0.0,-1,,320,0x140,test,3775,Normal,0,0.061216682,0.061216682,0,0.06880078234523535
test,RPM,RPM,1478192709.405948,1478192709.4301,3217408,22,0.34375,0,24.152040481567383,790,0x316,test,3776,RPM,1,0.08626231,0.08626231,1,0.06880078234523535
test,RPM,RPM,1478192899.49327,1478192899.519111,3582400,22,0.34375,1,25.21991729736328,790,0x316,test,3777,RPM,1,0.08295282,0.08295282,1,0.06880078234523535
test,Fuzzy,Fuzzy,1478198124.0114,1478198124.059875,2843328,23,0.359375,0,48.475027084350586,848,0x350,test,3778,Fuzzy,1,0.08999326,0.08999326,1,0.06880078234523535
test,DoS,DoS,1478200466.119215,1478200466.155692,2465472,36,0.5625,1,36.23008728027344,0,0x000,test,3779,DoS,1,0.05189228,0.05189228,0,0.06880078234523535
test,Gear,Gear,1478194962.932522,1478194962.962492,3245952,17,0.265625,8,28.07903289794922,1087,0x43F,test,3780,Gear,1,0.07083259,0.07083259,1,0.06880078234523535
test,Gear,Gear,1478195034.374727,1478195034.413518,3374336,22,0.34375,0,38.79094123840332,1087,0x43F,test,3781,Gear,1,0.06903893,0.06903893,1,0.06880078234523535
test,Normal,RPM,1478201036.741813,1478201036.778755,4302976,0,0.0,-1,,704,0x2C0,test,3782,Normal,0,0.063176885,0.063176885,0,0.06880078234523535
test,Normal,Fuzzy,1478201120.096435,1478201120.13165,3674560,0,0.0,-1,,304,0x130,test,3783,Normal,0,0.06771019,0.06771019,0,0.06880078234523535
test,Normal,Fuzzy,1478201011.820084,1478201011.852051,3474688,0,0.0,-1,,2,0x002,test,3784,Normal,0,0.061483104,0.061483104,0,0.06880078234523535
test,RPM,RPM,1478192736.037661,1478192736.073361,3271232,22,0.34375,0,35.69984436035156,790,0x316,test,3785,RPM,1,0.084327884,0.084327884,1,0.06880078234523535
test,RPM,RPM,1478192883.384298,1478192883.406762,3547520,19,0.296875,9,20.251989364624023,790,0x316,test,3786,RPM,1,0.08114804,0.08114804,1,0.06880078234523535
test,RPM,RPM,1478192857.716251,1478192857.738445,3494336,20,0.3125,2,21.739959716796875,790,0x316,test,3787,RPM,1,0.08395137,0.08395137,1,0.06880078234523535
test,Gear,Gear,1478195078.338683,1478195078.360324,3453888,22,0.34375,0,21.641016006469727,1087,0x43F,test,3788,Gear,1,0.06824047,0.06824047,0,0.06880078234523535
test,Fuzzy,Fuzzy,1478198160.962658,1478198160.993913,2904576,25,0.390625,4,30.319929122924805,304,0x130,test,3789,Fuzzy,1,0.09757575,0.09757575,1,0.06880078234523535
test,Fuzzy,Fuzzy,1478197873.580148,1478197873.619369,2592896,28,0.4375,3,38.50913047790527,848,0x350,test,3790,Fuzzy,1,0.09720108,0.09720108,1,0.06880078234523535
test,Gear,Gear,1478194865.755306,1478194865.777866,3064896,18,0.28125,7,20.697832107543945,1087,0x43F,test,3791,Gear,1,0.07229155,0.07229155,1,0.06880078234523535
test,RPM,RPM,1478192801.195127,1478192801.242793,3389504,24,0.375,1,47.00899124145508,790,0x316,test,3792,RPM,1,0.0870088,0.0870088,1,0.06880078234523535
test,Normal,DoS,1478201183.818872,1478201183.850529,3619008,0,0.0,-1,,399,0x18F,test,3793,Normal,0,0.06719326,0.06719326,0,0.06880078234523535
test,Normal,Gear,1478201048.072916,1478201048.109281,4145408,0,0.0,-1,,339,0x153,test,3794,Normal,0,0.06875639,0.06875639,0,0.06880078234523535
test,Normal,RPM,1478201062.549786,1478201062.582555,4350784,0,0.0,-1,,304,0x130,test,3795,Normal,0,0.06506998,0.06506998,0,0.06880078234523535
test,DoS,DoS,1478200578.859709,1478200578.875665,2601024,34,0.53125,1,15.70892333984375,0,0x000,test,3796,DoS,1,0.05424916,0.05424916,0,0.06880078234523535
test,DoS,DoS,1478200597.17856,1478200597.215587,2620992,39,0.609375,0,37.02688217163086,0,0x000,test,3797,DoS,1,0.045502454,0.045502454,0,0.06880078234523535
test,Gear,Gear,1478195046.641838,1478195046.693774,3395456,20,0.3125,0,51.93591117858887,1087,0x43F,test,3798,Gear,1,0.064431414,0.064431414,0,0.06880078234523535
test,DoS,DoS,1478200420.396934,1478200420.458656,2398400,34,0.53125,0,61.7220401763916,0,0x000,test,3799,DoS,1,0.04807442,0.04807442,0,0.06880078234523535
test,Normal,RPM,1478201037.5027,1478201037.538978,4304384,0,0.0,-1,,2,0x002,test,3800,Normal,0,0.067618966,0.067618966,0,0.06880078234523535
test,Gear,Gear,1478194944.6879,1478194944.715565,3213248,20,0.3125,2,27.19688415527344,1087,0x43F,test,3801,Gear,1,0.07072727,0.07072727,1,0.06880078234523535
test,Normal,Fuzzy,1478201043.89036,1478201043.924967,3533376,0,0.0,-1,,305,0x131,test,3802,Normal,0,0.067260936,0.067260936,0,0.06880078234523535
test,DoS,DoS,1478200390.155775,1478200390.210276,2359616,38,0.59375,0,54.50081825256348,0,0x000,test,3803,DoS,1,0.046322115,0.046322115,0,0.06880078234523535
test,Gear,Gear,1478195098.301064,1478195098.326959,3491840,21,0.328125,2,24.49584007263184,1087,0x43F,test,3804,Gear,1,0.06995296,0.06995296,1,0.06880078234523535
test,Fuzzy,Fuzzy,1478197729.155036,1478197729.311734,2459584,28,0.4375,0,156.69798851013184,2,0x002,test,3805,Fuzzy,1,0.100199714,0.100199714,1,0.06880078234523535
test,Fuzzy,Fuzzy,1478197770.570637,1478197770.66051,2501760,22,0.34375,1,89.65206146240234,305,0x131,test,3806,Fuzzy,1,0.099598214,0.099598214,1,0.06880078234523535
test,Normal,Fuzzy,1478201061.023049,1478201061.059472,3565120,0,0.0,-1,,2,0x002,test,3807,Normal,0,0.07010813,0.07010813,1,0.06880078234523535
test,Fuzzy,Fuzzy,1478198160.20012,1478198160.225021,2903360,24,0.375,0,24.90091323852539,2,0x002,test,3808,Fuzzy,1,0.0909242,0.0909242,1,0.06880078234523535
test,DoS,DoS,1478200372.615559,1478200372.669884,2332096,36,0.5625,0,54.32486534118652,0,0x000,test,3809,DoS,1,0.05048513,0.05048513,0,0.06880078234523535
test,Fuzzy,Fuzzy,1478198136.290418,1478198136.322133,2862080,27,0.421875,0,31.71515464782715,320,0x140,test,3810,Fuzzy,1,0.10199261,0.10199261,1,0.06880078234523535
test,Gear,Gear,1478194852.576703,1478194852.599238,3036352,19,0.296875,4,21.57902717590332,1087,0x43F,test,3811,Gear,1,0.068594135,0.068594135,0,0.06880078234523535
test,Fuzzy,Fuzzy,1478197739.030994,1478197739.053137,2468224,24,0.375,4,21.18206024169922,2,0x002,test,3812,Fuzzy,1,0.09179656,0.09179656,1,0.06880078234523535
test,Fuzzy,Fuzzy,1478197852.505145,1478197852.528048,2575488,17,0.265625,17,16.508102416992188,2,0x002,test,3813,Fuzzy,1,0.08456105,0.08456105,1,0.06880078234523535
test,Fuzzy,Fuzzy,1478197746.482986,1478197746.564961,2476288,24,0.375,3,77.84199714660645,2,0x002,test,3814,Fuzzy,1,0.09463546,0.09463546,1,0.06880078234523535
test,Gear,Gear,1478194918.779497,1478194918.819459,3168128,19,0.296875,3,39.25585746765137,1087,0x43F,test,3815,Gear,1,0.06780079,0.06780079,0,0.06880078234523535
test,Fuzzy,Fuzzy,1478197753.620938,1478197753.641143,2484352,25,0.390625,0,20.205020904541016,304,0x130,test,3816,Fuzzy,1,0.0928492,0.0928492,1,0.06880078234523535
test,Gear,Gear,1478194961.740007,1478194961.761937,3243136,19,0.296875,0,21.92997932434082,1087,0x43F,test,3817,Gear,1,0.06936245,0.06936245,1,0.06880078234523535
test,Fuzzy,Fuzzy,1478197936.360264,1478197936.383584,2652736,20,0.3125,0,23.31995964050293,2,0x002,test,3818,Fuzzy,1,0.087161094,0.087161094,1,0.06880078234523535
test,Gear,Gear,1478195065.416901,1478195065.46742,3430528,17,0.265625,9,47.89900779724121,1087,0x43F,test,3819,Gear,1,0.067310825,0.067310825,0,0.06880078234523535
test,DoS,DoS,1478200635.538521,1478200635.669528,2659968,33,0.515625,1,125.45394897460938,0,0x000,test,3820,DoS,1,0.053928252,0.053928252,0,0.06880078234523535
test,Gear,Gear,1478194968.345695,1478194968.369204,3256704,20,0.3125,1,22.745132446289062,1087,0x43F,test,3821,Gear,1,0.06187486,0.06187486,0,0.06880078234523535
test,Gear,Gear,1478194938.174416,1478194938.213285,3201792,21,0.328125,3,38.15197944641113,1087,0x43F,test,3822,Gear,1,0.069355406,0.069355406,1,0.06880078234523535
test,Fuzzy,Fuzzy,1478198108.402695,1478198108.443203,2818688,18,0.28125,6,39.0620231628418,809,0x329,test,3823,Fuzzy,1,0.08823801,0.08823801,1,0.06880078234523535
test,DoS,DoS,1478200479.892843,1478200479.91311,2485504,27,0.421875,19,11.96908950805664,0,0x000,test,3824,DoS,1,0.050032053,0.050032053,0,0.06880078234523535
test,Normal,Fuzzy,1478201106.451654,1478201106.485351,3649280,0,0.0,-1,,399,0x18F,test,3825,Normal,0,0.06999035,0.06999035,1,0.06880078234523535
test,Fuzzy,Fuzzy,1478197948.550014,1478197948.775844,2662208,25,0.390625,0,225.830078125,1072,0x430,test,3826,Fuzzy,1,0.09595077,0.09595077,1,0.06880078234523535
test,Gear,Gear,1478194865.402629,1478194865.425032,3064064,19,0.296875,6,20.967960357666016,1087,0x43F,test,3827,Gear,1,0.06602564,0.06602564,0,0.06880078234523535
test,Gear,Gear,1478195100.386718,1478195100.408895,3496128,17,0.265625,11,19.52695846557617,1087,0x43F,test,3828,Gear,1,0.07044357,0.07044357,1,0.06880078234523535
test,Normal,RPM,1478201020.80215,1478201020.834595,4274176,0,0.0,-1,,399,0x18F,test,3829,Normal,0,0.06147079,0.06147079,0,0.06880078234523535
test,Fuzzy,Fuzzy,1478198166.584689,1478198166.614805,2914624,21,0.328125,1,29.896020889282227,320,0x140,test,3830,Fuzzy,1,0.08753964,0.08753964,1,0.06880078234523535
test,Fuzzy,Fuzzy,1478197778.225136,1478197778.245941,2508864,24,0.375,0,20.804882049560547,790,0x316,test,3831,Fuzzy,1,0.10183922,0.10183922,1,0.06880078234523535
test,Fuzzy,Fuzzy,1478198101.526464,1478198101.605005,2807232,26,0.40625,0,78.54104042053223,2,0x002,test,3832,Fuzzy,1,0.09761771,0.09761771,1,0.06880078234523535
test,Fuzzy,Fuzzy,1478197912.576865,1478197912.616767,2629760,19,0.296875,0,39.9019718170166,304,0x130,test,3833,Fuzzy,1,0.090612575,0.090612575,1,0.06880078234523535
test,Gear,Gear,1478194983.436756,1478194983.478744,3283776,22,0.34375,0,41.98813438415527,1087,0x43F,test,3834,Gear,1,0.06903534,0.06903534,1,0.06880078234523535
test,RPM,RPM,1478192754.839688,1478192754.861551,3311232,19,0.296875,0,21.86298370361328,790,0x316,test,3835,RPM,1,0.08290611,0.08290611,1,0.06880078234523535
test,DoS,DoS,1478200541.225499,1478200541.255492,2560704,36,0.5625,1,29.74796295166016,0,0x000,test,3836,DoS,1,0.048564695,0.048564695,0,0.06880078234523535
test,RPM,RPM,1478192846.601696,1478192846.645824,3471616,26,0.40625,0,44.1279411315918,790,0x316,test,3837,RPM,1,0.08524584,0.08524584,1,0.06880078234523535
test,Fuzzy,Fuzzy,1478197794.692334,1478197794.712299,2522688,24,0.375,5,18.810033798217773,790,0x316,test,3838,Fuzzy,1,0.096212365,0.096212365,1,0.06880078234523535
test,Gear,Gear,1478195009.678338,1478195009.732962,3331840,23,0.359375,0,54.62384223937988,1087,0x43F,test,3839,Gear,1,0.06751939,0.06751939,0,0.06880078234523535
test,Gear,Gear,1478195040.951459,1478195040.987774,3385408,24,0.375,0,36.3149642944336,1087,0x43F,test,3840,Gear,1,0.071383335,0.071383335,1,0.06880078234523535
test,Normal,Fuzzy,1478201016.721551,1478201016.757721,3483776,0,0.0,-1,,399,0x18F,test,3841,Normal,0,0.06285864,0.06285864,0,0.06880078234523535
test,Normal,RPM,1478201153.669147,1478201153.724104,4519424,0,0.0,-1,,399,0x18F,test,3842,Normal,0,0.06111235,0.06111235,0,0.06880078234523535
test,Gear,Gear,1478195060.029001,1478195060.056611,3420800,21,0.328125,2,27.13799476623535,1087,0x43F,test,3843,Gear,1,0.067177385,0.067177385,0,0.06880078234523535
test,DoS,DoS,1478200496.005563,1478200496.105693,2509056,35,0.546875,1,99.3971824645996,0,0x000,test,3844,DoS,1,0.05074658,0.05074658,0,0.06880078234523535
test,Fuzzy,Fuzzy,1478198172.475654,1478198172.496146,2925120,24,0.375,2,20.02692222595215,880,0x370,test,3845,Fuzzy,1,0.09410805,0.09410805,1,0.06880078234523535
test,Gear,Gear,1478194948.641044,1478194948.663169,3220288,21,0.328125,1,21.888017654418945,1087,0x43F,test,3846,Gear,1,0.070208974,0.070208974,1,0.06880078234523535
test,RPM,RPM,1478192935.345453,1478192935.374342,3644736,24,0.375,4,27.93598175048828,790,0x316,test,3847,RPM,1,0.08260692,0.08260692,1,0.06880078234523535
test,RPM,RPM,1478192884.759879,1478192884.795138,3550848,22,0.34375,0,35.25876998901367,790,0x316,test,3848,RPM,1,0.0856607,0.0856607,1,0.06880078234523535
test,Gear,Gear,1478194892.449401,1478194892.472453,3115584,20,0.3125,0,23.052215576171875,1087,0x43F,test,3849,Gear,1,0.07075722,0.07075722,1,0.06880078234523535
test,Normal,DoS,1478201109.510213,1478201109.545265,3481856,0,0.0,-1,,399,0x18F,test,3850,Normal,0,0.065315194,0.065315194,0,0.06880078234523535
test,RPM,RPM,1478192730.644173,1478192730.683218,3260224,21,0.328125,1,38.82002830505371,790,0x316,test,3851,RPM,1,0.087630264,0.087630264,1,0.06880078234523535
test,RPM,RPM,1478192922.180135,1478192922.202679,3622976,20,0.3125,0,22.543907165527344,790,0x316,test,3852,RPM,1,0.08203174,0.08203174,1,0.06880078234523535
test,RPM,RPM,1478192826.508923,1478192826.546834,3433280,21,0.328125,3,37.201881408691406,790,0x316,test,3853,RPM,1,0.085658476,0.085658476,1,0.06880078234523535
test,Gear,Gear,1478195052.707989,1478195052.730161,3406528,19,0.296875,3,21.472930908203125,1087,0x43F,test,3854,Gear,1,0.07010269,0.07010269,1,0.06880078234523535
test,Normal,Fuzzy,1478201015.340565,1478201015.377913,3481216,0,0.0,-1,,304,0x130,test,3855,Normal,0,0.061748084,0.061748084,0,0.06880078234523535
test,RPM,RPM,1478192715.346363,1478192715.377868,3230656,20,0.3125,0,31.50486946105957,790,0x316,test,3856,RPM,1,0.08778825,0.08778825,1,0.06880078234523535
test,Gear,Gear,1478195054.797015,1478195054.86481,3411200,24,0.375,2,61.547040939331055,1087,0x43F,test,3857,Gear,1,0.073398866,0.073398866,1,0.06880078234523535
test,Gear,Gear,1478194983.292201,1478194983.316315,3283456,19,0.296875,6,22.68505096435547,1087,0x43F,test,3858,Gear,1,0.07009614,0.07009614,1,0.06880078234523535
test,Gear,Gear,1478195100.586129,1478195100.627112,3496576,20,0.3125,1,40.75098037719727,1087,0x43F,test,3859,Gear,1,0.06850319,0.06850319,0,0.06880078234523535
test,Normal,Fuzzy,1478201192.332493,1478201192.364909,3807872,0,0.0,-1,,2,0x002,test,3860,Normal,0,0.06361942,0.06361942,0,0.06880078234523535
test,DoS,DoS,1478200365.987023,1478200366.218776,2325632,38,0.59375,0,231.75287246704104,0,0x000,test,3861,DoS,1,0.048220027,0.048220027,0,0.06880078234523535
test,Gear,Gear,1478194958.496197,1478194958.521739,3236992,21,0.328125,2,25.07305145263672,1087,0x43F,test,3862,Gear,1,0.071382396,0.071382396,1,0.06880078234523535
test,Normal,Fuzzy,1478201124.898275,1478201124.932986,3683456,0,0.0,-1,,399,0x18F,test,3863,Normal,0,0.061940186,0.061940186,0,0.06880078234523535
test,DoS,DoS,1478200552.26551,1478200552.321727,2569728,30,0.46875,0,56.21695518493652,0,0x000,test,3864,DoS,1,0.054322653,0.054322653,0,0.06880078234523535
test,Fuzzy,Fuzzy,1478197737.587112,1478197737.730221,2467456,18,0.28125,1,142.47608184814453,672,0x2A0,test,3865,Fuzzy,1,0.08634514,0.08634514,1,0.06880078234523535
test,RPM,RPM,1478192683.122032,1478192683.145438,3157952,20,0.3125,2,22.935867309570312,790,0x316,test,3866,RPM,1,0.08161023,0.08161023,1,0.06880078234523535
test,Gear,Gear,1478194905.062615,1478194905.090372,3141952,23,0.359375,0,27.75716781616211,1087,0x43F,test,3867,Gear,1,0.07146281,0.07146281,1,0.06880078234523535
test,RPM,RPM,1478192832.028055,1478192832.054734,3443904,19,0.296875,2,26.216983795166016,790,0x316,test,3868,RPM,1,0.08043994,0.08043994,1,0.06880078234523535
test,RPM,RPM,1478192698.872908,1478192698.897295,3194368,19,0.296875,1,24.164915084838867,790,0x316,test,3869,RPM,1,0.081177466,0.081177466,1,0.06880078234523535
test,DoS,DoS,1478200551.457389,1478200551.589562,2569088,39,0.609375,2,120.66102027893066,0,0x000,test,3870,DoS,1,0.05159854,0.05159854,0,0.06880078234523535
test,Fuzzy,Fuzzy,1478198095.304842,1478198095.371859,2796544,24,0.375,1,66.79415702819824,608,0x260,test,3871,Fuzzy,1,0.08225019,0.08225019,1,0.06880078234523535
test,Fuzzy,Fuzzy,1478198101.808627,1478198101.840855,2807552,25,0.390625,0,32.22799301147461,2,0x002,test,3872,Fuzzy,1,0.08195924,0.08195924,1,0.06880078234523535
test,Gear,Gear,1478194917.357513,1478194917.390071,3165760,19,0.296875,1,32.32693672180176,1087,0x43F,test,3873,Gear,1,0.069622375,0.069622375,1,0.06880078234523535
test,RPM,RPM,1478192879.665476,1478192879.693868,3540160,23,0.359375,1,28.165817260742188,790,0x316,test,3874,RPM,1,0.08293407,0.08293407,1,0.06880078234523535
test,Fuzzy,Fuzzy,1478198133.154114,1478198133.175714,2856832,23,0.359375,5,20.40410041809082,2,0x002,test,3875,Fuzzy,1,0.099219084,0.099219084,1,0.06880078234523535
test,DoS,DoS,1478200593.984426,1478200594.000394,2618816,35,0.546875,1,15.72108268737793,0,0x000,test,3876,DoS,1,0.053656206,0.053656206,0,0.06880078234523535
test,Normal,RPM,1478201078.368952,1478201078.405493,4380096,0,0.0,-1,,304,0x130,test,3877,Normal,0,0.06814119,0.06814119,0,0.06880078234523535
test,RPM,RPM,1478192866.138897,1478192866.168928,3512128,19,0.296875,4,29.097795486450195,790,0x316,test,3878,RPM,1,0.08188173,0.08188173,1,0.06880078234523535
test,Fuzzy,Fuzzy,1478197766.348863,1478197766.583282,2496000,30,0.46875,0,234.4191074371338,1087,0x43F,test,3879,Fuzzy,1,0.111053295,0.111053295,1,0.06880078234523535
test,Gear,Gear,1478194948.852429,1478194948.874367,3220864,18,0.28125,4,20.972013473510746,1087,0x43F,test,3880,Gear,1,0.06667389,0.06667389,0,0.06880078234523535
test,Gear,Gear,1478195009.790983,1478195009.850186,3332032,19,0.296875,4,58.20918083190918,1087,0x43F,test,3881,Gear,1,0.06731164,0.06731164,0,0.06880078234523535
test,DoS,DoS,1478200483.630756,1478200483.721795,2489728,32,0.5,1,90.79098701477052,0,0x000,test,3882,DoS,1,0.053576134,0.053576134,0,0.06880078234523535
test,DoS,DoS,1478200603.779831,1478200603.942178,2628288,42,0.65625,0,162.34707832336426,0,0x000,test,3883,DoS,1,0.04645934,0.04645934,0,0.06880078234523535
test,Normal,Fuzzy,1478201196.890764,1478201196.927731,3816320,0,0.0,-1,,2,0x002,test,3884,Normal,0,0.0633022,0.0633022,0,0.06880078234523535
test,RPM,RPM,1478192844.881441,1478192844.906693,3468288,22,0.34375,0,25.25186538696289,790,0x316,test,3885,RPM,1,0.08566833,0.08566833,1,0.06880078234523535
test,DoS,DoS,1478200374.836849,1478200374.87569,2335104,32,0.5,0,38.84100914001465,0,0x000,test,3886,DoS,1,0.052658007,0.052658007,0,0.06880078234523535
test,Fuzzy,Fuzzy,1478198084.318774,1478198084.462579,2781568,27,0.421875,0,143.80502700805664,497,0x1F1,test,3887,Fuzzy,1,0.08791808,0.08791808,1,0.06880078234523535
test,Gear,Gear,1478194964.073243,1478194964.107095,3248448,22,0.34375,2,33.373117446899414,1087,0x43F,test,3888,Gear,1,0.071353085,0.071353085,1,0.06880078234523535
test,RPM,RPM,1478192864.854167,1478192864.898603,3509440,19,0.296875,0,44.435977935791016,790,0x316,test,3889,RPM,1,0.083677076,0.083677076,1,0.06880078234523535
test,Gear,Gear,1478195074.666161,1478195074.703671,3446976,19,0.296875,0,37.50991821289063,1087,0x43F,test,3890,Gear,1,0.06519221,0.06519221,0,0.06880078234523535
test,RPM,RPM,1478192814.722586,1478192814.785336,3410944,22,0.34375,0,62.75010108947754,790,0x316,test,3891,RPM,1,0.084060304,0.084060304,1,0.06880078234523535
test,Fuzzy,Fuzzy,1478197772.008307,1478197772.204641,2502656,26,0.40625,1,196.1240768432617,399,0x18F,test,3892,Fuzzy,1,0.096395776,0.096395776,1,0.06880078234523535
test,Gear,Gear,1478194997.021712,1478194997.044191,3309952,20,0.3125,1,22.2468376159668,1087,0x43F,test,3893,Gear,1,0.06949458,0.06949458,1,0.06880078234523535
test,Gear,Gear,1478194925.256839,1478194925.296374,3179200,22,0.34375,0,39.5350456237793,1087,0x43F,test,3894,Gear,1,0.07137823,0.07137823,1,0.06880078234523535
test,DoS,DoS,1478200579.341879,1478200579.433272,2601728,38,0.59375,0,91.39299392700195,0,0x000,test,3895,DoS,1,0.05036349,0.05036349,0,0.06880078234523535
test,Normal,DoS,1478201199.776604,1478201199.812074,3648576,0,0.0,-1,,2,0x002,test,3896,Normal,0,0.065507725,0.065507725,0,0.06880078234523535
test,Gear,Gear,1478194859.982499,1478194860.006399,3052544,21,0.328125,0,23.90003204345703,1087,0x43F,test,3897,Gear,1,0.07436204,0.07436204,1,0.06880078234523535
test,Gear,Gear,1478195061.285389,1478195061.317684,3422976,19,0.296875,1,31.447887420654297,1087,0x43F,test,3898,Gear,1,0.07372357,0.07372357,1,0.06880078234523535
test,Gear,Gear,1478194924.375445,1478194924.405314,3177984,21,0.328125,5,28.6860466003418,1087,0x43F,test,3899,Gear,1,0.06948416,0.06948416,1,0.06880078234523535
test,Fuzzy,Fuzzy,1478197952.093817,1478197952.20643,2668160,24,0.375,2,111.9060516357422,305,0x131,test,3900,Fuzzy,1,0.089541145,0.089541145,1,0.06880078234523535
test,DoS,DoS,1478200573.031688,1478200573.107548,2593152,36,0.5625,0,75.86002349853516,0,0x000,test,3901,DoS,1,0.052395575,0.052395575,0,0.06880078234523535
test,RPM,RPM,1478192883.006786,1478192883.029307,3546496,22,0.34375,0,22.52078056335449,790,0x316,test,3902,RPM,1,0.082302906,0.082302906,1,0.06880078234523535
test,Gear,Gear,1478194988.98829,1478194989.015252,3294848,20,0.3125,0,26.9620418548584,1087,0x43F,test,3903,Gear,1,0.06818892,0.06818892,0,0.06880078234523535
test,RPM,RPM,1478192705.159768,1478192705.18302,3208512,21,0.328125,2,22.69721031188965,790,0x316,test,3904,RPM,1,0.08266173,0.08266173,1,0.06880078234523535
test,Fuzzy,Fuzzy,1478198117.575528,1478198117.652857,2833856,27,0.421875,0,77.32915878295898,304,0x130,test,3905,Fuzzy,1,0.09862852,0.09862852,1,0.06880078234523535
test,RPM,RPM,1478192941.699272,1478192941.743895,3656128,20,0.3125,1,44.404029846191406,790,0x316,test,3906,RPM,1,0.081915796,0.081915796,1,0.06880078234523535
test,DoS,DoS,1478200376.081166,1478200376.119853,2336832,33,0.515625,0,38.68699073791504,0,0x000,test,3907,DoS,1,0.048043597,0.048043597,0,0.06880078234523535
test,DoS,DoS,1478200510.849779,1478200510.865701,2527424,34,0.53125,0,15.922069549560549,0,0x000,test,3908,DoS,1,0.052295957,0.052295957,0,0.06880078234523535
test,Fuzzy,Fuzzy,1478197849.198753,1478197849.249083,2569600,25,0.390625,4,49.36695098876953,320,0x140,test,3909,Fuzzy,1,0.10014214,0.10014214,1,0.06880078234523535
test,Fuzzy,Fuzzy,1478197920.761797,1478197921.068448,2636224,30,0.46875,0,306.65111541748047,399,0x18F,test,3910,Fuzzy,1,0.10315415,0.10315415,1,0.06880078234523535
test,RPM,RPM,1478192747.222964,1478192747.248072,3294336,22,0.34375,0,25.107860565185547,790,0x316,test,3911,RPM,1,0.08347144,0.08347144,1,0.06880078234523535
test,RPM,RPM,1478192889.92578,1478192889.949685,3561600,21,0.328125,1,23.679018020629883,790,0x316,test,3912,RPM,1,0.0838706,0.0838706,1,0.06880078234523535
test,RPM,RPM,1478192936.194242,1478192936.235246,3646080,21,0.328125,4,40.0998592376709,790,0x316,test,3913,RPM,1,0.084177405,0.084177405,1,0.06880078234523535
test,RPM,RPM,1478192851.305866,1478192851.341056,3480768,20,0.3125,4,34.232139587402344,790,0x316,test,3914,RPM,1,0.08175274,0.08175274,1,0.06880078234523535
test,RPM,RPM,1478192916.694112,1478192916.736936,3612992,20,0.3125,0,42.82402992248535,790,0x316,test,3915,RPM,1,0.0834682,0.0834682,1,0.06880078234523535
test,Fuzzy,Fuzzy,1478197728.967052,1478197729.149558,2459520,22,0.34375,4,165.91215133666992,304,0x130,test,3916,Fuzzy,1,0.09227924,0.09227924,1,0.06880078234523535
test,Gear,Gear,1478194893.204671,1478194893.232078,3117376,19,0.296875,1,26.952028274536133,1087,0x43F,test,3917,Gear,1,0.070397995,0.070397995,1,0.06880078234523535
test,Normal,Fuzzy,1478201196.09991,1478201196.13063,3814848,0,0.0,-1,,672,0x2A0,test,3918,Normal,0,0.06494737,0.06494737,0,0.06880078234523535
test,Normal,DoS,1478201140.116751,1478201140.148228,3538560,0,0.0,-1,,809,0x329,test,3919,Normal,0,0.06433506,0.06433506,0,0.06880078234523535
test,DoS,DoS,1478200464.916993,1478200464.946786,2463936,33,0.515625,0,29.79302406311035,0,0x000,test,3920,DoS,1,0.05039669,0.05039669,0,0.06880078234523535
test,Gear,Gear,1478195007.713564,1478195007.75238,3327680,19,0.296875,1,38.58399391174317,1087,0x43F,test,3921,Gear,1,0.06783826,0.06783826,0,0.06880078234523535
test,Normal,DoS,1478201206.999574,1478201207.031275,3661952,0,0.0,-1,,399,0x18F,test,3922,Normal,0,0.064261004,0.064261004,0,0.06880078234523535
test,Gear,Gear,1478194955.840373,1478194955.886275,3232704,22,0.34375,2,45.532941818237305,1087,0x43F,test,3923,Gear,1,0.06635362,0.06635362,0,0.06880078234523535
test,Fuzzy,Fuzzy,1478198099.063066,1478198099.091136,2803520,24,0.375,1,27.63199806213379,2,0x002,test,3924,Fuzzy,1,0.08697906,0.08697906,1,0.06880078234523535
test,DoS,DoS,1478200403.586375,1478200403.614546,2381632,34,0.53125,0,28.171062469482425,0,0x000,test,3925,DoS,1,0.05309415,0.05309415,0,0.06880078234523535
test,Fuzzy,Fuzzy,1478198116.705578,1478198116.737487,2832448,20,0.3125,6,30.50708770751953,2,0x002,test,3926,Fuzzy,1,0.08692342,0.08692342,1,0.06880078234523535
test,RPM,RPM,1478192872.634025,1478192872.67874,3525504,21,0.328125,1,44.49009895324707,790,0x316,test,3927,RPM,1,0.082708985,0.082708985,1,0.06880078234523535
test,RPM,RPM,1478192892.432787,1478192892.456935,3567360,19,0.296875,1,23.923873901367188,790,0x316,test,3928,RPM,1,0.077921934,0.077921934,1,0.06880078234523535
test,RPM,RPM,1478192834.396239,1478192834.42822,3448192,16,0.25,2,31.51798248291016,790,0x316,test,3929,RPM,1,0.076038666,0.076038666,1,0.06880078234523535
test,Gear,Gear,1478194871.021017,1478194871.045045,3075584,20,0.3125,1,23.52690696716309,1087,0x43F,test,3930,Gear,1,0.06998183,0.06998183,1,0.06880078234523535
test,RPM,RPM,1478192898.432015,1478192898.455028,3579840,19,0.296875,4,22.078990936279297,790,0x316,test,3931,RPM,1,0.08078349,0.08078349,1,0.06880078234523535
test,Gear,Gear,1478194912.026986,1478194912.067925,3155712,21,0.328125,1,40.70687294006348,1087,0x43F,test,3932,Gear,1,0.067421354,0.067421354,0,0.06880078234523535
test,RPM,RPM,1478192825.782633,1478192825.816206,3432000,19,0.296875,3,32.88388252258301,790,0x316,test,3933,RPM,1,0.07649576,0.07649576,1,0.06880078234523535
test,Fuzzy,Fuzzy,1478197740.063885,1478197740.128538,2468864,27,0.421875,1,63.54880332946777,399,0x18F,test,3934,Fuzzy,1,0.09178464,0.09178464,1,0.06880078234523535
test,Fuzzy,Fuzzy,1478197914.940161,1478197915.205163,2630976,35,0.546875,0,265.0020122528076,704,0x2C0,test,3935,Fuzzy,1,0.10257089,0.10257089,1,0.06880078234523535
test,Normal,Fuzzy,1478201068.72816,1478201068.76347,3579392,0,0.0,-1,,2,0x002,test,3936,Normal,0,0.0678998,0.0678998,0,0.06880078234523535
test,RPM,RPM,1478192903.032854,1478192903.056928,3589376,21,0.328125,2,23.61083030700684,790,0x316,test,3937,RPM,1,0.084670365,0.084670365,1,0.06880078234523535
test,RPM,RPM,1478192730.381072,1478192730.413927,3259712,16,0.25,5,26.54409408569336,790,0x316,test,3938,RPM,1,0.0820202,0.0820202,1,0.06880078234523535
test,Fuzzy,Fuzzy,1478197778.309272,1478197778.526983,2509120,21,0.328125,5,205.12700080871585,304,0x130,test,3939,Fuzzy,1,0.09660938,0.09660938,1,0.06880078234523535
test,Fuzzy,Fuzzy,1478197870.930026,1478197871.179471,2591744,31,0.484375,1,249.23205375671387,672,0x2A0,test,3940,Fuzzy,1,0.10416359,0.10416359,1,0.06880078234523535
test,DoS,DoS,1478200334.45868,1478200334.627794,2302080,39,0.609375,0,169.1141128540039,0,0x000,test,3941,DoS,1,0.04964565,0.04964565,0,0.06880078234523535
test,Gear,Gear,1478194955.986316,1478194956.02923,3232896,20,0.3125,1,42.31619834899902,1087,0x43F,test,3942,Gear,1,0.062279962,0.062279962,0,0.06880078234523535
test,Normal,Fuzzy,1478201071.147814,1478201071.180014,3583872,0,0.0,-1,,2,0x002,test,3943,Normal,0,0.0643349,0.0643349,0,0.06880078234523535
test,DoS,DoS,1478200488.922078,1478200488.97257,2498304,36,0.5625,0,50.492048263549805,0,0x000,test,3944,DoS,1,0.04871571,0.04871571,0,0.06880078234523535
test,Fuzzy,Fuzzy,1478197869.770559,1478197869.907063,2591296,23,0.359375,6,134.81593132019043,2,0x002,test,3945,Fuzzy,1,0.094104335,0.094104335,1,0.06880078234523535
test,Fuzzy,Fuzzy,1478197929.73115,1478197929.871461,2645504,27,0.421875,2,139.84990119934082,790,0x316,test,3946,Fuzzy,1,0.098026626,0.098026626,1,0.06880078234523535
test,Gear,Gear,1478195048.447717,1478195048.481381,3398400,19,0.296875,4,32.6998233795166,1087,0x43F,test,3947,Gear,1,0.069533296,0.069533296,1,0.06880078234523535
test,Gear,Gear,1478195047.628275,1478195047.674096,3397056,20,0.3125,2,45.34006118774414,1087,0x43F,test,3948,Gear,1,0.06510014,0.06510014,0,0.06880078234523535
test,Gear,Gear,1478194990.939656,1478194990.969266,3299136,21,0.328125,1,29.376983642578125,1087,0x43F,test,3949,Gear,1,0.067592196,0.067592196,0,0.06880078234523535
test,DoS,DoS,1478200512.51896,1478200512.576005,2528960,34,0.53125,0,57.04498291015625,0,0x000,test,3950,DoS,1,0.05041296,0.05041296,0,0.06880078234523535
test,Normal,DoS,1478201188.102813,1478201188.135288,3626944,0,0.0,-1,,2,0x002,test,3951,Normal,0,0.06392433,0.06392433,0,0.06880078234523535
test,Fuzzy,Fuzzy,1478197754.080284,1478197754.130113,2484864,25,0.390625,1,49.60799217224121,672,0x2A0,test,3952,Fuzzy,1,0.092725344,0.092725344,1,0.06880078234523535
test,DoS,DoS,1478200597.397649,1478200597.448414,2621184,35,0.546875,1,50.52018165588379,0,0x000,test,3953,DoS,1,0.045330916,0.045330916,0,0.06880078234523535
test,RPM,RPM,1478192923.37134,1478192923.402667,3625344,19,0.296875,9,29.117107391357425,790,0x316,test,3954,RPM,1,0.083315656,0.083315656,1,0.06880078234523535
test,Normal,DoS,1478201152.746473,1478201152.785511,3561920,0,0.0,-1,,2,0x002,test,3955,Normal,0,0.066673465,0.066673465,0,0.06880078234523535
test,RPM,RPM,1478192871.211536,1478192871.235558,3522624,20,0.3125,1,23.79894256591797,790,0x316,test,3956,RPM,1,0.08457642,0.08457642,1,0.06880078234523535
test,Gear,Gear,1478194984.024777,1478194984.057533,3284928,17,0.265625,0,32.75609016418457,1087,0x43F,test,3957,Gear,1,0.06528868,0.06528868,0,0.06880078234523535
test,Normal,Fuzzy,1478201025.912625,1478201025.949513,3500800,0,0.0,-1,,2,0x002,test,3958,Normal,0,0.06286331,0.06286331,0,0.06880078234523535
test,Fuzzy,Fuzzy,1478197931.558355,1478197931.838335,2646208,31,0.484375,0,279.979944229126,790,0x316,test,3959,Fuzzy,1,0.10861678,0.10861678,1,0.06880078234523535
test,Fuzzy,Fuzzy,1478197888.185438,1478197888.466126,2607232,20,0.3125,4,253.32999229431152,1201,0x4B1,test,3960,Fuzzy,1,0.08734228,0.08734228,1,0.06880078234523535
test,Gear,Gear,1478194942.943115,1478194942.974244,3210496,20,0.3125,3,30.21407127380371,1087,0x43F,test,3961,Gear,1,0.06864178,0.06864178,0,0.06880078234523535
test,Normal,Fuzzy,1478201067.690425,1478201067.725978,3577472,0,0.0,-1,,320,0x140,test,3962,Normal,0,0.069035865,0.069035865,1,0.06880078234523535
test,Gear,Gear,1478194931.917749,1478194931.956094,3190528,18,0.28125,7,36.67902946472168,1087,0x43F,test,3963,Gear,1,0.06388189,0.06388189,0,0.06880078234523535
test,RPM,RPM,1478192872.140651,1478192872.166145,3524544,19,0.296875,3,24.78504180908203,790,0x316,test,3964,RPM,1,0.07809831,0.07809831,1,0.06880078234523535
test,DoS,DoS,1478200446.113642,1478200446.151728,2434880,18,0.28125,1,37.83583641052246,0,0x000,test,3965,DoS,1,0.06172349,0.06172349,0,0.06880078234523535
test,Gear,Gear,1478194923.576196,1478194923.616439,3176768,19,0.296875,3,34.01303291320801,1087,0x43F,test,3966,Gear,1,0.06566229,0.06566229,0,0.06880078234523535
test,Gear,Gear,1478195097.830744,1478195097.853378,3490688,21,0.328125,1,22.4001407623291,1087,0x43F,test,3967,Gear,1,0.066546746,0.066546746,0,0.06880078234523535
test,RPM,RPM,1478192776.32889,1478192776.367243,3348992,22,0.34375,0,38.35296630859375,790,0x316,test,3968,RPM,1,0.08492082,0.08492082,1,0.06880078234523535
test,Fuzzy,Fuzzy,1478198086.616862,1478198086.696517,2783680,22,0.34375,0,79.65493202209473,339,0x153,test,3969,Fuzzy,1,0.09614438,0.09614438,1,0.06880078234523535
test,Normal,Gear,1478201191.991211,1478201192.023744,4411520,0,0.0,-1,,339,0x153,test,3970,Normal,0,0.0623309,0.0623309,0,0.06880078234523535
test,DoS,DoS,1478200566.958783,1478200567.055574,2584896,35,0.546875,0,96.79102897644044,0,0x000,test,3971,DoS,1,0.05336886,0.05336886,0,0.06880078234523535
test,Normal,Gear,1478201170.81405,1478201170.848416,4372288,0,0.0,-1,,304,0x130,test,3972,Normal,0,0.065146305,0.065146305,0,0.06880078234523535
test,Fuzzy,Fuzzy,1478197872.522175,1478197872.729189,2592256,30,0.46875,0,207.0138454437256,1349,0x545,test,3973,Fuzzy,1,0.096519366,0.096519366,1,0.06880078234523535
test,DoS,DoS,1478200624.344315,1478200624.41918,2650432,33,0.515625,1,74.61881637573242,0,0x000,test,3974,DoS,1,0.05298813,0.05298813,0,0.06880078234523535
test,RPM,RPM,1478192761.436067,1478192761.483171,3324928,19,0.296875,3,46.42510414123535,790,0x316,test,3975,RPM,1,0.08366935,0.08366935,1,0.06880078234523535
test,Normal,Fuzzy,1478201177.718808,1478201177.754483,3780800,0,0.0,-1,,2,0x002,test,3976,Normal,0,0.070467785,0.070467785,1,0.06880078234523535
test,Normal,Gear,1478201146.216843,1478201146.249777,4327232,0,0.0,-1,,790,0x316,test,3977,Normal,0,0.06470471,0.06470471,0,0.06880078234523535
test,Normal,Gear,1478201195.410685,1478201195.443453,4417856,0,0.0,-1,,2,0x002,test,3978,Normal,0,0.06361333,0.06361333,0,0.06880078234523535
test,Gear,Gear,1478195099.556231,1478195099.596232,3494528,21,0.328125,3,24.0628719329834,1087,0x43F,test,3979,Gear,1,0.07386545,0.07386545,1,0.06880078234523535
test,RPM,RPM,1478192897.91008,1478192897.933083,3578624,19,0.296875,0,23.003101348876957,790,0x316,test,3980,RPM,1,0.08049278,0.08049278,1,0.06880078234523535
test,RPM,RPM,1478192715.998659,1478192716.025248,3231808,18,0.28125,1,25.845050811767575,790,0x316,test,3981,RPM,1,0.0844098,0.0844098,1,0.06880078234523535
test,RPM,RPM,1478192821.719494,1478192821.795412,3424384,25,0.390625,2,75.00600814819336,790,0x316,test,3982,RPM,1,0.088154435,0.088154435,1,0.06880078234523535
test,RPM,RPM,1478192827.670183,1478192827.696253,3435584,21,0.328125,1,25.742053985595703,790,0x316,test,3983,RPM,1,0.079593934,0.079593934,1,0.06880078234523535
test,RPM,RPM,1478192689.093568,1478192689.115476,3171200,19,0.296875,4,20.941972732543945,790,0x316,test,3984,RPM,1,0.08302947,0.08302947,1,0.06880078234523535
test,DoS,DoS,1478200534.105898,1478200534.228413,2552320,36,0.5625,1,122.27606773376463,0,0x000,test,3985,DoS,1,0.047928605,0.047928605,0,0.06880078234523535
test,DoS,DoS,1478200573.595066,1478200573.67032,2593600,33,0.515625,0,75.25396347045898,0,0x000,test,3986,DoS,1,0.050216004,0.050216004,0,0.06880078234523535
test,Normal,Fuzzy,1478201151.036528,1478201151.070553,3731840,0,0.0,-1,,672,0x2A0,test,3987,Normal,0,0.06787098,0.06787098,0,0.06880078234523535
test,Fuzzy,Fuzzy,1478198160.468688,1478198160.509415,2903808,22,0.34375,5,39.575815200805664,848,0x350,test,3988,Fuzzy,1,0.09173882,0.09173882,1,0.06880078234523535
test,Normal,DoS,1478201027.27937,1478201027.311696,3330240,0,0.0,-1,,2,0x002,test,3989,Normal,0,0.06296027,0.06296027,0,0.06880078234523535
test,RPM,RPM,1478192749.171462,1478192749.196524,3299264,19,0.296875,1,24.835824966430664,790,0x316,test,3990,RPM,1,0.08126463,0.08126463,1,0.06880078234523535
test,Fuzzy,Fuzzy,1478197864.906607,1478197864.927727,2584768,22,0.34375,6,19.695043563842773,304,0x130,test,3991,Fuzzy,1,0.08632217,0.08632217,1,0.06880078234523535
test,Normal,DoS,1478201122.395854,1478201122.428044,3505728,0,0.0,-1,,304,0x130,test,3992,Normal,0,0.06617937,0.06617937,0,0.06880078234523535
test,Normal,RPM,1478201051.357869,1478201051.390547,4330048,0,0.0,-1,,2,0x002,test,3993,Normal,0,0.060993608,0.060993608,0,0.06880078234523535
test,Fuzzy,Fuzzy,1478197910.876949,1478197910.975444,2628416,20,0.3125,2,96.17805480957033,2,0x002,test,3994,Fuzzy,1,0.085902825,0.085902825,1,0.06880078234523535
test,Fuzzy,Fuzzy,1478197747.931872,1478197747.952971,2477056,19,0.296875,13,18.034934997558597,304,0x130,test,3995,Fuzzy,1,0.086299,0.086299,1,0.06880078234523535
test,Normal,RPM,1478201125.145271,1478201125.177282,4466752,0,0.0,-1,,2,0x002,test,3996,Normal,0,0.069641784,0.069641784,1,0.06880078234523535
test,RPM,RPM,1478192682.76607,1478192682.791143,3156992,21,0.328125,0,25.07305145263672,790,0x316,test,3997,RPM,1,0.08356925,0.08356925,1,0.06880078234523535
test,DoS,DoS,1478200421.450745,1478200421.559065,2398848,34,0.53125,1,108.0780029296875,0,0x000,test,3998,DoS,1,0.05094372,0.05094372,0,0.06880078234523535
test,Fuzzy,Fuzzy,1478197757.186174,1478197757.228334,2487104,24,0.375,1,41.651010513305664,304,0x130,test,3999,Fuzzy,1,0.09255485,0.09255485,1,0.06880078234523535
